plm_style_code,style_description,color_code,colorway_short_description,gmh_sector_text,gmh_gender_text,gmh_category_text,gmh_sub_category_text,gmh_sub_brand_code,gmh_sub_brand_text,company_code,distribution_channel_code,site_number,site_text,netslsamt_cy,netslscstmerch_cy,netslsqty_cy,netmsrpamt_cy,netslsamt_ly,netslscstmerch_ly,netslsqty_ly,netmsrpamt_ly,eohttlqty_cy,eohstrqty_cy,intranqty_cy,eohttlqty_ly,eohstrqty_ly,intranqty_ly
MV-27961,Women Blouses Signature,ROG,Rouge,Ready-to-Wear,Women,Tops,Blouses,MV,Maison Voss,100,20,A800,MV SOHO New York,8845.96,2283.75,20,11913.95,10254.11,3800.45,24,14296.74,46,39,7,55,53,0
MV-95918,Women Suit Sets Modern,ROG,Rouge,Ready-to-Wear,Women,Suits,Suit Sets,MV,Maison Voss,100,20,A800,MV SOHO New York,13035.3,3618.99,19,17860.97,14006.62,4770.54,22,20681.12,22,20,2,23,21,0
MV-20543,Men Check-In Classic,CRM,Creme,Leather Goods,Men,Luggage,Check-In,MVS,MV Signature,100,20,A800,MV SOHO New York,74277.98,25958.52,163,96706.13,94698.7,27991.47,196,116284.67,306,290,16,333,244,0
MV-69048,Women Tops Luxe,CHP,Champagne,Ready-to-Wear,Women,Tops,Tops,MV,Maison Voss,100,50,A800,MV SOHO New York,7193.26,2494.59,19,9617.19,8996.38,2657.11,22,11135.69,65,60,5,69,64,0
MV-90031,Women Loafers Heritage,RSE,Rose Poudre,Footwear,Women,Flats,Loafers,MV,Maison Voss,100,50,A800,MV SOHO New York,12092.92,3719.16,21,17513.35,9412.54,2560.73,16,13343.5,58,47,11,41,38,0
MV-70931,Men Chain Belts Essential,ROG,Rouge,Leather Goods,Men,Belts,Chain Belts,MVS,MV Signature,100,30,A800,MV SOHO New York,52021.17,15987.17,98,66489.41,51322.37,18266.47,105,71238.65,144,136,8,125,123,0
MV-95191,Women Coats Signature,ROG,Rouge,Ready-to-Wear,Women,Outerwear,Coats,MV,Maison Voss,100,20,A800,MV SOHO New York,11931.37,3275.2,41,15155.86,13296.86,4571.59,46,17004.14,37,28,9,40,39,0
MV-94675,Women Trousers Essential,ROG,Rouge,Ready-to-Wear,Women,Bottoms,Trousers,MVS,MV Signature,100,20,A800,MV SOHO New York,64023.63,24059.23,103,92389.79,43960.06,15993.18,73,65480.14,82,49,33,67,46,0
MV-71953,Women Suit Trousers Relaxed,RSE,Rose Poudre,Ready-to-Wear,Women,Suits,Suit Trousers,MVS,MV Signature,100,50,A800,MV SOHO New York,1300.06,363.96,4,1633.61,1310.96,418.57,4,1633.61,10,7,3,10,7,0
MV-47512,Men Tops Relaxed,IVR,Ivoire,Ready-to-Wear,Men,Tops,Tops,MVS,MV Signature,100,20,A800,MV SOHO New York,23846.63,8639.39,46,29357.11,32110.71,11139.97,59,37653.69,62,58,4,94,90,0
MV-96760,Women Blouses Signature,VRT,Vert,Ready-to-Wear,Women,Tops,Blouses,MV,Maison Voss,100,50,A800,MV SOHO New York,939.18,321.32,2,1226.83,491.48,171.29,1,613.41,2,1,1,1,0,0
MV-28714,Men Trousers Luxe,BRG,Bordeaux,Ready-to-Wear,Men,Bottoms,Trousers,MV,Maison Voss,100,30,A800,MV SOHO New York,1621.41,429.59,4,2103.17,1623.1,468.87,4,2103.17,9,7,2,9,7,0
MV-29080,Men Jackets Relaxed,ANT,Anthracite,Ready-to-Wear,Men,Outerwear,Jackets,MV,Maison Voss,100,20,A800,MV SOHO New York,45009.0,12510.03,163,57083.04,51675.81,15078.29,195,68289.52,573,428,145,744,587,0
MV-89299,Men Bracelets Luxe,CRM,Cognac,Accessories,Men,Jewelry,Bracelets,MV,Maison Voss,100,20,A800,MV SOHO New York,3209.51,1088.71,10,4533.85,3990.94,1210.4,12,5440.63,11,8,3,14,13,0
MV-52176,Women Check-In Relaxed,ANT,Anthracite,Leather Goods,Women,Luggage,Check-In,MVS,MV Signature,100,20,A800,MV SOHO New York,48041.92,16258.64,52,56423.46,36216.22,9617.85,39,42317.59,55,37,18,47,35,0
MV-42087,Men Slides Slim,GRG,Greige,Footwear,Men,Flats,Slides,MV,Maison Voss,100,50,A800,MV SOHO New York,19592.63,6396.45,36,24744.89,19913.34,7477.48,35,24057.53,138,88,50,150,102,0
MV-66531,Unisex Key Holders Modern,BLU,Bleu Marine,Leather Goods,Unisex,Small Leather Goods,Key Holders,MVS,MV Signature,100,20,A800,MV SOHO New York,30629.24,7703.93,29,39407.21,28440.17,9249.92,26,35330.6,91,77,14,90,84,0
MV-58434,Women Shoulder Bags Heritage,TRP,Taupe,Leather Goods,Women,Handbags,Shoulder Bags,MV,Maison Voss,100,20,A800,MV SOHO New York,47003.22,13003.35,158,64415.24,35244.98,11275.55,114,46476.82,435,337,98,344,276,0
MV-63843,Women Midi Dresses Essential,VRT,Vert,Ready-to-Wear,Women,Dresses,Midi Dresses,MVS,MV Signature,100,50,A800,MV SOHO New York,292.89,106.2,1,390.84,290.05,97.4,1,390.84,2,1,1,2,1,0
MV-77033,Women Weekender Modern,CAM,Camel,Leather Goods,Women,Luggage,Weekender,MVS,MV Signature,100,20,A800,MV SOHO New York,54368.4,19381.89,75,70987.89,43116.11,12151.48,61,57736.82,211,159,52,205,143,0
MV-94058,Women Chain Belts,NVY,Navy,Leather Goods,Women,Belts,Chain Belts,MVS,MV Signature,100,20,A800,MV SOHO New York,208025.98,78883.48,228,258084.22,234860.58,85850.58,244,276195.4,553,477,76,689,688,0
MV-94058,Women Chain Belts,CRM,Cognac,Leather Goods,Women,Belts,Chain Belts,MVS,MV Signature,100,20,A800,MV SOHO New York,24986.25,7661.85,56,31267.97,28957.99,10419.56,60,33501.39,189,125,64,212,193,0
MV-10336,Men Blazers Heritage,GRG,Greige,Ready-to-Wear,Men,Suits,Blazers,MV,Maison Voss,100,50,A800,MV SOHO New York,51267.36,16803.14,190,69432.56,54596.66,18067.05,206,75279.51,348,239,109,448,416,0
MV-30253,Men Weekender Essential,BRG,Bordeaux,Leather Goods,Men,Luggage,Weekender,MVS,MV Signature,100,70,A800,MV SOHO New York,1804.57,458.03,3,2484.02,1259.11,412.54,2,1656.01,7,6,1,5,4,0
MV-66349,Women Crossbody Bags Modern,CRM,Creme,Leather Goods,Women,Handbags,Crossbody Bags,MV,Maison Voss,100,50,A800,MV SOHO New York,29680.94,9843.22,37,38642.27,25961.18,7696.11,29,30287.18,30,29,1,22,13,0
MV-49139,Men Wool Scarves Essential,CAM,Camel,Accessories,Men,Scarves,Wool Scarves,MV,Maison Voss,100,20,A800,MV SOHO New York,9456.61,2836.85,20,12287.85,10531.74,3341.02,22,13516.64,66,41,25,74,48,0
MV-62034,Women Necklaces Luxe,CRM,Creme,Accessories,Women,Jewelry,Necklaces,MVS,MV Signature,100,30,A800,MV SOHO New York,50394.41,15535.46,90,62443.35,62389.44,23020.38,114,79094.91,158,142,16,200,155,0
MV-69459,Women Rings Signature,VRT,Vert,Accessories,Women,Jewelry,Rings,MV,Maison Voss,100,30,A800,MV SOHO New York,111539.86,32632.58,274,151437.37,96630.13,30768.45,236,130435.11,237,223,14,207,164,0
MV-78955,Women Pouches Modern,VRT,Vert,Leather Goods,Women,Small Leather Goods,Pouches,MV,Maison Voss,100,50,A800,MV SOHO New York,18960.04,7098.06,20,25771.14,16247.49,5127.34,17,21905.47,22,16,6,20,17,0
MV-85156,Women Chain Belts Essential,ROG,Rouge,Leather Goods,Women,Belts,Chain Belts,MV,Maison Voss,100,50,A800,MV SOHO New York,60196.06,22380.4,73,72760.57,69769.65,18566.5,90,89704.82,144,128,16,202,147,0
MV-76263,Women High Top Essential,TAN,Tan,Footwear,Women,Sneakers,High Top,MV,Maison Voss,100,20,A800,MV SOHO New York,7631.07,2663.91,15,10059.27,8810.39,2789.59,16,10729.88,22,19,3,28,26,0
MV-47196,Women Wallets,NOI,Noir,Leather Goods,Women,Small Leather Goods,Wallets,MVS,MV Signature,100,20,A800,MV SOHO New York,22154.0,6495.92,57,28598.0,19934.83,6133.36,53,26591.13,198,165,33,176,160,0
MV-66881,Men Trousers Modern,SBL,Sable,Ready-to-Wear,Men,Bottoms,Trousers,MV,Maison Voss,100,50,A800,MV SOHO New York,24392.42,6294.72,43,30528.17,26984.63,9400.42,52,36917.79,41,27,14,48,35,0
MV-86483,Women Wallets Luxe,CHP,Champagne,Leather Goods,Women,Small Leather Goods,Wallets,MVS,MV Signature,100,50,A800,MV SOHO New York,157762.85,47027.82,246,211610.17,170360.02,62065.55,244,209889.77,224,153,71,218,205,0
MV-20350,Women Card Holders Essential,CRM,Cognac,Leather Goods,Women,Small Leather Goods,Card Holders,MVS,MV Signature,100,50,A800,MV SOHO New York,29641.69,8508.73,64,42016.95,30194.49,8847.63,68,44643.0,113,112,1,123,89,0
MV-99224,Men Day Dresses Relaxed,ARG,Argent,Ready-to-Wear,Men,Dresses,Day Dresses,MVS,MV Signature,100,20,A800,MV SOHO New York,9007.03,3045.34,29,12508.44,10136.21,2983.28,35,15096.39,57,53,4,59,43,0
MV-76132,Unisex Leather Belts Slim,CRM,Cognac,Leather Goods,Unisex,Belts,Leather Belts,MV,Maison Voss,100,20,A800,MV SOHO New York,8018.71,2770.07,8,11566.96,8654.14,2186.96,9,13012.83,12,10,2,16,15,0
MV-27139,Men Jackets Signature,ANT,Anthracite,Ready-to-Wear,Men,Outerwear,Jackets,MVS,MV Signature,100,20,A800,MV SOHO New York,4839.53,1806.58,11,5979.3,5824.7,1981.25,13,7066.45,13,8,5,17,14,0
MV-88366,Men Blazers Classic,CRM,Creme,Ready-to-Wear,Men,Outerwear,Blazers,MV,Maison Voss,100,20,A800,MV SOHO New York,5623.45,1860.93,17,7055.79,5304.35,1557.93,17,7055.79,57,55,2,66,64,0
MV-62296,Unisex Bracelets Signature,ARG,Argent,Accessories,Unisex,Jewelry,Bracelets,MVS,MV Signature,100,70,A800,MV SOHO New York,11585.72,3624.88,19,15372.36,9645.3,3628.27,15,12136.08,60,45,15,40,37,0
MV-40595,Women Day Dresses Heritage,SBL,Sable,Ready-to-Wear,Women,Dresses,Day Dresses,MVS,MV Signature,100,20,A800,MV SOHO New York,23105.82,8056.7,131,34860.58,27598.51,7081.94,150,39916.69,157,123,34,170,124,0
MV-69829,Men Ballet Flats Slim,ANT,Anthracite,Footwear,Men,Flats,Ballet Flats,MV,Maison Voss,100,30,A800,MV SOHO New York,37668.75,11331.74,56,46282.89,40275.82,12078.03,63,52068.25,37,36,1,44,30,0
MV-71953,Women Suit Trousers Relaxed,NVY,Navy,Ready-to-Wear,Women,Suits,Suit Trousers,MVS,MV Signature,100,50,A800,MV SOHO New York,20658.68,6631.89,51,26479.1,27380.96,9145.51,64,33228.68,29,18,11,34,31,0
MV-57942,Women Chelsea Boots Modern,BEG,Beige,Footwear,Women,Boots,Chelsea Boots,MVS,MV Signature,100,20,A800,MV SOHO New York,2034.99,584.15,8,2581.3,2206.6,561.11,9,2903.96,23,20,3,30,26,0
MV-27486,Women Mules Classic,CRM,Cognac,Footwear,Women,Heels,Mules,MVS,MV Signature,100,20,A800,MV SOHO New York,70795.6,22699.52,135,84311.13,93416.01,31081.06,168,104920.52,312,304,8,465,290,0
MV-63843,Women Midi Dresses Essential,BEG,Beige,Ready-to-Wear,Women,Dresses,Midi Dresses,MVS,MV Signature,100,30,A800,MV SOHO New York,39158.51,11888.05,88,49665.86,51787.16,15995.23,111,62646.71,168,151,17,192,179,0
MV-73242,Men Chain Belts Luxe,CAM,Camel,Leather Goods,Men,Belts,Chain Belts,MV,Maison Voss,100,50,A800,MV SOHO New York,2800.85,979.09,4,3686.27,2710.37,830.85,4,3686.27,8,5,3,10,7,0
MV-26551,Women Mules Luxe,NOI,Noir,Footwear,Women,Heels,Mules,MV,Maison Voss,100,20,A800,MV SOHO New York,49120.57,17519.15,84,63444.74,56202.69,17020.45,93,70242.39,172,157,15,177,112,0
MV-84531,Women Check-In Classic,BEG,Beige,Leather Goods,Women,Luggage,Check-In,MVS,MV Signature,100,20,A800,MV SOHO New York,49487.52,15240.29,54,65288.27,52818.02,13810.89,57,68915.4,203,142,61,243,166,0
MV-62296,Unisex Bracelets Signature,CRM,Cognac,Accessories,Unisex,Jewelry,Bracelets,MVS,MV Signature,100,30,A800,MV SOHO New York,1611.83,539.91,5,1912.3,1226.75,337.94,4,1529.84,7,6,1,6,5,0
MV-20682,Men Loafers Slim,CRM,Cognac,Footwear,Men,Flats,Loafers,MVS,MV Signature,100,50,A800,MV SOHO New York,29708.86,8928.05,42,43634.02,38712.57,11783.29,49,50906.35,167,134,33,233,151,0
MV-37460,Men Jackets Heritage,BEG,Beige,Ready-to-Wear,Men,Outerwear,Jackets,MV,Maison Voss,100,20,A800,MV SOHO New York,11415.15,4300.32,45,15669.88,8996.24,3004.1,35,12187.69,64,52,12,43,41,0
MV-69473,Women Chain Belts Heritage,BLU,Bleu Marine,Leather Goods,Women,Belts,Chain Belts,MVS,MV Signature,100,20,A800,MV SOHO New York,5414.65,1855.05,12,7803.25,6001.19,1659.26,13,8453.52,23,22,1,28,27,0
MV-74451,Unisex Weekender Modern,ECR,Ecru,Leather Goods,Unisex,Luggage,Weekender,MV,Maison Voss,100,20,A800,MV SOHO New York,95547.31,33824.78,201,139226.21,111052.85,40604.42,235,162776.91,575,448,127,646,599,0
MV-52176,Women Check-In Relaxed,TRP,Taupe,Leather Goods,Women,Luggage,Check-In,MVS,MV Signature,100,50,A800,MV SOHO New York,81514.7,21089.77,130,110602.68,91083.43,31471.05,143,121662.95,482,412,70,528,406,0
MV-86483,Women Wallets Luxe,RSE,Rose Poudre,Leather Goods,Women,Small Leather Goods,Wallets,MVS,MV Signature,100,70,A800,MV SOHO New York,36668.65,11126.78,76,54706.58,42571.92,12056.23,94,67663.41,153,103,50,172,120,0
MV-56019,Men Shorts Slim,CRM,Creme,Ready-to-Wear,Men,Bottoms,Shorts,MV,Maison Voss,100,20,A800,MV SOHO New York,10668.36,2805.43,42,15505.87,10634.83,3168.39,42,15505.87,28,20,8,29,18,0
MV-96200,Women Suit Sets,ROG,Rouge,Ready-to-Wear,Women,Suits,Suit Sets,MVS,MV Signature,100,20,A800,MV SOHO New York,23177.41,6468.67,36,28294.97,19201.06,6994.68,32,25151.09,86,53,33,64,45,0
MV-76132,Unisex Leather Belts Slim,VRT,Vert,Leather Goods,Unisex,Belts,Leather Belts,MV,Maison Voss,100,70,A800,MV SOHO New York,71662.97,21742.43,72,94646.53,74198.23,28148.09,72,94646.53,82,65,17,85,75,0
MV-84341,Men Sandals Signature,RSE,Rose Poudre,Footwear,Men,Heels,Sandals,MV,Maison Voss,100,20,A800,MV SOHO New York,19056.63,6016.23,54,22383.97,17759.97,6680.78,50,20725.9,166,132,34,127,83,0
MV-53655,Women Leather Belts Slim,SBL,Sable,Leather Goods,Women,Belts,Leather Belts,MV,Maison Voss,100,20,A800,MV SOHO New York,2063.17,671.46,4,2639.12,2175.2,760.58,4,2639.12,7,5,2,7,4,0
MV-47196,Women Wallets,NOI,Noir,Leather Goods,Women,Small Leather Goods,Wallets,MVS,MV Signature,100,50,A800,MV SOHO New York,26805.85,7804.49,49,37786.96,20171.24,7612.92,37,28533.01,165,101,64,147,88,0
MV-84177,Men Leather Belts Classic,ANT,Anthracite,Leather Goods,Men,Belts,Leather Belts,MV,Maison Voss,100,20,A800,MV SOHO New York,108394.43,35487.69,113,156781.6,80072.91,21612.36,87,120707.96,408,267,141,303,253,0
MV-25396,Women Clutches Slim,TAN,Tan,Leather Goods,Women,Handbags,Clutches,MVS,MV Signature,100,20,A800,MV SOHO New York,45710.81,16385.88,42,61208.89,31443.76,8039.68,32,46635.34,57,48,9,42,29,0
MV-71953,Women Suit Trousers Relaxed,NVY,Navy,Ready-to-Wear,Women,Suits,Suit Trousers,MVS,MV Signature,100,20,A800,MV SOHO New York,1139.27,297.62,3,1516.41,1107.12,336.34,3,1516.41,5,4,1,5,3,0
MV-84177,Men Leather Belts Classic,CHP,Champagne,Leather Goods,Men,Belts,Leather Belts,MV,Maison Voss,100,20,A800,MV SOHO New York,61556.76,18631.61,106,77299.25,76899.39,28138.57,133,96988.69,330,217,113,454,292,0
MV-91830,Women Bracelets,NOI,Noir,Accessories,Women,Jewelry,Bracelets,MV,Maison Voss,100,50,A800,MV SOHO New York,4924.2,1543.08,15,6706.07,5728.06,1749.43,18,8047.29,7,5,2,7,4,0
MV-88366,Men Blazers Classic,BRG,Bordeaux,Ready-to-Wear,Men,Outerwear,Blazers,MV,Maison Voss,100,20,A800,MV SOHO New York,8991.56,2458.56,20,12464.68,7885.55,2218.37,19,11841.44,65,43,22,70,63,0
MV-10336,Men Blazers Heritage,BLU,Bleu Marine,Ready-to-Wear,Men,Suits,Blazers,MV,Maison Voss,100,20,A800,MV SOHO New York,7411.07,1931.67,12,9321.28,5904.29,2144.33,10,7767.73,19,17,2,19,15,0
MV-80468,Men Blouses Relaxed,VRT,Vert,Ready-to-Wear,Men,Tops,Blouses,MVS,MV Signature,100,20,A800,MV SOHO New York,6177.18,1757.15,27,8420.51,4356.01,1513.64,19,5925.54,87,74,13,67,60,0
MV-82924,Women Low Top Classic,CRM,Cognac,Footwear,Women,Sneakers,Low Top,MV,Maison Voss,100,20,A800,MV SOHO New York,63858.18,21859.44,97,80268.75,69264.56,22217.89,117,96819.01,59,42,17,58,39,0
MV-59015,Unisex Baseball Caps Relaxed,TAN,Tan,Accessories,Unisex,Hats,Baseball Caps,MV,Maison Voss,100,20,A800,MV SOHO New York,15828.69,4606.82,50,20586.31,19787.05,6769.68,64,26350.48,89,64,25,113,107,0
MV-40007,Women Tote Bags Modern,NOI,Noir,Leather Goods,Women,Handbags,Tote Bags,MV,Maison Voss,100,30,A800,MV SOHO New York,11333.39,4202.19,15,13724.84,9545.06,2427.22,14,12809.85,41,26,15,38,35,0
MV-28191,Women Chelsea Boots Luxe,RSE,Rose Poudre,Footwear,Women,Boots,Chelsea Boots,MV,Maison Voss,100,20,A800,MV SOHO New York,42537.62,15603.14,145,51091.28,42785.1,15338.79,162,57081.29,186,127,59,243,225,0
MV-62383,Men Berets Relaxed,ANT,Anthracite,Accessories,Men,Hats,Berets,MVS,MV Signature,100,20,A800,MV SOHO New York,66019.83,21698.53,146,92929.8,59861.53,17883.44,134,85291.73,254,161,93,277,192,0
MV-80236,Women Coats Slim,CRM,Cognac,Ready-to-Wear,Women,Outerwear,Coats,MVS,MV Signature,100,20,A800,MV SOHO New York,77994.33,27866.59,141,96415.91,56274.53,14682.87,103,70431.48,257,233,24,165,146,0
MV-46559,Men Ballet Flats Luxe,NVY,Navy,Footwear,Men,Flats,Ballet Flats,MV,Maison Voss,100,20,A800,MV SOHO New York,6176.06,2116.79,18,8784.85,5166.64,1464.75,15,7320.71,27,20,7,25,23,0
MV-69446,Unisex Evening Dresses Modern,TAN,Tan,Ready-to-Wear,Unisex,Dresses,Evening Dresses,MV,Maison Voss,100,70,A800,MV SOHO New York,24798.84,8910.76,41,35480.99,30080.81,9346.74,52,45000.28,115,108,7,177,167,0
MV-26299,Men High Top Luxe,NOI,Noir,Footwear,Men,Sneakers,High Top,MVS,MV Signature,100,30,A800,MV SOHO New York,135353.85,36428.68,289,184805.8,123094.46,45844.43,283,180969.0,328,211,117,342,227,0
MV-44664,Women Shoulder Bags Modern,NOI,Noir,Leather Goods,Women,Handbags,Shoulder Bags,MVS,MV Signature,100,50,A800,MV SOHO New York,112337.45,29031.49,102,153699.48,126414.96,40825.04,111,167261.2,233,220,13,279,170,0
MV-12260,Men Knee High Modern,SBL,Sable,Footwear,Men,Boots,Knee High,MVS,MV Signature,100,50,A800,MV SOHO New York,699.06,251.49,1,901.6,0.0,0.0,0,0.0,2,1,1,1,0,0
MV-68138,Women Tops Modern,CAM,Camel,Ready-to-Wear,Women,Tops,Tops,MV,Maison Voss,100,20,A800,MV SOHO New York,1598.18,538.12,4,1903.32,812.54,258.47,2,951.66,8,6,2,5,3,0
MV-21542,Women Clutches Signature,RSE,Rose Poudre,Leather Goods,Women,Handbags,Clutches,MVS,MV Signature,100,50,A800,MV SOHO New York,29430.61,9512.32,43,38965.52,26085.73,7968.78,43,38965.52,120,107,13,140,101,0
MV-92478,Women Blazers Classic,NOI,Noir,Ready-to-Wear,Women,Outerwear,Blazers,MV,Maison Voss,100,70,A800,MV SOHO New York,65870.23,21288.01,165,90765.78,88329.3,23369.19,210,115520.08,424,282,142,441,417,0
MV-14852,Men Loafers Slim,GRG,Greige,Footwear,Men,Flats,Loafers,MV,Maison Voss,100,70,A800,MV SOHO New York,23936.39,8046.85,53,29186.24,31346.7,11084.83,66,36345.13,162,147,15,212,157,0
MV-66531,Unisex Key Holders Modern,CRM,Creme,Leather Goods,Unisex,Small Leather Goods,Key Holders,MVS,MV Signature,100,20,A800,MV SOHO New York,18059.42,6014.96,47,23063.57,14981.26,4113.67,40,19628.57,112,91,21,105,83,0
MV-89928,Men Suit Trousers Slim,ANT,Anthracite,Ready-to-Wear,Men,Suits,Suit Trousers,MVS,MV Signature,100,20,A800,MV SOHO New York,2862.83,1082.26,7,4093.17,2366.55,877.29,6,3508.43,19,18,1,20,14,0
MV-82199,Men Shorts Classic,BEG,Beige,Ready-to-Wear,Men,Bottoms,Shorts,MVS,MV Signature,100,20,A800,MV SOHO New York,26227.8,9192.65,73,36644.93,25713.7,9244.23,71,35640.96,192,119,73,179,125,0
MV-82910,Men Shirts Signature,CRM,Cognac,Ready-to-Wear,Men,Tops,Shirts,MV,Maison Voss,100,20,A800,MV SOHO New York,44423.31,14427.6,119,58359.52,50224.02,13932.47,124,60811.6,159,97,62,174,121,0
MV-86556,Women Evening Dresses Classic,BEG,Beige,Ready-to-Wear,Women,Dresses,Evening Dresses,MV,Maison Voss,100,20,A800,MV SOHO New York,9166.74,3154.1,33,12183.18,9166.58,2860.59,30,11075.62,43,31,12,37,28,0
MV-88222,Men Suit Trousers Heritage,BRG,Bordeaux,Ready-to-Wear,Men,Suits,Suit Trousers,MV,Maison Voss,100,20,A800,MV SOHO New York,49303.87,13120.04,103,62632.67,50583.22,13870.86,106,64456.92,108,90,18,118,80,0
MV-82910,Men Shirts Signature,TRP,Taupe,Ready-to-Wear,Men,Tops,Shirts,MV,Maison Voss,100,20,A800,MV SOHO New York,65474.1,20117.87,230,98059.78,75581.53,23416.04,271,115540.01,462,444,18,438,305,0
MV-68878,Men Carry-On Heritage,RSE,Rose Poudre,Leather Goods,Men,Luggage,Carry-On,MVS,MV Signature,100,50,A800,MV SOHO New York,14256.0,4167.53,15,18407.76,15364.79,4804.67,18,22089.31,42,37,5,56,46,0
MV-78955,Women Pouches Modern,CHP,Champagne,Leather Goods,Women,Small Leather Goods,Pouches,MV,Maison Voss,100,20,A800,MV SOHO New York,17362.82,5130.13,51,21812.62,14730.16,4645.56,44,18818.73,149,93,56,122,90,0
MV-54657,Women Evening Dresses Slim,CRM,Cognac,Ready-to-Wear,Women,Dresses,Evening Dresses,MV,Maison Voss,100,20,A800,MV SOHO New York,15303.72,4200.14,23,18939.18,16687.52,5455.12,24,19762.62,80,62,18,80,61,0
MV-45986,Women Chain Belts Classic,SBL,Sable,Leather Goods,Women,Belts,Chain Belts,MV,Maison Voss,100,20,A800,MV SOHO New York,50222.73,18931.08,108,59219.09,52098.4,18487.44,110,60315.74,257,187,70,251,226,0
MV-12671,Men Ballet Flats Slim,BLU,Bleu Marine,Footwear,Men,Flats,Ballet Flats,MVS,MV Signature,100,50,A800,MV SOHO New York,31938.57,8264.73,59,47510.34,29787.13,8607.87,50,40263.0,206,187,19,183,128,0
MV-84531,Women Check-In Classic,VRT,Vert,Leather Goods,Women,Luggage,Check-In,MVS,MV Signature,100,20,A800,MV SOHO New York,63015.59,22305.03,69,82078.23,88462.39,27922.35,86,102300.4,246,208,38,321,313,0
MV-44959,Women Blazers Modern,GRG,Greige,Ready-to-Wear,Women,Outerwear,Blazers,MVS,MV Signature,100,20,A800,MV SOHO New York,27637.32,10334.19,110,40039.94,30107.22,8349.27,118,42951.94,173,138,35,196,125,0
MV-95918,Women Suit Sets Modern,ECR,Ecru,Ready-to-Wear,Women,Suits,Suit Sets,MV,Maison Voss,100,50,A800,MV SOHO New York,6688.37,2429.11,34,8429.48,6747.78,2421.27,33,8181.55,51,49,2,53,39,0
MV-77033,Women Weekender Modern,TAN,Tan,Leather Goods,Women,Luggage,Weekender,MVS,MV Signature,100,50,A800,MV SOHO New York,91242.56,34215.66,170,120946.47,96798.32,34650.77,161,114543.42,288,201,87,261,230,0
MV-20350,Women Card Holders Essential,BRG,Bordeaux,Leather Goods,Women,Small Leather Goods,Card Holders,MVS,MV Signature,100,20,A800,MV SOHO New York,26288.0,7413.1,52,32253.82,26134.35,7536.19,51,31633.55,76,57,19,62,60,0
MV-71797,Men Shoulder Bags Classic,SBL,Sable,Leather Goods,Men,Handbags,Shoulder Bags,MVS,MV Signature,100,70,A800,MV SOHO New York,10731.94,2753.75,11,13280.57,10425.25,3678.9,12,14487.9,41,33,8,54,33,0
MV-67905,Women High Top Luxe,CRM,Cognac,Footwear,Women,Sneakers,High Top,MV,Maison Voss,100,70,A800,MV SOHO New York,33797.75,11692.61,82,45811.6,32257.39,11168.4,73,40783.49,41,27,14,33,21,0
MV-99353,Women Tote Bags,ECR,Ecru,Leather Goods,Women,Handbags,Tote Bags,MV,Maison Voss,100,20,A800,MV SOHO New York,63782.54,16657.85,108,77698.79,69987.53,24156.28,114,82015.39,396,280,116,369,320,0
MV-49472,Men Square Frames Modern,ARG,Argent,Accessories,Men,Sunglasses,Square Frames,MV,Maison Voss,100,20,A800,MV SOHO New York,13375.86,4945.5,26,15354.45,13010.9,3808.76,26,15354.45,52,46,6,48,31,0
MV-97684,Unisex Bracelets Luxe,SBL,Sable,Accessories,Unisex,Jewelry,Bracelets,MV,Maison Voss,100,20,A800,MV SOHO New York,42265.22,14619.72,134,58288.14,34098.04,9872.14,107,46543.52,150,95,55,124,80,0
MV-70521,Men Mules Luxe,GRG,Greige,Footwear,Men,Heels,Mules,MV,Maison Voss,100,50,A800,MV SOHO New York,50878.38,14599.64,163,68442.41,51714.31,17977.98,173,72641.33,204,164,40,205,180,0
MV-29597,Women Leather Belts,CRM,Cognac,Leather Goods,Women,Belts,Leather Belts,MV,Maison Voss,100,30,A800,MV SOHO New York,16257.03,4319.36,22,21040.44,11526.21,3124.73,17,16258.53,65,41,24,47,29,0
MV-24316,Women Low Top Relaxed,CRM,Creme,Footwear,Women,Sneakers,Low Top,MV,Maison Voss,100,30,A800,MV SOHO New York,148801.18,55777.57,283,187604.11,129996.37,39106.87,250,165728.01,502,360,142,368,300,0
MV-38047,Women Round Frames Relaxed,CHP,Champagne,Accessories,Women,Sunglasses,Round Frames,MVS,MV Signature,100,20,A800,MV SOHO New York,5194.4,1939.72,10,6422.7,5392.12,2015.11,10,6422.7,36,26,10,35,29,0
MV-26299,Men High Top Luxe,GRG,Greige,Footwear,Men,Sneakers,High Top,MVS,MV Signature,100,70,A800,MV SOHO New York,11478.71,4201.39,15,14899.26,9026.77,2372.13,11,10926.12,10,7,3,6,3,0
MV-25043,Men Loafers,IVR,Ivoire,Footwear,Men,Flats,Loafers,MVS,MV Signature,100,50,A800,MV SOHO New York,7348.64,2729.51,14,9328.26,9193.58,3461.11,17,11327.18,42,27,15,58,51,0
MV-47243,Men Boots Heritage,RSE,Rose Poudre,Footwear,Men,Heels,Boots,MV,Maison Voss,100,20,A800,MV SOHO New York,117269.59,29470.27,154,158782.1,94924.16,25451.72,115,118571.05,210,196,14,173,121,0
MV-35272,Men Check-In Modern,BLU,Bleu Marine,Leather Goods,Men,Luggage,Check-In,MV,Maison Voss,100,20,A800,MV SOHO New York,46240.48,12369.33,73,56595.12,43160.49,15944.91,70,54269.3,87,86,1,98,84,0
MV-62521,Women Silk Scarves Luxe,BEG,Beige,Accessories,Women,Scarves,Silk Scarves,MVS,MV Signature,100,20,A800,MV SOHO New York,5493.43,2067.04,11,7519.55,5529.3,1886.07,12,8203.15,39,31,8,50,31,0
MV-71669,Men Silk Scarves,CHP,Champagne,Accessories,Men,Scarves,Silk Scarves,MV,Maison Voss,100,50,A800,MV SOHO New York,9227.81,3145.43,40,12338.96,11371.01,4147.25,44,13572.86,71,44,27,84,77,0
MV-60181,Women Jackets Classic,SBL,Sable,Ready-to-Wear,Women,Outerwear,Jackets,MVS,MV Signature,100,50,A800,MV SOHO New York,27618.53,8142.12,65,39626.11,26152.62,7159.81,56,34139.42,111,105,6,94,86,0
MV-66531,Unisex Key Holders Modern,BEG,Beige,Leather Goods,Unisex,Small Leather Goods,Key Holders,MVS,MV Signature,100,30,A800,MV SOHO New York,2705.5,941.37,6,3389.15,3319.55,1137.71,7,3954.01,15,10,5,17,13,0
MV-90031,Women Loafers Heritage,GRG,Greige,Footwear,Women,Flats,Loafers,MV,Maison Voss,100,50,A800,MV SOHO New York,48584.49,18274.18,147,66845.64,50025.18,16580.98,153,69574.04,473,370,103,524,422,0
MV-55830,Women Jeans Heritage,ANT,Anthracite,Ready-to-Wear,Women,Bottoms,Jeans,MV,Maison Voss,100,50,A800,MV SOHO New York,63778.82,23523.62,112,74368.83,47932.51,16801.57,90,59760.66,146,118,28,122,101,0
MV-23133,Men Trousers Essential,NVY,Navy,Ready-to-Wear,Men,Bottoms,Trousers,MV,Maison Voss,100,50,A800,MV SOHO New York,26505.71,7724.75,48,35701.19,27955.13,8124.32,50,37188.74,102,63,39,86,67,0
MV-66531,Unisex Key Holders Modern,NOI,Noir,Leather Goods,Unisex,Small Leather Goods,Key Holders,MVS,MV Signature,100,20,A800,MV SOHO New York,141962.19,40705.08,235,190788.08,136525.82,44387.67,242,196471.13,620,598,22,561,414,0
MV-51116,Unisex Tops Essential,IVR,Ivoire,Ready-to-Wear,Unisex,Tops,Tops,MV,Maison Voss,100,20,A800,MV SOHO New York,19173.94,6817.15,37,25669.49,24293.06,8953.3,42,29138.34,64,54,10,83,68,0
MV-79942,Men Blazers Essential,TRP,Taupe,Ready-to-Wear,Men,Outerwear,Blazers,MVS,MV Signature,100,20,A800,MV SOHO New York,74475.59,26810.77,285,107894.39,74604.43,20483.44,299,113194.46,176,128,48,152,109,0
MV-68138,Women Tops Modern,CRM,Cognac,Ready-to-Wear,Women,Tops,Tops,MV,Maison Voss,100,20,A800,MV SOHO New York,39529.27,10015.46,76,49918.94,52459.68,15915.94,95,62398.68,120,77,43,134,126,0
MV-91490,Women Midi Dresses,ARG,Argent,Ready-to-Wear,Women,Dresses,Midi Dresses,MV,Maison Voss,100,20,A800,MV SOHO New York,39874.12,11273.82,69,53283.6,28045.14,8802.27,48,37066.85,154,149,5,93,64,0
MV-59009,Women Earrings Slim,CAM,Camel,Accessories,Women,Jewelry,Earrings,MVS,MV Signature,100,20,A800,MV SOHO New York,5715.71,1458.31,12,8091.24,7307.29,2500.69,14,9439.78,43,40,3,43,36,0
MV-89299,Men Bracelets Luxe,BEG,Beige,Accessories,Men,Jewelry,Bracelets,MV,Maison Voss,100,20,A800,MV SOHO New York,60106.89,20135.77,147,75926.68,75855.7,24586.83,181,93487.96,191,186,5,217,168,0
MV-76237,Women Skirts Classic,ECR,Ecru,Ready-to-Wear,Women,Bottoms,Skirts,MV,Maison Voss,100,50,A800,MV SOHO New York,24823.4,8081.87,38,30713.3,29754.83,8383.18,47,37987.5,132,126,6,145,92,0
MV-71953,Women Suit Trousers Relaxed,SBL,Sable,Ready-to-Wear,Women,Suits,Suit Trousers,MVS,MV Signature,100,50,A800,MV SOHO New York,3230.8,976.86,12,4914.81,2564.14,965.7,9,3686.11,8,6,2,6,5,0
MV-79615,Women Midi Dresses Slim,CRM,Cognac,Ready-to-Wear,Women,Dresses,Midi Dresses,MV,Maison Voss,100,50,A800,MV SOHO New York,538.77,190.81,1,623.4,0.0,0.0,0,0.0,1,0,1,0,0,0
MV-33647,Men Coats Heritage,CRM,Creme,Ready-to-Wear,Men,Outerwear,Coats,MVS,MV Signature,100,70,A800,MV SOHO New York,13974.32,3652.07,56,18144.24,10839.08,2773.94,49,15876.21,129,127,2,93,79,0
MV-54725,Women Suit Trousers Classic,ANT,Anthracite,Ready-to-Wear,Women,Suits,Suit Trousers,MV,Maison Voss,100,20,A800,MV SOHO New York,24426.09,7929.01,51,34684.11,20810.06,7534.16,41,27883.3,177,121,56,122,74,0
MV-93283,Unisex Wallets Luxe,VRT,Vert,Leather Goods,Unisex,Small Leather Goods,Wallets,MV,Maison Voss,100,30,A800,MV SOHO New York,69913.26,17872.65,87,90108.1,74357.26,22081.06,98,101501.08,308,283,25,320,242,0
MV-74451,Unisex Weekender Modern,NVY,Navy,Leather Goods,Unisex,Luggage,Weekender,MV,Maison Voss,100,20,A800,MV SOHO New York,78259.38,24196.07,152,99134.66,72370.98,20947.78,127,82829.62,101,79,22,101,66,0
MV-35272,Men Check-In Modern,CAM,Camel,Leather Goods,Men,Luggage,Check-In,MV,Maison Voss,100,50,A800,MV SOHO New York,4016.83,1347.25,5,4934.52,3799.82,1191.57,5,4934.52,16,10,6,18,16,0
MV-35203,Men Blazers Modern,BEG,Beige,Ready-to-Wear,Men,Outerwear,Blazers,MVS,MV Signature,100,70,A800,MV SOHO New York,42473.87,13247.42,90,56730.8,50654.26,15547.52,111,69967.99,161,100,61,200,157,0
MV-14852,Men Loafers Slim,NVY,Navy,Footwear,Men,Flats,Loafers,MV,Maison Voss,100,20,A800,MV SOHO New York,4849.41,1617.86,14,6423.0,4924.35,1743.14,14,6423.0,9,7,2,8,5,0
MV-54185,Men Trousers Heritage,GRG,Greige,Ready-to-Wear,Men,Bottoms,Trousers,MVS,MV Signature,100,30,A800,MV SOHO New York,45543.32,15205.82,134,63007.33,45597.75,16084.49,126,59245.7,455,313,142,363,298,0
MV-48177,Women Card Holders Essential,NOI,Noir,Leather Goods,Women,Small Leather Goods,Card Holders,MV,Maison Voss,100,20,A800,MV SOHO New York,127754.21,42341.48,117,170414.92,131835.33,46590.17,136,198089.14,200,158,42,216,158,0
MV-82199,Men Shorts Classic,VRT,Vert,Ready-to-Wear,Men,Bottoms,Shorts,MVS,MV Signature,100,70,A800,MV SOHO New York,12027.09,3225.99,53,17859.72,12993.47,3859.33,57,19207.63,78,56,22,74,51,0
MV-70258,Men Platform Slim,BRG,Bordeaux,Footwear,Men,Sneakers,Platform,MV,Maison Voss,100,20,A800,MV SOHO New York,52276.2,18828.17,85,67467.17,37979.75,13920.82,61,48417.62,45,44,1,35,34,0
MV-12128,Women Cat Eye Signature,NVY,Navy,Accessories,Women,Sunglasses,Cat Eye,MV,Maison Voss,100,50,A800,MV SOHO New York,6229.47,1848.13,26,8734.34,5952.64,1990.29,22,7390.59,78,70,8,72,50,0
MV-67637,Men Midi Dresses Essential,CRM,Creme,Ready-to-Wear,Men,Dresses,Midi Dresses,MV,Maison Voss,100,20,A800,MV SOHO New York,27687.4,10404.9,43,37119.86,29041.79,10562.17,45,38846.36,102,93,9,126,83,0
MV-76039,Women Boots Relaxed,CAM,Camel,Footwear,Women,Heels,Boots,MVS,MV Signature,100,70,A800,MV SOHO New York,78275.75,26479.73,118,114112.03,61683.43,15494.22,84,81232.29,173,157,16,130,103,0
MV-76263,Women High Top Essential,NVY,Navy,Footwear,Women,Sneakers,High Top,MV,Maison Voss,100,70,A800,MV SOHO New York,28623.37,9155.58,42,36666.16,22671.83,5714.01,32,27936.12,159,101,58,140,137,0
MV-94675,Women Trousers Essential,TAN,Tan,Ready-to-Wear,Women,Bottoms,Trousers,MVS,MV Signature,100,30,A800,MV SOHO New York,12052.99,3692.34,30,14075.29,10008.2,3503.34,28,13136.93,46,45,1,43,37,0
MV-70648,Women Tops,CRM,Cognac,Ready-to-Wear,Women,Tops,Tops,MV,Maison Voss,100,20,A800,MV SOHO New York,18759.3,6588.58,47,23967.22,13594.48,3806.74,33,16828.05,49,38,11,28,19,0
MV-71797,Men Shoulder Bags Classic,TAN,Tan,Leather Goods,Men,Handbags,Shoulder Bags,MVS,MV Signature,100,20,A800,MV SOHO New York,111574.57,39101.1,121,141991.22,86499.27,27992.75,94,110307.23,320,253,67,289,242,0
MV-96761,Men Jackets Essential,CRM,Creme,Ready-to-Wear,Men,Outerwear,Jackets,MVS,MV Signature,100,50,A800,MV SOHO New York,13606.18,4821.54,28,16984.15,18076.11,5558.41,33,20017.03,72,64,8,99,82,0
MV-62044,Women Low Top Classic,RSE,Rose Poudre,Footwear,Women,Sneakers,Low Top,MVS,MV Signature,100,20,A800,MV SOHO New York,7540.73,2795.97,13,9254.95,4659.56,1576.85,9,6407.27,9,7,2,7,5,0
MV-65255,Women Evening Dresses Heritage,CAM,Camel,Ready-to-Wear,Women,Dresses,Evening Dresses,MV,Maison Voss,100,20,A800,MV SOHO New York,51472.78,18135.32,85,71383.23,50732.61,13778.3,94,78941.45,151,95,56,189,117,0
MV-96275,Women Coats Essential,BLU,Bleu Marine,Ready-to-Wear,Women,Outerwear,Coats,MV,Maison Voss,100,20,A800,MV SOHO New York,78411.11,23489.87,120,99697.97,60106.27,20360.52,98,81420.01,184,181,3,168,153,0
MV-68529,Men Ankle Boots,ECR,Ecru,Footwear,Men,Boots,Ankle Boots,MVS,MV Signature,100,20,A800,MV SOHO New York,2019.7,720.65,7,2558.09,1934.37,548.43,7,2558.09,19,12,7,23,22,0
MV-30730,Men High Top Luxe,CAM,Camel,Footwear,Men,Sneakers,High Top,MV,Maison Voss,100,20,A800,MV SOHO New York,4073.11,1433.44,18,4918.48,4194.91,1245.31,20,5464.97,17,10,7,20,14,0
MV-30644,Men Chain Belts Slim,ARG,Argent,Leather Goods,Men,Belts,Chain Belts,MV,Maison Voss,100,50,A800,MV SOHO New York,6544.09,2112.89,10,9231.97,5428.51,1829.79,8,7385.57,16,12,4,11,8,0
MV-76132,Unisex Leather Belts Slim,ECR,Ecru,Leather Goods,Unisex,Belts,Leather Belts,MV,Maison Voss,100,50,A800,MV SOHO New York,23297.16,7949.71,29,31387.21,19282.37,6159.02,25,27057.94,100,73,27,78,70,0
MV-91490,Women Midi Dresses,ECR,Ecru,Ready-to-Wear,Women,Dresses,Midi Dresses,MV,Maison Voss,100,20,A800,MV SOHO New York,10673.22,2816.03,41,14046.58,10786.42,3890.63,46,15759.58,103,96,7,107,65,0
MV-85965,Men Fedoras Signature,VRT,Vert,Accessories,Men,Hats,Fedoras,MV,Maison Voss,100,20,A800,MV SOHO New York,29778.48,8243.07,95,39086.8,22912.71,7722.87,79,32503.76,357,261,96,316,253,0
MV-51116,Unisex Tops Essential,NOI,Noir,Ready-to-Wear,Unisex,Tops,Tops,MV,Maison Voss,100,20,A800,MV SOHO New York,46284.52,12100.81,72,61296.75,34545.29,11717.64,52,44269.88,260,241,19,212,157,0
MV-50768,Men Knitwear Modern,TAN,Tan,Ready-to-Wear,Men,Tops,Knitwear,MVS,MV Signature,100,70,A800,MV SOHO New York,23680.09,6798.21,66,30099.72,26119.55,9618.97,73,33292.12,163,115,48,189,115,0
MV-15513,Unisex Shorts Heritage,ARG,Argent,Ready-to-Wear,Unisex,Bottoms,Shorts,MVS,MV Signature,100,20,A800,MV SOHO New York,6005.81,1607.41,29,7834.62,5586.04,1612.66,27,7294.3,58,57,1,57,42,0
MV-71474,Men Loafers Relaxed,TRP,Taupe,Footwear,Men,Flats,Loafers,MV,Maison Voss,100,50,A800,MV SOHO New York,67351.56,24746.15,127,88040.09,77037.98,27925.86,148,102597.89,353,265,88,427,280,0
MV-70521,Men Mules Luxe,NOI,Noir,Footwear,Men,Heels,Mules,MV,Maison Voss,100,50,A800,MV SOHO New York,15454.49,5332.54,43,20867.58,20992.88,6893.99,52,25235.22,28,25,3,28,26,0
MV-32527,Women Mules Luxe,SBL,Sable,Footwear,Women,Heels,Mules,MV,Maison Voss,100,50,A800,MV SOHO New York,182780.33,59088.61,266,231516.13,183243.72,55271.45,287,249793.72,259,224,35,323,207,0
MV-76039,Women Boots Relaxed,ANT,Anthracite,Footwear,Women,Heels,Boots,MVS,MV Signature,100,20,A800,MV SOHO New York,19314.57,6900.71,69,26040.21,13248.78,4603.12,50,18869.71,270,245,25,182,158,0
MV-57052,Men Day Dresses Signature,SBL,Sable,Ready-to-Wear,Men,Dresses,Day Dresses,MV,Maison Voss,100,20,A800,MV SOHO New York,3994.17,1079.18,9,5762.45,4973.16,1841.08,11,7042.99,17,15,2,21,20,0
MV-62521,Women Silk Scarves Luxe,CRM,Cognac,Accessories,Women,Scarves,Silk Scarves,MVS,MV Signature,100,20,A800,MV SOHO New York,22000.35,7534.31,77,30882.52,20558.67,6085.88,68,27272.88,161,129,32,120,93,0
MV-92345,Women Leather Belts Modern,VRT,Vert,Leather Goods,Women,Belts,Leather Belts,MVS,MV Signature,100,50,A800,MV SOHO New York,19094.19,5864.37,27,26136.31,20981.3,5535.73,29,28072.33,35,32,3,45,32,0
MV-41358,Men Chelsea Boots Heritage,NOI,Noir,Footwear,Men,Boots,Chelsea Boots,MV,Maison Voss,100,20,A800,MV SOHO New York,47374.15,12473.95,79,56960.89,55011.21,16675.28,96,69218.29,265,234,31,357,253,0
MV-83975,Unisex Baseball Caps Classic,CRM,Creme,Accessories,Unisex,Hats,Baseball Caps,MVS,MV Signature,100,20,A800,MV SOHO New York,2212.61,619.71,4,2965.51,1750.23,455.64,3,2224.13,3,1,2,2,1,0
MV-52176,Women Check-In Relaxed,CAM,Camel,Leather Goods,Women,Luggage,Check-In,MVS,MV Signature,100,20,A800,MV SOHO New York,9807.87,3201.25,13,12114.31,11872.56,3230.07,15,13978.05,49,39,10,62,40,0
MV-38183,Men Suit Trousers Essential,ARG,Argent,Ready-to-Wear,Men,Suits,Suit Trousers,MVS,MV Signature,100,20,A800,MV SOHO New York,75385.45,27770.87,133,95640.5,78122.9,21858.85,142,102112.41,363,345,18,342,312,0
MV-54725,Women Suit Trousers Classic,CHP,Champagne,Ready-to-Wear,Women,Suits,Suit Trousers,MV,Maison Voss,100,20,A800,MV SOHO New York,4742.38,1398.11,17,6386.54,5827.02,1487.86,19,7137.9,16,9,7,17,11,0
MV-99224,Men Day Dresses Relaxed,RSE,Rose Poudre,Ready-to-Wear,Men,Dresses,Day Dresses,MVS,MV Signature,100,20,A800,MV SOHO New York,61887.39,20051.68,125,77983.22,87336.0,30772.72,162,101066.26,487,472,15,592,562,0
MV-28714,Men Trousers Luxe,NVY,Navy,Ready-to-Wear,Men,Bottoms,Trousers,MV,Maison Voss,100,20,A800,MV SOHO New York,7767.8,2515.32,22,9947.32,9036.2,2487.58,28,12660.23,53,36,17,72,59,0
MV-87993,Women Fedoras Modern,TRP,Taupe,Accessories,Women,Hats,Fedoras,MVS,MV Signature,100,20,A800,MV SOHO New York,32496.03,8569.48,71,44280.18,32981.58,8803.55,69,43032.85,153,103,50,176,171,0
MV-94058,Women Chain Belts,TAN,Tan,Leather Goods,Women,Belts,Chain Belts,MVS,MV Signature,100,20,A800,MV SOHO New York,27184.03,10321.75,81,38538.62,21793.54,7166.8,64,30450.26,275,241,34,221,169,0
MV-96870,Women Day Dresses Relaxed,NOI,Noir,Ready-to-Wear,Women,Dresses,Day Dresses,MVS,MV Signature,100,20,A800,MV SOHO New York,10419.66,3785.29,49,12699.16,7296.01,2719.15,35,9070.83,45,37,8,35,24,0
MV-62196,Women Blazers,BRG,Bordeaux,Ready-to-Wear,Women,Outerwear,Blazers,MV,Maison Voss,100,20,A800,MV SOHO New York,17411.33,4827.49,25,23304.3,16328.07,5807.43,26,24236.47,83,79,4,100,80,0
MV-57943,Women Shorts Essential,CHP,Champagne,Ready-to-Wear,Women,Bottoms,Shorts,MV,Maison Voss,100,70,A800,MV SOHO New York,3621.14,911.76,16,4902.61,3990.48,1483.15,18,5515.44,37,23,14,42,25,0
MV-48177,Women Card Holders Essential,SBL,Sable,Leather Goods,Women,Small Leather Goods,Card Holders,MV,Maison Voss,100,20,A800,MV SOHO New York,703.44,262.44,2,877.34,326.58,121.25,1,438.67,1,0,1,0,0,0
MV-65851,Women Midi Dresses Slim,TRP,Taupe,Ready-to-Wear,Women,Dresses,Midi Dresses,MV,Maison Voss,100,20,A800,MV SOHO New York,14036.12,4581.41,25,18278.12,16921.28,5495.27,27,19740.37,20,14,6,20,18,0
MV-24316,Women Low Top Relaxed,CHP,Champagne,Footwear,Women,Sneakers,Low Top,MV,Maison Voss,100,20,A800,MV SOHO New York,26351.04,8306.42,73,34707.56,22735.06,8507.61,63,29953.1,63,60,3,50,43,0
MV-12260,Men Knee High Modern,CRM,Creme,Footwear,Men,Boots,Knee High,MVS,MV Signature,100,20,A800,MV SOHO New York,157004.52,40189.71,192,192173.89,152170.99,56923.51,198,198179.32,270,205,65,234,222,0
MV-43681,Men Low Top Luxe,RSE,Rose Poudre,Footwear,Men,Sneakers,Low Top,MV,Maison Voss,100,50,A800,MV SOHO New York,109862.0,33546.01,141,147354.49,85148.27,31014.97,115,120182.74,538,484,54,419,294,0
MV-76263,Women High Top Essential,CRM,Creme,Footwear,Women,Sneakers,High Top,MV,Maison Voss,100,20,A800,MV SOHO New York,74658.26,26758.55,100,100849.49,92019.86,34201.95,122,123036.37,364,356,8,452,351,0
MV-67961,Men Wool Scarves Heritage,SBL,Sable,Accessories,Men,Scarves,Wool Scarves,MV,Maison Voss,100,20,A800,MV SOHO New York,55855.69,15062.08,107,64949.42,57526.62,17588.36,116,70412.46,409,327,82,466,401,0
MV-40005,Men Silk Scarves Classic,CHP,Champagne,Accessories,Men,Scarves,Silk Scarves,MVS,MV Signature,100,20,A800,MV SOHO New York,40473.31,13143.66,75,53026.88,38355.87,13970.97,73,51612.83,66,59,7,61,52,0
MV-26551,Women Mules Luxe,ROG,Rouge,Footwear,Women,Heels,Mules,MV,Maison Voss,100,70,A800,MV SOHO New York,16109.39,4593.64,20,19520.97,12463.54,3120.33,16,15616.78,12,10,2,8,5,0
MV-50213,Women Tops Slim,ROG,Rouge,Ready-to-Wear,Women,Tops,Tops,MV,Maison Voss,100,50,A800,MV SOHO New York,59719.92,19506.53,164,83974.47,50304.95,17525.78,132,67589.21,560,509,51,531,365,0
MV-56955,Women Ballet Flats Relaxed,BRG,Bordeaux,Footwear,Women,Flats,Ballet Flats,MVS,MV Signature,100,20,A800,MV SOHO New York,24985.99,7817.86,76,33317.45,25009.66,6852.57,75,32879.06,57,53,4,45,36,0
MV-14852,Men Loafers Slim,ECR,Ecru,Footwear,Men,Flats,Loafers,MV,Maison Voss,100,20,A800,MV SOHO New York,27976.05,9560.34,56,39105.58,31976.15,8749.05,65,45390.41,180,135,45,169,137,0
MV-20077,Men Chain Belts Slim,NOI,Noir,Leather Goods,Men,Belts,Chain Belts,MVS,MV Signature,100,50,A800,MV SOHO New York,4398.16,1498.51,8,5872.23,4533.21,1254.43,8,5872.23,9,8,1,7,6,0
MV-54725,Women Suit Trousers Classic,BLU,Bleu Marine,Ready-to-Wear,Women,Suits,Suit Trousers,MV,Maison Voss,100,50,A800,MV SOHO New York,15337.11,5700.92,40,20880.51,11710.36,3334.01,31,16182.4,144,121,23,127,120,0
MV-71537,Women Trousers Heritage,CHP,Champagne,Ready-to-Wear,Women,Bottoms,Trousers,MVS,MV Signature,100,50,A800,MV SOHO New York,7768.68,2890.13,42,10781.95,5812.71,1528.22,30,7701.39,61,42,19,50,30,0
MV-97684,Unisex Bracelets Luxe,CRM,Creme,Accessories,Unisex,Jewelry,Bracelets,MV,Maison Voss,100,50,A800,MV SOHO New York,67319.69,25144.43,137,82216.0,79017.62,21777.79,167,100219.5,336,212,124,447,415,0
MV-30253,Men Weekender Essential,IVR,Ivoire,Leather Goods,Men,Luggage,Weekender,MVS,MV Signature,100,20,A800,MV SOHO New York,52573.66,16410.41,54,72148.79,42459.61,13318.44,43,57451.82,83,50,33,62,61,0
MV-12128,Women Cat Eye Signature,ROG,Rouge,Accessories,Women,Sunglasses,Cat Eye,MV,Maison Voss,100,20,A800,MV SOHO New York,7317.42,2090.05,33,8855.18,7924.05,2484.78,38,10196.87,58,40,18,55,35,0
MV-43681,Men Low Top Luxe,SBL,Sable,Footwear,Men,Sneakers,Low Top,MV,Maison Voss,100,20,A800,MV SOHO New York,131401.64,43663.33,259,168291.09,135432.66,36258.83,291,189083.81,776,644,132,902,830,0
MV-54185,Men Trousers Heritage,BRG,Bordeaux,Ready-to-Wear,Men,Bottoms,Trousers,MVS,MV Signature,100,20,A800,MV SOHO New York,3811.73,1433.51,8,4453.28,3044.8,1023.16,7,3896.62,4,3,1,4,2,0
MV-44099,Women Trousers Essential,TRP,Taupe,Ready-to-Wear,Women,Bottoms,Trousers,MVS,MV Signature,100,20,A800,MV SOHO New York,24525.77,8471.97,37,31364.68,20188.82,6266.73,33,27973.91,108,81,27,91,69,0
MV-30644,Men Chain Belts Slim,CRM,Cognac,Leather Goods,Men,Belts,Chain Belts,MV,Maison Voss,100,50,A800,MV SOHO New York,1546.55,475.13,2,2132.73,720.93,217.78,1,1066.36,7,6,1,7,6,0
MV-21164,Men Shorts Relaxed,IVR,Ivoire,Ready-to-Wear,Men,Bottoms,Shorts,MV,Maison Voss,100,70,A800,MV SOHO New York,56070.73,16889.98,92,74673.51,49804.5,16090.74,85,68991.83,86,68,18,87,64,0
MV-28776,Women Sandals Essential,CAM,Camel,Footwear,Women,Heels,Sandals,MV,Maison Voss,100,30,A800,MV SOHO New York,66259.09,19041.36,172,98317.23,84573.24,27995.15,216,123468.15,398,323,75,518,414,0
MV-21542,Women Clutches Signature,CAM,Camel,Leather Goods,Women,Handbags,Clutches,MVS,MV Signature,100,20,A800,MV SOHO New York,11520.02,3709.69,22,14719.93,9298.7,3161.6,17,11374.49,42,35,7,34,27,0
MV-46655,Women Cat Eye Heritage,BLU,Bleu Marine,Accessories,Women,Sunglasses,Cat Eye,MV,Maison Voss,100,30,A800,MV SOHO New York,47171.81,13665.09,134,65477.44,34061.54,12327.19,96,46909.21,269,224,45,174,160,0
MV-63225,Unisex Key Holders,NVY,Navy,Leather Goods,Unisex,Small Leather Goods,Key Holders,MVS,MV Signature,100,20,A800,MV SOHO New York,8029.45,2256.91,23,9346.74,8845.44,3155.2,25,10159.5,83,53,30,78,73,0
MV-44718,Women Day Dresses Slim,RSE,Rose Poudre,Ready-to-Wear,Women,Dresses,Day Dresses,MVS,MV Signature,100,50,A800,MV SOHO New York,62130.03,18533.33,166,79714.3,64237.13,21875.88,169,81154.92,289,239,50,247,155,0
MV-22097,Men Leather Belts Essential,VRT,Vert,Leather Goods,Men,Belts,Leather Belts,MV,Maison Voss,100,20,A800,MV SOHO New York,65629.22,17028.91,96,79307.16,57305.09,17701.47,93,76828.81,240,196,44,247,193,0
MV-12260,Men Knee High Modern,NVY,Navy,Footwear,Men,Boots,Knee High,MVS,MV Signature,100,50,A800,MV SOHO New York,48159.55,17529.11,112,66696.32,57835.71,19399.05,142,84561.4,135,126,9,186,154,0
MV-79329,Men Suit Trousers Classic,BEG,Beige,Ready-to-Wear,Men,Suits,Suit Trousers,MVS,MV Signature,100,20,A800,MV SOHO New York,294.21,88.36,1,401.6,332.3,85.06,1,401.6,0,0,0,0,0,0
MV-86484,Men Blazers Essential,ARG,Argent,Ready-to-Wear,Men,Suits,Blazers,MV,Maison Voss,100,20,A800,MV SOHO New York,138142.41,37554.8,227,198621.92,127043.88,34996.83,200,174997.29,750,655,95,672,440,0
MV-27139,Men Jackets Signature,ROG,Rouge,Ready-to-Wear,Men,Outerwear,Jackets,MVS,MV Signature,100,50,A800,MV SOHO New York,51600.71,17776.19,89,70352.83,55430.59,18225.93,93,73514.75,351,223,128,425,277,0
MV-53655,Women Leather Belts Slim,ANT,Anthracite,Leather Goods,Women,Belts,Leather Belts,MV,Maison Voss,100,50,A800,MV SOHO New York,19566.65,6777.04,25,23482.19,24024.99,8704.34,29,27239.34,85,57,28,117,91,0
MV-71057,Women Boots,GRG,Greige,Footwear,Women,Heels,Boots,MVS,MV Signature,100,70,A800,MV SOHO New York,33937.92,9693.42,122,50156.51,29554.26,8740.36,112,46045.32,401,268,133,339,337,0
MV-40005,Men Silk Scarves Classic,RSE,Rose Poudre,Accessories,Men,Scarves,Silk Scarves,MVS,MV Signature,100,20,A800,MV SOHO New York,5334.14,1882.73,22,6497.22,4609.38,1512.85,20,5906.57,86,63,23,81,57,0
MV-71669,Men Silk Scarves,CAM,Camel,Accessories,Men,Scarves,Silk Scarves,MV,Maison Voss,100,20,A800,MV SOHO New York,42670.37,14235.55,142,59724.86,31145.07,9057.12,107,45003.94,540,452,88,412,293,0
MV-59308,Men Knitwear Essential,RSE,Rose Poudre,Ready-to-Wear,Men,Tops,Knitwear,MVS,MV Signature,100,50,A800,MV SOHO New York,1632.85,418.67,8,2394.66,1836.17,525.88,8,2394.66,4,3,1,4,3,0
MV-32527,Women Mules Luxe,BLU,Bleu Marine,Footwear,Women,Heels,Mules,MV,Maison Voss,100,70,A800,MV SOHO New York,45264.84,14056.18,83,61638.41,47762.01,12807.99,89,66094.2,119,85,34,143,90,0
MV-38760,Unisex Rings Heritage,SBL,Sable,Accessories,Unisex,Jewelry,Rings,MV,Maison Voss,100,20,A800,MV SOHO New York,20492.31,5766.5,53,27530.36,16602.23,6154.78,42,21816.51,166,132,34,140,96,0
MV-47196,Women Wallets,ARG,Argent,Leather Goods,Women,Small Leather Goods,Wallets,MVS,MV Signature,100,20,A800,MV SOHO New York,3437.21,959.95,7,4491.75,2948.49,859.97,6,3850.07,17,10,7,16,10,0
MV-67637,Men Midi Dresses Essential,IVR,Ivoire,Ready-to-Wear,Men,Dresses,Midi Dresses,MV,Maison Voss,100,20,A800,MV SOHO New York,4299.5,1491.27,19,6295.52,3928.64,1047.3,16,5301.49,27,21,6,18,11,0
MV-62383,Men Berets Relaxed,NVY,Navy,Accessories,Men,Hats,Berets,MVS,MV Signature,100,20,A800,MV SOHO New York,601.42,169.87,1,712.91,549.88,141.08,1,712.91,1,0,1,1,0,0
MV-80798,Men Chain Belts Modern,ECR,Ecru,Leather Goods,Men,Belts,Chain Belts,MV,Maison Voss,100,20,A800,MV SOHO New York,41830.2,13529.82,43,60411.92,45289.64,16217.09,42,59006.99,112,94,18,90,70,0
MV-96200,Women Suit Sets,GRG,Greige,Ready-to-Wear,Women,Suits,Suit Sets,MVS,MV Signature,100,50,A800,MV SOHO New York,5490.54,1631.47,24,8152.61,5125.35,1589.14,21,7133.53,89,87,2,90,57,0
MV-72031,Women Blazers,NVY,Navy,Ready-to-Wear,Women,Suits,Blazers,MV,Maison Voss,100,20,A800,MV SOHO New York,33398.63,11186.8,62,46312.71,22240.61,7505.91,44,32867.08,160,98,62,125,116,0
MV-99173,Women Card Holders Modern,VRT,Vert,Leather Goods,Women,Small Leather Goods,Card Holders,MV,Maison Voss,100,20,A800,MV SOHO New York,23053.92,8095.56,24,30818.62,18440.92,6548.14,20,25682.18,47,29,18,35,30,0
MV-55830,Women Jeans Heritage,NOI,Noir,Ready-to-Wear,Women,Bottoms,Jeans,MV,Maison Voss,100,30,A800,MV SOHO New York,10332.84,3255.15,24,12227.93,12098.81,3526.66,30,15284.91,50,30,20,65,62,0
MV-62772,Men Tote Bags Signature,CHP,Champagne,Leather Goods,Men,Handbags,Tote Bags,MV,Maison Voss,100,70,A800,MV SOHO New York,52666.23,18305.69,93,66773.29,34666.31,9649.23,68,48823.48,51,42,9,43,37,0
MV-21164,Men Shorts Relaxed,VRT,Vert,Ready-to-Wear,Men,Bottoms,Shorts,MV,Maison Voss,100,30,A800,MV SOHO New York,761.68,234.58,3,997.48,747.14,218.91,3,997.48,5,4,1,5,3,0
MV-42087,Men Slides Slim,TAN,Tan,Footwear,Men,Flats,Slides,MV,Maison Voss,100,70,A800,MV SOHO New York,96597.71,26457.67,160,122712.71,79217.74,22760.48,138,105839.71,291,250,41,299,259,0
MV-38683,Men Tops Slim,ROG,Rouge,Ready-to-Wear,Men,Tops,Tops,MVS,MV Signature,100,20,A800,MV SOHO New York,76750.88,20395.88,131,94189.36,63913.49,18575.76,115,82685.32,159,157,2,153,141,0
MV-79942,Men Blazers Essential,ROG,Rouge,Ready-to-Wear,Men,Outerwear,Blazers,MVS,MV Signature,100,20,A800,MV SOHO New York,43909.49,14993.89,76,61522.96,42059.3,13611.3,75,60713.45,280,213,67,312,188,0
MV-76237,Women Skirts Classic,BLU,Bleu Marine,Ready-to-Wear,Women,Bottoms,Skirts,MV,Maison Voss,100,50,A800,MV SOHO New York,25897.65,8211.08,62,32016.97,21148.76,7039.69,50,25820.14,50,41,9,35,33,0
MV-53064,Men Skirts Slim,ECR,Ecru,Ready-to-Wear,Men,Bottoms,Skirts,MV,Maison Voss,100,20,A800,MV SOHO New York,48496.52,13372.18,153,61651.67,63794.09,21265.93,191,76963.85,199,150,49,203,127,0
MV-49363,Unisex Cashmere Scarves,CAM,Camel,Accessories,Unisex,Scarves,Cashmere Scarves,MVS,MV Signature,100,70,A800,MV SOHO New York,4189.55,1167.58,14,5101.96,4239.29,1328.04,14,5101.96,15,12,3,13,11,0
MV-42541,Women Blazers Slim,VRT,Vert,Ready-to-Wear,Women,Suits,Blazers,MVS,MV Signature,100,20,A800,MV SOHO New York,2706.49,890.32,5,3569.06,3118.91,929.46,6,4282.88,4,3,1,5,4,0
MV-25396,Women Clutches Slim,CRM,Cognac,Leather Goods,Women,Handbags,Clutches,MVS,MV Signature,100,20,A800,MV SOHO New York,7052.53,2305.57,18,8982.6,6902.34,2020.28,17,8483.56,47,45,2,45,43,0
MV-50768,Men Knitwear Modern,TAN,Tan,Ready-to-Wear,Men,Tops,Knitwear,MVS,MV Signature,100,50,A800,MV SOHO New York,43451.28,11743.05,109,57033.17,29008.24,8396.39,77,40289.49,218,164,54,162,141,0
MV-10336,Men Blazers Heritage,BLU,Bleu Marine,Ready-to-Wear,Men,Suits,Blazers,MV,Maison Voss,100,20,A800,MV SOHO New York,1058.25,320.76,2,1254.41,983.79,266.25,2,1254.41,5,3,2,6,4,0
MV-12180,Men High Top Signature,ECR,Ecru,Footwear,Men,Sneakers,High Top,MVS,MV Signature,100,30,A800,MV SOHO New York,24932.95,7465.97,60,33945.52,18340.57,6375.21,47,26590.65,60,55,5,53,38,0
MV-56346,Women Clutches Essential,BRG,Bordeaux,Leather Goods,Women,Handbags,Clutches,MV,Maison Voss,100,20,A800,MV SOHO New York,291862.39,100193.38,371,375702.34,354400.81,121385.32,443,448614.92,800,497,303,1027,808,0
MV-30730,Men High Top Luxe,VRT,Vert,Footwear,Men,Sneakers,High Top,MV,Maison Voss,100,50,A800,MV SOHO New York,86122.25,25983.81,133,104839.85,69526.6,17797.17,113,89074.46,113,111,2,99,88,0
MV-93746,Women Blazers Essential,NVY,Navy,Ready-to-Wear,Women,Suits,Blazers,MV,Maison Voss,100,20,A800,MV SOHO New York,33515.23,11680.32,50,47498.35,31128.85,10801.94,46,43698.48,146,143,3,161,136,0
MV-86556,Women Evening Dresses Classic,BRG,Bordeaux,Ready-to-Wear,Women,Dresses,Evening Dresses,MV,Maison Voss,100,20,A800,MV SOHO New York,1162.42,431.92,4,1738.36,869.31,303.13,3,1303.77,11,9,2,7,6,0
MV-44099,Women Trousers Essential,SBL,Sable,Ready-to-Wear,Women,Bottoms,Trousers,MVS,MV Signature,100,50,A800,MV SOHO New York,46326.67,17453.67,122,57910.02,55710.42,15577.83,134,63606.08,341,323,18,381,311,0
MV-68529,Men Ankle Boots,GRG,Greige,Footwear,Men,Boots,Ankle Boots,MVS,MV Signature,100,20,A800,MV SOHO New York,39827.69,14267.68,63,52737.9,36751.04,13575.69,60,50226.57,140,111,29,158,110,0
MV-99224,Men Day Dresses Relaxed,SBL,Sable,Ready-to-Wear,Men,Dresses,Day Dresses,MVS,MV Signature,100,30,A800,MV SOHO New York,1400.14,364.01,8,2020.47,1728.38,480.42,9,2273.03,18,13,5,17,14,0
MV-85914,Women Wallets,BLU,Bleu Marine,Leather Goods,Women,Small Leather Goods,Wallets,MV,Maison Voss,100,30,A800,MV SOHO New York,3384.79,1126.56,6,4356.99,4317.6,1464.29,7,5083.15,17,12,5,17,13,0
MV-24530,Women Day Dresses Luxe,NVY,Navy,Ready-to-Wear,Women,Dresses,Day Dresses,MVS,MV Signature,100,20,A800,MV SOHO New York,34842.68,8869.04,165,42188.74,34154.59,9037.7,169,43211.5,441,371,70,526,515,0
MV-62296,Unisex Bracelets Signature,GRG,Greige,Accessories,Unisex,Jewelry,Bracelets,MVS,MV Signature,100,50,A800,MV SOHO New York,28134.54,7062.17,76,37946.33,27074.6,6788.72,71,35449.87,65,54,11,73,65,0
MV-62296,Unisex Bracelets Signature,CHP,Champagne,Accessories,Unisex,Jewelry,Bracelets,MVS,MV Signature,100,20,A800,MV SOHO New York,39251.26,14149.75,121,55096.58,34400.56,10968.55,100,45534.36,169,116,53,160,154,0
MV-33509,Unisex Fedoras Signature,ANT,Anthracite,Accessories,Unisex,Hats,Fedoras,MVS,MV Signature,100,20,A800,MV SOHO New York,81448.21,21564.53,145,106179.75,96190.69,36256.96,164,120092.96,102,90,12,117,70,0
MV-99381,Women Fedoras Signature,ANT,Anthracite,Accessories,Women,Hats,Fedoras,MVS,MV Signature,100,20,A800,MV SOHO New York,33096.36,11099.94,58,49420.87,42230.5,14580.54,69,58793.8,134,126,8,164,146,0
MV-86484,Men Blazers Essential,TAN,Tan,Ready-to-Wear,Men,Suits,Blazers,MV,Maison Voss,100,30,A800,MV SOHO New York,22426.76,7592.9,50,28498.36,27171.41,6881.18,60,34198.04,175,165,10,186,131,0
MV-12128,Women Cat Eye Signature,NVY,Navy,Accessories,Women,Sunglasses,Cat Eye,MV,Maison Voss,100,20,A800,MV SOHO New York,8710.36,2586.31,38,11805.62,7455.65,2499.29,34,10562.93,24,15,9,19,12,0
MV-95191,Women Coats Signature,CHP,Champagne,Ready-to-Wear,Women,Outerwear,Coats,MV,Maison Voss,100,30,A800,MV SOHO New York,14458.01,4340.53,26,17518.85,16720.28,5657.35,33,22235.47,22,19,3,26,20,0
MV-30644,Men Chain Belts Slim,GRG,Greige,Leather Goods,Men,Belts,Chain Belts,MV,Maison Voss,100,50,A800,MV SOHO New York,42188.74,15774.41,39,55360.6,51926.09,13029.18,46,65297.12,63,46,17,75,71,0
MV-96200,Women Suit Sets,BRG,Bordeaux,Ready-to-Wear,Women,Suits,Suit Sets,MVS,MV Signature,100,20,A800,MV SOHO New York,30634.63,9583.51,102,36463.53,23083.9,8192.47,81,28956.33,387,264,123,355,253,0
MV-46559,Men Ballet Flats Luxe,NOI,Noir,Footwear,Men,Flats,Ballet Flats,MV,Maison Voss,100,20,A800,MV SOHO New York,20172.2,5115.08,63,28487.32,18654.35,5445.31,54,24417.71,102,82,20,88,58,0
MV-62521,Women Silk Scarves Luxe,TAN,Tan,Accessories,Women,Scarves,Silk Scarves,MVS,MV Signature,100,20,A800,MV SOHO New York,58504.99,19265.48,153,71087.07,67167.37,17224.16,178,82702.6,80,68,12,83,50,0
MV-45986,Women Chain Belts Classic,CHP,Champagne,Leather Goods,Women,Belts,Chain Belts,MV,Maison Voss,100,20,A800,MV SOHO New York,32668.57,11215.94,40,45941.71,28326.46,7110.26,36,41347.54,89,59,30,69,59,0
MV-60052,Unisex Evening Dresses,CHP,Champagne,Ready-to-Wear,Unisex,Dresses,Evening Dresses,MVS,MV Signature,100,20,A800,MV SOHO New York,33395.61,12289.94,64,46428.57,37165.65,9921.62,66,47879.46,112,71,41,100,93,0
MV-60052,Unisex Evening Dresses,RSE,Rose Poudre,Ready-to-Wear,Unisex,Dresses,Evening Dresses,MVS,MV Signature,100,20,A800,MV SOHO New York,40860.71,10425.21,68,60288.37,44332.71,11253.02,69,61174.96,106,80,26,89,77,0
MV-33703,Men Earrings Slim,RSE,Rose Poudre,Accessories,Men,Jewelry,Earrings,MVS,MV Signature,100,50,A800,MV SOHO New York,21877.08,7007.23,61,27937.03,16538.93,6153.98,45,20609.28,213,176,37,186,152,0
MV-32527,Women Mules Luxe,VRT,Vert,Footwear,Women,Heels,Mules,MV,Maison Voss,100,30,A800,MV SOHO New York,21838.96,7555.75,83,31871.1,23841.31,7832.86,97,37246.95,130,93,37,163,159,0
MV-54089,Unisex Blazers,BEG,Beige,Ready-to-Wear,Unisex,Outerwear,Blazers,MVS,MV Signature,100,70,A800,MV SOHO New York,7613.54,2739.25,18,10662.26,10183.98,3632.86,22,13031.65,30,22,8,41,31,0
MV-86484,Men Blazers Essential,CHP,Champagne,Ready-to-Wear,Men,Suits,Blazers,MV,Maison Voss,100,20,A800,MV SOHO New York,10633.19,2791.6,49,14950.9,8582.97,2189.27,38,11594.58,50,31,19,37,27,0
MV-45986,Women Chain Belts Classic,ANT,Anthracite,Leather Goods,Women,Belts,Chain Belts,MV,Maison Voss,100,50,A800,MV SOHO New York,4468.68,1119.61,7,6479.64,3112.12,1062.84,5,4628.31,12,8,4,9,8,0
MV-54725,Women Suit Trousers Classic,CHP,Champagne,Ready-to-Wear,Women,Suits,Suit Trousers,MV,Maison Voss,100,20,A800,MV SOHO New York,7823.11,2602.71,33,11584.18,9941.72,3318.18,37,12988.32,37,26,11,43,33,0
MV-13761,Women Evening Dresses Luxe,BLU,Bleu Marine,Ready-to-Wear,Women,Dresses,Evening Dresses,MVS,MV Signature,100,20,A800,MV SOHO New York,19175.21,7160.97,46,24657.76,19373.13,5384.66,44,23585.68,139,122,17,156,132,0
MV-33647,Men Coats Heritage,BRG,Bordeaux,Ready-to-Wear,Men,Outerwear,Coats,MVS,MV Signature,100,50,A800,MV SOHO New York,22304.45,6804.63,72,31514.56,22904.35,7851.67,76,33265.37,237,171,66,241,196,0
MV-63225,Unisex Key Holders,RSE,Rose Poudre,Leather Goods,Unisex,Small Leather Goods,Key Holders,MVS,MV Signature,100,20,A800,MV SOHO New York,137956.68,46631.36,207,181693.87,110368.03,29469.72,173,151850.44,277,174,103,254,194,0
MV-40595,Women Day Dresses Heritage,CHP,Champagne,Ready-to-Wear,Women,Dresses,Day Dresses,MVS,MV Signature,100,20,A800,MV SOHO New York,37907.7,13569.31,63,44840.74,32681.47,11810.93,53,37723.16,228,222,6,203,126,0
MV-96341,Women Card Holders Signature,GRG,Greige,Leather Goods,Women,Small Leather Goods,Card Holders,MVS,MV Signature,100,20,A800,MV SOHO New York,40267.16,10547.68,93,52285.77,32438.41,9789.47,68,38230.45,110,104,6,96,64,0
MV-82199,Men Shorts Classic,ARG,Argent,Ready-to-Wear,Men,Bottoms,Shorts,MVS,MV Signature,100,20,A800,MV SOHO New York,12346.28,3671.5,48,18071.74,12281.12,3121.62,49,18448.24,70,52,18,81,52,0
MV-16839,Unisex Key Holders Luxe,TAN,Tan,Leather Goods,Unisex,Small Leather Goods,Key Holders,MVS,MV Signature,100,20,A800,MV SOHO New York,65282.78,23868.89,69,97429.1,48623.3,13830.75,51,72012.81,273,200,73,216,144,0
MV-21542,Women Clutches Signature,NVY,Navy,Leather Goods,Women,Handbags,Clutches,MVS,MV Signature,100,30,A800,MV SOHO New York,3661.58,1156.1,5,4545.9,4175.17,1531.87,6,5455.08,3,2,1,3,2,0
MV-62772,Men Tote Bags Signature,RSE,Rose Poudre,Leather Goods,Men,Handbags,Tote Bags,MV,Maison Voss,100,50,A800,MV SOHO New York,15846.43,5189.87,20,19928.0,12745.64,4016.71,17,16938.8,40,28,12,37,26,0
MV-39444,Men Key Holders Relaxed,SBL,Sable,Leather Goods,Men,Small Leather Goods,Key Holders,MV,Maison Voss,100,30,A800,MV SOHO New York,30741.73,11098.65,30,38566.28,30909.58,7973.13,32,41137.36,48,31,17,49,47,0
MV-13761,Women Evening Dresses Luxe,NVY,Navy,Ready-to-Wear,Women,Dresses,Evening Dresses,MVS,MV Signature,100,50,A800,MV SOHO New York,12353.53,3465.15,44,16205.43,16253.58,4780.97,54,19888.48,93,88,5,99,72,0
MV-78614,Women Trousers Signature,VRT,Vert,Ready-to-Wear,Women,Bottoms,Trousers,MV,Maison Voss,100,70,A800,MV SOHO New York,573.04,214.04,3,767.06,370.27,128.32,2,511.37,7,6,1,6,5,0
MV-48462,Women Ankle Boots Relaxed,TAN,Tan,Footwear,Women,Boots,Ankle Boots,MVS,MV Signature,100,20,A800,MV SOHO New York,2388.12,729.21,10,3433.53,1682.44,581.67,7,2403.47,25,16,9,15,13,0
MV-23238,Women Knitwear Essential,SBL,Sable,Ready-to-Wear,Women,Tops,Knitwear,MV,Maison Voss,100,30,A800,MV SOHO New York,6362.39,2251.44,22,8689.53,6079.41,2148.79,19,7504.59,50,39,11,52,44,0
MV-82924,Women Low Top Classic,IVR,Ivoire,Footwear,Women,Sneakers,Low Top,MV,Maison Voss,100,20,A800,MV SOHO New York,110552.54,29109.45,245,162927.29,100485.23,36883.2,210,139651.96,395,258,137,406,256,0
MV-65851,Women Midi Dresses Slim,CRM,Creme,Ready-to-Wear,Women,Dresses,Midi Dresses,MV,Maison Voss,100,20,A800,MV SOHO New York,8277.22,2942.35,27,10061.25,10253.69,3284.74,33,12297.08,88,86,2,110,75,0
MV-23979,Women Check-In Relaxed,CAM,Camel,Leather Goods,Women,Luggage,Check-In,MV,Maison Voss,100,20,A800,MV SOHO New York,18723.46,6014.71,45,25667.26,24383.61,6542.89,55,31371.09,28,21,7,33,24,0
MV-45986,Women Chain Belts Classic,SBL,Sable,Leather Goods,Women,Belts,Chain Belts,MV,Maison Voss,100,50,A800,MV SOHO New York,12900.79,4310.84,15,17529.99,17401.57,4997.2,18,21035.99,22,15,7,24,14,0
MV-46421,Women Knee High Slim,ANT,Anthracite,Footwear,Women,Boots,Knee High,MVS,MV Signature,100,20,A800,MV SOHO New York,34466.0,13006.37,65,41742.65,36269.78,11796.6,78,50091.18,71,62,9,97,86,0
MV-93717,Women Leather Belts Heritage,SBL,Sable,Leather Goods,Women,Belts,Leather Belts,MVS,MV Signature,100,20,A800,MV SOHO New York,22827.35,7160.28,22,32077.14,26937.42,9412.89,24,34993.24,49,41,8,44,31,0
MV-82512,Women Shorts Heritage,ANT,Anthracite,Ready-to-Wear,Women,Bottoms,Shorts,MV,Maison Voss,100,30,A800,MV SOHO New York,8431.4,2584.15,16,11018.51,7981.01,2481.9,16,11018.51,48,30,18,46,31,0
MV-52487,Men Mini Bags Luxe,RSE,Rose Poudre,Leather Goods,Men,Handbags,Mini Bags,MV,Maison Voss,100,50,A800,MV SOHO New York,36955.99,9506.47,50,45817.14,39305.84,11034.31,58,53147.89,195,150,45,183,119,0
MV-69446,Unisex Evening Dresses Modern,TRP,Taupe,Ready-to-Wear,Unisex,Dresses,Evening Dresses,MV,Maison Voss,100,50,A800,MV SOHO New York,492.64,162.7,1,672.41,448.2,124.37,1,672.41,1,0,1,1,0,0
MV-99381,Women Fedoras Signature,ANT,Anthracite,Accessories,Women,Hats,Fedoras,MVS,MV Signature,100,20,A800,MV SOHO New York,198.86,53.99,1,247.14,0.0,0.0,0,0.0,1,0,1,0,0,0
MV-69446,Unisex Evening Dresses Modern,CAM,Camel,Ready-to-Wear,Unisex,Dresses,Evening Dresses,MV,Maison Voss,100,50,A800,MV SOHO New York,6283.81,1762.21,17,7633.06,6122.21,1853.11,17,7633.06,22,14,8,20,13,0
MV-71953,Women Suit Trousers Relaxed,CHP,Champagne,Ready-to-Wear,Women,Suits,Suit Trousers,MVS,MV Signature,100,50,A800,MV SOHO New York,1334.29,451.84,2,1674.21,1283.64,381.41,2,1674.21,6,4,2,6,5,0
MV-26505,Men Leather Belts Relaxed,RSE,Rose Poudre,Leather Goods,Men,Belts,Leather Belts,MV,Maison Voss,100,30,A800,MV SOHO New York,6368.39,1733.22,7,8584.58,6002.19,2236.49,7,8584.58,26,23,3,33,25,0
MV-86483,Women Wallets Luxe,CRM,Cognac,Leather Goods,Women,Small Leather Goods,Wallets,MVS,MV Signature,100,50,A800,MV SOHO New York,9466.31,3414.97,28,12577.55,11625.18,3796.42,33,14823.54,76,50,26,81,70,0
MV-76039,Women Boots Relaxed,ARG,Argent,Footwear,Women,Heels,Boots,MVS,MV Signature,100,20,A800,MV SOHO New York,33919.79,12669.96,111,48564.37,35012.78,11319.15,104,45501.76,75,46,29,62,50,0
MV-20543,Men Check-In Classic,RSE,Rose Poudre,Leather Goods,Men,Luggage,Check-In,MVS,MV Signature,100,20,A800,MV SOHO New York,16482.97,6137.84,58,22441.78,20175.3,5785.73,67,25924.13,113,101,12,129,93,0
MV-99224,Men Day Dresses Relaxed,BEG,Beige,Ready-to-Wear,Men,Dresses,Day Dresses,MVS,MV Signature,100,20,A800,MV SOHO New York,27114.9,7651.7,49,32693.17,31735.6,8598.23,61,40699.67,73,45,28,78,60,0
MV-26074,Women Fedoras Slim,BRG,Bordeaux,Accessories,Women,Hats,Fedoras,MVS,MV Signature,100,20,A800,MV SOHO New York,4468.54,1631.32,23,5595.3,2842.23,738.72,16,3892.38,53,42,11,37,28,0
MV-91490,Women Midi Dresses,ROG,Rouge,Ready-to-Wear,Women,Dresses,Midi Dresses,MV,Maison Voss,100,20,A800,MV SOHO New York,70940.47,24112.71,185,88403.37,75068.73,19167.95,196,93659.79,158,155,3,138,87,0
MV-59308,Men Knitwear Essential,IVR,Ivoire,Ready-to-Wear,Men,Tops,Knitwear,MVS,MV Signature,100,20,A800,MV SOHO New York,10471.04,3727.44,34,14880.89,10489.72,3020.45,38,16631.58,27,23,4,27,23,0
MV-16265,Women Chain Belts Signature,ARG,Argent,Leather Goods,Women,Belts,Chain Belts,MVS,MV Signature,100,20,A800,MV SOHO New York,2517.46,927.37,6,3124.94,2451.48,785.06,6,3124.94,18,15,3,15,12,0
MV-59672,Women Shoulder Bags Classic,ARG,Argent,Leather Goods,Women,Handbags,Shoulder Bags,MV,Maison Voss,100,20,A800,MV SOHO New York,70265.49,19760.19,66,101114.83,68991.47,20979.27,65,99582.78,209,163,46,193,142,0
MV-99224,Men Day Dresses Relaxed,ECR,Ecru,Ready-to-Wear,Men,Dresses,Day Dresses,MVS,MV Signature,100,30,A800,MV SOHO New York,1607.59,581.81,8,2111.85,2020.12,570.71,10,2639.82,14,12,2,15,14,0
MV-43491,Women Earrings Heritage,CAM,Camel,Accessories,Women,Jewelry,Earrings,MV,Maison Voss,100,20,A800,MV SOHO New York,7601.92,2623.47,29,9417.42,5884.34,1574.58,23,7468.99,84,56,28,81,51,0
MV-59015,Unisex Baseball Caps Relaxed,TRP,Taupe,Accessories,Unisex,Hats,Baseball Caps,MV,Maison Voss,100,50,A800,MV SOHO New York,28480.27,7225.56,48,37079.33,32986.6,8344.59,52,40169.27,87,52,35,81,74,0
MV-17331,Women Key Holders Relaxed,NOI,Noir,Leather Goods,Women,Small Leather Goods,Key Holders,MVS,MV Signature,100,20,A800,MV SOHO New York,70616.55,20460.6,143,90003.86,84160.57,26587.66,154,96927.23,290,186,104,367,363,0
MV-21164,Men Shorts Relaxed,TAN,Tan,Ready-to-Wear,Men,Bottoms,Shorts,MV,Maison Voss,100,30,A800,MV SOHO New York,13842.58,5064.89,46,20127.06,16262.21,5024.53,50,21877.24,31,25,6,27,22,0
MV-85914,Women Wallets,ANT,Anthracite,Leather Goods,Women,Small Leather Goods,Wallets,MV,Maison Voss,100,70,A800,MV SOHO New York,47929.56,14233.12,83,63965.55,38669.41,12784.13,65,50093.5,173,156,17,118,96,0
MV-71953,Women Suit Trousers Relaxed,BEG,Beige,Ready-to-Wear,Women,Suits,Suit Trousers,MVS,MV Signature,100,20,A800,MV SOHO New York,230981.65,79315.0,340,306663.9,304809.01,113993.45,420,378820.11,527,443,84,769,579,0
MV-99381,Women Fedoras Signature,ECR,Ecru,Accessories,Women,Hats,Fedoras,MVS,MV Signature,100,30,A800,MV SOHO New York,1697.98,569.48,9,2382.05,1839.76,530.07,9,2382.05,13,9,4,12,8,0
MV-99381,Women Fedoras Signature,CRM,Cognac,Accessories,Women,Hats,Fedoras,MVS,MV Signature,100,20,A800,MV SOHO New York,6344.65,2311.05,22,8820.8,5178.5,1791.06,17,6816.07,39,31,8,29,23,0
MV-47196,Women Wallets,NOI,Noir,Leather Goods,Women,Small Leather Goods,Wallets,MVS,MV Signature,100,50,A800,MV SOHO New York,23888.95,6360.23,34,30894.01,23963.59,8124.41,33,29985.37,61,59,2,66,55,0
MV-89963,Women Cat Eye Luxe,BLU,Bleu Marine,Accessories,Women,Sunglasses,Cat Eye,MV,Maison Voss,100,20,A800,MV SOHO New York,7997.46,2522.85,37,11399.17,6917.55,1754.44,33,10166.83,121,87,34,91,72,0
MV-73532,Women Midi Dresses Modern,CRM,Creme,Ready-to-Wear,Women,Dresses,Midi Dresses,MVS,MV Signature,100,50,A800,MV SOHO New York,14691.44,4462.8,36,19512.79,17462.58,4868.62,43,23306.95,55,49,6,68,44,0
MV-51704,Women Fedoras Luxe,NVY,Navy,Accessories,Women,Hats,Fedoras,MV,Maison Voss,100,20,A800,MV SOHO New York,46304.18,12654.64,164,61212.79,53334.69,16820.1,197,73530.0,610,579,31,844,763,0
MV-43681,Men Low Top Luxe,IVR,Ivoire,Footwear,Men,Sneakers,Low Top,MV,Maison Voss,100,20,A800,MV SOHO New York,64028.53,23558.98,86,83461.58,44020.0,13244.03,64,62110.94,324,203,121,230,181,0
MV-60181,Women Jackets Classic,ECR,Ecru,Ready-to-Wear,Women,Outerwear,Jackets,MVS,MV Signature,100,20,A800,MV SOHO New York,24616.08,9006.86,64,32378.4,32773.46,12370.21,77,38955.26,158,121,37,211,159,0
MV-92345,Women Leather Belts Modern,ARG,Argent,Leather Goods,Women,Belts,Leather Belts,MVS,MV Signature,100,30,A800,MV SOHO New York,14307.19,5262.85,25,19935.59,11401.79,3175.18,22,17543.32,63,48,15,48,31,0
MV-23979,Women Check-In Relaxed,TRP,Taupe,Leather Goods,Women,Luggage,Check-In,MV,Maison Voss,100,70,A800,MV SOHO New York,79310.04,29609.88,119,107209.68,81253.88,27086.88,126,113516.13,238,196,42,288,275,0
MV-81364,Unisex Crossbody Bags Signature,BEG,Beige,Leather Goods,Unisex,Handbags,Crossbody Bags,MVS,MV Signature,100,50,A800,MV SOHO New York,177871.09,61894.93,214,235299.17,179071.77,56581.45,212,233100.11,561,428,133,489,405,0
MV-67104,Men Sandals Essential,BLU,Bleu Marine,Footwear,Men,Heels,Sandals,MV,Maison Voss,100,20,A800,MV SOHO New York,35869.35,12841.27,118,50145.48,31765.1,8697.8,100,42496.17,373,345,28,348,267,0
MV-16895,Women Leather Belts Slim,CAM,Camel,Leather Goods,Women,Belts,Leather Belts,MV,Maison Voss,100,20,A800,MV SOHO New York,1050.03,263.87,1,1284.15,0.0,0.0,0,0.0,1,0,1,0,0,0
MV-79329,Men Suit Trousers Classic,ROG,Rouge,Ready-to-Wear,Men,Suits,Suit Trousers,MVS,MV Signature,100,50,A800,MV SOHO New York,21529.85,6350.59,69,30181.13,22018.26,7829.68,75,32805.58,35,32,3,33,19,0
MV-92203,Men Clutches,VRT,Vert,Leather Goods,Men,Handbags,Clutches,MV,Maison Voss,100,20,A800,MV SOHO New York,1984.07,684.67,3,2711.17,1299.91,353.06,2,1807.45,7,5,2,5,4,0
MV-71474,Men Loafers Relaxed,NOI,Noir,Footwear,Men,Flats,Loafers,MV,Maison Voss,100,50,A800,MV SOHO New York,12799.13,4451.69,20,16103.88,12762.99,3702.67,22,17714.27,46,40,6,48,42,0
MV-12665,Women Suit Trousers Essential,IVR,Ivoire,Ready-to-Wear,Women,Suits,Suit Trousers,MV,Maison Voss,100,20,A800,MV SOHO New York,2373.85,618.42,4,2842.58,2464.09,794.38,4,2842.58,11,7,4,14,13,0
MV-23133,Men Trousers Essential,BEG,Beige,Ready-to-Wear,Men,Bottoms,Trousers,MV,Maison Voss,100,20,A800,MV SOHO New York,38729.91,13036.7,63,53594.85,40090.64,12175.54,69,58699.12,62,38,24,63,60,0
MV-15958,Men Pumps Heritage,NVY,Navy,Footwear,Men,Heels,Pumps,MVS,MV Signature,100,50,A800,MV SOHO New York,20868.51,6852.73,80,31209.93,21718.73,7715.36,80,31209.93,98,74,24,93,64,0
MV-92478,Women Blazers Classic,SBL,Sable,Ready-to-Wear,Women,Outerwear,Blazers,MV,Maison Voss,100,20,A800,MV SOHO New York,2122.37,691.04,8,2608.31,1717.64,491.91,6,1956.23,4,2,2,3,2,0
MV-36143,Unisex Weekender Heritage,BRG,Bordeaux,Leather Goods,Unisex,Luggage,Weekender,MVS,MV Signature,100,50,A800,MV SOHO New York,24678.08,7276.45,33,36718.57,17195.52,5837.95,23,25591.73,93,59,34,58,51,0
MV-15958,Men Pumps Heritage,ECR,Ecru,Footwear,Men,Heels,Pumps,MVS,MV Signature,100,20,A800,MV SOHO New York,26313.8,8738.2,42,38028.81,21421.72,5487.53,37,33501.57,139,126,13,112,83,0
MV-50213,Women Tops Slim,ROG,Rouge,Ready-to-Wear,Women,Tops,Tops,MV,Maison Voss,100,20,A800,MV SOHO New York,6768.63,1825.7,31,9131.6,4955.86,1786.08,24,7069.63,83,76,7,67,53,0
MV-20328,Men Clutches,BRG,Bordeaux,Leather Goods,Men,Handbags,Clutches,MVS,MV Signature,100,50,A800,MV SOHO New York,6385.39,2349.19,8,8143.84,6642.77,1724.46,8,8143.84,7,5,2,6,4,0
MV-51116,Unisex Tops Essential,CRM,Cognac,Ready-to-Wear,Unisex,Tops,Tops,MV,Maison Voss,100,20,A800,MV SOHO New York,13975.53,3744.0,37,17169.48,17853.13,6557.27,44,20417.77,40,26,14,57,51,0
MV-33703,Men Earrings Slim,GRG,Greige,Accessories,Men,Jewelry,Earrings,MVS,MV Signature,100,50,A800,MV SOHO New York,43689.05,15973.51,95,59221.48,51487.81,19277.49,106,66078.7,234,192,42,238,216,0
MV-33647,Men Coats Heritage,VRT,Vert,Ready-to-Wear,Men,Outerwear,Coats,MVS,MV Signature,100,50,A800,MV SOHO New York,2750.11,1040.31,5,3490.81,3535.19,1280.61,6,4188.97,3,2,1,4,3,0
MV-54313,Women Wallets Classic,ARG,Argent,Leather Goods,Women,Small Leather Goods,Wallets,MV,Maison Voss,100,20,A800,MV SOHO New York,2916.11,949.9,5,3903.51,3498.81,915.82,6,4684.21,8,5,3,9,6,0
MV-62034,Women Necklaces Luxe,VRT,Vert,Accessories,Women,Jewelry,Necklaces,MVS,MV Signature,100,20,A800,MV SOHO New York,7889.99,2932.37,30,10543.01,9454.54,3090.22,38,13354.48,34,31,3,51,42,0
MV-47196,Women Wallets,TAN,Tan,Leather Goods,Women,Small Leather Goods,Wallets,MVS,MV Signature,100,20,A800,MV SOHO New York,157316.18,44027.49,196,188817.29,140162.31,35666.25,182,175330.34,462,376,86,514,398,0
MV-99381,Women Fedoras Signature,NOI,Noir,Accessories,Women,Hats,Fedoras,MVS,MV Signature,100,50,A800,MV SOHO New York,13484.27,5018.53,76,18821.23,10400.62,2735.63,63,15601.81,55,33,22,53,44,0
MV-79822,Unisex Fedoras Slim,IVR,Ivoire,Accessories,Unisex,Hats,Fedoras,MV,Maison Voss,100,50,A800,MV SOHO New York,26344.52,7351.72,78,34737.57,22648.51,7942.04,62,27611.92,176,175,1,133,102,0
MV-15014,Women Bracelets Modern,NOI,Noir,Accessories,Women,Jewelry,Bracelets,MVS,MV Signature,100,20,A800,MV SOHO New York,6365.29,1997.11,31,8721.48,4663.96,1340.0,21,5908.1,109,73,36,73,57,0
MV-38183,Men Suit Trousers Essential,ECR,Ecru,Ready-to-Wear,Men,Suits,Suit Trousers,MVS,MV Signature,100,20,A800,MV SOHO New York,36146.81,9063.19,62,45685.86,32030.22,11947.77,52,38317.17,246,174,72,202,165,0
MV-44335,Women Slides Slim,BEG,Beige,Footwear,Women,Flats,Slides,MV,Maison Voss,100,20,A800,MV SOHO New York,784.51,239.85,1,1098.43,0.0,0.0,0,0.0,3,2,1,2,1,0
MV-97782,Women Leather Belts Signature,CRM,Cognac,Leather Goods,Women,Belts,Leather Belts,MV,Maison Voss,100,50,A800,MV SOHO New York,42205.48,13340.77,69,61353.07,33143.74,8495.78,53,47126.27,42,30,12,26,15,0
MV-94323,Women Round Frames Classic,NVY,Navy,Accessories,Women,Sunglasses,Round Frames,MVS,MV Signature,100,50,A800,MV SOHO New York,56218.56,14353.45,168,79418.8,62551.77,16209.92,178,84146.11,424,263,161,521,319,0
MV-38047,Women Round Frames Relaxed,VRT,Vert,Accessories,Women,Sunglasses,Round Frames,MVS,MV Signature,100,20,A800,MV SOHO New York,38952.62,11303.03,65,48011.98,34276.49,10779.92,62,45796.05,88,66,22,87,80,0
MV-16265,Women Chain Belts Signature,CRM,Creme,Leather Goods,Women,Belts,Chain Belts,MVS,MV Signature,100,30,A800,MV SOHO New York,70967.18,22334.47,142,90546.58,76470.94,24323.71,148,94372.49,142,96,46,119,85,0
MV-38760,Unisex Rings Heritage,BEG,Beige,Accessories,Unisex,Jewelry,Rings,MV,Maison Voss,100,30,A800,MV SOHO New York,38447.05,14125.02,88,55350.64,33510.39,11236.3,80,50318.76,104,77,27,87,78,0
MV-70648,Women Tops,CRM,Cognac,Ready-to-Wear,Women,Tops,Tops,MV,Maison Voss,100,20,A800,MV SOHO New York,4011.1,1328.6,8,5193.65,4550.86,1623.09,9,5842.86,5,4,1,6,3,0
MV-24316,Women Low Top Relaxed,BEG,Beige,Footwear,Women,Sneakers,Low Top,MV,Maison Voss,100,20,A800,MV SOHO New York,80268.96,26670.03,160,101158.96,68585.57,24559.18,156,98629.98,551,445,106,635,608,0
MV-71057,Women Boots,NVY,Navy,Footwear,Women,Heels,Boots,MVS,MV Signature,100,50,A800,MV SOHO New York,2659.89,1001.69,4,3855.63,1399.96,450.11,2,1927.81,9,6,3,6,5,0
MV-93746,Women Blazers Essential,NOI,Noir,Ready-to-Wear,Women,Suits,Blazers,MV,Maison Voss,100,20,A800,MV SOHO New York,23213.81,7715.65,52,29466.28,18433.1,6699.28,41,23233.03,175,154,21,121,109,0
MV-89928,Men Suit Trousers Slim,BLU,Bleu Marine,Ready-to-Wear,Men,Suits,Suit Trousers,MVS,MV Signature,100,20,A800,MV SOHO New York,6069.06,1774.24,10,8154.73,5100.63,1422.67,9,7339.25,33,21,12,33,26,0
MV-25974,Women Chain Belts,CRM,Creme,Leather Goods,Women,Belts,Chain Belts,MV,Maison Voss,100,20,A800,MV SOHO New York,910.6,311.03,1,1238.2,0.0,0.0,0,0.0,2,1,1,1,0,0
MV-70443,Women Card Holders Heritage,BLU,Bleu Marine,Leather Goods,Women,Small Leather Goods,Card Holders,MVS,MV Signature,100,20,A800,MV SOHO New York,15000.53,3815.45,37,22036.29,19163.63,6045.22,47,27992.04,115,77,38,159,96,0
MV-84531,Women Check-In Classic,ARG,Argent,Leather Goods,Women,Luggage,Check-In,MVS,MV Signature,100,20,A800,MV SOHO New York,15889.56,5541.5,24,20413.11,10730.94,3341.39,18,15309.83,90,67,23,64,60,0
MV-78955,Women Pouches Modern,NVY,Navy,Leather Goods,Women,Small Leather Goods,Pouches,MV,Maison Voss,100,20,A800,MV SOHO New York,28769.17,7546.64,45,37009.02,26717.59,9267.35,42,34541.75,72,56,16,75,55,0
MV-20543,Men Check-In Classic,TAN,Tan,Leather Goods,Men,Luggage,Check-In,MVS,MV Signature,100,70,A800,MV SOHO New York,31117.25,9086.49,59,43510.2,40357.33,13868.36,70,51622.27,164,160,4,201,124,0
MV-16839,Unisex Key Holders Luxe,GRG,Greige,Leather Goods,Unisex,Small Leather Goods,Key Holders,MVS,MV Signature,100,50,A800,MV SOHO New York,1796.24,550.12,3,2134.22,1676.2,613.67,3,2134.22,9,7,2,10,7,0
MV-64377,Women Trousers Essential,ARG,Argent,Ready-to-Wear,Women,Bottoms,Trousers,MVS,MV Signature,100,20,A800,MV SOHO New York,3357.64,1217.26,9,5086.52,3451.46,1307.03,9,5086.52,4,3,1,3,2,0
MV-68878,Men Carry-On Heritage,NVY,Navy,Leather Goods,Men,Luggage,Carry-On,MVS,MV Signature,100,50,A800,MV SOHO New York,25290.74,7996.65,56,34195.29,28846.07,8817.74,62,37859.07,76,64,12,93,89,0
MV-53228,Women Shoulder Bags Essential,IVR,Ivoire,Leather Goods,Women,Handbags,Shoulder Bags,MV,Maison Voss,100,20,A800,MV SOHO New York,13457.21,5064.0,29,17453.2,13388.29,3972.89,29,17453.2,42,30,12,35,22,0
MV-52487,Men Mini Bags Luxe,ECR,Ecru,Leather Goods,Men,Handbags,Mini Bags,MV,Maison Voss,100,50,A800,MV SOHO New York,86500.24,21710.03,90,125319.62,94813.47,31589.83,97,135066.71,298,293,5,386,345,0
MV-51116,Unisex Tops Essential,CAM,Camel,Ready-to-Wear,Unisex,Tops,Tops,MV,Maison Voss,100,20,A800,MV SOHO New York,26258.39,9738.12,72,36276.33,28186.99,8920.12,82,41314.7,195,162,33,220,196,0
MV-23133,Men Trousers Essential,ANT,Anthracite,Ready-to-Wear,Men,Bottoms,Trousers,MV,Maison Voss,100,20,A800,MV SOHO New York,75576.69,25619.66,128,107269.69,87533.46,25804.04,166,139115.38,509,401,108,729,656,0
MV-30866,Women Loafers Modern,BRG,Bordeaux,Footwear,Women,Flats,Loafers,MVS,MV Signature,100,20,A800,MV SOHO New York,21324.97,5827.07,81,32082.56,18177.09,5895.71,65,25745.26,120,109,11,105,70,0
MV-82199,Men Shorts Classic,BLU,Bleu Marine,Ready-to-Wear,Men,Bottoms,Shorts,MVS,MV Signature,100,20,A800,MV SOHO New York,22215.25,6560.33,38,25396.79,26149.41,8866.65,48,32080.16,52,46,6,76,56,0
MV-54185,Men Trousers Heritage,ECR,Ecru,Ready-to-Wear,Men,Bottoms,Trousers,MVS,MV Signature,100,20,A800,MV SOHO New York,16403.69,6068.04,77,21810.9,13022.19,3660.21,61,17278.76,108,64,44,99,73,0
MV-20745,Unisex Mini Bags Essential,BLU,Bleu Marine,Leather Goods,Unisex,Handbags,Mini Bags,MVS,MV Signature,100,20,A800,MV SOHO New York,22200.6,6423.95,22,27589.9,16601.09,5471.86,17,21319.47,34,26,8,30,24,0
MV-42087,Men Slides Slim,IVR,Ivoire,Footwear,Men,Flats,Slides,MV,Maison Voss,100,20,A800,MV SOHO New York,7051.53,1847.57,25,9714.37,7116.9,1915.93,25,9714.37,77,57,20,77,51,0
MV-69692,Women Suit Sets Essential,BEG,Beige,Ready-to-Wear,Women,Suits,Suit Sets,MVS,MV Signature,100,20,A800,MV SOHO New York,46560.25,11945.97,107,62165.36,60192.16,20369.68,136,79013.92,362,353,9,401,243,0
MV-30730,Men High Top Luxe,BRG,Bordeaux,Footwear,Men,Sneakers,High Top,MV,Maison Voss,100,50,A800,MV SOHO New York,22032.89,6845.35,40,27006.95,21830.69,7941.26,42,28357.3,49,33,16,49,34,0
MV-40005,Men Silk Scarves Classic,BEG,Beige,Accessories,Men,Scarves,Silk Scarves,MVS,MV Signature,100,20,A800,MV SOHO New York,20822.97,7288.74,110,26204.6,21201.8,5949.86,126,30016.18,134,128,6,142,87,0
MV-69634,Women Day Dresses Signature,TAN,Tan,Ready-to-Wear,Women,Dresses,Day Dresses,MVS,MV Signature,100,50,A800,MV SOHO New York,58630.97,16483.54,119,77661.99,48530.86,17515.78,89,58083.33,354,333,21,284,196,0
MV-40595,Women Day Dresses Heritage,GRG,Greige,Ready-to-Wear,Women,Dresses,Day Dresses,MVS,MV Signature,100,20,A800,MV SOHO New York,90179.1,34089.07,134,107534.13,81446.45,30643.6,126,101114.18,312,232,80,274,172,0
MV-79822,Unisex Fedoras Slim,NOI,Noir,Accessories,Unisex,Hats,Fedoras,MV,Maison Voss,100,20,A800,MV SOHO New York,55595.61,20367.92,171,72016.76,61941.44,18319.76,214,90126.24,542,347,195,545,395,0
MV-46655,Women Cat Eye Heritage,ARG,Argent,Accessories,Women,Sunglasses,Cat Eye,MV,Maison Voss,100,20,A800,MV SOHO New York,12119.92,3124.73,38,18358.22,12415.49,4502.1,36,17391.99,137,98,39,134,114,0
MV-89928,Men Suit Trousers Slim,CHP,Champagne,Ready-to-Wear,Men,Suits,Suit Trousers,MVS,MV Signature,100,20,A800,MV SOHO New York,13426.38,4611.66,26,16574.51,17105.36,6258.12,31,19761.91,25,18,7,24,14,0
MV-26704,Men Pouches Classic,IVR,Ivoire,Leather Goods,Men,Small Leather Goods,Pouches,MVS,MV Signature,100,30,A800,MV SOHO New York,45097.4,16126.94,60,55296.55,52675.64,19394.81,77,70963.91,120,74,46,135,117,0
MV-65444,Women Berets,CAM,Camel,Accessories,Women,Hats,Berets,MVS,MV Signature,100,50,A800,MV SOHO New York,16728.41,4212.52,32,21935.23,15828.75,4114.12,29,19878.8,23,22,1,22,19,0
MV-68529,Men Ankle Boots,SBL,Sable,Footwear,Men,Boots,Ankle Boots,MVS,MV Signature,100,20,A800,MV SOHO New York,15226.26,5289.2,63,18302.2,16337.65,5869.62,69,20045.27,127,80,47,141,97,0
MV-26912,Men Suit Sets Essential,BLU,Bleu Marine,Ready-to-Wear,Men,Suits,Suit Sets,MVS,MV Signature,100,50,A800,MV SOHO New York,47506.18,14080.27,84,63225.13,37056.37,12807.44,62,46666.17,61,50,11,51,41,0
MV-59009,Women Earrings Slim,BRG,Bordeaux,Accessories,Women,Jewelry,Earrings,MVS,MV Signature,100,20,A800,MV SOHO New York,41403.2,13964.95,80,50105.92,28227.7,9071.07,56,35074.15,139,119,20,80,66,0
MV-62296,Unisex Bracelets Signature,TRP,Taupe,Accessories,Unisex,Jewelry,Bracelets,MVS,MV Signature,100,20,A800,MV SOHO New York,16689.41,5077.21,32,24603.96,18442.45,5641.81,32,24603.96,53,32,21,50,31,0
MV-85914,Women Wallets,BLU,Bleu Marine,Leather Goods,Women,Small Leather Goods,Wallets,MV,Maison Voss,100,70,A800,MV SOHO New York,4632.63,1301.86,12,6604.81,4856.32,1370.06,12,6604.81,46,41,5,46,41,0
MV-95191,Women Coats Signature,BRG,Bordeaux,Ready-to-Wear,Women,Outerwear,Coats,MV,Maison Voss,100,20,A800,MV SOHO New York,17771.78,6661.52,38,25609.66,19988.38,5765.44,44,29653.3,119,115,4,165,143,0
MV-68929,Women Crossbody Bags Relaxed,BLU,Bleu Marine,Leather Goods,Women,Handbags,Crossbody Bags,MV,Maison Voss,100,20,A800,MV SOHO New York,6079.22,2097.78,10,7615.52,5607.46,1954.07,10,7615.52,30,18,12,28,17,0
MV-60052,Unisex Evening Dresses,ARG,Argent,Ready-to-Wear,Unisex,Dresses,Evening Dresses,MVS,MV Signature,100,30,A800,MV SOHO New York,87484.04,29250.33,152,114170.68,78168.43,24778.96,143,107410.57,508,372,136,395,368,0
MV-44959,Women Blazers Modern,ROG,Rouge,Ready-to-Wear,Women,Outerwear,Blazers,MVS,MV Signature,100,50,A800,MV SOHO New York,14527.57,5352.97,29,18999.83,10324.47,3207.41,20,13103.33,31,19,12,18,12,0
MV-76249,Men Clutches Luxe,RSE,Rose Poudre,Leather Goods,Men,Handbags,Clutches,MV,Maison Voss,100,20,A800,MV SOHO New York,9221.47,2606.77,11,12410.38,10056.95,3448.06,12,13538.6,6,5,1,6,4,0
MV-96761,Men Jackets Essential,ROG,Rouge,Ready-to-Wear,Men,Outerwear,Jackets,MVS,MV Signature,100,50,A800,MV SOHO New York,665.32,207.75,1,849.7,0.0,0.0,0,0.0,2,1,1,2,1,0
MV-59308,Men Knitwear Essential,BLU,Bleu Marine,Ready-to-Wear,Men,Tops,Knitwear,MVS,MV Signature,100,20,A800,MV SOHO New York,39822.02,10721.58,71,53839.27,44116.39,14231.19,85,64455.46,170,115,55,207,141,0
MV-47196,Women Wallets,CAM,Camel,Leather Goods,Women,Small Leather Goods,Wallets,MVS,MV Signature,100,20,A800,MV SOHO New York,67786.38,19644.34,69,93935.85,70802.24,23047.0,76,103465.57,221,142,79,197,149,0
MV-30730,Men High Top Luxe,ECR,Ecru,Footwear,Men,Sneakers,High Top,MV,Maison Voss,100,20,A800,MV SOHO New York,13350.06,4307.52,28,16596.83,16116.56,4136.66,35,20746.03,79,50,29,86,67,0
MV-12260,Men Knee High Modern,NVY,Navy,Footwear,Men,Boots,Knee High,MVS,MV Signature,100,20,A800,MV SOHO New York,1489.97,447.16,5,2152.85,1450.19,413.0,5,2152.85,13,12,1,13,11,0
MV-82924,Women Low Top Classic,BLU,Bleu Marine,Footwear,Women,Sneakers,Low Top,MV,Maison Voss,100,20,A800,MV SOHO New York,28715.14,9785.09,36,39541.57,23431.64,8444.87,32,35148.06,23,19,4,25,16,0
MV-48177,Women Card Holders Essential,SBL,Sable,Leather Goods,Women,Small Leather Goods,Card Holders,MV,Maison Voss,100,50,A800,MV SOHO New York,24807.41,7020.86,25,33983.77,18467.75,6560.82,21,28546.37,55,48,7,47,34,0
MV-62196,Women Blazers,ANT,Anthracite,Ready-to-Wear,Women,Outerwear,Blazers,MV,Maison Voss,100,20,A800,MV SOHO New York,46871.08,15470.95,78,62925.7,47544.85,15445.9,76,61312.22,152,123,29,154,114,0
MV-18799,Women Jeans Modern,IVR,Ivoire,Ready-to-Wear,Women,Bottoms,Jeans,MV,Maison Voss,100,70,A800,MV SOHO New York,22528.78,8354.35,64,29411.56,19835.59,6669.36,62,28492.45,205,143,62,186,126,0
MV-99224,Men Day Dresses Relaxed,IVR,Ivoire,Ready-to-Wear,Men,Dresses,Day Dresses,MVS,MV Signature,100,20,A800,MV SOHO New York,18773.63,5409.32,31,25205.53,24098.71,6367.74,38,30897.11,88,86,2,102,86,0
MV-30730,Men High Top Luxe,RSE,Rose Poudre,Footwear,Men,Sneakers,High Top,MV,Maison Voss,100,50,A800,MV SOHO New York,3875.02,1222.07,16,5316.57,4820.65,1702.12,19,6313.43,33,25,8,34,30,0
MV-45986,Women Chain Belts Classic,CRM,Cognac,Leather Goods,Women,Belts,Chain Belts,MV,Maison Voss,100,30,A800,MV SOHO New York,180680.57,46817.73,305,241858.73,141409.29,35941.5,246,195072.94,726,531,195,703,679,0
MV-47196,Women Wallets,ARG,Argent,Leather Goods,Women,Small Leather Goods,Wallets,MVS,MV Signature,100,20,A800,MV SOHO New York,43042.48,13833.77,41,59922.61,40199.74,10398.38,38,55538.03,159,148,11,153,99,0
MV-28714,Men Trousers Luxe,ANT,Anthracite,Ready-to-Wear,Men,Bottoms,Trousers,MV,Maison Voss,100,50,A800,MV SOHO New York,40972.2,13318.78,80,55563.29,36712.03,12393.62,80,55563.29,57,54,3,46,37,0
MV-30644,Men Chain Belts Slim,GRG,Greige,Leather Goods,Men,Belts,Chain Belts,MV,Maison Voss,100,50,A800,MV SOHO New York,5874.08,2013.19,10,8208.16,5845.54,1508.28,11,9028.98,32,21,11,43,29,0
MV-49618,Men Square Frames Classic,ROG,Rouge,Accessories,Men,Sunglasses,Square Frames,MV,Maison Voss,100,20,A800,MV SOHO New York,19343.76,6400.71,45,27038.43,13154.29,3725.41,32,19227.32,108,104,4,64,57,0
MV-68529,Men Ankle Boots,NOI,Noir,Footwear,Men,Boots,Ankle Boots,MVS,MV Signature,100,20,A800,MV SOHO New York,655.15,184.1,1,841.66,603.42,218.43,1,841.66,0,0,0,0,0,0
MV-67961,Men Wool Scarves Heritage,CHP,Champagne,Accessories,Men,Scarves,Wool Scarves,MV,Maison Voss,100,50,A800,MV SOHO New York,21395.62,6911.56,48,25901.57,18319.73,6155.87,45,24282.73,79,72,7,64,62,0
MV-19869,Women Wool Scarves Slim,RSE,Rose Poudre,Accessories,Women,Scarves,Wool Scarves,MVS,MV Signature,100,20,A800,MV SOHO New York,98732.42,29494.18,229,129179.11,125780.12,44476.49,273,153999.55,629,527,102,807,746,0
MV-28776,Women Sandals Essential,ARG,Argent,Footwear,Women,Heels,Sandals,MV,Maison Voss,100,30,A800,MV SOHO New York,25570.25,9170.91,33,35465.15,23049.13,8268.21,31,33315.75,97,94,3,111,77,0
MV-96341,Women Card Holders Signature,ANT,Anthracite,Leather Goods,Women,Small Leather Goods,Card Holders,MVS,MV Signature,100,70,A800,MV SOHO New York,2128.73,571.72,2,2865.45,1065.97,356.23,1,1432.73,5,4,1,4,3,0
MV-65296,Women Ankle Boots Slim,GRG,Greige,Footwear,Women,Boots,Ankle Boots,MV,Maison Voss,100,30,A800,MV SOHO New York,639.86,178.63,2,866.08,638.0,161.16,2,866.08,1,0,1,1,0,0
MV-35203,Men Blazers Modern,CRM,Creme,Ready-to-Wear,Men,Outerwear,Blazers,MVS,MV Signature,100,20,A800,MV SOHO New York,7853.28,2322.81,33,11308.33,7445.58,2326.29,31,10622.97,131,101,30,148,140,0
MV-18799,Women Jeans Modern,CRM,Cognac,Ready-to-Wear,Women,Bottoms,Jeans,MV,Maison Voss,100,70,A800,MV SOHO New York,6381.33,1603.02,12,8653.72,6573.43,2389.67,11,7932.58,37,24,13,38,25,0
MV-40005,Men Silk Scarves Classic,SBL,Sable,Accessories,Men,Scarves,Silk Scarves,MVS,MV Signature,100,70,A800,MV SOHO New York,452.58,137.1,1,590.51,509.91,153.84,1,590.51,3,2,1,3,1,0
MV-22833,Women Midi Dresses Classic,TRP,Taupe,Ready-to-Wear,Women,Dresses,Midi Dresses,MVS,MV Signature,100,20,A800,MV SOHO New York,61868.75,19571.3,97,82583.77,74823.56,28390.26,125,106422.38,141,111,30,169,105,0
MV-72722,Women Midi Dresses Slim,TAN,Tan,Ready-to-Wear,Women,Dresses,Midi Dresses,MVS,MV Signature,100,20,A800,MV SOHO New York,17641.74,5409.99,42,24722.08,14149.06,3576.71,33,19424.49,122,78,44,105,92,0
MV-27139,Men Jackets Signature,CRM,Creme,Ready-to-Wear,Men,Outerwear,Jackets,MVS,MV Signature,100,50,A800,MV SOHO New York,5970.25,2261.48,23,8943.75,5303.62,1482.03,19,7388.31,81,53,28,75,46,0
MV-16175,Unisex Day Dresses Modern,ARG,Argent,Ready-to-Wear,Unisex,Dresses,Day Dresses,MV,Maison Voss,100,20,A800,MV SOHO New York,59723.52,19860.47,158,90647.07,51591.44,14760.47,137,78599.04,425,365,60,398,304,0
MV-43586,Women Jeans Signature,CRM,Cognac,Ready-to-Wear,Women,Bottoms,Jeans,MV,Maison Voss,100,20,A800,MV SOHO New York,2779.92,721.46,8,3823.06,3429.07,1102.51,10,4778.82,4,3,1,4,3,0
MV-42087,Men Slides Slim,ROG,Rouge,Footwear,Men,Flats,Slides,MV,Maison Voss,100,20,A800,MV SOHO New York,88299.07,31915.12,215,112279.36,72804.78,25367.88,165,86167.88,794,654,140,561,411,0
MV-44335,Women Slides Slim,TRP,Taupe,Footwear,Women,Flats,Slides,MV,Maison Voss,100,20,A800,MV SOHO New York,7696.89,2289.84,26,9020.88,6838.48,2152.1,25,8673.93,46,45,1,46,34,0
MV-59009,Women Earrings Slim,BEG,Beige,Accessories,Women,Jewelry,Earrings,MVS,MV Signature,100,20,A800,MV SOHO New York,55778.85,20676.67,151,81087.25,47160.36,15386.93,131,70347.22,518,511,7,460,355,0
MV-12128,Women Cat Eye Signature,BRG,Bordeaux,Accessories,Women,Sunglasses,Cat Eye,MV,Maison Voss,100,70,A800,MV SOHO New York,19026.47,4818.34,63,24972.64,14391.92,4314.32,49,19423.16,72,62,10,46,29,0
MV-79924,Unisex Blazers Modern,CRM,Cognac,Ready-to-Wear,Unisex,Outerwear,Blazers,MV,Maison Voss,100,50,A800,MV SOHO New York,48815.74,15510.11,120,69606.65,35717.54,11659.46,89,51624.93,151,141,10,97,89,0
MV-28714,Men Trousers Luxe,RSE,Rose Poudre,Ready-to-Wear,Men,Bottoms,Trousers,MV,Maison Voss,100,50,A800,MV SOHO New York,82911.5,31437.22,285,123413.24,80930.97,24684.3,290,125578.38,301,204,97,278,251,0
MV-76237,Women Skirts Classic,IVR,Ivoire,Ready-to-Wear,Women,Bottoms,Skirts,MV,Maison Voss,100,20,A800,MV SOHO New York,8730.13,2563.17,23,10844.0,10535.97,2841.04,29,13672.86,22,20,2,31,29,0
MV-85914,Women Wallets,CHP,Champagne,Leather Goods,Women,Small Leather Goods,Wallets,MV,Maison Voss,100,20,A800,MV SOHO New York,178446.47,47120.26,224,227291.85,240983.84,78505.7,289,293247.07,459,388,71,602,371,0
MV-65851,Women Midi Dresses Slim,BEG,Beige,Ready-to-Wear,Women,Dresses,Midi Dresses,MV,Maison Voss,100,30,A800,MV SOHO New York,23222.96,7816.46,34,28496.17,20398.11,7532.02,32,26819.92,94,87,7,104,96,0
MV-67637,Men Midi Dresses Essential,IVR,Ivoire,Ready-to-Wear,Men,Dresses,Midi Dresses,MV,Maison Voss,100,20,A800,MV SOHO New York,14302.91,3609.41,33,20018.36,11915.77,3776.68,28,16985.28,109,91,18,74,69,0
MV-38047,Women Round Frames Relaxed,ROG,Rouge,Accessories,Women,Sunglasses,Round Frames,MVS,MV Signature,100,20,A800,MV SOHO New York,6185.96,2345.81,28,7293.11,4503.12,1449.43,23,5990.77,86,75,11,82,60,0
MV-99181,Women Blazers Modern,BLU,Bleu Marine,Ready-to-Wear,Women,Outerwear,Blazers,MVS,MV Signature,100,20,A800,MV SOHO New York,27365.42,6976.67,53,36631.88,29576.03,8102.92,58,40087.72,46,31,15,41,31,0
MV-62196,Women Blazers,ARG,Argent,Ready-to-Wear,Women,Outerwear,Blazers,MV,Maison Voss,100,30,A800,MV SOHO New York,4097.28,1493.1,11,6086.72,5895.54,2168.05,14,7746.73,42,39,3,59,38,0
MV-80798,Men Chain Belts Modern,GRG,Greige,Leather Goods,Men,Belts,Chain Belts,MV,Maison Voss,100,20,A800,MV SOHO New York,47672.68,12901.66,55,63561.16,46684.82,14444.98,57,65872.48,183,155,28,214,195,0
MV-78614,Women Trousers Signature,RSE,Rose Poudre,Ready-to-Wear,Women,Bottoms,Trousers,MV,Maison Voss,100,30,A800,MV SOHO New York,26919.01,8754.98,53,35631.4,18450.18,4613.71,39,26219.33,68,60,8,45,34,0
MV-26074,Women Fedoras Slim,ARG,Argent,Accessories,Women,Hats,Fedoras,MVS,MV Signature,100,70,A800,MV SOHO New York,32630.37,10240.26,99,43856.72,38025.2,13760.59,121,53602.66,227,144,83,224,222,0
MV-20336,Men Blazers Heritage,SBL,Sable,Ready-to-Wear,Men,Suits,Blazers,MV,Maison Voss,100,20,A800,MV SOHO New York,26116.65,8733.46,123,32308.4,25133.05,7583.44,123,32308.4,212,172,40,181,161,0
MV-76249,Men Clutches Luxe,CRM,Cognac,Leather Goods,Men,Handbags,Clutches,MV,Maison Voss,100,50,A800,MV SOHO New York,18211.76,6911.41,40,25027.2,18309.98,6941.65,46,28781.28,145,143,2,171,136,0
MV-33703,Men Earrings Slim,RSE,Rose Poudre,Accessories,Men,Jewelry,Earrings,MVS,MV Signature,100,20,A800,MV SOHO New York,6116.77,2196.97,24,7226.34,4544.3,1596.44,19,5720.85,53,38,15,42,33,0
MV-94675,Women Trousers Essential,NOI,Noir,Ready-to-Wear,Women,Bottoms,Trousers,MVS,MV Signature,100,50,A800,MV SOHO New York,12619.68,3514.61,20,15190.74,8820.0,2516.07,16,12152.59,67,47,20,48,41,0
MV-36318,Women Ankle Boots Slim,ROG,Rouge,Footwear,Women,Boots,Ankle Boots,MV,Maison Voss,100,20,A800,MV SOHO New York,7511.87,2252.06,14,11121.57,5473.66,1639.45,10,7943.98,16,11,5,14,10,0
MV-62772,Men Tote Bags Signature,CAM,Camel,Leather Goods,Men,Handbags,Tote Bags,MV,Maison Voss,100,70,A800,MV SOHO New York,2555.79,696.77,4,3158.96,1750.14,514.99,3,2369.22,14,9,5,10,8,0
MV-84341,Men Sandals Signature,TRP,Taupe,Footwear,Men,Heels,Sandals,MV,Maison Voss,100,70,A800,MV SOHO New York,17127.45,4640.34,28,22019.73,18870.35,7077.27,29,22806.15,104,97,7,92,74,0
MV-67637,Men Midi Dresses Essential,NVY,Navy,Ready-to-Wear,Men,Dresses,Midi Dresses,MV,Maison Voss,100,50,A800,MV SOHO New York,8666.86,3144.17,21,12325.24,6166.48,1555.83,15,8803.74,65,56,9,47,33,0
MV-79924,Unisex Blazers Modern,BLU,Bleu Marine,Ready-to-Wear,Unisex,Outerwear,Blazers,MV,Maison Voss,100,50,A800,MV SOHO New York,124225.13,35040.44,234,152521.0,148795.02,38615.14,303,197495.14,725,489,236,841,740,0
MV-83975,Unisex Baseball Caps Classic,ROG,Rouge,Accessories,Unisex,Hats,Baseball Caps,MVS,MV Signature,100,20,A800,MV SOHO New York,25967.58,7925.09,56,33686.52,22620.84,7536.47,54,32483.43,216,151,65,210,179,0
MV-68138,Women Tops Modern,CRM,Creme,Ready-to-Wear,Women,Tops,Tops,MV,Maison Voss,100,50,A800,MV SOHO New York,6304.36,1781.25,29,9060.0,4545.71,1574.72,21,6560.69,100,66,34,59,37,0
MV-38760,Unisex Rings Heritage,BEG,Beige,Accessories,Unisex,Jewelry,Rings,MV,Maison Voss,100,20,A800,MV SOHO New York,28860.86,10716.48,59,39729.6,30294.34,11245.71,67,45116.67,58,42,16,69,67,0
MV-68138,Women Tops Modern,CAM,Camel,Ready-to-Wear,Women,Tops,Tops,MV,Maison Voss,100,20,A800,MV SOHO New York,2428.79,751.24,10,3468.95,2056.72,611.0,9,3122.06,28,17,11,33,28,0
MV-62521,Women Silk Scarves Luxe,ROG,Rouge,Accessories,Women,Scarves,Silk Scarves,MVS,MV Signature,100,20,A800,MV SOHO New York,12400.56,4704.61,40,15507.82,15240.9,4260.53,50,19384.78,72,58,14,93,70,0
MV-90209,Men Suit Sets Modern,BEG,Beige,Ready-to-Wear,Men,Suits,Suit Sets,MV,Maison Voss,100,20,A800,MV SOHO New York,41071.53,14517.01,67,56644.16,33223.86,9538.47,53,44808.07,111,97,14,96,80,0
MV-46421,Women Knee High Slim,BEG,Beige,Footwear,Women,Boots,Knee High,MVS,MV Signature,100,20,A800,MV SOHO New York,28959.57,8682.99,46,39484.32,22380.13,7636.17,40,34334.19,139,96,43,127,102,0
MV-47243,Men Boots Heritage,BLU,Bleu Marine,Footwear,Men,Heels,Boots,MV,Maison Voss,100,20,A800,MV SOHO New York,20594.93,7430.29,35,25961.82,25883.84,8869.08,44,32637.72,103,81,22,156,119,0
MV-15958,Men Pumps Heritage,CHP,Champagne,Footwear,Men,Heels,Pumps,MVS,MV Signature,100,30,A800,MV SOHO New York,191332.16,58640.89,351,260712.07,189210.14,64953.06,355,263683.15,1092,689,403,983,815,0
MV-69473,Women Chain Belts Heritage,SBL,Sable,Leather Goods,Women,Belts,Chain Belts,MVS,MV Signature,100,50,A800,MV SOHO New York,128323.02,33995.28,146,170741.98,169726.87,54793.9,170,198809.16,455,304,151,629,460,0
MV-92478,Women Blazers Classic,CRM,Creme,Ready-to-Wear,Women,Outerwear,Blazers,MV,Maison Voss,100,20,A800,MV SOHO New York,21299.96,5869.66,67,26906.72,20727.32,7648.08,66,26505.13,170,162,8,158,143,0
MV-43681,Men Low Top Luxe,CRM,Cognac,Footwear,Men,Sneakers,Low Top,MV,Maison Voss,100,70,A800,MV SOHO New York,43973.5,14604.31,58,59005.02,45043.8,16004.59,60,61039.68,190,115,75,201,172,0
MV-82199,Men Shorts Classic,NOI,Noir,Ready-to-Wear,Men,Bottoms,Shorts,MVS,MV Signature,100,50,A800,MV SOHO New York,14955.6,3851.1,66,19077.99,14841.83,4062.01,66,19077.99,52,41,11,53,34,0
MV-20745,Unisex Mini Bags Essential,CRM,Cognac,Leather Goods,Unisex,Handbags,Mini Bags,MVS,MV Signature,100,50,A800,MV SOHO New York,12913.2,4354.2,15,18045.17,13052.38,4628.29,14,16842.16,42,25,17,42,35,0
MV-24316,Women Low Top Relaxed,TRP,Taupe,Footwear,Women,Sneakers,Low Top,MV,Maison Voss,100,20,A800,MV SOHO New York,16652.18,6110.93,34,21444.1,14104.39,4063.33,26,16398.43,133,116,17,124,95,0
MV-49139,Men Wool Scarves Essential,CAM,Camel,Accessories,Men,Scarves,Wool Scarves,MV,Maison Voss,100,30,A800,MV SOHO New York,1110.8,295.65,2,1322.7,488.49,151.64,1,661.35,6,3,3,4,3,0
MV-53228,Women Shoulder Bags Essential,RSE,Rose Poudre,Leather Goods,Women,Handbags,Shoulder Bags,MV,Maison Voss,100,20,A800,MV SOHO New York,45697.51,15463.12,44,58794.84,59344.84,18675.93,55,73493.55,54,51,3,76,49,0
MV-82910,Men Shirts Signature,ECR,Ecru,Ready-to-Wear,Men,Tops,Shirts,MV,Maison Voss,100,20,A800,MV SOHO New York,21620.67,7064.29,54,27557.59,25879.84,8486.12,59,30109.22,75,59,16,81,68,0
MV-47196,Women Wallets,BRG,Bordeaux,Leather Goods,Women,Small Leather Goods,Wallets,MVS,MV Signature,100,50,A800,MV SOHO New York,5386.93,1371.4,17,7407.41,3799.72,1366.03,12,5228.76,67,50,17,54,41,0
MV-66349,Women Crossbody Bags Modern,ANT,Anthracite,Leather Goods,Women,Handbags,Crossbody Bags,MV,Maison Voss,100,50,A800,MV SOHO New York,120787.2,32076.48,229,143541.18,128298.14,47681.39,276,173001.6,346,239,107,399,319,0
MV-53064,Men Skirts Slim,BLU,Bleu Marine,Ready-to-Wear,Men,Bottoms,Skirts,MV,Maison Voss,100,50,A800,MV SOHO New York,87630.01,31562.9,165,113364.77,88625.02,28755.88,149,102371.82,495,471,24,418,325,0
MV-26912,Men Suit Sets Essential,IVR,Ivoire,Ready-to-Wear,Men,Suits,Suit Sets,MVS,MV Signature,100,20,A800,MV SOHO New York,30703.68,10315.03,88,35992.0,39964.77,10904.85,112,45808.0,256,220,36,301,236,0
MV-76263,Women High Top Essential,IVR,Ivoire,Footwear,Women,Sneakers,High Top,MV,Maison Voss,100,20,A800,MV SOHO New York,32433.58,8480.14,52,47006.82,44553.55,14667.97,66,59662.51,142,119,23,192,166,0
MV-44718,Women Day Dresses Slim,BLU,Bleu Marine,Ready-to-Wear,Women,Dresses,Day Dresses,MVS,MV Signature,100,20,A800,MV SOHO New York,64934.96,18750.28,140,81256.17,81293.94,22679.83,178,103311.41,495,304,191,586,499,0
MV-86556,Women Evening Dresses Classic,ECR,Ecru,Ready-to-Wear,Women,Dresses,Evening Dresses,MV,Maison Voss,100,20,A800,MV SOHO New York,6177.02,1660.77,9,7632.65,3813.69,1412.31,6,5088.44,29,18,11,22,16,0
MV-59308,Men Knitwear Essential,CRM,Creme,Ready-to-Wear,Men,Tops,Knitwear,MVS,MV Signature,100,20,A800,MV SOHO New York,44928.16,16319.81,107,60942.53,57572.68,20674.69,136,77459.67,241,153,88,337,251,0
MV-44099,Women Trousers Essential,VRT,Vert,Ready-to-Wear,Women,Bottoms,Trousers,MVS,MV Signature,100,50,A800,MV SOHO New York,4795.77,1458.06,9,6219.87,4476.01,1660.74,9,6219.87,19,16,3,17,15,0
MV-70258,Men Platform Slim,ECR,Ecru,Footwear,Men,Sneakers,Platform,MV,Maison Voss,100,30,A800,MV SOHO New York,56535.12,17932.25,109,77469.89,55898.54,18224.05,106,75337.69,348,274,74,407,357,0
MV-70648,Women Tops,SBL,Sable,Ready-to-Wear,Women,Tops,Tops,MV,Maison Voss,100,20,A800,MV SOHO New York,12633.7,4508.61,22,17737.69,10015.23,3126.49,19,15318.92,14,9,5,11,10,0
MV-67961,Men Wool Scarves Heritage,GRG,Greige,Accessories,Men,Scarves,Wool Scarves,MV,Maison Voss,100,20,A800,MV SOHO New York,32665.85,8831.49,144,42032.73,25321.46,7152.37,117,34151.59,453,424,29,338,251,0
MV-50768,Men Knitwear Modern,ANT,Anthracite,Ready-to-Wear,Men,Tops,Knitwear,MVS,MV Signature,100,20,A800,MV SOHO New York,47897.26,15997.65,198,66303.53,37614.13,9712.2,146,48890.48,508,466,42,414,326,0
MV-78494,Men Suit Sets Essential,TRP,Taupe,Ready-to-Wear,Men,Suits,Suit Sets,MVS,MV Signature,100,20,A800,MV SOHO New York,5207.07,1671.9,11,6541.02,5333.54,1719.15,12,7135.65,31,29,2,40,27,0
MV-89963,Women Cat Eye Luxe,CAM,Camel,Accessories,Women,Sunglasses,Cat Eye,MV,Maison Voss,100,50,A800,MV SOHO New York,17875.43,5298.03,42,24296.56,14269.05,3833.86,33,19090.15,146,118,28,117,87,0
MV-99173,Women Card Holders Modern,VRT,Vert,Leather Goods,Women,Small Leather Goods,Card Holders,MV,Maison Voss,100,20,A800,MV SOHO New York,288623.81,97077.04,273,376485.28,238619.21,86037.51,240,330976.07,613,468,145,577,420,0
MV-14852,Men Loafers Slim,CHP,Champagne,Footwear,Men,Flats,Loafers,MV,Maison Voss,100,50,A800,MV SOHO New York,35371.88,11374.95,45,42804.31,35559.48,10523.65,51,48511.56,130,105,25,123,100,0
MV-68529,Men Ankle Boots,ECR,Ecru,Footwear,Men,Boots,Ankle Boots,MVS,MV Signature,100,20,A800,MV SOHO New York,52500.16,16830.59,137,79028.75,51657.54,17282.87,124,71529.67,221,133,88,161,154,0
MV-13761,Women Evening Dresses Luxe,BEG,Beige,Ready-to-Wear,Women,Dresses,Evening Dresses,MVS,MV Signature,100,50,A800,MV SOHO New York,37785.91,11584.46,61,47714.19,33761.24,11022.21,60,46932.0,125,115,10,135,132,0
MV-80282,Unisex Baseball Caps Signature,IVR,Ivoire,Accessories,Unisex,Hats,Baseball Caps,MV,Maison Voss,100,20,A800,MV SOHO New York,10533.37,2953.73,32,14556.33,10557.26,3760.93,29,13191.67,65,58,7,58,40,0
MV-72722,Women Midi Dresses Slim,ANT,Anthracite,Ready-to-Wear,Women,Dresses,Midi Dresses,MVS,MV Signature,100,30,A800,MV SOHO New York,14307.19,3893.49,23,17392.76,18523.7,4906.51,28,21173.79,85,62,23,90,71,0
MV-81364,Unisex Crossbody Bags Signature,VRT,Vert,Leather Goods,Unisex,Handbags,Crossbody Bags,MVS,MV Signature,100,20,A800,MV SOHO New York,11446.78,3033.28,15,15116.72,16589.79,4772.43,19,19147.84,24,20,4,27,17,0
MV-14705,Men Baseball Caps Modern,ARG,Argent,Accessories,Men,Hats,Baseball Caps,MVS,MV Signature,100,20,A800,MV SOHO New York,35722.08,10580.96,98,52759.12,34865.94,11379.36,101,54374.19,203,201,2,203,123,0
MV-12665,Women Suit Trousers Essential,BEG,Beige,Ready-to-Wear,Women,Suits,Suit Trousers,MV,Maison Voss,100,50,A800,MV SOHO New York,20510.85,6420.09,33,28760.33,23816.63,8185.55,35,30503.38,61,45,16,67,57,0
MV-28776,Women Sandals Essential,ROG,Rouge,Footwear,Women,Heels,Sandals,MV,Maison Voss,100,20,A800,MV SOHO New York,24261.84,8130.03,49,30374.52,26392.73,7840.93,56,34713.74,44,28,16,53,43,0
MV-74866,Women Wool Scarves Luxe,RSE,Rose Poudre,Accessories,Women,Scarves,Wool Scarves,MV,Maison Voss,100,20,A800,MV SOHO New York,24859.06,8039.01,46,32216.22,20665.95,5653.0,42,29414.81,100,79,21,92,63,0
MV-68493,Women Chain Belts Relaxed,BRG,Bordeaux,Leather Goods,Women,Belts,Chain Belts,MV,Maison Voss,100,20,A800,MV SOHO New York,27123.18,7037.16,59,34862.91,28688.23,10368.96,57,33681.12,157,152,5,168,156,0
MV-15014,Women Bracelets Modern,ANT,Anthracite,Accessories,Women,Jewelry,Bracelets,MVS,MV Signature,100,20,A800,MV SOHO New York,55464.47,15217.34,138,75073.39,50070.34,16388.24,141,76705.42,377,230,147,317,264,0
MV-71953,Women Suit Trousers Relaxed,ECR,Ecru,Ready-to-Wear,Women,Suits,Suit Trousers,MVS,MV Signature,100,20,A800,MV SOHO New York,150279.2,43870.64,272,195806.86,132555.42,42914.26,252,181409.3,680,483,197,738,528,0
MV-15513,Unisex Shorts Heritage,CAM,Camel,Ready-to-Wear,Unisex,Bottoms,Shorts,MVS,MV Signature,100,50,A800,MV SOHO New York,19172.38,7130.32,36,26068.67,23942.11,8818.73,46,33309.97,115,104,11,138,93,0
MV-94058,Women Chain Belts,VRT,Vert,Leather Goods,Women,Belts,Chain Belts,MVS,MV Signature,100,50,A800,MV SOHO New York,73380.52,23512.68,121,101270.58,63417.37,20556.22,107,89553.32,482,319,163,374,329,0
MV-85965,Men Fedoras Signature,SBL,Sable,Accessories,Men,Hats,Fedoras,MV,Maison Voss,100,20,A800,MV SOHO New York,16249.43,5127.54,99,21216.1,16302.18,5897.2,98,21001.79,100,88,12,98,66,0
MV-69459,Women Rings Signature,ARG,Argent,Accessories,Women,Jewelry,Rings,MV,Maison Voss,100,20,A800,MV SOHO New York,25091.96,7079.54,58,32591.25,20539.94,6302.78,48,26972.07,107,65,42,88,72,0
MV-62044,Women Low Top Classic,ANT,Anthracite,Footwear,Women,Sneakers,Low Top,MVS,MV Signature,100,20,A800,MV SOHO New York,91838.9,30631.6,215,113587.63,56615.21,16195.76,151,79775.5,381,235,146,291,244,0
MV-79615,Women Midi Dresses Slim,BRG,Bordeaux,Ready-to-Wear,Women,Dresses,Midi Dresses,MV,Maison Voss,100,70,A800,MV SOHO New York,9636.61,2430.72,15,13008.26,12363.85,3800.49,19,16477.13,19,12,7,28,21,0
MV-50213,Women Tops Slim,CAM,Camel,Ready-to-Wear,Women,Tops,Tops,MV,Maison Voss,100,20,A800,MV SOHO New York,1783.81,464.14,7,2308.39,1245.12,368.13,5,1648.85,15,9,6,12,8,0
MV-76132,Unisex Leather Belts Slim,BEG,Beige,Leather Goods,Unisex,Belts,Leather Belts,MV,Maison Voss,100,50,A800,MV SOHO New York,136012.1,43791.82,132,199804.37,137512.34,47189.85,127,192236.02,338,317,21,333,289,0
MV-25043,Men Loafers,ROG,Rouge,Footwear,Men,Flats,Loafers,MVS,MV Signature,100,50,A800,MV SOHO New York,15952.86,5660.61,39,20572.2,17788.76,5290.26,43,22682.17,120,88,32,142,93,0
MV-93283,Unisex Wallets Luxe,ROG,Rouge,Leather Goods,Unisex,Small Leather Goods,Wallets,MV,Maison Voss,100,20,A800,MV SOHO New York,103487.85,30569.91,129,130637.59,127781.6,45193.23,149,150891.48,449,342,107,503,338,0
MV-18799,Women Jeans Modern,CAM,Camel,Ready-to-Wear,Women,Bottoms,Jeans,MV,Maison Voss,100,20,A800,MV SOHO New York,53641.13,14687.53,154,69748.97,57039.04,20674.19,158,71560.63,357,261,96,360,342,0
MV-57052,Men Day Dresses Signature,BEG,Beige,Ready-to-Wear,Men,Dresses,Day Dresses,MV,Maison Voss,100,50,A800,MV SOHO New York,912.21,284.16,4,1362.69,864.89,270.13,4,1362.69,2,1,1,2,1,0
MV-11214,Men Coats Heritage,ROG,Rouge,Ready-to-Wear,Men,Outerwear,Coats,MVS,MV Signature,100,20,A800,MV SOHO New York,44400.65,16066.19,148,55472.41,34126.35,11984.74,126,47226.51,469,455,14,389,258,0
MV-62034,Women Necklaces Luxe,BEG,Beige,Accessories,Women,Jewelry,Necklaces,MVS,MV Signature,100,20,A800,MV SOHO New York,12808.33,4757.33,41,16737.07,15561.73,5031.67,51,20819.29,84,58,26,123,112,0
MV-40005,Men Silk Scarves Classic,TAN,Tan,Accessories,Men,Scarves,Silk Scarves,MVS,MV Signature,100,20,A800,MV SOHO New York,8139.61,2987.45,49,11493.01,9041.47,2414.15,56,13134.87,192,137,55,193,168,0
MV-59308,Men Knitwear Essential,BEG,Beige,Ready-to-Wear,Men,Tops,Knitwear,MVS,MV Signature,100,50,A800,MV SOHO New York,36911.69,10789.04,67,49152.6,24861.05,7661.73,47,34480.19,83,65,18,54,40,0
MV-78937,Men Carry-On Luxe,ANT,Anthracite,Leather Goods,Men,Luggage,Carry-On,MVS,MV Signature,100,30,A800,MV SOHO New York,56272.5,14694.67,180,70548.55,54043.36,13927.23,157,61534.01,384,376,8,370,307,0
MV-40005,Men Silk Scarves Classic,GRG,Greige,Accessories,Men,Scarves,Silk Scarves,MVS,MV Signature,100,20,A800,MV SOHO New York,171.24,50.45,1,230.06,0.0,0.0,0,0.0,1,0,1,0,0,0
MV-85914,Women Wallets,RSE,Rose Poudre,Leather Goods,Women,Small Leather Goods,Wallets,MV,Maison Voss,100,20,A800,MV SOHO New York,36882.74,10663.28,44,43250.51,24330.65,9084.22,31,30471.95,107,70,37,81,49,0
MV-71669,Men Silk Scarves,CRM,Cognac,Accessories,Men,Scarves,Silk Scarves,MV,Maison Voss,100,30,A800,MV SOHO New York,14711.05,4312.76,80,19482.53,12819.62,4286.7,70,17047.21,246,231,15,231,185,0
MV-51441,Women Jackets Modern,CRM,Creme,Ready-to-Wear,Women,Outerwear,Jackets,MVS,MV Signature,100,70,A800,MV SOHO New York,25024.23,6711.84,88,35121.46,20196.74,5481.73,72,28735.74,155,140,15,149,95,0
MV-20993,Men Wool Scarves Slim,CRM,Creme,Accessories,Men,Scarves,Wool Scarves,MV,Maison Voss,100,20,A800,MV SOHO New York,21752.58,7326.81,81,27259.97,26397.61,7493.82,94,31635.03,223,211,12,272,253,0
MV-53228,Women Shoulder Bags Essential,ARG,Argent,Leather Goods,Women,Handbags,Shoulder Bags,MV,Maison Voss,100,20,A800,MV SOHO New York,4476.54,1242.34,9,5915.84,4628.74,1703.07,10,6573.15,26,15,11,32,30,0
MV-68878,Men Carry-On Heritage,BEG,Beige,Leather Goods,Men,Luggage,Carry-On,MVS,MV Signature,100,50,A800,MV SOHO New York,16771.63,4850.47,24,24017.5,16017.34,5435.73,23,23016.77,43,38,5,35,29,0
MV-53025,Men Loafers Heritage,CHP,Champagne,Footwear,Men,Flats,Loafers,MV,Maison Voss,100,20,A800,MV SOHO New York,16164.25,6078.6,30,18582.54,17192.05,6441.9,31,19201.95,110,70,40,134,92,0
MV-91490,Women Midi Dresses,BEG,Beige,Ready-to-Wear,Women,Dresses,Midi Dresses,MV,Maison Voss,100,20,A800,MV SOHO New York,53184.62,15041.13,112,73852.7,50941.56,14464.56,115,75830.89,216,215,1,210,145,0
MV-98501,Women Blouses Relaxed,CAM,Camel,Ready-to-Wear,Women,Tops,Blouses,MVS,MV Signature,100,50,A800,MV SOHO New York,6428.95,1751.17,22,7815.26,6022.03,2184.2,21,7460.02,71,69,2,70,67,0
MV-26074,Women Fedoras Slim,CRM,Cognac,Accessories,Women,Hats,Fedoras,MVS,MV Signature,100,70,A800,MV SOHO New York,6187.56,2043.11,16,7884.74,6287.89,1940.92,16,7884.74,34,23,11,31,28,0
MV-21542,Women Clutches Signature,ANT,Anthracite,Leather Goods,Women,Handbags,Clutches,MVS,MV Signature,100,20,A800,MV SOHO New York,142115.98,40425.92,217,193809.78,116314.39,42811.84,174,155405.07,300,190,110,233,143,0
MV-80807,Men Ballet Flats Heritage,RSE,Rose Poudre,Footwear,Men,Flats,Ballet Flats,MV,Maison Voss,100,20,A800,MV SOHO New York,291.94,91.97,1,347.57,0.0,0.0,0,0.0,2,1,1,1,0,0
MV-51116,Unisex Tops Essential,TRP,Taupe,Ready-to-Wear,Unisex,Tops,Tops,MV,Maison Voss,100,20,A800,MV SOHO New York,206894.88,71365.95,422,303379.7,239201.95,74195.17,497,357297.89,276,231,45,323,249,0
MV-99173,Women Card Holders Modern,NOI,Noir,Leather Goods,Women,Small Leather Goods,Card Holders,MV,Maison Voss,100,30,A800,MV SOHO New York,72787.48,25160.63,77,101094.96,75270.86,21875.19,74,97156.2,85,67,18,79,69,0
MV-89928,Men Suit Trousers Slim,ANT,Anthracite,Ready-to-Wear,Men,Suits,Suit Trousers,MVS,MV Signature,100,20,A800,MV SOHO New York,64317.95,22741.44,121,80076.93,50896.28,15604.44,103,68164.66,113,83,30,88,64,0
MV-23979,Women Check-In Relaxed,ECR,Ecru,Leather Goods,Women,Luggage,Check-In,MV,Maison Voss,100,20,A800,MV SOHO New York,17993.25,4984.43,24,21758.46,23465.12,6646.68,30,27198.07,22,19,3,26,24,0
MV-86484,Men Blazers Essential,CRM,Cognac,Ready-to-Wear,Men,Suits,Blazers,MV,Maison Voss,100,50,A800,MV SOHO New York,312.22,97.59,1,390.39,293.88,73.72,1,390.39,1,0,1,1,0,0
MV-74451,Unisex Weekender Modern,RSE,Rose Poudre,Leather Goods,Unisex,Luggage,Weekender,MV,Maison Voss,100,30,A800,MV SOHO New York,62939.68,18936.53,92,81016.92,42107.17,11651.81,65,57240.22,56,48,8,42,28,0
MV-17816,Women Trousers Slim,ROG,Rouge,Ready-to-Wear,Women,Bottoms,Trousers,MV,Maison Voss,100,70,A800,MV SOHO New York,64941.0,17540.86,123,84858.42,60208.77,18256.83,116,80029.07,254,245,9,233,166,0
MV-20336,Men Blazers Heritage,SBL,Sable,Ready-to-Wear,Men,Suits,Blazers,MV,Maison Voss,100,20,A800,MV SOHO New York,40839.56,12252.87,93,53481.57,29490.33,11089.52,71,40830.02,254,198,56,180,157,0
MV-48177,Women Card Holders Essential,CRM,Cognac,Leather Goods,Women,Small Leather Goods,Card Holders,MV,Maison Voss,100,20,A800,MV SOHO New York,7672.62,2800.72,10,9659.14,5249.56,1419.52,7,6761.4,35,31,4,30,22,0
MV-90209,Men Suit Sets Modern,RSE,Rose Poudre,Ready-to-Wear,Men,Suits,Suit Sets,MV,Maison Voss,100,50,A800,MV SOHO New York,45465.14,13864.59,96,65636.08,56233.66,17268.69,119,81361.39,216,195,21,218,137,0
MV-35995,Unisex Check-In Modern,GRG,Greige,Leather Goods,Unisex,Luggage,Check-In,MVS,MV Signature,100,70,A800,MV SOHO New York,86125.09,24255.61,101,108333.69,59585.11,15215.65,77,82591.03,123,107,16,83,56,0
MV-22097,Men Leather Belts Essential,ECR,Ecru,Leather Goods,Men,Belts,Leather Belts,MV,Maison Voss,100,50,A800,MV SOHO New York,57727.15,16529.66,74,86251.05,44972.24,16024.27,56,65271.06,77,59,18,59,55,0
MV-90356,Women Loafers Signature,SBL,Sable,Footwear,Women,Flats,Loafers,MV,Maison Voss,100,20,A800,MV SOHO New York,54080.43,14883.65,100,73210.09,64324.83,17003.97,124,90780.51,146,139,7,211,174,0
MV-90209,Men Suit Sets Modern,BEG,Beige,Ready-to-Wear,Men,Suits,Suit Sets,MV,Maison Voss,100,70,A800,MV SOHO New York,48078.24,12547.45,129,58542.52,55553.16,18754.05,152,68980.33,414,250,164,475,319,0
MV-36318,Women Ankle Boots Slim,IVR,Ivoire,Footwear,Women,Boots,Ankle Boots,MV,Maison Voss,100,20,A800,MV SOHO New York,26384.54,9373.53,65,30646.05,20489.38,5950.57,51,24045.36,249,204,45,203,133,0
MV-20745,Unisex Mini Bags Essential,ECR,Ecru,Leather Goods,Unisex,Handbags,Mini Bags,MVS,MV Signature,100,20,A800,MV SOHO New York,5731.91,1910.78,6,7937.66,3599.94,1341.19,4,5291.77,19,13,6,17,11,0
MV-40007,Women Tote Bags Modern,CRM,Creme,Leather Goods,Women,Handbags,Tote Bags,MV,Maison Voss,100,20,A800,MV SOHO New York,14632.79,5414.42,46,18530.82,14385.91,3629.51,45,18127.97,44,37,7,43,26,0
MV-15513,Unisex Shorts Heritage,SBL,Sable,Ready-to-Wear,Unisex,Bottoms,Shorts,MVS,MV Signature,100,20,A800,MV SOHO New York,1765.93,452.87,5,2528.37,1551.21,495.37,4,2022.7,9,5,4,8,7,0
MV-74038,Women Pouches,BRG,Bordeaux,Leather Goods,Women,Small Leather Goods,Pouches,MV,Maison Voss,100,20,A800,MV SOHO New York,11224.82,4227.0,36,16652.7,11312.52,2949.83,35,16190.12,53,35,18,42,35,0
MV-44099,Women Trousers Essential,SBL,Sable,Ready-to-Wear,Women,Bottoms,Trousers,MVS,MV Signature,100,50,A800,MV SOHO New York,9540.27,2604.69,36,13242.21,8512.75,3009.19,32,11770.86,78,66,12,84,81,0
MV-62034,Women Necklaces Luxe,ANT,Anthracite,Accessories,Women,Jewelry,Necklaces,MVS,MV Signature,100,20,A800,MV SOHO New York,2138.58,681.9,4,3036.52,1611.15,438.77,3,2277.39,5,3,2,4,3,0
MV-49618,Men Square Frames Classic,BRG,Bordeaux,Accessories,Men,Sunglasses,Square Frames,MV,Maison Voss,100,20,A800,MV SOHO New York,14868.51,5580.59,29,18699.37,11737.93,3434.95,22,14185.73,18,12,6,15,13,0
MV-49618,Men Square Frames Classic,BEG,Beige,Accessories,Men,Sunglasses,Square Frames,MV,Maison Voss,100,50,A800,MV SOHO New York,4283.35,1118.35,8,5529.8,4624.23,1478.88,9,6221.03,26,19,7,27,22,0
MV-24530,Women Day Dresses Luxe,CRM,Creme,Ready-to-Wear,Women,Dresses,Day Dresses,MVS,MV Signature,100,20,A800,MV SOHO New York,58584.02,16296.26,113,78665.17,46769.83,14191.92,90,62653.68,293,237,56,233,172,0
MV-26912,Men Suit Sets Essential,TRP,Taupe,Ready-to-Wear,Men,Suits,Suit Sets,MVS,MV Signature,100,30,A800,MV SOHO New York,65232.19,16423.47,203,92882.88,64722.34,22421.04,208,95170.63,632,624,8,679,422,0
MV-23434,Women Card Holders,VRT,Vert,Leather Goods,Women,Small Leather Goods,Card Holders,MV,Maison Voss,100,20,A800,MV SOHO New York,4733.18,1793.3,5,5627.01,5811.23,1986.63,6,6752.41,2,1,1,2,1,0
MV-74038,Women Pouches,TRP,Taupe,Leather Goods,Women,Small Leather Goods,Pouches,MV,Maison Voss,100,50,A800,MV SOHO New York,154336.31,40402.56,214,203909.49,121090.54,40002.41,164,156267.09,256,247,9,174,117,0
MV-20336,Men Blazers Heritage,ARG,Argent,Ready-to-Wear,Men,Suits,Blazers,MV,Maison Voss,100,20,A800,MV SOHO New York,13712.13,4119.21,51,19654.0,9046.29,2586.54,37,14258.78,161,122,39,138,95,0
MV-20336,Men Blazers Heritage,IVR,Ivoire,Ready-to-Wear,Men,Suits,Blazers,MV,Maison Voss,100,20,A800,MV SOHO New York,4754.5,1241.6,24,6620.05,3576.75,1102.91,19,5240.88,62,51,11,45,43,0
MV-70931,Men Chain Belts Essential,RSE,Rose Poudre,Leather Goods,Men,Belts,Chain Belts,MVS,MV Signature,100,20,A800,MV SOHO New York,4427.67,1451.13,5,6065.19,4538.2,1553.28,5,6065.19,2,1,1,2,1,0
MV-71669,Men Silk Scarves,CHP,Champagne,Accessories,Men,Scarves,Silk Scarves,MV,Maison Voss,100,50,A800,MV SOHO New York,13160.68,3921.63,47,16166.38,14273.88,4444.02,55,18918.11,94,69,25,100,69,0
MV-76542,Men Suit Sets Modern,NOI,Noir,Ready-to-Wear,Men,Suits,Suit Sets,MVS,MV Signature,100,20,A800,MV SOHO New York,30506.37,8014.51,109,42593.54,29888.15,9013.99,110,42984.31,179,137,42,157,130,0
MV-33509,Unisex Fedoras Signature,VRT,Vert,Accessories,Unisex,Hats,Fedoras,MVS,MV Signature,100,20,A800,MV SOHO New York,29851.34,9289.93,84,39928.08,20429.54,6430.99,62,29470.73,98,63,35,73,63,0
MV-84531,Women Check-In Classic,SBL,Sable,Leather Goods,Women,Luggage,Check-In,MVS,MV Signature,100,50,A800,MV SOHO New York,1978.72,575.94,3,2862.86,2246.32,697.25,3,2862.86,11,9,2,14,13,0
MV-15958,Men Pumps Heritage,SBL,Sable,Footwear,Men,Heels,Pumps,MVS,MV Signature,100,50,A800,MV SOHO New York,1390.28,366.71,5,2002.04,1419.58,514.67,5,2002.04,4,2,2,3,2,0
MV-88222,Men Suit Trousers Heritage,BRG,Bordeaux,Ready-to-Wear,Men,Suits,Suit Trousers,MV,Maison Voss,100,20,A800,MV SOHO New York,20007.24,5565.78,35,26075.58,18343.8,6768.68,32,23840.53,132,102,30,141,111,0
MV-44664,Women Shoulder Bags Modern,RSE,Rose Poudre,Leather Goods,Women,Handbags,Shoulder Bags,MVS,MV Signature,100,20,A800,MV SOHO New York,24259.34,9041.72,24,28834.51,21188.11,7100.24,22,26431.63,57,45,12,60,40,0
MV-43491,Women Earrings Heritage,NOI,Noir,Accessories,Women,Jewelry,Earrings,MV,Maison Voss,100,50,A800,MV SOHO New York,8098.13,2510.39,18,11437.93,10806.59,3245.26,22,13979.7,21,19,2,22,19,0
MV-92478,Women Blazers Classic,CHP,Champagne,Ready-to-Wear,Women,Outerwear,Blazers,MV,Maison Voss,100,20,A800,MV SOHO New York,6482.34,2004.08,22,7822.59,8087.9,2053.11,27,9600.45,29,21,8,38,28,0
MV-90356,Women Loafers Signature,ARG,Argent,Footwear,Women,Flats,Loafers,MV,Maison Voss,100,20,A800,MV SOHO New York,27176.15,10012.29,112,35241.4,31308.91,9010.71,123,38702.6,106,80,26,95,90,0
MV-69473,Women Chain Belts Heritage,CHP,Champagne,Leather Goods,Women,Belts,Chain Belts,MVS,MV Signature,100,30,A800,MV SOHO New York,190570.66,54362.28,182,271406.99,136216.27,46246.1,135,201318.37,283,244,39,251,157,0
MV-62196,Women Blazers,GRG,Greige,Ready-to-Wear,Women,Outerwear,Blazers,MV,Maison Voss,100,20,A800,MV SOHO New York,23527.06,6722.09,35,30414.66,20119.67,6999.16,30,26069.71,35,24,11,34,29,0
MV-53025,Men Loafers Heritage,TAN,Tan,Footwear,Men,Flats,Loafers,MV,Maison Voss,100,20,A800,MV SOHO New York,41365.71,13129.79,163,51689.95,48312.3,18040.09,204,64691.72,422,311,111,555,408,0
MV-65444,Women Berets,CAM,Camel,Accessories,Women,Hats,Berets,MVS,MV Signature,100,20,A800,MV SOHO New York,14316.71,4112.63,26,19543.37,13912.78,3943.24,23,17288.36,30,29,1,22,17,0
MV-83975,Unisex Baseball Caps Classic,RSE,Rose Poudre,Accessories,Unisex,Hats,Baseball Caps,MVS,MV Signature,100,30,A800,MV SOHO New York,13548.98,3556.56,44,17461.6,14822.82,5404.62,51,20239.58,95,94,1,117,113,0
MV-51116,Unisex Tops Essential,TAN,Tan,Ready-to-Wear,Unisex,Tops,Tops,MV,Maison Voss,100,30,A800,MV SOHO New York,9614.89,3024.15,17,13099.67,8956.51,2936.13,18,13870.24,49,41,8,53,44,0
MV-57052,Men Day Dresses Signature,ECR,Ecru,Ready-to-Wear,Men,Dresses,Day Dresses,MV,Maison Voss,100,20,A800,MV SOHO New York,25820.17,7375.73,70,31618.77,33084.94,11262.61,82,37039.13,114,107,7,122,87,0
MV-16895,Women Leather Belts Slim,TAN,Tan,Leather Goods,Women,Belts,Leather Belts,MV,Maison Voss,100,50,A800,MV SOHO New York,133981.08,48414.3,266,161873.42,113160.47,35186.53,221,134488.82,535,450,85,362,313,0
MV-71057,Women Boots,ROG,Rouge,Footwear,Women,Heels,Boots,MVS,MV Signature,100,50,A800,MV SOHO New York,18687.35,6378.19,63,28056.7,24664.68,8721.74,75,33400.83,102,71,31,98,80,0
MV-69692,Women Suit Sets Essential,ANT,Anthracite,Ready-to-Wear,Women,Suits,Suit Sets,MVS,MV Signature,100,20,A800,MV SOHO New York,18884.12,5820.08,30,23446.13,16774.27,5598.48,26,20319.98,92,68,24,84,61,0
MV-70648,Women Tops,TRP,Taupe,Ready-to-Wear,Women,Tops,Tops,MV,Maison Voss,100,20,A800,MV SOHO New York,24457.79,8435.24,72,36566.85,19294.38,5803.25,57,28948.76,163,123,40,113,107,0
MV-90301,Men High Top,SBL,Sable,Footwear,Men,Sneakers,High Top,MVS,MV Signature,100,30,A800,MV SOHO New York,2755.95,997.76,9,3502.05,3578.6,911.04,11,4280.29,26,23,3,38,35,0
MV-98501,Women Blouses Relaxed,IVR,Ivoire,Ready-to-Wear,Women,Tops,Blouses,MVS,MV Signature,100,20,A800,MV SOHO New York,60986.49,23150.24,151,87166.65,86385.52,29964.25,186,107370.84,103,82,21,112,101,0
MV-20993,Men Wool Scarves Slim,CAM,Camel,Accessories,Men,Scarves,Wool Scarves,MV,Maison Voss,100,70,A800,MV SOHO New York,25786.36,6944.46,48,33566.67,28598.88,10220.66,50,34965.28,50,34,16,43,31,0
MV-79615,Women Midi Dresses Slim,ANT,Anthracite,Ready-to-Wear,Women,Dresses,Midi Dresses,MV,Maison Voss,100,20,A800,MV SOHO New York,14063.65,5239.75,41,20357.31,17384.25,6361.76,46,22839.91,38,25,13,42,27,0
MV-28776,Women Sandals Essential,RSE,Rose Poudre,Footwear,Women,Heels,Sandals,MV,Maison Voss,100,20,A800,MV SOHO New York,23001.15,6693.82,60,28620.19,23156.22,7269.82,65,31005.21,176,166,10,167,152,0
MV-57943,Women Shorts Essential,TAN,Tan,Ready-to-Wear,Women,Bottoms,Shorts,MV,Maison Voss,100,50,A800,MV SOHO New York,12574.49,3570.12,67,15735.78,9632.3,2870.91,48,11273.39,152,95,57,118,84,0
MV-18163,Men Blazers Slim,ECR,Ecru,Ready-to-Wear,Men,Suits,Blazers,MV,Maison Voss,100,20,A800,MV SOHO New York,3098.29,907.49,5,3909.25,3260.09,1218.63,5,3909.25,18,16,2,14,12,0
MV-64524,Women Check-In Modern,TRP,Taupe,Leather Goods,Women,Luggage,Check-In,MV,Maison Voss,100,20,A800,MV SOHO New York,77193.24,25388.4,79,104700.88,82457.43,24852.63,78,103375.56,225,151,74,197,164,0
MV-99224,Men Day Dresses Relaxed,CHP,Champagne,Ready-to-Wear,Men,Dresses,Day Dresses,MVS,MV Signature,100,20,A800,MV SOHO New York,8516.86,2270.56,19,11349.46,8566.25,2307.03,18,10752.12,25,16,9,25,21,0
MV-99181,Women Blazers Modern,BLU,Bleu Marine,Ready-to-Wear,Women,Outerwear,Blazers,MVS,MV Signature,100,50,A800,MV SOHO New York,17436.79,4459.73,86,21323.13,16650.81,6042.57,77,19091.64,164,136,28,173,161,0
MV-39444,Men Key Holders Relaxed,TAN,Tan,Leather Goods,Men,Small Leather Goods,Key Holders,MV,Maison Voss,100,50,A800,MV SOHO New York,120448.57,43517.26,119,146318.47,86157.76,31691.01,93,114349.73,291,266,25,230,167,0
MV-22833,Women Midi Dresses Classic,ANT,Anthracite,Ready-to-Wear,Women,Dresses,Midi Dresses,MVS,MV Signature,100,20,A800,MV SOHO New York,61325.82,16167.17,112,87879.31,70364.43,21982.2,117,91802.5,441,436,5,472,366,0
MV-30644,Men Chain Belts Slim,ROG,Rouge,Leather Goods,Men,Belts,Chain Belts,MV,Maison Voss,100,20,A800,MV SOHO New York,41359.41,14321.87,55,52969.64,57393.13,15734.58,69,66452.82,99,61,38,100,99,0
MV-92478,Women Blazers Classic,SBL,Sable,Ready-to-Wear,Women,Outerwear,Blazers,MV,Maison Voss,100,20,A800,MV SOHO New York,11144.92,3223.19,50,13113.37,9366.31,3211.41,41,10752.97,120,109,11,112,91,0
MV-67104,Men Sandals Essential,VRT,Vert,Footwear,Men,Heels,Sandals,MV,Maison Voss,100,20,A800,MV SOHO New York,3946.25,1035.67,10,5218.18,4636.0,1636.91,12,6261.81,20,17,3,25,18,0
MV-79822,Unisex Fedoras Slim,TAN,Tan,Accessories,Unisex,Hats,Fedoras,MV,Maison Voss,100,50,A800,MV SOHO New York,32393.86,9449.73,103,37684.3,34194.24,9582.69,125,45733.38,179,153,26,217,141,0
MV-27139,Men Jackets Signature,VRT,Vert,Ready-to-Wear,Men,Outerwear,Jackets,MVS,MV Signature,100,70,A800,MV SOHO New York,9584.28,3406.7,21,11730.31,7538.88,2438.11,16,8937.38,65,52,13,46,42,0
MV-26074,Women Fedoras Slim,CAM,Camel,Accessories,Women,Hats,Fedoras,MVS,MV Signature,100,50,A800,MV SOHO New York,19028.98,5599.84,47,25042.52,18415.16,5768.04,49,26108.15,81,63,18,102,78,0
MV-96870,Women Day Dresses Relaxed,TAN,Tan,Ready-to-Wear,Women,Dresses,Day Dresses,MVS,MV Signature,100,20,A800,MV SOHO New York,14657.33,3695.08,23,20057.0,11693.32,3548.05,19,16568.82,66,52,14,58,50,0
MV-28714,Men Trousers Luxe,IVR,Ivoire,Ready-to-Wear,Men,Bottoms,Trousers,MV,Maison Voss,100,20,A800,MV SOHO New York,5971.67,2033.98,9,6962.27,5943.39,2257.64,9,6962.27,35,29,6,34,23,0
MV-98188,Women Knee High Heritage,SBL,Sable,Footwear,Women,Boots,Knee High,MV,Maison Voss,100,20,A800,MV SOHO New York,23502.21,7381.49,68,28348.05,17657.07,4591.41,55,22928.57,145,131,14,104,86,0
MV-38760,Unisex Rings Heritage,VRT,Vert,Accessories,Unisex,Jewelry,Rings,MV,Maison Voss,100,20,A800,MV SOHO New York,589.91,223.01,3,824.33,371.79,110.88,2,549.55,2,1,1,1,0,0
MV-92478,Women Blazers Classic,RSE,Rose Poudre,Ready-to-Wear,Women,Outerwear,Blazers,MV,Maison Voss,100,20,A800,MV SOHO New York,48856.63,13150.55,95,61595.49,47692.13,17373.3,91,59001.99,353,220,133,328,239,0
MV-54589,Women Carry-On Slim,CAM,Camel,Leather Goods,Women,Luggage,Carry-On,MV,Maison Voss,100,30,A800,MV SOHO New York,19858.95,6103.66,26,25793.03,26780.47,8908.41,32,31745.27,24,22,2,35,33,0
MV-47243,Men Boots Heritage,CRM,Creme,Footwear,Men,Heels,Boots,MV,Maison Voss,100,30,A800,MV SOHO New York,478.05,162.72,1,704.41,475.32,162.19,1,704.41,0,0,0,0,0,0
MV-85156,Women Chain Belts Essential,ARG,Argent,Leather Goods,Women,Belts,Chain Belts,MV,Maison Voss,100,20,A800,MV SOHO New York,44690.03,15262.79,49,65226.29,37648.39,14300.99,42,55908.25,152,134,18,144,133,0
MV-76249,Men Clutches Luxe,CHP,Champagne,Leather Goods,Men,Handbags,Clutches,MV,Maison Voss,100,20,A800,MV SOHO New York,3109.87,923.64,3,3932.78,2368.32,618.23,2,2621.86,10,7,3,9,6,0
MV-23979,Women Check-In Relaxed,ANT,Anthracite,Leather Goods,Women,Luggage,Check-In,MV,Maison Voss,100,50,A800,MV SOHO New York,10842.93,3413.29,22,15119.31,8526.8,2481.94,17,11683.1,67,58,9,43,42,0
MV-72722,Women Midi Dresses Slim,NVY,Navy,Ready-to-Wear,Women,Dresses,Midi Dresses,MVS,MV Signature,100,20,A800,MV SOHO New York,24724.33,7913.02,84,35191.37,23933.59,7189.36,74,31001.92,182,150,32,182,166,0
MV-44664,Women Shoulder Bags Modern,RSE,Rose Poudre,Leather Goods,Women,Handbags,Shoulder Bags,MVS,MV Signature,100,70,A800,MV SOHO New York,2198.11,633.48,4,3061.07,1045.12,264.34,2,1530.53,11,7,4,7,5,0
MV-76249,Men Clutches Luxe,IVR,Ivoire,Leather Goods,Men,Handbags,Clutches,MV,Maison Voss,100,20,A800,MV SOHO New York,57221.26,17327.6,126,79606.0,54621.39,15658.15,128,80869.59,457,380,77,399,284,0
MV-86484,Men Blazers Essential,ARG,Argent,Ready-to-Wear,Men,Suits,Blazers,MV,Maison Voss,100,20,A800,MV SOHO New York,402.96,132.3,1,488.17,417.54,144.47,1,488.17,0,0,0,0,0,0
MV-79329,Men Suit Trousers Classic,IVR,Ivoire,Ready-to-Wear,Men,Suits,Suit Trousers,MVS,MV Signature,100,20,A800,MV SOHO New York,9513.64,3122.53,19,12792.51,10022.87,2907.39,19,12792.51,16,15,1,16,14,0
MV-89963,Women Cat Eye Luxe,NVY,Navy,Accessories,Women,Sunglasses,Cat Eye,MV,Maison Voss,100,50,A800,MV SOHO New York,25760.88,9309.42,93,35049.48,30322.81,11406.92,103,38818.24,261,248,13,326,304,0
MV-10336,Men Blazers Heritage,GRG,Greige,Ready-to-Wear,Men,Suits,Blazers,MV,Maison Voss,100,30,A800,MV SOHO New York,13190.67,4299.0,26,19440.84,14965.77,4523.55,30,22431.74,18,13,5,24,15,0
MV-58566,Men Leather Belts Relaxed,ROG,Rouge,Leather Goods,Men,Belts,Leather Belts,MVS,MV Signature,100,20,A800,MV SOHO New York,3604.98,1137.95,7,4731.85,3412.98,1253.7,6,4055.87,7,6,1,5,4,0
MV-69692,Women Suit Sets Essential,BLU,Bleu Marine,Ready-to-Wear,Women,Suits,Suit Sets,MVS,MV Signature,100,20,A800,MV SOHO New York,19383.78,5964.61,30,22901.89,13090.08,3488.63,22,16794.72,113,98,15,77,61,0
MV-67905,Women High Top Luxe,SBL,Sable,Footwear,Women,Sneakers,High Top,MV,Maison Voss,100,50,A800,MV SOHO New York,6401.42,2197.52,21,8760.81,7557.75,2150.94,24,10012.35,71,70,1,94,78,0
MV-38903,Men Coats Essential,TAN,Tan,Ready-to-Wear,Men,Outerwear,Coats,MV,Maison Voss,100,20,A800,MV SOHO New York,23988.2,6792.47,127,31637.54,23100.33,6991.85,118,29395.51,455,417,38,364,327,0
MV-68138,Women Tops Modern,BEG,Beige,Ready-to-Wear,Women,Tops,Tops,MV,Maison Voss,100,50,A800,MV SOHO New York,15170.67,4736.2,25,19201.06,10361.75,3487.66,17,13056.72,71,56,15,56,52,0
MV-47243,Men Boots Heritage,ANT,Anthracite,Footwear,Men,Heels,Boots,MV,Maison Voss,100,70,A800,MV SOHO New York,54039.51,17464.35,107,63206.12,42577.96,15377.05,90,53164.03,223,171,52,215,178,0
MV-48177,Women Card Holders Essential,TAN,Tan,Leather Goods,Women,Small Leather Goods,Card Holders,MV,Maison Voss,100,20,A800,MV SOHO New York,141383.81,46569.0,153,186811.7,144628.62,47218.72,170,207568.55,398,381,17,384,359,0
MV-62296,Unisex Bracelets Signature,CAM,Camel,Accessories,Unisex,Jewelry,Bracelets,MVS,MV Signature,100,20,A800,MV SOHO New York,17747.06,6387.34,39,24164.8,13493.41,4858.82,29,17968.7,91,67,24,76,59,0
MV-22833,Women Midi Dresses Classic,CRM,Cognac,Ready-to-Wear,Women,Dresses,Midi Dresses,MVS,MV Signature,100,20,A800,MV SOHO New York,84381.18,29143.5,166,115783.89,83233.37,27864.49,159,110901.44,561,429,132,441,318,0
MV-57052,Men Day Dresses Signature,RSE,Rose Poudre,Ready-to-Wear,Men,Dresses,Day Dresses,MV,Maison Voss,100,50,A800,MV SOHO New York,12878.23,4567.2,32,17691.75,14429.07,5193.93,38,21008.95,68,65,3,69,51,0
MV-44718,Women Day Dresses Slim,NOI,Noir,Ready-to-Wear,Women,Dresses,Day Dresses,MVS,MV Signature,100,50,A800,MV SOHO New York,80641.47,28381.85,229,118765.39,72161.71,24531.83,195,101132.1,818,595,223,785,512,0
MV-47243,Men Boots Heritage,IVR,Ivoire,Footwear,Men,Heels,Boots,MV,Maison Voss,100,70,A800,MV SOHO New York,2165.32,641.8,6,2624.38,2445.18,844.16,7,3061.78,17,14,3,20,18,0
MV-26299,Men High Top Luxe,ARG,Argent,Footwear,Men,Sneakers,High Top,MVS,MV Signature,100,20,A800,MV SOHO New York,54194.63,15901.54,80,78268.25,78595.12,29862.95,102,99792.01,291,285,6,415,362,0
MV-27139,Men Jackets Signature,BRG,Bordeaux,Ready-to-Wear,Men,Outerwear,Jackets,MVS,MV Signature,100,20,A800,MV SOHO New York,25647.65,7709.16,46,31009.19,24882.66,7278.38,49,33031.53,104,85,19,92,81,0
MV-44335,Women Slides Slim,CRM,Cognac,Footwear,Women,Flats,Slides,MV,Maison Voss,100,70,A800,MV SOHO New York,24134.84,7298.39,33,33682.24,26280.46,7372.15,37,37764.93,123,113,10,142,129,0
MV-67939,Women Weekender Classic,BRG,Bordeaux,Leather Goods,Women,Luggage,Weekender,MV,Maison Voss,100,50,A800,MV SOHO New York,42456.26,13926.02,69,62275.97,40568.58,14486.89,59,53250.47,273,185,88,221,137,0
MV-69634,Women Day Dresses Signature,ANT,Anthracite,Ready-to-Wear,Women,Dresses,Day Dresses,MVS,MV Signature,100,30,A800,MV SOHO New York,31392.7,9754.17,83,38560.61,30536.42,9720.21,75,34843.92,82,65,17,72,51,0
MV-93283,Unisex Wallets Luxe,NVY,Navy,Leather Goods,Unisex,Small Leather Goods,Wallets,MV,Maison Voss,100,30,A800,MV SOHO New York,589.7,200.06,1,861.26,0.0,0.0,0,0.0,1,0,1,0,0,0
MV-96761,Men Jackets Essential,NVY,Navy,Ready-to-Wear,Men,Outerwear,Jackets,MVS,MV Signature,100,20,A800,MV SOHO New York,5843.91,1824.31,12,7779.76,5039.4,1290.04,11,7131.45,28,19,9,30,26,0
MV-68493,Women Chain Belts Relaxed,CRM,Cognac,Leather Goods,Women,Belts,Chain Belts,MV,Maison Voss,100,20,A800,MV SOHO New York,37852.8,12288.85,86,54472.3,37433.87,12843.34,75,47504.91,271,192,79,217,178,0
MV-99381,Women Fedoras Signature,NVY,Navy,Accessories,Women,Hats,Fedoras,MVS,MV Signature,100,50,A800,MV SOHO New York,35249.46,11993.79,75,47391.54,39918.03,12949.7,93,58765.51,116,111,5,117,73,0
MV-88366,Men Blazers Classic,GRG,Greige,Ready-to-Wear,Men,Outerwear,Blazers,MV,Maison Voss,100,20,A800,MV SOHO New York,103879.33,33939.04,233,154105.86,142921.04,37511.84,289,191144.17,183,120,63,255,237,0
MV-84531,Women Check-In Classic,CRM,Cognac,Leather Goods,Women,Luggage,Check-In,MVS,MV Signature,100,50,A800,MV SOHO New York,90904.38,30761.76,98,105662.35,87602.48,29260.93,90,97036.86,136,93,43,147,105,0
MV-98815,Men Check-In,VRT,Vert,Leather Goods,Men,Luggage,Check-In,MVS,MV Signature,100,30,A800,MV SOHO New York,95683.34,27490.68,207,124157.6,124265.98,33635.36,254,152347.98,466,351,115,566,448,0
MV-35272,Men Check-In Modern,TAN,Tan,Leather Goods,Men,Luggage,Check-In,MV,Maison Voss,100,30,A800,MV SOHO New York,62507.93,17084.07,83,84209.06,81605.03,25159.8,94,95369.29,271,236,35,257,200,0
MV-67637,Men Midi Dresses Essential,VRT,Vert,Ready-to-Wear,Men,Dresses,Midi Dresses,MV,Maison Voss,100,50,A800,MV SOHO New York,8977.13,2739.71,24,11775.62,10725.67,3542.27,30,14719.53,24,22,2,32,23,0
MV-75308,Men Ballet Flats,ROG,Rouge,Footwear,Men,Flats,Ballet Flats,MVS,MV Signature,100,20,A800,MV SOHO New York,3455.18,1128.44,7,4504.45,3612.46,1016.1,7,4504.45,15,12,3,15,10,0
MV-42541,Women Blazers Slim,SBL,Sable,Ready-to-Wear,Women,Suits,Blazers,MVS,MV Signature,100,20,A800,MV SOHO New York,26969.35,7643.77,105,37155.47,26507.4,9343.83,100,35386.17,193,163,30,152,92,0
MV-25396,Women Clutches Slim,IVR,Ivoire,Leather Goods,Women,Handbags,Clutches,MVS,MV Signature,100,50,A800,MV SOHO New York,69954.05,20339.45,71,85804.07,67006.03,24023.71,65,78553.02,105,94,11,96,60,0
MV-62196,Women Blazers,ROG,Rouge,Ready-to-Wear,Women,Outerwear,Blazers,MV,Maison Voss,100,20,A800,MV SOHO New York,589.83,155.3,3,683.71,375.24,97.18,2,455.81,7,6,1,4,3,0
MV-54725,Women Suit Trousers Classic,CHP,Champagne,Ready-to-Wear,Women,Suits,Suit Trousers,MV,Maison Voss,100,20,A800,MV SOHO New York,20104.68,6060.26,30,25182.7,17250.44,6107.47,28,23503.85,48,30,18,40,27,0
MV-14877,Women Necklaces Heritage,NVY,Navy,Accessories,Women,Jewelry,Necklaces,MV,Maison Voss,100,50,A800,MV SOHO New York,37191.36,13375.31,216,46609.96,33194.52,12417.11,193,41646.86,177,121,56,130,80,0
MV-58566,Men Leather Belts Relaxed,NVY,Navy,Leather Goods,Men,Belts,Leather Belts,MVS,MV Signature,100,70,A800,MV SOHO New York,41199.2,12521.71,47,50238.27,31699.21,8039.23,38,40618.17,105,72,33,74,47,0
MV-15014,Women Bracelets Modern,CHP,Champagne,Accessories,Women,Jewelry,Bracelets,MVS,MV Signature,100,20,A800,MV SOHO New York,10191.84,3662.84,39,14165.47,8906.42,3239.42,38,13802.26,32,30,2,28,18,0
MV-27486,Women Mules Classic,BRG,Bordeaux,Footwear,Women,Heels,Mules,MVS,MV Signature,100,20,A800,MV SOHO New York,30428.9,10479.0,42,39072.4,32397.89,11875.09,50,46514.76,23,13,10,23,18,0
MV-85965,Men Fedoras Signature,ECR,Ecru,Accessories,Men,Hats,Fedoras,MV,Maison Voss,100,20,A800,MV SOHO New York,7328.47,2646.84,16,9900.97,7317.7,2757.75,15,9282.16,23,16,7,23,21,0
MV-43491,Women Earrings Heritage,ANT,Anthracite,Accessories,Women,Jewelry,Earrings,MV,Maison Voss,100,20,A800,MV SOHO New York,17076.29,5021.54,31,22873.22,12857.98,3353.07,22,16232.61,49,34,15,29,18,0
MV-13761,Women Evening Dresses Luxe,ECR,Ecru,Ready-to-Wear,Women,Dresses,Evening Dresses,MVS,MV Signature,100,30,A800,MV SOHO New York,19520.99,5263.7,31,28385.98,24396.36,7387.47,36,32964.37,100,91,9,128,90,0
MV-35995,Unisex Check-In Modern,ANT,Anthracite,Leather Goods,Unisex,Luggage,Check-In,MVS,MV Signature,100,70,A800,MV SOHO New York,2264.21,828.3,3,3026.83,2321.81,693.95,3,3026.83,4,2,2,5,3,0
MV-55830,Women Jeans Heritage,TAN,Tan,Ready-to-Wear,Women,Bottoms,Jeans,MV,Maison Voss,100,20,A800,MV SOHO New York,30312.54,9549.37,100,37697.95,34204.24,11916.53,105,39582.85,323,292,31,318,223,0
MV-32527,Women Mules Luxe,GRG,Greige,Footwear,Women,Heels,Mules,MV,Maison Voss,100,50,A800,MV SOHO New York,11086.83,3964.14,37,16075.92,8833.02,2319.8,28,12165.56,25,24,1,15,9,0
MV-78146,Men Day Dresses,ANT,Anthracite,Ready-to-Wear,Men,Dresses,Day Dresses,MV,Maison Voss,100,50,A800,MV SOHO New York,73169.38,25312.38,119,93749.79,70724.38,21187.9,118,92961.98,458,437,21,412,368,0
MV-65444,Women Berets,NVY,Navy,Accessories,Women,Hats,Berets,MVS,MV Signature,100,70,A800,MV SOHO New York,78168.6,21015.13,131,94772.45,55332.84,16742.2,102,73792.29,428,260,168,340,299,0
MV-90356,Women Loafers Signature,CRM,Creme,Footwear,Women,Flats,Loafers,MV,Maison Voss,100,20,A800,MV SOHO New York,11498.51,4193.03,16,14227.02,13180.51,3998.86,17,15116.21,22,18,4,29,17,0
MV-94058,Women Chain Belts,CAM,Camel,Leather Goods,Women,Belts,Chain Belts,MVS,MV Signature,100,20,A800,MV SOHO New York,44101.4,16339.49,73,60372.58,48394.03,14899.9,73,60372.58,134,109,25,131,79,0
MV-88366,Men Blazers Classic,ARG,Argent,Ready-to-Wear,Men,Outerwear,Blazers,MV,Maison Voss,100,20,A800,MV SOHO New York,27680.24,7731.98,44,34834.56,26099.96,9063.76,40,31667.78,143,108,35,143,124,0
MV-27486,Women Mules Classic,ECR,Ecru,Footwear,Women,Heels,Mules,MVS,MV Signature,100,20,A800,MV SOHO New York,102304.5,25761.02,146,149856.25,95483.92,32408.73,130,133433.64,517,382,135,547,483,0
MV-78955,Women Pouches Modern,BEG,Beige,Leather Goods,Women,Small Leather Goods,Pouches,MV,Maison Voss,100,50,A800,MV SOHO New York,4560.94,1717.69,16,6138.03,4391.39,1304.84,15,5754.41,32,25,7,30,23,0
MV-69473,Women Chain Belts Heritage,CRM,Creme,Leather Goods,Women,Belts,Chain Belts,MVS,MV Signature,100,20,A800,MV SOHO New York,51118.77,16456.17,78,72609.34,59280.71,16612.37,82,76332.9,199,128,71,186,182,0
MV-49576,Women Jackets Classic,CRM,Cognac,Ready-to-Wear,Women,Outerwear,Jackets,MV,Maison Voss,100,50,A800,MV SOHO New York,15433.39,4931.21,64,18673.28,19530.97,5381.1,81,23633.37,245,192,53,370,338,0
MV-80798,Men Chain Belts Modern,CRM,Creme,Leather Goods,Men,Belts,Chain Belts,MV,Maison Voss,100,50,A800,MV SOHO New York,19020.3,6753.98,24,24421.96,21989.27,7807.45,26,26457.12,69,58,11,85,71,0
MV-44687,Men Card Holders Modern,BEG,Beige,Leather Goods,Men,Small Leather Goods,Card Holders,MVS,MV Signature,100,70,A800,MV SOHO New York,6955.05,2459.92,10,8798.19,8319.83,2145.75,11,9678.01,12,7,5,10,8,0
MV-78955,Women Pouches Modern,CRM,Creme,Leather Goods,Women,Small Leather Goods,Pouches,MV,Maison Voss,100,20,A800,MV SOHO New York,50726.13,13792.05,72,66878.01,61468.17,15744.73,84,78024.35,200,177,23,231,159,0
MV-30253,Men Weekender Essential,TRP,Taupe,Leather Goods,Men,Luggage,Weekender,MVS,MV Signature,100,70,A800,MV SOHO New York,70747.27,25955.15,92,102413.04,75091.11,26126.15,98,109092.15,186,142,44,238,181,0
MV-98188,Women Knee High Heritage,TRP,Taupe,Footwear,Women,Boots,Knee High,MV,Maison Voss,100,20,A800,MV SOHO New York,12222.48,4295.85,26,16740.22,8683.1,2445.6,21,13520.95,91,73,18,64,42,0
MV-70443,Women Card Holders Heritage,CRM,Creme,Leather Goods,Women,Small Leather Goods,Card Holders,MVS,MV Signature,100,30,A800,MV SOHO New York,31478.3,11608.63,71,43323.15,30728.92,9229.04,65,39662.04,102,86,16,95,92,0
MV-68878,Men Carry-On Heritage,VRT,Vert,Leather Goods,Men,Luggage,Carry-On,MVS,MV Signature,100,50,A800,MV SOHO New York,33047.4,12191.84,34,48744.24,35696.39,11875.47,33,47310.59,51,32,19,41,25,0
MV-49139,Men Wool Scarves Essential,NOI,Noir,Accessories,Men,Scarves,Wool Scarves,MV,Maison Voss,100,20,A800,MV SOHO New York,27632.71,9967.52,86,33634.78,25168.32,8763.16,75,29332.65,280,193,87,198,119,0
MV-53228,Women Shoulder Bags Essential,ARG,Argent,Leather Goods,Women,Handbags,Shoulder Bags,MV,Maison Voss,100,20,A800,MV SOHO New York,12629.31,4157.55,15,16283.89,14155.77,5107.92,16,17369.48,40,38,2,41,33,0
MV-52176,Women Check-In Relaxed,BLU,Bleu Marine,Leather Goods,Women,Luggage,Check-In,MVS,MV Signature,100,20,A800,MV SOHO New York,124221.2,41317.07,152,143717.79,113813.45,42468.07,132,124807.56,473,439,34,338,266,0
MV-99224,Men Day Dresses Relaxed,CAM,Camel,Ready-to-Wear,Men,Dresses,Day Dresses,MVS,MV Signature,100,20,A800,MV SOHO New York,10156.05,3856.38,23,12339.17,11695.54,2930.55,27,14485.11,87,53,34,122,111,0
MV-71474,Men Loafers Relaxed,GRG,Greige,Footwear,Men,Flats,Loafers,MV,Maison Voss,100,50,A800,MV SOHO New York,16551.81,6080.76,31,24212.43,20570.05,6500.81,38,29679.75,15,10,5,18,10,0
MV-58566,Men Leather Belts Relaxed,BRG,Bordeaux,Leather Goods,Men,Belts,Leather Belts,MVS,MV Signature,100,20,A800,MV SOHO New York,2713.53,683.02,4,3847.97,1953.06,664.34,3,2885.98,15,11,4,13,9,0
MV-26505,Men Leather Belts Relaxed,CRM,Creme,Leather Goods,Men,Belts,Leather Belts,MV,Maison Voss,100,20,A800,MV SOHO New York,4545.46,1416.45,8,5574.16,2787.06,972.41,5,3483.85,25,15,10,17,11,0
MV-94058,Women Chain Belts,SBL,Sable,Leather Goods,Women,Belts,Chain Belts,MVS,MV Signature,100,50,A800,MV SOHO New York,19239.31,5041.4,50,25606.27,16058.05,4618.84,43,22021.39,47,46,1,47,28,0
MV-84177,Men Leather Belts Classic,RSE,Rose Poudre,Leather Goods,Men,Belts,Leather Belts,MV,Maison Voss,100,30,A800,MV SOHO New York,6457.09,2121.04,21,8562.29,8551.78,3069.42,27,11008.66,26,23,3,33,29,0
MV-71474,Men Loafers Relaxed,CAM,Camel,Footwear,Men,Flats,Loafers,MV,Maison Voss,100,50,A800,MV SOHO New York,53957.72,16754.46,124,74203.88,65285.47,21513.37,155,92754.85,80,77,3,107,71,0
MV-71057,Women Boots,VRT,Vert,Footwear,Women,Heels,Boots,MVS,MV Signature,100,30,A800,MV SOHO New York,437.38,113.95,1,535.19,0.0,0.0,0,0.0,3,1,2,2,1,0
MV-71537,Women Trousers Heritage,TAN,Tan,Ready-to-Wear,Women,Bottoms,Trousers,MVS,MV Signature,100,30,A800,MV SOHO New York,7608.2,2327.6,32,10162.55,9619.8,3128.54,41,13020.76,113,87,26,129,99,0
MV-39102,Men Day Dresses Luxe,VRT,Vert,Ready-to-Wear,Men,Dresses,Day Dresses,MV,Maison Voss,100,20,A800,MV SOHO New York,9764.77,2796.56,28,12916.49,8754.23,3272.35,24,11071.28,68,43,25,49,40,0
MV-98501,Women Blouses Relaxed,ECR,Ecru,Ready-to-Wear,Women,Tops,Blouses,MVS,MV Signature,100,70,A800,MV SOHO New York,647.84,206.94,1,826.54,0.0,0.0,0,0.0,2,1,1,1,0,0
MV-43491,Women Earrings Heritage,CRM,Creme,Accessories,Women,Jewelry,Earrings,MV,Maison Voss,100,20,A800,MV SOHO New York,1451.1,460.52,9,1845.65,1563.23,519.11,10,2050.72,12,10,2,13,11,0
MV-13761,Women Evening Dresses Luxe,ECR,Ecru,Ready-to-Wear,Women,Dresses,Evening Dresses,MVS,MV Signature,100,20,A800,MV SOHO New York,19080.88,5540.01,36,26684.89,17201.15,6032.82,35,25943.64,86,66,20,81,65,0
MV-17592,Men Coats Relaxed,CHP,Champagne,Ready-to-Wear,Men,Outerwear,Coats,MVS,MV Signature,100,20,A800,MV SOHO New York,19099.96,6596.74,46,24481.63,13657.84,4490.38,33,17562.91,176,119,57,127,94,0
MV-79924,Unisex Blazers Modern,ANT,Anthracite,Ready-to-Wear,Unisex,Outerwear,Blazers,MV,Maison Voss,100,20,A800,MV SOHO New York,7650.17,2790.63,35,9789.79,6876.02,1757.59,35,9789.79,73,46,27,82,68,0
MV-63225,Unisex Key Holders,BRG,Bordeaux,Leather Goods,Unisex,Small Leather Goods,Key Holders,MVS,MV Signature,100,20,A800,MV SOHO New York,34341.78,10354.13,52,48573.17,35723.07,9415.2,50,46704.98,128,110,18,144,124,0
MV-86483,Women Wallets Luxe,ARG,Argent,Leather Goods,Women,Small Leather Goods,Wallets,MVS,MV Signature,100,50,A800,MV SOHO New York,36647.26,9485.88,62,50454.15,50336.8,15356.27,80,65102.13,236,178,58,245,222,0
MV-78955,Women Pouches Modern,IVR,Ivoire,Leather Goods,Women,Small Leather Goods,Pouches,MV,Maison Voss,100,50,A800,MV SOHO New York,719.49,184.26,1,986.58,0.0,0.0,0,0.0,1,0,1,0,0,0
MV-28776,Women Sandals Essential,ROG,Rouge,Footwear,Women,Heels,Sandals,MV,Maison Voss,100,70,A800,MV SOHO New York,20378.41,5850.91,43,28136.43,20546.26,6915.0,47,30753.77,113,88,25,130,78,0
MV-62772,Men Tote Bags Signature,GRG,Greige,Leather Goods,Men,Handbags,Tote Bags,MV,Maison Voss,100,20,A800,MV SOHO New York,73207.89,26393.59,228,96515.28,80462.62,29373.21,236,99901.78,320,308,12,395,324,0
MV-44959,Women Blazers Modern,CRM,Creme,Ready-to-Wear,Women,Outerwear,Blazers,MVS,MV Signature,100,70,A800,MV SOHO New York,28224.85,10358.78,50,36717.29,34699.55,10110.81,63,46263.78,91,79,12,134,114,0
MV-71474,Men Loafers Relaxed,IVR,Ivoire,Footwear,Men,Flats,Loafers,MV,Maison Voss,100,20,A800,MV SOHO New York,21930.21,6687.06,78,26209.31,27440.67,9454.05,101,33937.7,120,87,33,164,156,0
MV-74451,Unisex Weekender Modern,ANT,Anthracite,Leather Goods,Unisex,Luggage,Weekender,MV,Maison Voss,100,30,A800,MV SOHO New York,13572.25,4632.92,25,18053.59,11969.34,3684.97,25,18053.59,27,26,1,30,26,0
MV-71953,Women Suit Trousers Relaxed,BLU,Bleu Marine,Ready-to-Wear,Women,Suits,Suit Trousers,MVS,MV Signature,100,20,A800,MV SOHO New York,24891.15,9435.84,102,34348.37,27298.72,7109.64,124,41756.84,331,240,91,411,351,0
MV-68838,Men Suit Trousers Signature,BLU,Bleu Marine,Ready-to-Wear,Men,Suits,Suit Trousers,MV,Maison Voss,100,30,A800,MV SOHO New York,39422.44,14164.29,102,56219.43,38493.22,12969.33,88,48503.04,189,123,66,163,137,0
MV-23979,Women Check-In Relaxed,RSE,Rose Poudre,Leather Goods,Women,Luggage,Check-In,MV,Maison Voss,100,20,A800,MV SOHO New York,47561.67,12131.68,50,63300.08,50927.64,17030.53,51,64566.08,132,100,32,115,93,0
MV-35995,Unisex Check-In Modern,NOI,Noir,Leather Goods,Unisex,Luggage,Check-In,MVS,MV Signature,100,70,A800,MV SOHO New York,160524.95,42529.62,257,208791.35,185575.98,57062.45,321,260786.08,393,388,5,420,352,0
MV-90356,Women Loafers Signature,ANT,Anthracite,Footwear,Women,Flats,Loafers,MV,Maison Voss,100,20,A800,MV SOHO New York,3586.51,1294.82,9,4774.87,3539.42,953.73,9,4774.87,15,13,2,15,10,0
MV-62296,Unisex Bracelets Signature,BRG,Bordeaux,Accessories,Unisex,Jewelry,Bracelets,MVS,MV Signature,100,30,A800,MV SOHO New York,190.76,54.42,1,245.63,0.0,0.0,0,0.0,0,0,0,0,0,0
MV-28714,Men Trousers Luxe,ROG,Rouge,Ready-to-Wear,Men,Bottoms,Trousers,MV,Maison Voss,100,20,A800,MV SOHO New York,55331.96,20947.18,101,77901.34,56305.0,18586.24,104,80215.24,334,311,23,368,309,0
MV-49139,Men Wool Scarves Essential,IVR,Ivoire,Accessories,Men,Scarves,Wool Scarves,MV,Maison Voss,100,20,A800,MV SOHO New York,36521.63,11803.41,113,51866.27,34034.5,12461.64,107,49112.31,445,277,168,400,299,0
MV-76237,Women Skirts Classic,RSE,Rose Poudre,Ready-to-Wear,Women,Bottoms,Skirts,MV,Maison Voss,100,30,A800,MV SOHO New York,1672.23,484.45,8,2353.02,1131.45,396.42,6,1764.77,8,5,3,5,3,0
MV-41029,Women Ballet Flats Luxe,IVR,Ivoire,Footwear,Women,Flats,Ballet Flats,MV,Maison Voss,100,20,A800,MV SOHO New York,14227.54,4734.51,21,16987.21,14006.33,3567.82,20,16178.29,69,43,26,68,41,0
MV-57052,Men Day Dresses Signature,NVY,Navy,Ready-to-Wear,Men,Dresses,Day Dresses,MV,Maison Voss,100,20,A800,MV SOHO New York,486.59,141.19,1,625.79,0.0,0.0,0,0.0,3,2,1,2,1,0
MV-40005,Men Silk Scarves Classic,ROG,Rouge,Accessories,Men,Scarves,Silk Scarves,MVS,MV Signature,100,50,A800,MV SOHO New York,12555.67,4378.63,23,15489.86,13632.67,4632.58,26,17510.27,76,45,31,91,61,0
MV-65255,Women Evening Dresses Heritage,CAM,Camel,Ready-to-Wear,Women,Dresses,Evening Dresses,MV,Maison Voss,100,20,A800,MV SOHO New York,52550.94,14487.02,102,70857.04,71930.14,22649.34,128,88918.64,393,260,133,477,361,0
MV-12671,Men Ballet Flats Slim,IVR,Ivoire,Footwear,Men,Flats,Ballet Flats,MVS,MV Signature,100,30,A800,MV SOHO New York,14024.66,4875.41,50,19394.93,10403.19,2689.69,36,13964.35,45,35,10,29,27,0
MV-80468,Men Blouses Relaxed,NOI,Noir,Ready-to-Wear,Men,Tops,Blouses,MVS,MV Signature,100,30,A800,MV SOHO New York,10068.22,3818.0,29,14958.7,10615.17,3907.02,27,13927.06,40,28,12,38,27,0
MV-45986,Women Chain Belts Classic,ARG,Argent,Leather Goods,Women,Belts,Chain Belts,MV,Maison Voss,100,20,A800,MV SOHO New York,31270.66,8600.07,32,44756.99,38425.58,12099.5,39,54547.58,70,65,5,72,71,0
MV-91490,Women Midi Dresses,NOI,Noir,Ready-to-Wear,Women,Dresses,Midi Dresses,MV,Maison Voss,100,20,A800,MV SOHO New York,374.97,140.24,1,492.98,0.0,0.0,0,0.0,2,1,1,1,0,0
MV-47880,Women Shorts Relaxed,ECR,Ecru,Ready-to-Wear,Women,Bottoms,Shorts,MV,Maison Voss,100,30,A800,MV SOHO New York,13413.55,3638.76,24,16017.95,15965.57,5629.74,27,18020.2,56,51,5,74,66,0
MV-62521,Women Silk Scarves Luxe,CRM,Creme,Accessories,Women,Scarves,Silk Scarves,MVS,MV Signature,100,50,A800,MV SOHO New York,14269.61,4023.93,71,20982.96,13632.55,5120.46,61,18027.61,68,66,2,57,40,0
MV-49251,Men Slides Classic,TAN,Tan,Footwear,Men,Flats,Slides,MV,Maison Voss,100,20,A800,MV SOHO New York,168440.35,53612.71,252,247930.35,187751.57,70093.48,266,261704.26,933,818,115,1076,1023,0
MV-83975,Unisex Baseball Caps Classic,CRM,Creme,Accessories,Unisex,Hats,Baseball Caps,MVS,MV Signature,100,20,A800,MV SOHO New York,68951.11,20763.58,129,93102.73,70311.14,20081.79,125,90215.83,344,227,117,383,342,0
MV-66531,Unisex Key Holders Modern,ROG,Rouge,Leather Goods,Unisex,Small Leather Goods,Key Holders,MVS,MV Signature,100,20,A800,MV SOHO New York,898.69,317.23,1,1111.51,930.03,337.73,1,1111.51,0,0,0,0,0,0
MV-52487,Men Mini Bags Luxe,BRG,Bordeaux,Leather Goods,Men,Handbags,Mini Bags,MV,Maison Voss,100,30,A800,MV SOHO New York,66842.68,17828.81,157,88530.44,45129.51,12025.4,116,65411.02,273,201,72,210,207,0
MV-60181,Women Jackets Classic,CRM,Creme,Ready-to-Wear,Women,Outerwear,Jackets,MVS,MV Signature,100,70,A800,MV SOHO New York,61638.3,18324.12,105,80174.64,62368.16,20162.88,105,80174.64,261,194,67,300,243,0
MV-92203,Men Clutches,RSE,Rose Poudre,Leather Goods,Men,Handbags,Clutches,MV,Maison Voss,100,20,A800,MV SOHO New York,90392.69,34277.54,104,111265.19,82163.67,22922.35,96,102706.33,126,88,38,96,90,0
MV-56438,Men Boots Essential,NOI,Noir,Footwear,Men,Heels,Boots,MV,Maison Voss,100,20,A800,MV SOHO New York,10000.16,2927.46,42,13537.87,7349.95,2457.09,34,10959.23,56,54,2,47,42,0
MV-85914,Women Wallets,RSE,Rose Poudre,Leather Goods,Women,Small Leather Goods,Wallets,MV,Maison Voss,100,50,A800,MV SOHO New York,27946.26,7553.49,35,37996.9,23398.02,6346.95,28,30397.52,95,87,8,68,49,0
MV-92203,Men Clutches,CAM,Camel,Leather Goods,Men,Handbags,Clutches,MV,Maison Voss,100,20,A800,MV SOHO New York,20109.32,6348.08,24,23886.42,17869.47,4972.42,20,19905.35,51,50,1,35,21,0
MV-69692,Women Suit Sets Essential,NOI,Noir,Ready-to-Wear,Women,Suits,Suit Sets,MVS,MV Signature,100,20,A800,MV SOHO New York,1990.62,597.24,4,2820.96,2133.32,593.6,4,2820.96,8,5,3,8,6,0
MV-41029,Women Ballet Flats Luxe,VRT,Vert,Footwear,Women,Flats,Ballet Flats,MV,Maison Voss,100,20,A800,MV SOHO New York,7083.23,2005.92,17,8774.16,8797.6,2761.05,21,10838.66,37,31,6,52,48,0
MV-99181,Women Blazers Modern,BLU,Bleu Marine,Ready-to-Wear,Women,Outerwear,Blazers,MVS,MV Signature,100,20,A800,MV SOHO New York,11792.63,3240.68,19,16166.24,14054.98,4589.78,20,17017.09,38,35,3,39,35,0
MV-65851,Women Midi Dresses Slim,ROG,Rouge,Ready-to-Wear,Women,Dresses,Midi Dresses,MV,Maison Voss,100,20,A800,MV SOHO New York,14458.6,5460.06,45,17587.71,16151.25,5957.91,49,19151.06,93,82,11,105,85,0
MV-47880,Women Shorts Relaxed,IVR,Ivoire,Ready-to-Wear,Women,Bottoms,Shorts,MV,Maison Voss,100,50,A800,MV SOHO New York,53976.62,17727.33,94,62404.74,45176.6,14684.55,89,59085.34,101,98,3,94,86,0
MV-19862,Men Pumps Slim,ANT,Anthracite,Footwear,Men,Heels,Pumps,MV,Maison Voss,100,70,A800,MV SOHO New York,19915.48,6655.51,44,24422.69,14238.69,4622.41,36,19982.2,141,88,53,125,107,0
MV-68529,Men Ankle Boots,ANT,Anthracite,Footwear,Men,Boots,Ankle Boots,MVS,MV Signature,100,20,A800,MV SOHO New York,1827.49,547.02,4,2167.96,1911.17,634.43,4,2167.96,3,2,1,4,3,0
MV-96761,Men Jackets Essential,BRG,Bordeaux,Ready-to-Wear,Men,Outerwear,Jackets,MVS,MV Signature,100,20,A800,MV SOHO New York,84248.25,26777.0,218,116732.07,105472.3,38917.38,253,135473.46,771,605,166,992,734,0
MV-37460,Men Jackets Heritage,CAM,Camel,Ready-to-Wear,Men,Outerwear,Jackets,MV,Maison Voss,100,70,A800,MV SOHO New York,58715.33,15408.19,197,82399.05,41624.61,14194.95,144,60230.78,326,223,103,238,228,0
MV-23238,Women Knitwear Essential,SBL,Sable,Ready-to-Wear,Women,Tops,Knitwear,MV,Maison Voss,100,20,A800,MV SOHO New York,59675.26,21675.79,106,76091.12,55975.98,20945.52,110,78962.48,159,148,11,158,106,0
MV-86484,Men Blazers Essential,IVR,Ivoire,Ready-to-Wear,Men,Suits,Blazers,MV,Maison Voss,100,70,A800,MV SOHO New York,162266.84,44016.09,327,223478.58,148912.84,42264.32,267,182473.34,1071,873,198,746,643,0
MV-66531,Unisex Key Holders Modern,CHP,Champagne,Leather Goods,Unisex,Small Leather Goods,Key Holders,MVS,MV Signature,100,20,A800,MV SOHO New York,42211.92,13893.29,54,57520.02,34391.71,12215.85,47,50063.72,178,149,29,161,139,0
MV-62044,Women Low Top Classic,ECR,Ecru,Footwear,Women,Sneakers,Low Top,MVS,MV Signature,100,70,A800,MV SOHO New York,125832.53,42403.94,227,183707.06,150841.37,48551.66,262,212031.93,118,97,21,160,149,0
MV-39444,Men Key Holders Relaxed,ANT,Anthracite,Leather Goods,Men,Small Leather Goods,Key Holders,MV,Maison Voss,100,20,A800,MV SOHO New York,4272.92,1298.21,5,5783.95,3388.19,993.02,4,4627.16,13,8,5,13,12,0
MV-54725,Women Suit Trousers Classic,CAM,Camel,Ready-to-Wear,Women,Suits,Suit Trousers,MV,Maison Voss,100,20,A800,MV SOHO New York,15116.65,4633.15,31,19179.85,11408.24,3045.72,22,13611.51,17,12,5,10,7,0
MV-91490,Women Midi Dresses,TRP,Taupe,Ready-to-Wear,Women,Dresses,Midi Dresses,MV,Maison Voss,100,20,A800,MV SOHO New York,11036.99,3299.36,17,13589.93,10404.35,2614.01,16,12790.53,13,9,4,13,9,0
MV-44687,Men Card Holders Modern,NOI,Noir,Leather Goods,Men,Small Leather Goods,Card Holders,MVS,MV Signature,100,50,A800,MV SOHO New York,4263.73,1234.49,15,5399.29,4508.62,1344.1,16,5759.24,51,47,4,63,47,0
MV-60052,Unisex Evening Dresses,CHP,Champagne,Ready-to-Wear,Unisex,Dresses,Evening Dresses,MVS,MV Signature,100,50,A800,MV SOHO New York,5682.84,1464.05,10,7308.2,4476.36,1120.67,9,6577.38,23,19,4,25,23,0
MV-33703,Men Earrings Slim,CAM,Camel,Accessories,Men,Jewelry,Earrings,MVS,MV Signature,100,20,A800,MV SOHO New York,12405.44,3290.5,67,17444.9,15915.57,5433.36,82,21350.47,182,172,10,255,238,0
MV-30644,Men Chain Belts Slim,ECR,Ecru,Leather Goods,Men,Belts,Chain Belts,MV,Maison Voss,100,20,A800,MV SOHO New York,102522.44,35973.47,104,131082.02,114557.93,41651.77,124,156290.1,112,93,19,158,139,0
MV-20993,Men Wool Scarves Slim,NVY,Navy,Accessories,Men,Scarves,Wool Scarves,MV,Maison Voss,100,30,A800,MV SOHO New York,33026.69,9878.88,59,39160.0,27311.09,8076.17,48,31858.98,41,26,15,38,29,0
MV-59834,Women Skirts,GRG,Greige,Ready-to-Wear,Women,Bottoms,Skirts,MVS,MV Signature,100,20,A800,MV SOHO New York,1981.22,564.64,10,2712.13,2525.39,670.62,12,3254.55,27,22,5,37,29,0
MV-29597,Women Leather Belts,SBL,Sable,Leather Goods,Women,Belts,Leather Belts,MV,Maison Voss,100,20,A800,MV SOHO New York,50871.61,18868.85,114,69211.97,59578.69,17893.95,146,88639.89,76,59,17,102,94,0
MV-69459,Women Rings Signature,CAM,Camel,Accessories,Women,Jewelry,Rings,MV,Maison Voss,100,20,A800,MV SOHO New York,38612.25,12248.57,69,50415.33,26909.73,9218.72,49,35802.19,143,118,25,102,81,0
MV-97684,Unisex Bracelets Luxe,RSE,Rose Poudre,Accessories,Unisex,Jewelry,Bracelets,MV,Maison Voss,100,50,A800,MV SOHO New York,12398.29,3793.93,33,16409.85,15525.36,4238.51,42,20885.27,130,125,5,146,128,0
MV-47880,Women Shorts Relaxed,NOI,Noir,Ready-to-Wear,Women,Bottoms,Shorts,MV,Maison Voss,100,50,A800,MV SOHO New York,52250.55,18594.33,77,67450.93,45942.94,15012.0,74,64822.97,134,86,48,154,144,0
MV-98188,Women Knee High Heritage,VRT,Vert,Footwear,Women,Boots,Knee High,MV,Maison Voss,100,20,A800,MV SOHO New York,15104.76,5277.8,20,20193.28,10702.07,3401.6,15,15144.96,14,8,6,9,7,0
MV-99353,Women Tote Bags,TAN,Tan,Leather Goods,Women,Handbags,Tote Bags,MV,Maison Voss,100,50,A800,MV SOHO New York,18355.29,4872.83,29,25484.19,20171.38,5672.13,31,27241.72,22,20,2,19,13,0
MV-60052,Unisex Evening Dresses,BRG,Bordeaux,Ready-to-Wear,Unisex,Dresses,Evening Dresses,MVS,MV Signature,100,50,A800,MV SOHO New York,98953.72,30774.0,172,134148.38,92770.69,29689.31,158,123229.33,565,365,200,554,467,0
MV-47880,Women Shorts Relaxed,TRP,Taupe,Ready-to-Wear,Women,Bottoms,Shorts,MV,Maison Voss,100,20,A800,MV SOHO New York,12602.23,3602.35,23,17218.81,10326.83,3172.53,21,15721.53,15,11,4,12,10,0
MV-57943,Women Shorts Essential,CRM,Creme,Ready-to-Wear,Women,Bottoms,Shorts,MV,Maison Voss,100,50,A800,MV SOHO New York,22645.58,6411.98,43,29953.63,18706.51,5055.3,38,26470.65,105,100,5,113,99,0
MV-59672,Women Shoulder Bags Classic,NVY,Navy,Leather Goods,Women,Handbags,Shoulder Bags,MV,Maison Voss,100,30,A800,MV SOHO New York,128382.51,40449.38,152,166382.97,138425.58,52484.1,183,200316.34,585,362,223,683,661,0
MV-76263,Women High Top Essential,NVY,Navy,Footwear,Women,Sneakers,High Top,MV,Maison Voss,100,50,A800,MV SOHO New York,62489.86,21491.94,84,76760.83,43713.59,11474.04,62,56656.8,182,143,39,117,98,0
MV-54942,Men Square Frames Relaxed,BRG,Bordeaux,Accessories,Men,Sunglasses,Square Frames,MV,Maison Voss,100,70,A800,MV SOHO New York,1449.56,460.17,4,1961.1,670.47,252.92,2,980.55,9,6,3,7,4,0
MV-59308,Men Knitwear Essential,ANT,Anthracite,Ready-to-Wear,Men,Tops,Knitwear,MVS,MV Signature,100,20,A800,MV SOHO New York,5212.56,1307.72,10,7537.53,3996.96,1118.99,8,6030.02,11,8,3,10,8,0
MV-67905,Women High Top Luxe,ARG,Argent,Footwear,Women,Sneakers,High Top,MV,Maison Voss,100,20,A800,MV SOHO New York,436.13,143.66,1,568.7,0.0,0.0,0,0.0,2,1,1,2,1,0
MV-51704,Women Fedoras Luxe,CRM,Cognac,Accessories,Women,Hats,Fedoras,MV,Maison Voss,100,70,A800,MV SOHO New York,22681.44,7358.69,68,28667.06,16285.4,4246.54,56,23608.16,66,62,4,52,35,0
MV-51116,Unisex Tops Essential,SBL,Sable,Ready-to-Wear,Unisex,Tops,Tops,MV,Maison Voss,100,50,A800,MV SOHO New York,27396.44,8742.08,40,35215.33,30732.24,9989.31,46,40497.63,139,92,47,160,111,0
MV-71797,Men Shoulder Bags Classic,TRP,Taupe,Leather Goods,Men,Handbags,Shoulder Bags,MVS,MV Signature,100,50,A800,MV SOHO New York,4621.52,1469.35,9,6170.2,3208.43,803.85,7,4799.05,8,6,2,6,4,0
MV-92345,Women Leather Belts Modern,RSE,Rose Poudre,Leather Goods,Women,Belts,Leather Belts,MVS,MV Signature,100,50,A800,MV SOHO New York,174808.27,63993.61,218,232699.95,233324.63,88137.73,280,298880.67,723,505,218,1079,735,0
MV-43586,Women Jeans Signature,TRP,Taupe,Ready-to-Wear,Women,Bottoms,Jeans,MV,Maison Voss,100,20,A800,MV SOHO New York,28962.44,10312.23,52,39316.29,25948.83,6992.04,43,32511.55,204,140,64,157,109,0
MV-42541,Women Blazers Slim,CAM,Camel,Ready-to-Wear,Women,Suits,Blazers,MVS,MV Signature,100,20,A800,MV SOHO New York,5519.29,1613.66,19,6903.98,6384.84,1959.08,21,7630.72,46,36,10,60,44,0
MV-82135,Women Trousers Slim,NOI,Noir,Ready-to-Wear,Women,Bottoms,Trousers,MVS,MV Signature,100,20,A800,MV SOHO New York,14867.84,5443.46,47,19968.84,15190.47,5341.73,54,22942.92,51,48,3,48,45,0
MV-26683,Women Blazers Relaxed,BEG,Beige,Ready-to-Wear,Women,Outerwear,Blazers,MV,Maison Voss,100,20,A800,MV SOHO New York,28651.7,7867.92,78,37219.52,24209.48,8357.85,70,33402.14,162,146,16,169,112,0
MV-65444,Women Berets,TRP,Taupe,Accessories,Women,Hats,Berets,MVS,MV Signature,100,50,A800,MV SOHO New York,2958.39,946.7,5,4075.88,2298.43,821.54,4,3260.71,4,2,2,3,2,0
MV-26704,Men Pouches Classic,NVY,Navy,Leather Goods,Men,Small Leather Goods,Pouches,MVS,MV Signature,100,70,A800,MV SOHO New York,22833.44,6111.1,22,30811.59,15262.19,5682.82,15,21007.9,68,67,1,42,30,0
MV-69692,Women Suit Sets Essential,GRG,Greige,Ready-to-Wear,Women,Suits,Suit Sets,MVS,MV Signature,100,50,A800,MV SOHO New York,72707.5,26222.24,113,100034.38,70735.0,22693.67,109,96493.34,332,255,77,351,223,0
MV-33647,Men Coats Heritage,CHP,Champagne,Ready-to-Wear,Men,Outerwear,Coats,MVS,MV Signature,100,70,A800,MV SOHO New York,20624.87,7433.2,42,26237.3,20662.42,5832.23,42,26237.3,48,46,2,49,48,0
MV-38760,Unisex Rings Heritage,BRG,Bordeaux,Accessories,Unisex,Jewelry,Rings,MV,Maison Voss,100,50,A800,MV SOHO New York,25567.2,9142.66,54,34376.47,30815.99,9518.35,69,43925.49,168,157,11,239,189,0
MV-44718,Women Day Dresses Slim,IVR,Ivoire,Ready-to-Wear,Women,Dresses,Day Dresses,MVS,MV Signature,100,20,A800,MV SOHO New York,13178.27,3584.15,39,15526.15,12369.4,3111.69,41,16322.37,151,130,21,180,163,0
MV-74866,Women Wool Scarves Luxe,RSE,Rose Poudre,Accessories,Women,Scarves,Wool Scarves,MV,Maison Voss,100,50,A800,MV SOHO New York,1602.59,508.53,3,1930.66,1447.6,446.13,3,1930.66,7,6,1,6,5,0
MV-57052,Men Day Dresses Signature,ARG,Argent,Ready-to-Wear,Men,Dresses,Day Dresses,MV,Maison Voss,100,30,A800,MV SOHO New York,6833.47,2049.79,12,8685.04,6301.51,2270.8,12,8685.04,14,12,2,15,9,0
MV-79942,Men Blazers Essential,CAM,Camel,Ready-to-Wear,Men,Outerwear,Blazers,MVS,MV Signature,100,70,A800,MV SOHO New York,17865.97,5333.41,40,24232.38,12230.72,3845.31,28,16962.67,131,117,14,83,71,0
MV-20682,Men Loafers Slim,NOI,Noir,Footwear,Men,Flats,Loafers,MVS,MV Signature,100,20,A800,MV SOHO New York,9123.51,3024.0,16,12540.22,9143.54,3102.0,17,13323.99,29,20,9,27,19,0
MV-52415,Men Jeans Relaxed,BEG,Beige,Ready-to-Wear,Men,Bottoms,Jeans,MV,Maison Voss,100,20,A800,MV SOHO New York,1487.6,543.93,3,2000.71,1591.25,554.97,3,2000.71,6,4,2,5,3,0
MV-28191,Women Chelsea Boots Luxe,NOI,Noir,Footwear,Women,Boots,Chelsea Boots,MV,Maison Voss,100,20,A800,MV SOHO New York,47873.45,13489.94,128,68380.98,60057.13,22612.45,159,84942.0,293,235,58,341,280,0
MV-74866,Women Wool Scarves Luxe,ROG,Rouge,Accessories,Women,Scarves,Wool Scarves,MV,Maison Voss,100,20,A800,MV SOHO New York,140645.78,50527.52,274,178553.4,175279.01,47779.69,323,210484.48,960,850,110,1131,902,0
MV-74866,Women Wool Scarves Luxe,ARG,Argent,Accessories,Women,Scarves,Wool Scarves,MV,Maison Voss,100,20,A800,MV SOHO New York,42757.93,14491.23,108,64239.57,52600.66,16598.63,125,74351.35,356,246,110,479,421,0
MV-69459,Women Rings Signature,CRM,Creme,Accessories,Women,Jewelry,Rings,MV,Maison Voss,100,50,A800,MV SOHO New York,83455.49,28631.58,132,107126.55,77224.76,21930.66,131,106314.99,120,77,43,131,80,0
MV-20077,Men Chain Belts Slim,ROG,Rouge,Leather Goods,Men,Belts,Chain Belts,MVS,MV Signature,100,50,A800,MV SOHO New York,12924.41,3614.85,19,16648.88,13833.23,3679.58,20,17525.14,73,54,19,83,60,0
MV-78955,Women Pouches Modern,NOI,Noir,Leather Goods,Women,Small Leather Goods,Pouches,MV,Maison Voss,100,20,A800,MV SOHO New York,87526.75,30831.44,223,109799.46,62717.72,15817.72,173,85180.74,250,174,76,166,156,0
MV-70931,Men Chain Belts Essential,ROG,Rouge,Leather Goods,Men,Belts,Chain Belts,MVS,MV Signature,100,20,A800,MV SOHO New York,5591.85,1556.9,15,6614.83,4252.44,1536.89,13,5732.85,13,9,4,13,8,0
MV-70443,Women Card Holders Heritage,IVR,Ivoire,Leather Goods,Women,Small Leather Goods,Card Holders,MVS,MV Signature,100,20,A800,MV SOHO New York,201992.66,50986.65,208,254583.35,235502.69,86394.87,217,265598.98,154,129,25,182,164,0
MV-54589,Women Carry-On Slim,NVY,Navy,Leather Goods,Women,Luggage,Carry-On,MV,Maison Voss,100,20,A800,MV SOHO New York,361879.17,121636.84,363,442878.62,265961.53,99509.16,296,361135.18,405,380,25,351,289,0
MV-64377,Women Trousers Essential,NVY,Navy,Ready-to-Wear,Women,Bottoms,Trousers,MVS,MV Signature,100,50,A800,MV SOHO New York,27912.86,7277.09,85,34792.04,36428.91,12443.65,106,43387.72,285,175,110,351,230,0
MV-66881,Men Trousers Modern,ANT,Anthracite,Ready-to-Wear,Men,Bottoms,Trousers,MV,Maison Voss,100,20,A800,MV SOHO New York,138399.39,34729.4,273,172180.62,107787.76,37257.57,199,125508.95,992,868,124,835,618,0
MV-47196,Women Wallets,BLU,Bleu Marine,Leather Goods,Women,Small Leather Goods,Wallets,MVS,MV Signature,100,70,A800,MV SOHO New York,32472.75,12230.45,58,41163.2,28911.88,7362.03,54,38324.36,200,166,34,179,115,0
MV-20543,Men Check-In Classic,BLU,Bleu Marine,Leather Goods,Men,Luggage,Check-In,MVS,MV Signature,100,20,A800,MV SOHO New York,20968.18,5845.38,20,27423.14,21236.17,5655.72,23,31536.61,51,39,12,49,46,0
MV-54589,Women Carry-On Slim,CRM,Cognac,Leather Goods,Women,Luggage,Carry-On,MV,Maison Voss,100,50,A800,MV SOHO New York,36952.92,13285.39,39,45829.59,43619.63,12821.37,50,58755.89,105,80,25,126,87,0
MV-52415,Men Jeans Relaxed,CRM,Creme,Ready-to-Wear,Men,Bottoms,Jeans,MV,Maison Voss,100,20,A800,MV SOHO New York,24104.55,6654.78,62,31483.15,22970.76,7549.38,62,31483.15,158,150,8,128,77,0
MV-62521,Women Silk Scarves Luxe,BEG,Beige,Accessories,Women,Scarves,Silk Scarves,MVS,MV Signature,100,20,A800,MV SOHO New York,1614.49,493.98,5,2318.28,1411.08,397.01,4,1854.62,4,3,1,3,2,0
MV-46421,Women Knee High Slim,NOI,Noir,Footwear,Women,Boots,Knee High,MVS,MV Signature,100,20,A800,MV SOHO New York,25659.05,8805.14,67,33617.61,30884.06,10637.05,86,43150.96,256,193,63,362,310,0
MV-76132,Unisex Leather Belts Slim,CRM,Creme,Leather Goods,Unisex,Belts,Leather Belts,MV,Maison Voss,100,20,A800,MV SOHO New York,98379.53,25808.88,274,138929.29,100861.62,38032.89,290,147041.95,237,191,46,294,177,0
MV-71537,Women Trousers Heritage,NOI,Noir,Ready-to-Wear,Women,Bottoms,Trousers,MVS,MV Signature,100,50,A800,MV SOHO New York,3290.24,1215.71,14,4367.58,2743.91,951.0,12,3743.64,52,39,13,54,42,0
MV-62034,Women Necklaces Luxe,TRP,Taupe,Accessories,Women,Jewelry,Necklaces,MVS,MV Signature,100,50,A800,MV SOHO New York,30071.34,10009.5,108,38090.38,26780.88,8488.9,100,35268.87,411,409,2,420,365,0
MV-51441,Women Jackets Modern,TRP,Taupe,Ready-to-Wear,Women,Outerwear,Jackets,MVS,MV Signature,100,20,A800,MV SOHO New York,104289.71,39044.59,164,144113.62,104739.62,26323.22,169,148507.33,591,415,176,726,596,0
MV-69446,Unisex Evening Dresses Modern,ANT,Anthracite,Ready-to-Wear,Unisex,Dresses,Evening Dresses,MV,Maison Voss,100,20,A800,MV SOHO New York,37977.72,11353.72,198,48511.29,43088.14,12426.45,231,56596.5,273,249,24,347,306,0
MV-80807,Men Ballet Flats Heritage,ANT,Anthracite,Footwear,Men,Flats,Ballet Flats,MV,Maison Voss,100,20,A800,MV SOHO New York,165999.64,47900.38,222,241968.45,194294.56,63235.27,280,305185.43,386,379,7,577,357,0
MV-54942,Men Square Frames Relaxed,SBL,Sable,Accessories,Men,Sunglasses,Square Frames,MV,Maison Voss,100,50,A800,MV SOHO New York,30062.38,9175.47,50,41600.65,29708.15,10970.05,45,37440.59,48,37,11,37,25,0
MV-68929,Women Crossbody Bags Relaxed,ARG,Argent,Leather Goods,Women,Handbags,Crossbody Bags,MV,Maison Voss,100,30,A800,MV SOHO New York,83278.9,24320.95,261,116003.08,55192.12,18425.73,186,82668.86,236,208,28,179,139,0
MV-30866,Women Loafers Modern,CAM,Camel,Footwear,Women,Flats,Loafers,MVS,MV Signature,100,50,A800,MV SOHO New York,43302.95,11768.14,97,59338.88,34060.02,10122.32,74,45268.84,162,156,6,109,94,0
MV-87993,Women Fedoras Modern,VRT,Vert,Accessories,Women,Hats,Fedoras,MVS,MV Signature,100,20,A800,MV SOHO New York,2459.11,725.53,12,3195.22,3309.18,1225.7,15,3994.03,26,18,8,27,20,0
MV-96870,Women Day Dresses Relaxed,CHP,Champagne,Ready-to-Wear,Women,Dresses,Day Dresses,MVS,MV Signature,100,30,A800,MV SOHO New York,15725.91,5185.83,44,20918.55,15823.38,4390.47,45,21393.98,152,136,16,164,157,0
MV-85914,Women Wallets,NOI,Noir,Leather Goods,Women,Small Leather Goods,Wallets,MV,Maison Voss,100,50,A800,MV SOHO New York,94609.7,31781.73,87,130629.04,92511.79,27384.74,89,133632.01,333,217,116,281,263,0
MV-71057,Women Boots,IVR,Ivoire,Footwear,Women,Heels,Boots,MVS,MV Signature,100,20,A800,MV SOHO New York,7255.75,2337.44,19,9467.83,8742.62,2589.81,24,11959.36,20,19,1,25,24,0
MV-26683,Women Blazers Relaxed,CRM,Creme,Ready-to-Wear,Women,Outerwear,Blazers,MV,Maison Voss,100,50,A800,MV SOHO New York,15023.85,5373.47,70,21706.53,19931.55,6469.12,86,26668.03,173,128,45,245,233,0
MV-69446,Unisex Evening Dresses Modern,CRM,Cognac,Ready-to-Wear,Unisex,Dresses,Evening Dresses,MV,Maison Voss,100,50,A800,MV SOHO New York,32288.54,11567.33,75,40341.25,24527.3,6931.78,58,31197.23,176,166,10,128,93,0
MV-82199,Men Shorts Classic,NOI,Noir,Ready-to-Wear,Men,Bottoms,Shorts,MVS,MV Signature,100,20,A800,MV SOHO New York,7996.56,2585.88,12,10661.93,8167.77,2611.84,13,11550.43,46,43,3,53,49,0
MV-80143,Men Knitwear Classic,CRM,Creme,Ready-to-Wear,Men,Tops,Knitwear,MVS,MV Signature,100,50,A800,MV SOHO New York,15973.81,5758.98,57,21991.18,19675.91,5785.74,67,25849.28,31,23,8,32,19,0
MV-19862,Men Pumps Slim,BEG,Beige,Footwear,Men,Heels,Pumps,MV,Maison Voss,100,20,A800,MV SOHO New York,23827.59,7931.13,101,33556.5,26482.06,8217.63,102,33888.75,192,126,66,209,130,0
MV-78955,Women Pouches Modern,GRG,Greige,Leather Goods,Women,Small Leather Goods,Pouches,MV,Maison Voss,100,50,A800,MV SOHO New York,26086.7,7722.17,47,36525.0,28470.94,8912.96,57,44296.28,183,165,18,211,186,0
MV-49139,Men Wool Scarves Essential,NOI,Noir,Accessories,Men,Scarves,Wool Scarves,MV,Maison Voss,100,50,A800,MV SOHO New York,419.84,148.54,1,619.34,0.0,0.0,0,0.0,2,1,1,1,0,0
MV-14852,Men Loafers Slim,ECR,Ecru,Footwear,Men,Flats,Loafers,MV,Maison Voss,100,50,A800,MV SOHO New York,443.97,120.43,1,581.95,436.24,130.45,1,581.95,3,2,1,3,2,0
MV-27892,Men Suit Trousers Modern,RSE,Rose Poudre,Ready-to-Wear,Men,Suits,Suit Trousers,MV,Maison Voss,100,70,A800,MV SOHO New York,12906.96,4345.53,30,15419.05,12828.97,3274.44,33,16960.95,57,51,6,67,66,0
MV-71474,Men Loafers Relaxed,RSE,Rose Poudre,Footwear,Men,Flats,Loafers,MV,Maison Voss,100,20,A800,MV SOHO New York,63094.29,17665.64,179,79546.88,81098.63,30283.22,221,98211.52,578,449,129,802,656,0
MV-63225,Unisex Key Holders,ARG,Argent,Leather Goods,Unisex,Small Leather Goods,Key Holders,MVS,MV Signature,100,20,A800,MV SOHO New York,9328.07,2526.21,17,13406.9,7257.56,2067.27,12,9463.69,60,46,14,40,28,0
MV-66531,Unisex Key Holders Modern,VRT,Vert,Leather Goods,Unisex,Small Leather Goods,Key Holders,MVS,MV Signature,100,20,A800,MV SOHO New York,49481.04,14217.96,69,60057.45,59959.32,16458.68,88,76595.01,242,191,51,263,203,0
MV-92203,Men Clutches,BEG,Beige,Leather Goods,Men,Handbags,Clutches,MV,Maison Voss,100,20,A800,MV SOHO New York,6561.45,1785.86,17,8083.27,9249.21,2847.65,22,10460.71,23,18,5,34,30,0
MV-12180,Men High Top Signature,TRP,Taupe,Footwear,Men,Sneakers,High Top,MVS,MV Signature,100,20,A800,MV SOHO New York,10286.19,2979.82,26,14400.2,12096.17,4443.56,32,17723.32,103,64,39,108,81,0
MV-39102,Men Day Dresses Luxe,BEG,Beige,Ready-to-Wear,Men,Dresses,Day Dresses,MV,Maison Voss,100,20,A800,MV SOHO New York,35636.12,12931.03,130,45323.54,30733.38,9771.64,127,44277.62,340,234,106,293,190,0
MV-84531,Women Check-In Classic,BEG,Beige,Leather Goods,Women,Luggage,Check-In,MVS,MV Signature,100,50,A800,MV SOHO New York,59469.62,14942.97,90,83095.71,80005.73,25508.78,111,102484.71,59,51,8,85,81,0
MV-82924,Women Low Top Classic,ROG,Rouge,Footwear,Women,Sneakers,Low Top,MV,Maison Voss,100,50,A800,MV SOHO New York,1401.01,480.59,6,2058.3,935.91,301.59,4,1372.2,19,14,5,14,9,0
MV-20336,Men Blazers Heritage,IVR,Ivoire,Ready-to-Wear,Men,Suits,Blazers,MV,Maison Voss,100,20,A800,MV SOHO New York,25448.83,6620.9,38,32989.42,21487.2,6947.17,31,26912.42,110,88,22,80,77,0
MV-91830,Women Bracelets,CAM,Camel,Accessories,Women,Jewelry,Bracelets,MV,Maison Voss,100,30,A800,MV SOHO New York,497.16,124.5,2,700.37,260.22,95.44,1,350.19,4,3,1,2,1,0
MV-70521,Men Mules Luxe,NVY,Navy,Footwear,Men,Heels,Mules,MV,Maison Voss,100,20,A800,MV SOHO New York,22900.09,8624.26,45,29006.31,18585.31,5987.22,36,23205.05,37,35,2,35,27,0
MV-84341,Men Sandals Signature,CAM,Camel,Footwear,Men,Heels,Sandals,MV,Maison Voss,100,50,A800,MV SOHO New York,23283.79,6922.07,74,30598.89,25950.08,9517.18,82,33906.88,207,139,68,248,201,0
MV-21542,Women Clutches Signature,CRM,Creme,Leather Goods,Women,Handbags,Clutches,MVS,MV Signature,100,70,A800,MV SOHO New York,2740.84,864.67,8,3728.69,1699.7,440.98,5,2330.43,24,21,3,17,10,0
MV-70521,Men Mules Luxe,ROG,Rouge,Footwear,Men,Heels,Mules,MV,Maison Voss,100,20,A800,MV SOHO New York,13764.68,4390.91,23,15909.45,10728.98,2781.21,18,12450.88,38,23,15,31,23,0
MV-53228,Women Shoulder Bags Essential,BEG,Beige,Leather Goods,Women,Handbags,Shoulder Bags,MV,Maison Voss,100,20,A800,MV SOHO New York,24561.6,7864.77,34,33139.98,23275.96,8559.55,32,31190.57,84,82,2,97,88,0
MV-99181,Women Blazers Modern,CAM,Camel,Ready-to-Wear,Women,Outerwear,Blazers,MVS,MV Signature,100,70,A800,MV SOHO New York,99884.34,32400.73,173,139281.85,103461.55,29226.91,188,151358.31,278,258,20,292,235,0
MV-26505,Men Leather Belts Relaxed,CAM,Camel,Leather Goods,Men,Belts,Leather Belts,MV,Maison Voss,100,20,A800,MV SOHO New York,369882.37,112393.24,344,453971.83,373330.05,135061.73,331,436815.92,274,211,63,305,284,0
MV-50213,Women Tops Slim,BRG,Bordeaux,Ready-to-Wear,Women,Tops,Tops,MV,Maison Voss,100,20,A800,MV SOHO New York,588.89,168.62,3,848.95,426.75,133.94,2,565.97,11,7,4,13,12,0
MV-71953,Women Suit Trousers Relaxed,BEG,Beige,Ready-to-Wear,Women,Suits,Suit Trousers,MVS,MV Signature,100,50,A800,MV SOHO New York,18539.68,4724.45,98,22522.94,14324.37,4627.34,74,17007.12,308,200,108,239,172,0
MV-78146,Men Day Dresses,ECR,Ecru,Ready-to-Wear,Men,Dresses,Day Dresses,MV,Maison Voss,100,20,A800,MV SOHO New York,9236.65,2885.11,32,12052.36,10154.65,2830.89,34,12805.63,105,96,9,112,85,0
MV-68838,Men Suit Trousers Signature,ARG,Argent,Ready-to-Wear,Men,Suits,Suit Trousers,MV,Maison Voss,100,70,A800,MV SOHO New York,9451.06,2863.61,34,13225.09,10560.01,3421.14,37,14392.01,86,66,20,106,75,0
MV-38760,Unisex Rings Heritage,ARG,Argent,Accessories,Unisex,Jewelry,Rings,MV,Maison Voss,100,30,A800,MV SOHO New York,26143.9,8831.65,96,33121.81,33796.58,10538.84,118,40712.22,328,245,83,449,432,0
MV-99173,Women Card Holders Modern,ROG,Rouge,Leather Goods,Women,Small Leather Goods,Card Holders,MV,Maison Voss,100,20,A800,MV SOHO New York,79972.29,25844.77,172,105643.06,79463.01,26972.84,170,104414.66,252,185,67,222,139,0
MV-14877,Women Necklaces Heritage,ROG,Rouge,Accessories,Women,Jewelry,Necklaces,MV,Maison Voss,100,70,A800,MV SOHO New York,51742.02,18038.09,207,65433.84,49131.9,17946.38,212,67014.37,376,268,108,349,254,0
MV-95191,Women Coats Signature,BRG,Bordeaux,Ready-to-Wear,Women,Outerwear,Coats,MV,Maison Voss,100,20,A800,MV SOHO New York,34262.08,10868.44,59,47156.95,25848.57,8538.31,43,34368.63,192,160,32,144,90,0
MV-64524,Women Check-In Modern,IVR,Ivoire,Leather Goods,Women,Luggage,Check-In,MV,Maison Voss,100,50,A800,MV SOHO New York,25767.53,8415.24,30,37454.78,25547.07,6395.25,28,34957.8,102,81,21,110,108,0
MV-99173,Women Card Holders Modern,TAN,Tan,Leather Goods,Women,Small Leather Goods,Card Holders,MV,Maison Voss,100,20,A800,MV SOHO New York,54236.67,13626.91,106,70785.98,50215.86,17326.96,101,67447.02,171,161,10,132,101,0
MV-97684,Unisex Bracelets Luxe,GRG,Greige,Accessories,Unisex,Jewelry,Bracelets,MV,Maison Voss,100,30,A800,MV SOHO New York,8149.93,2569.81,19,11654.84,5829.94,1930.9,13,7974.36,23,14,9,13,9,0
MV-11214,Men Coats Heritage,BRG,Bordeaux,Ready-to-Wear,Men,Outerwear,Coats,MVS,MV Signature,100,50,A800,MV SOHO New York,34220.53,12738.98,57,44315.02,24245.11,7238.44,46,35763.0,101,73,28,75,56,0
MV-67961,Men Wool Scarves Heritage,CAM,Camel,Accessories,Men,Scarves,Wool Scarves,MV,Maison Voss,100,30,A800,MV SOHO New York,18294.51,6438.72,30,24670.06,20165.24,6074.95,32,26314.74,106,77,29,107,73,0
MV-52415,Men Jeans Relaxed,TAN,Tan,Ready-to-Wear,Men,Bottoms,Jeans,MV,Maison Voss,100,20,A800,MV SOHO New York,33794.14,8960.07,73,40888.7,23654.34,8615.35,52,29126.19,241,227,14,183,123,0
MV-20077,Men Chain Belts Slim,NVY,Navy,Leather Goods,Men,Belts,Chain Belts,MVS,MV Signature,100,20,A800,MV SOHO New York,10799.06,3543.25,18,15452.46,8362.54,2854.21,14,12018.58,14,8,6,9,8,0
MV-62521,Women Silk Scarves Luxe,IVR,Ivoire,Accessories,Women,Scarves,Silk Scarves,MVS,MV Signature,100,50,A800,MV SOHO New York,8656.91,3048.01,14,10783.49,6867.68,2060.21,12,9242.99,16,14,2,12,7,0
MV-54942,Men Square Frames Relaxed,VRT,Vert,Accessories,Men,Sunglasses,Square Frames,MV,Maison Voss,100,20,A800,MV SOHO New York,69230.26,21224.65,172,84883.79,74975.8,22645.19,185,91299.43,523,428,95,627,611,0
MV-49139,Men Wool Scarves Essential,GRG,Greige,Accessories,Men,Scarves,Wool Scarves,MV,Maison Voss,100,20,A800,MV SOHO New York,3383.03,930.62,7,4680.84,2585.18,976.03,5,3343.46,26,21,5,16,10,0
MV-65444,Women Berets,IVR,Ivoire,Accessories,Women,Hats,Berets,MVS,MV Signature,100,20,A800,MV SOHO New York,19068.25,6390.61,48,25146.59,17839.5,6532.82,46,24098.82,58,35,23,59,42,0
MV-75308,Men Ballet Flats,VRT,Vert,Footwear,Men,Flats,Ballet Flats,MVS,MV Signature,100,70,A800,MV SOHO New York,4288.72,1252.57,17,5444.25,5246.9,1878.82,19,6084.75,44,36,8,60,47,0
MV-78614,Women Trousers Signature,ECR,Ecru,Ready-to-Wear,Women,Bottoms,Trousers,MV,Maison Voss,100,20,A800,MV SOHO New York,1099.53,329.43,2,1613.31,1084.46,300.68,2,1613.31,3,2,1,3,2,0
MV-20350,Women Card Holders Essential,NVY,Navy,Leather Goods,Women,Small Leather Goods,Card Holders,MVS,MV Signature,100,30,A800,MV SOHO New York,1121.61,346.81,2,1684.02,572.42,214.13,1,842.01,7,5,2,5,4,0
MV-47243,Men Boots Heritage,VRT,Vert,Footwear,Men,Heels,Boots,MV,Maison Voss,100,50,A800,MV SOHO New York,8321.71,2166.5,13,10383.37,9167.89,2794.54,15,11980.82,20,18,2,25,16,0
MV-98815,Men Check-In,CAM,Camel,Leather Goods,Men,Luggage,Check-In,MVS,MV Signature,100,20,A800,MV SOHO New York,111818.46,37033.75,139,137712.99,118990.15,40386.14,153,151583.36,508,346,162,655,531,0
MV-71474,Men Loafers Relaxed,IVR,Ivoire,Footwear,Men,Flats,Loafers,MV,Maison Voss,100,50,A800,MV SOHO New York,10369.05,3248.6,22,14302.37,13253.58,4634.1,28,18203.01,51,47,4,67,55,0
MV-70931,Men Chain Belts Essential,SBL,Sable,Leather Goods,Men,Belts,Chain Belts,MVS,MV Signature,100,50,A800,MV SOHO New York,146566.67,54821.11,207,192182.56,126910.65,33743.8,197,182898.38,605,441,164,470,418,0
MV-60052,Unisex Evening Dresses,SBL,Sable,Ready-to-Wear,Unisex,Dresses,Evening Dresses,MVS,MV Signature,100,20,A800,MV SOHO New York,12346.62,3172.2,60,15737.46,10062.72,2695.82,52,13639.14,93,68,25,69,56,0
MV-15513,Unisex Shorts Heritage,NVY,Navy,Ready-to-Wear,Unisex,Bottoms,Shorts,MVS,MV Signature,100,20,A800,MV SOHO New York,13601.03,3497.17,39,17797.3,13925.69,4056.4,42,19166.32,31,26,5,35,34,0
MV-45986,Women Chain Belts Classic,IVR,Ivoire,Leather Goods,Women,Belts,Chain Belts,MV,Maison Voss,100,50,A800,MV SOHO New York,29530.1,8588.5,59,37802.32,33015.89,10499.56,76,48694.51,153,133,20,211,128,0
MV-80798,Men Chain Belts Modern,TRP,Taupe,Leather Goods,Men,Belts,Chain Belts,MV,Maison Voss,100,20,A800,MV SOHO New York,33135.82,10763.96,50,40338.39,34681.69,11701.78,56,45178.99,62,57,5,73,72,0
MV-23133,Men Trousers Essential,IVR,Ivoire,Ready-to-Wear,Men,Bottoms,Trousers,MV,Maison Voss,100,70,A800,MV SOHO New York,41739.49,12087.03,98,53822.81,53528.11,18089.58,127,69749.96,184,128,56,263,208,0
MV-71953,Women Suit Trousers Relaxed,ANT,Anthracite,Ready-to-Wear,Women,Suits,Suit Trousers,MVS,MV Signature,100,20,A800,MV SOHO New York,8592.96,2607.54,22,10927.84,10210.15,3088.45,25,12418.0,28,19,9,32,21,0
MV-87993,Women Fedoras Modern,BEG,Beige,Accessories,Women,Hats,Fedoras,MVS,MV Signature,100,20,A800,MV SOHO New York,4954.77,1766.4,30,6247.02,5443.16,1725.71,34,7079.96,46,38,8,50,37,0
MV-59015,Unisex Baseball Caps Relaxed,RSE,Rose Poudre,Accessories,Unisex,Hats,Baseball Caps,MV,Maison Voss,100,30,A800,MV SOHO New York,55163.48,19548.39,154,78516.1,51141.53,18217.96,128,65260.14,597,513,84,456,297,0
MV-64524,Women Check-In Modern,CHP,Champagne,Leather Goods,Women,Luggage,Check-In,MV,Maison Voss,100,20,A800,MV SOHO New York,62887.45,20063.29,201,87684.06,44004.59,12428.62,144,62818.43,279,224,55,203,196,0
MV-59391,Women Weekender Signature,CRM,Cognac,Leather Goods,Women,Luggage,Weekender,MVS,MV Signature,100,20,A800,MV SOHO New York,44164.46,13334.15,153,58487.51,44173.78,13491.61,142,54282.53,300,184,116,327,274,0
MV-49472,Men Square Frames Modern,VRT,Vert,Accessories,Men,Sunglasses,Square Frames,MV,Maison Voss,100,20,A800,MV SOHO New York,18148.88,6785.46,37,24397.34,21158.86,7841.91,43,28353.66,101,73,28,128,112,0
MV-90209,Men Suit Sets Modern,CAM,Camel,Ready-to-Wear,Men,Suits,Suit Sets,MV,Maison Voss,100,20,A800,MV SOHO New York,47035.8,16737.33,104,65873.1,34079.23,11746.08,78,49404.83,358,321,37,237,165,0
MV-68493,Women Chain Belts Relaxed,BLU,Bleu Marine,Leather Goods,Women,Belts,Chain Belts,MV,Maison Voss,100,50,A800,MV SOHO New York,27047.91,7703.45,44,39511.62,22813.82,8065.78,39,35021.66,90,88,2,66,62,0
MV-71474,Men Loafers Relaxed,BRG,Bordeaux,Footwear,Men,Flats,Loafers,MV,Maison Voss,100,50,A800,MV SOHO New York,32360.73,8365.02,47,48389.53,38253.77,10626.7,54,55596.49,111,69,42,136,129,0
MV-76263,Women High Top Essential,ANT,Anthracite,Footwear,Women,Sneakers,High Top,MV,Maison Voss,100,50,A800,MV SOHO New York,8922.62,3389.63,15,12583.59,7629.23,2273.73,13,10905.78,54,40,14,48,30,0
MV-86556,Women Evening Dresses Classic,CRM,Creme,Ready-to-Wear,Women,Dresses,Evening Dresses,MV,Maison Voss,100,20,A800,MV SOHO New York,33985.18,9646.36,61,43360.26,40802.73,13780.41,78,55444.27,46,38,8,66,53,0
MV-17592,Men Coats Relaxed,BRG,Bordeaux,Ready-to-Wear,Men,Outerwear,Coats,MVS,MV Signature,100,50,A800,MV SOHO New York,6200.37,2341.7,14,8225.24,7880.38,2318.05,17,9987.79,46,32,14,49,41,0
MV-41358,Men Chelsea Boots Heritage,ARG,Argent,Footwear,Men,Boots,Chelsea Boots,MV,Maison Voss,100,20,A800,MV SOHO New York,22336.63,7598.1,27,29797.32,18172.92,5750.89,25,27590.11,92,64,28,103,82,0
MV-38183,Men Suit Trousers Essential,CHP,Champagne,Ready-to-Wear,Men,Suits,Suit Trousers,MVS,MV Signature,100,50,A800,MV SOHO New York,82456.98,23542.88,133,101216.46,92240.67,24117.92,154,117198.01,471,342,129,518,492,0
MV-77033,Women Weekender Modern,CAM,Camel,Leather Goods,Women,Luggage,Weekender,MVS,MV Signature,100,50,A800,MV SOHO New York,5412.63,1600.36,16,6780.73,6480.16,1730.52,20,8475.92,30,18,12,39,30,0
MV-65296,Women Ankle Boots Slim,GRG,Greige,Footwear,Women,Boots,Ankle Boots,MV,Maison Voss,100,30,A800,MV SOHO New York,3330.32,974.67,5,4410.92,3385.4,1194.33,5,4410.92,6,4,2,5,3,0
MV-72722,Women Midi Dresses Slim,SBL,Sable,Ready-to-Wear,Women,Dresses,Midi Dresses,MVS,MV Signature,100,50,A800,MV SOHO New York,1201.86,405.58,4,1778.81,913.18,235.56,3,1334.11,15,13,2,12,8,0
MV-73532,Women Midi Dresses Modern,CRM,Cognac,Ready-to-Wear,Women,Dresses,Midi Dresses,MVS,MV Signature,100,20,A800,MV SOHO New York,122054.19,35944.36,195,180264.98,139647.6,38342.12,202,186736.03,115,70,45,131,111,0
MV-92478,Women Blazers Classic,VRT,Vert,Ready-to-Wear,Women,Outerwear,Blazers,MV,Maison Voss,100,70,A800,MV SOHO New York,25283.66,7518.34,48,32908.59,23508.92,8044.04,44,30166.21,142,138,4,144,108,0
MV-74451,Unisex Weekender Modern,CAM,Camel,Leather Goods,Unisex,Luggage,Weekender,MV,Maison Voss,100,50,A800,MV SOHO New York,18757.04,6021.53,36,25233.76,18945.86,5277.43,33,23130.94,142,98,44,118,98,0
MV-38183,Men Suit Trousers Essential,TAN,Tan,Ready-to-Wear,Men,Suits,Suit Trousers,MVS,MV Signature,100,20,A800,MV SOHO New York,22288.29,7779.54,114,30426.15,16581.1,5324.24,85,22686.16,268,180,88,230,224,0
MV-33509,Unisex Fedoras Signature,NOI,Noir,Accessories,Unisex,Hats,Fedoras,MVS,MV Signature,100,50,A800,MV SOHO New York,53370.1,16434.83,124,68225.24,55322.65,15258.82,140,77028.5,358,224,134,423,326,0
MV-53228,Women Shoulder Bags Essential,TRP,Taupe,Leather Goods,Women,Handbags,Shoulder Bags,MV,Maison Voss,100,30,A800,MV SOHO New York,20291.64,6897.89,27,28513.38,21690.4,5472.58,27,28513.38,56,40,16,65,43,0
MV-10336,Men Blazers Heritage,ECR,Ecru,Ready-to-Wear,Men,Suits,Blazers,MV,Maison Voss,100,50,A800,MV SOHO New York,31086.83,11567.66,81,39318.75,36472.49,12945.56,100,48541.66,184,136,48,223,163,0
MV-92345,Women Leather Belts Modern,CRM,Cognac,Leather Goods,Women,Belts,Leather Belts,MVS,MV Signature,100,30,A800,MV SOHO New York,32885.04,8763.65,101,39041.28,32371.2,9153.63,100,38654.73,330,275,55,267,209,0
MV-47512,Men Tops Relaxed,TAN,Tan,Ready-to-Wear,Men,Tops,Tops,MVS,MV Signature,100,20,A800,MV SOHO New York,13947.57,4384.29,73,18068.44,11759.76,3878.42,62,15345.8,47,33,14,44,40,0
MV-91830,Women Bracelets,RSE,Rose Poudre,Accessories,Women,Jewelry,Bracelets,MV,Maison Voss,100,20,A800,MV SOHO New York,3972.58,1315.47,11,5634.45,4180.79,1410.79,11,5634.45,10,6,4,11,9,0
MV-84531,Women Check-In Classic,ANT,Anthracite,Leather Goods,Women,Luggage,Check-In,MVS,MV Signature,100,70,A800,MV SOHO New York,109848.45,31070.38,143,160152.34,87319.46,23252.5,106,118714.32,288,285,3,237,179,0
MV-76039,Women Boots Relaxed,ARG,Argent,Footwear,Women,Heels,Boots,MVS,MV Signature,100,20,A800,MV SOHO New York,13176.02,3879.21,53,16365.83,14133.49,4207.07,59,18218.56,209,184,25,237,152,0
MV-17592,Men Coats Relaxed,VRT,Vert,Ready-to-Wear,Men,Outerwear,Coats,MVS,MV Signature,100,20,A800,MV SOHO New York,4163.76,1089.97,22,5559.8,2758.44,746.39,16,4043.49,54,33,21,45,35,0
MV-31581,Men Key Holders Slim,NVY,Navy,Leather Goods,Men,Small Leather Goods,Key Holders,MVS,MV Signature,100,50,A800,MV SOHO New York,21939.42,6562.36,38,29243.86,22662.11,8030.78,42,32322.16,38,35,3,37,28,0
MV-70931,Men Chain Belts Essential,CAM,Camel,Leather Goods,Men,Belts,Chain Belts,MVS,MV Signature,100,20,A800,MV SOHO New York,1890.05,500.94,2,2471.4,1853.11,555.01,2,2471.4,6,3,3,7,6,0
MV-96275,Women Coats Essential,ANT,Anthracite,Ready-to-Wear,Women,Outerwear,Coats,MV,Maison Voss,100,70,A800,MV SOHO New York,3899.95,994.94,9,5682.19,3136.25,971.26,7,4419.48,29,17,12,24,18,0
MV-99173,Women Card Holders Modern,BEG,Beige,Leather Goods,Women,Small Leather Goods,Card Holders,MV,Maison Voss,100,50,A800,MV SOHO New York,88954.36,25377.35,100,118534.45,88814.41,29566.61,97,114978.41,287,257,30,283,211,0
MV-17592,Men Coats Relaxed,TRP,Taupe,Ready-to-Wear,Men,Outerwear,Coats,MVS,MV Signature,100,20,A800,MV SOHO New York,188.71,65.04,1,239.51,189.16,62.86,1,239.51,3,2,1,3,2,0
MV-26551,Women Mules Luxe,NVY,Navy,Footwear,Women,Heels,Mules,MV,Maison Voss,100,50,A800,MV SOHO New York,8552.66,2379.93,37,11374.77,9512.0,3397.69,39,11989.62,81,57,24,94,71,0
MV-67637,Men Midi Dresses Essential,BRG,Bordeaux,Ready-to-Wear,Men,Dresses,Midi Dresses,MV,Maison Voss,100,20,A800,MV SOHO New York,9982.19,2770.7,51,12342.75,8640.18,2456.28,45,10890.66,171,114,57,169,158,0
MV-69634,Women Day Dresses Signature,NOI,Noir,Ready-to-Wear,Women,Dresses,Day Dresses,MVS,MV Signature,100,20,A800,MV SOHO New York,1102.09,391.92,3,1571.89,729.65,256.0,2,1047.92,6,4,2,5,4,0
MV-23238,Women Knitwear Essential,VRT,Vert,Ready-to-Wear,Women,Tops,Knitwear,MV,Maison Voss,100,20,A800,MV SOHO New York,84201.77,23265.11,249,107076.79,115841.9,31858.8,301,129438.21,829,665,164,840,773,0
MV-80807,Men Ballet Flats Heritage,BRG,Bordeaux,Footwear,Men,Flats,Ballet Flats,MV,Maison Voss,100,70,A800,MV SOHO New York,13489.1,4744.93,17,18416.28,17085.62,5934.33,20,21666.21,23,22,1,31,26,0
MV-53064,Men Skirts Slim,NOI,Noir,Ready-to-Wear,Men,Bottoms,Skirts,MV,Maison Voss,100,20,A800,MV SOHO New York,12589.0,3748.42,25,18114.79,14717.98,3719.1,30,21737.75,39,37,2,39,38,0
MV-84177,Men Leather Belts Classic,CHP,Champagne,Leather Goods,Men,Belts,Leather Belts,MV,Maison Voss,100,70,A800,MV SOHO New York,9934.46,2484.64,25,11928.14,9378.82,2991.88,24,11451.01,20,19,1,20,15,0
MV-68529,Men Ankle Boots,ARG,Argent,Footwear,Men,Boots,Ankle Boots,MVS,MV Signature,100,70,A800,MV SOHO New York,14169.66,4433.96,18,20579.29,11305.93,4043.63,13,14862.82,37,23,14,28,16,0
MV-92345,Women Leather Belts Modern,IVR,Ivoire,Leather Goods,Women,Belts,Leather Belts,MVS,MV Signature,100,20,A800,MV SOHO New York,725.67,208.85,1,927.29,0.0,0.0,0,0.0,1,0,1,0,0,0
MV-20745,Unisex Mini Bags Essential,ECR,Ecru,Leather Goods,Unisex,Handbags,Mini Bags,MVS,MV Signature,100,20,A800,MV SOHO New York,58430.06,17492.68,90,85956.32,52967.4,17255.85,81,77360.68,224,196,28,220,203,0
MV-78146,Men Day Dresses,BLU,Bleu Marine,Ready-to-Wear,Men,Dresses,Day Dresses,MV,Maison Voss,100,50,A800,MV SOHO New York,108321.69,29348.8,235,133910.93,111027.21,37399.44,252,143598.1,322,255,67,391,250,0
MV-59308,Men Knitwear Essential,NOI,Noir,Ready-to-Wear,Men,Tops,Knitwear,MVS,MV Signature,100,50,A800,MV SOHO New York,6023.55,1565.93,17,8251.38,4402.61,1469.32,12,5824.51,54,45,9,46,41,0
MV-88366,Men Blazers Classic,BLU,Bleu Marine,Ready-to-Wear,Men,Outerwear,Blazers,MV,Maison Voss,100,20,A800,MV SOHO New York,15126.22,4604.62,75,20010.71,20281.21,6921.21,93,24813.28,132,130,2,171,150,0
MV-92345,Women Leather Belts Modern,BLU,Bleu Marine,Leather Goods,Women,Belts,Leather Belts,MVS,MV Signature,100,20,A800,MV SOHO New York,81482.03,27609.31,93,117951.15,66987.34,21794.76,70,88780.43,362,347,15,220,148,0
MV-96200,Women Suit Sets,ROG,Rouge,Ready-to-Wear,Women,Suits,Suit Sets,MVS,MV Signature,100,20,A800,MV SOHO New York,71310.9,19617.04,130,97004.82,69698.46,26217.04,122,91035.3,326,203,123,360,308,0
MV-84531,Women Check-In Classic,VRT,Vert,Leather Goods,Women,Luggage,Check-In,MVS,MV Signature,100,20,A800,MV SOHO New York,16162.07,4169.18,37,23272.8,13266.42,5034.77,30,18869.84,86,66,20,74,66,0
MV-37460,Men Jackets Heritage,BLU,Bleu Marine,Ready-to-Wear,Men,Outerwear,Jackets,MV,Maison Voss,100,20,A800,MV SOHO New York,6183.19,1661.74,24,8638.24,5013.14,1775.13,20,7198.53,53,37,16,36,27,0
MV-71953,Women Suit Trousers Relaxed,ANT,Anthracite,Ready-to-Wear,Women,Suits,Suit Trousers,MVS,MV Signature,100,20,A800,MV SOHO New York,12653.75,3958.0,27,16249.03,11556.88,3796.72,25,15045.4,103,68,35,109,69,0
MV-62296,Unisex Bracelets Signature,BRG,Bordeaux,Accessories,Unisex,Jewelry,Bracelets,MVS,MV Signature,100,30,A800,MV SOHO New York,36831.58,9877.54,86,49193.03,31014.87,9676.05,78,44616.93,104,66,38,110,80,0
MV-59308,Men Knitwear Essential,GRG,Greige,Ready-to-Wear,Men,Tops,Knitwear,MVS,MV Signature,100,20,A800,MV SOHO New York,65315.93,18587.2,117,93111.07,80223.03,22726.68,145,115394.06,101,78,23,144,100,0
MV-80236,Women Coats Slim,CHP,Champagne,Ready-to-Wear,Women,Outerwear,Coats,MVS,MV Signature,100,20,A800,MV SOHO New York,6918.45,2193.74,13,9869.7,5494.31,1610.05,10,7592.08,41,31,10,27,21,0
MV-69459,Women Rings Signature,NVY,Navy,Accessories,Women,Jewelry,Rings,MV,Maison Voss,100,20,A800,MV SOHO New York,8520.37,2841.64,31,11627.2,6335.3,1607.85,24,9001.7,83,60,23,68,50,0
MV-23434,Women Card Holders,CHP,Champagne,Leather Goods,Women,Small Leather Goods,Card Holders,MV,Maison Voss,100,20,A800,MV SOHO New York,87898.53,27226.72,160,118040.57,61855.12,17860.99,116,85579.41,206,178,28,126,98,0
MV-39389,Women Mules Modern,CRM,Creme,Footwear,Women,Heels,Mules,MVS,MV Signature,100,20,A800,MV SOHO New York,77131.43,28043.42,113,95956.8,83816.38,22343.87,120,101901.02,157,102,55,188,173,0
MV-78614,Women Trousers Signature,BEG,Beige,Ready-to-Wear,Women,Bottoms,Trousers,MV,Maison Voss,100,20,A800,MV SOHO New York,106465.83,28109.63,289,129930.04,83343.38,25428.84,235,105652.46,983,712,271,673,474,0
MV-73532,Women Midi Dresses Modern,GRG,Greige,Ready-to-Wear,Women,Dresses,Midi Dresses,MVS,MV Signature,100,30,A800,MV SOHO New York,44124.47,15989.29,96,55299.36,51505.64,16680.74,104,59907.64,269,256,13,309,287,0
MV-80798,Men Chain Belts Modern,ROG,Rouge,Leather Goods,Men,Belts,Chain Belts,MV,Maison Voss,100,50,A800,MV SOHO New York,15838.68,5421.64,34,22689.2,17757.06,5995.6,34,22689.2,33,26,7,28,21,0
MV-66349,Women Crossbody Bags Modern,ANT,Anthracite,Leather Goods,Women,Handbags,Crossbody Bags,MV,Maison Voss,100,50,A800,MV SOHO New York,61189.99,20082.84,61,80625.55,66271.9,23745.12,61,80625.55,51,39,12,46,38,0
MV-27486,Women Mules Classic,RSE,Rose Poudre,Footwear,Women,Heels,Mules,MVS,MV Signature,100,20,A800,MV SOHO New York,40534.23,12967.78,74,53677.34,30310.04,10468.21,53,38444.58,80,68,12,65,45,0
MV-49139,Men Wool Scarves Essential,GRG,Greige,Accessories,Men,Scarves,Wool Scarves,MV,Maison Voss,100,30,A800,MV SOHO New York,2410.55,679.45,5,3240.33,2627.03,800.46,5,3240.33,8,7,1,9,7,0
MV-82924,Women Low Top Classic,CAM,Camel,Footwear,Women,Sneakers,Low Top,MV,Maison Voss,100,20,A800,MV SOHO New York,41006.45,12458.87,54,52593.03,47753.93,18069.19,66,64280.37,131,97,34,163,141,0
MV-46421,Women Knee High Slim,GRG,Greige,Footwear,Women,Boots,Knee High,MVS,MV Signature,100,50,A800,MV SOHO New York,56095.15,20789.23,85,76416.82,35954.68,11120.37,59,53042.27,88,87,1,71,63,0
MV-23434,Women Card Holders,BRG,Bordeaux,Leather Goods,Women,Small Leather Goods,Card Holders,MV,Maison Voss,100,50,A800,MV SOHO New York,9999.58,3090.46,12,13228.86,6097.95,1573.17,8,8819.24,42,26,16,33,27,0
MV-59015,Unisex Baseball Caps Relaxed,BRG,Bordeaux,Accessories,Unisex,Hats,Baseball Caps,MV,Maison Voss,100,70,A800,MV SOHO New York,27621.39,7310.56,104,36412.43,25125.51,7160.39,101,35362.07,178,176,2,144,119,0
MV-82135,Women Trousers Slim,BEG,Beige,Ready-to-Wear,Women,Bottoms,Trousers,MVS,MV Signature,100,20,A800,MV SOHO New York,10828.59,3640.68,60,15171.35,12434.67,4453.31,74,18711.33,175,126,49,244,161,0
MV-56438,Men Boots Essential,BEG,Beige,Footwear,Men,Heels,Boots,MV,Maison Voss,100,20,A800,MV SOHO New York,87520.34,26322.4,209,120836.21,76063.77,24547.9,176,101756.81,668,570,98,572,490,0
MV-25974,Women Chain Belts,RSE,Rose Poudre,Leather Goods,Women,Belts,Chain Belts,MV,Maison Voss,100,30,A800,MV SOHO New York,1168.7,435.01,2,1390.56,1193.93,354.27,2,1390.56,6,4,2,6,5,0
MV-44959,Women Blazers Modern,ROG,Rouge,Ready-to-Wear,Women,Outerwear,Blazers,MVS,MV Signature,100,30,A800,MV SOHO New York,6743.31,2066.88,21,8914.11,6296.65,2116.55,22,9338.6,12,8,4,15,11,0
MV-92478,Women Blazers Classic,VRT,Vert,Ready-to-Wear,Women,Outerwear,Blazers,MV,Maison Voss,100,20,A800,MV SOHO New York,32070.79,11177.94,63,42263.49,23886.8,9017.07,47,31529.9,224,211,13,197,141,0
MV-80798,Men Chain Belts Modern,ARG,Argent,Leather Goods,Men,Belts,Chain Belts,MV,Maison Voss,100,20,A800,MV SOHO New York,12791.55,4721.84,24,18019.96,14579.2,4810.67,26,19521.63,73,46,27,74,52,0
MV-49251,Men Slides Classic,BEG,Beige,Footwear,Men,Flats,Slides,MV,Maison Voss,100,20,A800,MV SOHO New York,22181.71,6351.58,86,31985.11,26282.46,9246.6,109,40539.27,133,119,14,154,108,0
MV-28776,Women Sandals Essential,CRM,Creme,Footwear,Women,Heels,Sandals,MV,Maison Voss,100,30,A800,MV SOHO New York,31470.1,10874.57,98,39144.95,38312.32,13763.24,122,48731.47,385,306,79,419,254,0
MV-46559,Men Ballet Flats Luxe,CRM,Creme,Footwear,Men,Flats,Ballet Flats,MV,Maison Voss,100,30,A800,MV SOHO New York,4112.27,1180.55,7,5532.38,5301.44,1470.31,8,6322.72,22,19,3,24,17,0
MV-59834,Women Skirts,CAM,Camel,Ready-to-Wear,Women,Bottoms,Skirts,MVS,MV Signature,100,50,A800,MV SOHO New York,24902.72,9052.68,49,30696.71,32368.98,9866.61,63,39467.2,28,24,4,32,29,0
MV-13396,Women Wallets Slim,NOI,Noir,Leather Goods,Women,Small Leather Goods,Wallets,MVS,MV Signature,100,20,A800,MV SOHO New York,28187.67,7605.17,49,37380.89,20207.88,6900.66,37,28226.38,74,63,11,60,54,0
MV-33647,Men Coats Heritage,CRM,Creme,Ready-to-Wear,Men,Outerwear,Coats,MVS,MV Signature,100,20,A800,MV SOHO New York,19712.01,6077.24,31,26577.47,23019.96,6170.9,32,27434.81,90,82,8,77,75,0
MV-36143,Unisex Weekender Heritage,ANT,Anthracite,Leather Goods,Unisex,Luggage,Weekender,MVS,MV Signature,100,50,A800,MV SOHO New York,186829.95,52604.98,186,263731.37,188545.81,69144.98,189,267985.1,128,111,17,115,89,0
MV-49618,Men Square Frames Classic,BEG,Beige,Accessories,Men,Sunglasses,Square Frames,MV,Maison Voss,100,30,A800,MV SOHO New York,67893.44,24294.85,121,86928.75,86362.85,24395.77,141,101297.14,331,239,92,429,271,0
MV-12180,Men High Top Signature,NOI,Noir,Footwear,Men,Sneakers,High Top,MVS,MV Signature,100,50,A800,MV SOHO New York,59360.26,20866.8,82,75831.88,60927.65,19696.52,90,83230.11,292,228,64,286,260,0
MV-39444,Men Key Holders Relaxed,ARG,Argent,Leather Goods,Men,Small Leather Goods,Key Holders,MV,Maison Voss,100,70,A800,MV SOHO New York,80786.94,30253.21,86,108329.77,95643.18,28385.9,108,136042.04,150,98,52,189,155,0
MV-70521,Men Mules Luxe,IVR,Ivoire,Footwear,Men,Heels,Mules,MV,Maison Voss,100,50,A800,MV SOHO New York,17936.7,5652.31,42,25063.24,18961.15,6034.74,40,23869.76,117,84,33,132,104,0
MV-37460,Men Jackets Heritage,BLU,Bleu Marine,Ready-to-Wear,Men,Outerwear,Jackets,MV,Maison Voss,100,20,A800,MV SOHO New York,36713.93,10368.47,175,46551.92,29841.58,8568.8,149,39635.63,468,346,122,414,353,0
MV-14705,Men Baseball Caps Modern,ROG,Rouge,Accessories,Men,Hats,Baseball Caps,MVS,MV Signature,100,20,A800,MV SOHO New York,30302.87,8871.54,81,37782.54,22159.14,7686.44,62,28919.97,100,67,33,62,52,0
MV-15513,Unisex Shorts Heritage,ECR,Ecru,Ready-to-Wear,Unisex,Bottoms,Shorts,MVS,MV Signature,100,30,A800,MV SOHO New York,55383.26,18489.26,90,72618.23,53554.49,19344.72,94,75845.7,159,134,25,155,110,0
MV-26299,Men High Top Luxe,BRG,Bordeaux,Footwear,Men,Sneakers,High Top,MVS,MV Signature,100,30,A800,MV SOHO New York,110585.07,28746.85,136,144847.96,83401.68,28090.13,115,122481.73,287,282,5,239,151,0
MV-70648,Women Tops,ROG,Rouge,Ready-to-Wear,Women,Tops,Tops,MV,Maison Voss,100,20,A800,MV SOHO New York,5293.46,1886.22,22,7069.35,4711.49,1410.02,21,6748.02,74,60,14,84,79,0
MV-40005,Men Silk Scarves Classic,ROG,Rouge,Accessories,Men,Scarves,Silk Scarves,MVS,MV Signature,100,20,A800,MV SOHO New York,26683.76,7612.06,113,32091.41,22585.76,6388.97,96,27263.5,295,291,4,232,183,0
MV-30866,Women Loafers Modern,ROG,Rouge,Footwear,Women,Flats,Loafers,MVS,MV Signature,100,20,A800,MV SOHO New York,4870.15,1801.6,14,6375.75,3152.34,1060.73,10,4554.11,46,34,12,40,29,0
MV-17331,Women Key Holders Relaxed,CRM,Creme,Leather Goods,Women,Small Leather Goods,Key Holders,MVS,MV Signature,100,20,A800,MV SOHO New York,12506.26,4598.23,29,17799.5,12394.7,3818.97,27,16571.95,71,43,28,75,70,0
MV-89928,Men Suit Trousers Slim,VRT,Vert,Ready-to-Wear,Men,Suits,Suit Trousers,MVS,MV Signature,100,50,A800,MV SOHO New York,7054.54,1820.6,28,9028.25,6164.82,2267.84,25,8060.94,111,90,21,119,115,0
MV-65444,Women Berets,SBL,Sable,Accessories,Women,Hats,Berets,MVS,MV Signature,100,20,A800,MV SOHO New York,131464.08,47221.47,265,192171.01,128955.42,42974.38,252,182743.75,518,329,189,402,324,0
MV-13396,Women Wallets Slim,CHP,Champagne,Leather Goods,Women,Small Leather Goods,Wallets,MVS,MV Signature,100,50,A800,MV SOHO New York,49166.36,12989.0,133,66399.51,60205.3,20816.28,148,73888.18,422,420,2,437,387,0
MV-72722,Women Midi Dresses Slim,VRT,Vert,Ready-to-Wear,Women,Dresses,Midi Dresses,MVS,MV Signature,100,20,A800,MV SOHO New York,29320.14,10519.2,83,40252.46,37498.89,9752.82,106,51406.75,71,53,18,79,69,0
MV-66881,Men Trousers Modern,RSE,Rose Poudre,Ready-to-Wear,Men,Bottoms,Trousers,MV,Maison Voss,100,50,A800,MV SOHO New York,29681.33,8196.53,89,44021.41,28394.34,8928.77,77,38085.94,61,41,20,52,44,0
MV-68529,Men Ankle Boots,CRM,Creme,Footwear,Men,Boots,Ankle Boots,MVS,MV Signature,100,20,A800,MV SOHO New York,38123.94,11453.31,56,44909.83,36155.75,12942.1,51,40900.03,81,55,26,80,48,0
MV-39444,Men Key Holders Relaxed,IVR,Ivoire,Leather Goods,Men,Small Leather Goods,Key Holders,MV,Maison Voss,100,70,A800,MV SOHO New York,87886.37,24019.32,202,126786.59,84232.31,29869.62,189,118627.06,570,454,116,601,440,0
MV-30257,Women Weekender Relaxed,GRG,Greige,Leather Goods,Women,Luggage,Weekender,MV,Maison Voss,100,20,A800,MV SOHO New York,42542.94,12576.99,47,49718.94,42562.71,15468.29,52,55008.19,101,86,15,119,115,0
MV-44687,Men Card Holders Modern,TRP,Taupe,Leather Goods,Men,Small Leather Goods,Card Holders,MVS,MV Signature,100,20,A800,MV SOHO New York,28389.45,9435.38,33,40253.46,24728.9,8597.04,29,35374.25,111,110,1,91,78,0
MV-20077,Men Chain Belts Slim,CAM,Camel,Leather Goods,Men,Belts,Chain Belts,MVS,MV Signature,100,50,A800,MV SOHO New York,6174.25,2263.21,12,8420.85,7845.59,2007.76,15,10526.07,23,14,9,24,16,0
MV-91830,Women Bracelets,NOI,Noir,Accessories,Women,Jewelry,Bracelets,MV,Maison Voss,100,20,A800,MV SOHO New York,34517.22,9370.28,106,46124.62,39096.72,11136.1,112,48735.45,240,147,93,242,199,0
MV-51704,Women Fedoras Luxe,BLU,Bleu Marine,Accessories,Women,Hats,Fedoras,MV,Maison Voss,100,20,A800,MV SOHO New York,29344.42,9341.97,91,38333.4,25100.82,6777.2,76,32014.71,128,87,41,110,85,0
MV-22097,Men Leather Belts Essential,ROG,Rouge,Leather Goods,Men,Belts,Leather Belts,MV,Maison Voss,100,50,A800,MV SOHO New York,25349.36,9497.66,33,30037.06,30004.97,10721.67,40,36408.56,113,108,5,110,93,0
MV-31632,Women Weekender Luxe,CAM,Camel,Leather Goods,Women,Luggage,Weekender,MV,Maison Voss,100,20,A800,MV SOHO New York,586.92,216.09,1,804.89,0.0,0.0,0,0.0,2,1,1,1,0,0
MV-84531,Women Check-In Classic,IVR,Ivoire,Leather Goods,Women,Luggage,Check-In,MVS,MV Signature,100,20,A800,MV SOHO New York,72082.87,21747.7,126,92893.75,66489.13,21245.8,134,98791.76,238,199,39,291,261,0
MV-49576,Women Jackets Classic,CAM,Camel,Ready-to-Wear,Women,Outerwear,Jackets,MV,Maison Voss,100,20,A800,MV SOHO New York,251.87,85.57,1,329.56,0.0,0.0,0,0.0,3,2,1,2,1,0
MV-65296,Women Ankle Boots Slim,GRG,Greige,Footwear,Women,Boots,Ankle Boots,MV,Maison Voss,100,50,A800,MV SOHO New York,28918.75,10248.19,83,41956.72,28217.8,10154.66,75,37912.7,326,214,112,241,225,0
MV-96341,Women Card Holders Signature,BEG,Beige,Leather Goods,Women,Small Leather Goods,Card Holders,MVS,MV Signature,100,20,A800,MV SOHO New York,94707.45,35642.28,242,118117.6,81215.03,21577.2,192,93713.14,122,110,12,102,99,0
MV-53655,Women Leather Belts Slim,TAN,Tan,Leather Goods,Women,Belts,Leather Belts,MV,Maison Voss,100,20,A800,MV SOHO New York,18878.7,6416.4,39,26140.89,14324.34,5022.4,31,20778.66,27,16,11,18,14,0
MV-84531,Women Check-In Classic,SBL,Sable,Leather Goods,Women,Luggage,Check-In,MVS,MV Signature,100,20,A800,MV SOHO New York,14432.58,5177.01,18,18204.61,15929.23,5156.81,19,19215.98,53,36,17,51,33,0
MV-47243,Men Boots Heritage,ECR,Ecru,Footwear,Men,Heels,Boots,MV,Maison Voss,100,70,A800,MV SOHO New York,23259.83,8042.01,84,34473.64,29800.79,9462.58,109,44733.66,161,128,33,198,123,0
MV-66349,Women Crossbody Bags Modern,BEG,Beige,Leather Goods,Women,Handbags,Crossbody Bags,MV,Maison Voss,100,50,A800,MV SOHO New York,118714.21,35480.75,117,158876.52,110626.52,40673.35,113,153444.84,59,39,20,60,36,0
MV-22097,Men Leather Belts Essential,CRM,Creme,Leather Goods,Men,Belts,Leather Belts,MV,Maison Voss,100,20,A800,MV SOHO New York,54183.95,14405.21,54,68339.12,36743.07,13817.22,39,49356.03,106,99,7,67,42,0
MV-76249,Men Clutches Luxe,VRT,Vert,Leather Goods,Men,Handbags,Clutches,MV,Maison Voss,100,20,A800,MV SOHO New York,181169.92,61960.14,235,226784.14,213811.51,77494.81,278,268280.82,278,247,31,288,207,0
MV-20350,Women Card Holders Essential,ROG,Rouge,Leather Goods,Women,Small Leather Goods,Card Holders,MVS,MV Signature,100,20,A800,MV SOHO New York,1486.3,474.0,3,1905.11,953.54,266.04,2,1270.08,6,5,1,4,3,0
MV-65444,Women Berets,ECR,Ecru,Accessories,Women,Hats,Berets,MVS,MV Signature,100,20,A800,MV SOHO New York,11173.88,2833.28,48,14519.73,14558.37,4739.0,62,18754.65,142,137,5,207,127,0
MV-47243,Men Boots Heritage,GRG,Greige,Footwear,Men,Heels,Boots,MV,Maison Voss,100,70,A800,MV SOHO New York,33246.43,8980.86,87,42776.07,31411.99,11164.65,78,38350.96,161,140,21,146,135,0
MV-70931,Men Chain Belts Essential,CRM,Cognac,Leather Goods,Men,Belts,Chain Belts,MVS,MV Signature,100,20,A800,MV SOHO New York,114248.02,42060.88,136,165455.26,123937.19,42168.13,152,184920.58,360,243,117,425,333,0
MV-66349,Women Crossbody Bags Modern,GRG,Greige,Leather Goods,Women,Handbags,Crossbody Bags,MV,Maison Voss,100,20,A800,MV SOHO New York,5921.88,1660.84,13,7443.32,7254.48,2488.56,15,8588.45,26,22,4,31,28,0
MV-31581,Men Key Holders Slim,NVY,Navy,Leather Goods,Men,Small Leather Goods,Key Holders,MVS,MV Signature,100,50,A800,MV SOHO New York,106315.52,36869.75,111,140099.22,94810.67,27896.72,100,126215.52,242,200,42,180,158,0
MV-29080,Men Jackets Relaxed,BRG,Bordeaux,Ready-to-Wear,Men,Outerwear,Jackets,MV,Maison Voss,100,20,A800,MV SOHO New York,35592.54,8924.4,55,43007.73,26195.79,6564.2,44,34406.18,108,103,5,89,74,0
MV-36318,Women Ankle Boots Slim,TAN,Tan,Footwear,Women,Boots,Ankle Boots,MV,Maison Voss,100,20,A800,MV SOHO New York,13716.82,3729.11,34,18393.41,12028.64,3976.31,29,15688.5,48,33,15,39,33,0
MV-43491,Women Earrings Heritage,TRP,Taupe,Accessories,Women,Jewelry,Earrings,MV,Maison Voss,100,20,A800,MV SOHO New York,4178.77,1554.64,9,5235.39,3117.42,1158.35,7,4071.97,4,2,2,3,2,0
MV-30866,Women Loafers Modern,TRP,Taupe,Footwear,Women,Flats,Loafers,MVS,MV Signature,100,50,A800,MV SOHO New York,79128.91,26653.22,138,113436.57,93598.54,34255.25,170,139740.7,491,364,127,584,503,0
MV-20336,Men Blazers Heritage,NVY,Navy,Ready-to-Wear,Men,Suits,Blazers,MV,Maison Voss,100,20,A800,MV SOHO New York,5612.58,2084.33,11,7355.03,7007.2,2505.51,13,8692.3,42,37,5,53,38,0
MV-82199,Men Shorts Classic,CRM,Creme,Ready-to-Wear,Men,Bottoms,Shorts,MVS,MV Signature,100,20,A800,MV SOHO New York,10139.37,2796.63,25,12417.94,11352.47,3893.55,30,14901.53,14,10,4,19,16,0
MV-41029,Women Ballet Flats Luxe,CAM,Camel,Footwear,Women,Flats,Ballet Flats,MV,Maison Voss,100,70,A800,MV SOHO New York,14221.53,5229.81,23,17470.67,11773.71,4230.83,19,14432.3,91,62,29,62,40,0
MV-82924,Women Low Top Classic,RSE,Rose Poudre,Footwear,Women,Sneakers,Low Top,MV,Maison Voss,100,20,A800,MV SOHO New York,41981.36,11845.86,141,54881.95,35909.11,13226.96,127,49432.68,376,359,17,320,285,0
