plm_style_code,style_description,color_code,colorway_short_description,gmh_sector_text,gmh_gender_text,gmh_category_text,gmh_sub_category_text,gmh_sub_brand_code,gmh_sub_brand_text,company_code,distribution_channel_code,site_number,site_text,netslsamt_cy,netslscstmerch_cy,netslsqty_cy,netmsrpamt_cy,netslsamt_ly,netslscstmerch_ly,netslsqty_ly,netmsrpamt_ly,eohttlqty_cy,eohstrqty_cy,intranqty_cy,eohttlqty_ly,eohstrqty_ly,intranqty_ly
MV-23133,Men Trousers Essential,RSE,Rose Poudre,Ready-to-Wear,Men,Bottoms,Trousers,MV,Maison Voss,100,50,A800,MV SOHO New York,108513.37,39862.92,254,136451.63,133082.58,36924.97,284,152567.97,340,204,136,359,253,0
MV-78614,Women Trousers Signature,BRG,Bordeaux,Ready-to-Wear,Women,Bottoms,Trousers,MV,Maison Voss,100,20,A800,MV SOHO New York,220213.5,73127.74,363,277334.87,280966.18,94188.8,468,357555.7,973,808,165,1386,1094,0
MV-55830,Women Jeans Heritage,GRG,Greige,Ready-to-Wear,Women,Bottoms,Jeans,MV,Maison Voss,100,30,A800,MV SOHO New York,39696.9,10267.2,65,56595.72,42333.05,12670.53,69,60078.53,47,40,7,46,40,0
MV-93717,Women Leather Belts Heritage,CAM,Camel,Leather Goods,Women,Belts,Leather Belts,MVS,MV Signature,100,20,A800,MV SOHO New York,215145.84,64915.85,223,276838.01,209696.09,76986.87,232,288010.85,884,845,39,1103,847,0
MV-19862,Men Pumps Slim,ROG,Rouge,Footwear,Men,Heels,Pumps,MV,Maison Voss,100,20,A800,MV SOHO New York,131359.6,39949.86,193,166122.7,182388.38,60394.05,248,213463.37,293,247,46,357,334,0
MV-54589,Women Carry-On Slim,VRT,Vert,Leather Goods,Women,Luggage,Carry-On,MV,Maison Voss,100,50,A800,MV SOHO New York,388275.0,98753.23,407,540646.38,321498.63,85245.37,315,418436.39,483,328,155,394,389,0
MV-21542,Women Clutches Signature,NOI,Noir,Leather Goods,Women,Handbags,Clutches,MVS,MV Signature,100,20,A800,MV SOHO New York,238141.02,80498.97,539,323743.2,322512.86,122452.42,689,413838.71,1301,1227,74,1761,1541,0
MV-82924,Women Low Top Classic,BEG,Beige,Footwear,Women,Sneakers,Low Top,MV,Maison Voss,100,20,A800,MV SOHO New York,1358.62,495.69,2,2015.49,664.55,194.69,1,1007.75,3,2,1,3,2,0
MV-39389,Women Mules Modern,VRT,Vert,Footwear,Women,Heels,Mules,MVS,MV Signature,100,20,A800,MV SOHO New York,99714.01,35205.82,255,138757.82,120288.4,44981.05,315,171406.72,385,243,142,502,342,0
MV-80807,Men Ballet Flats Heritage,VRT,Vert,Footwear,Men,Flats,Ballet Flats,MV,Maison Voss,100,30,A800,MV SOHO New York,7160.96,2548.31,12,8942.09,7994.82,2414.83,13,9687.26,24,14,10,29,28,0
MV-76542,Men Suit Sets Modern,CAM,Camel,Ready-to-Wear,Men,Suits,Suit Sets,MVS,MV Signature,100,20,A800,MV SOHO New York,81247.38,29557.13,181,110531.4,84632.39,21629.46,200,122134.15,530,358,172,529,442,0
MV-51704,Women Fedoras Luxe,CRM,Creme,Accessories,Women,Hats,Fedoras,MV,Maison Voss,100,70,A800,MV SOHO New York,29228.7,10300.32,77,41376.94,33630.81,12029.65,81,43526.39,125,100,25,115,101,0
MV-43491,Women Earrings Heritage,BEG,Beige,Accessories,Women,Jewelry,Earrings,MV,Maison Voss,100,20,A800,MV SOHO New York,32096.43,9560.53,83,39248.52,28436.49,9148.9,81,38302.77,202,167,35,213,172,0
MV-26299,Men High Top Luxe,VRT,Vert,Footwear,Men,Sneakers,High Top,MVS,MV Signature,100,50,A800,MV SOHO New York,46475.15,17509.84,99,64543.84,57455.94,19762.82,125,81494.75,170,146,24,252,152,0
MV-39389,Women Mules Modern,CRM,Creme,Footwear,Women,Heels,Mules,MVS,MV Signature,100,50,A800,MV SOHO New York,119759.58,30461.16,221,152716.08,145635.76,37113.31,266,183812.12,324,300,24,360,310,0
MV-19869,Women Wool Scarves Slim,CAM,Camel,Accessories,Women,Scarves,Wool Scarves,MVS,MV Signature,100,50,A800,MV SOHO New York,44043.94,14895.22,92,56317.83,32835.44,8914.95,70,42850.53,151,105,46,118,77,0
MV-59834,Women Skirts,TRP,Taupe,Ready-to-Wear,Women,Bottoms,Skirts,MVS,MV Signature,100,20,A800,MV SOHO New York,99101.71,34818.86,300,116077.07,78779.56,29705.84,237,91700.89,719,449,270,664,413,0
MV-42541,Women Blazers Slim,VRT,Vert,Ready-to-Wear,Women,Suits,Blazers,MVS,MV Signature,100,50,A800,MV SOHO New York,28377.65,7502.73,118,35099.63,23727.41,8661.14,100,29745.45,186,183,3,136,122,0
MV-84341,Men Sandals Signature,CRM,Creme,Footwear,Men,Heels,Sandals,MV,Maison Voss,100,30,A800,MV SOHO New York,10839.06,2895.36,16,15252.14,8488.73,2550.36,12,11439.1,52,51,1,41,33,0
MV-52415,Men Jeans Relaxed,CRM,Creme,Ready-to-Wear,Men,Bottoms,Jeans,MV,Maison Voss,100,20,A800,MV SOHO New York,75488.07,23334.75,349,101978.68,56876.65,20323.56,290,84738.73,586,438,148,582,500,0
MV-49472,Men Square Frames Modern,BLU,Bleu Marine,Accessories,Men,Sunglasses,Square Frames,MV,Maison Voss,100,20,A800,MV SOHO New York,30109.32,7916.56,76,42304.69,40097.92,11279.94,98,54550.79,112,107,5,125,100,0
MV-49251,Men Slides Classic,ANT,Anthracite,Footwear,Men,Flats,Slides,MV,Maison Voss,100,20,A800,MV SOHO New York,74609.58,25736.61,129,90459.46,105398.41,37019.19,166,116405.2,70,62,8,85,71,0
MV-89507,Women Blazers Essential,RSE,Rose Poudre,Ready-to-Wear,Women,Outerwear,Blazers,MV,Maison Voss,100,20,A800,MV SOHO New York,127065.86,39890.9,263,172318.71,120086.97,31360.95,220,144144.93,775,617,158,641,629,0
MV-84341,Men Sandals Signature,GRG,Greige,Footwear,Men,Heels,Sandals,MV,Maison Voss,100,70,A800,MV SOHO New York,68847.68,21334.11,92,85136.96,47199.75,17133.5,68,62927.32,209,195,14,179,134,0
MV-52487,Men Mini Bags Luxe,ECR,Ecru,Leather Goods,Men,Handbags,Mini Bags,MV,Maison Voss,100,20,A800,MV SOHO New York,6896.44,1953.61,13,9010.63,8812.51,2921.34,16,11090.0,12,7,5,13,10,0
MV-17331,Women Key Holders Relaxed,CAM,Camel,Leather Goods,Women,Small Leather Goods,Key Holders,MVS,MV Signature,100,20,A800,MV SOHO New York,75503.99,20467.13,106,107373.13,74853.25,27384.74,116,117502.67,281,240,41,304,203,0
MV-97782,Women Leather Belts Signature,ECR,Ecru,Leather Goods,Women,Belts,Leather Belts,MV,Maison Voss,100,50,A800,MV SOHO New York,509487.66,183074.79,659,673950.48,469691.25,148911.02,565,577817.94,586,583,3,423,315,0
MV-99173,Women Card Holders Modern,IVR,Ivoire,Leather Goods,Women,Small Leather Goods,Card Holders,MV,Maison Voss,100,20,A800,MV SOHO New York,132234.93,36833.87,234,166710.55,107900.11,27188.35,172,122539.38,209,130,79,149,139,0
MV-94058,Women Chain Belts,BRG,Bordeaux,Leather Goods,Women,Belts,Chain Belts,MVS,MV Signature,100,20,A800,MV SOHO New York,127743.16,46025.52,253,167520.0,111498.39,32742.19,253,167520.0,930,609,321,794,628,0
MV-69459,Women Rings Signature,ANT,Anthracite,Accessories,Women,Jewelry,Rings,MV,Maison Voss,100,20,A800,MV SOHO New York,105376.41,39153.04,228,136844.65,117009.37,36447.74,260,156050.91,579,571,8,778,683,0
MV-68878,Men Carry-On Heritage,TRP,Taupe,Leather Goods,Men,Luggage,Carry-On,MVS,MV Signature,100,20,A800,MV SOHO New York,36404.96,13143.15,50,51845.59,32477.48,11036.8,44,45624.11,162,137,25,136,90,0
MV-71669,Men Silk Scarves,CHP,Champagne,Accessories,Men,Scarves,Silk Scarves,MV,Maison Voss,100,50,A800,MV SOHO New York,31798.95,11714.6,123,40829.03,30094.82,9933.53,123,40829.03,183,132,51,195,177,0
MV-67104,Men Sandals Essential,BRG,Bordeaux,Footwear,Men,Heels,Sandals,MV,Maison Voss,100,20,A800,MV SOHO New York,89158.9,33567.87,316,106663.2,110593.19,38175.54,381,128603.42,315,309,6,360,298,0
MV-38047,Women Round Frames Relaxed,BLU,Bleu Marine,Accessories,Women,Sunglasses,Round Frames,MVS,MV Signature,100,20,A800,MV SOHO New York,11157.33,3097.11,24,14369.91,12582.59,3810.22,27,16166.14,94,59,35,130,116,0
MV-65296,Women Ankle Boots Slim,SBL,Sable,Footwear,Women,Boots,Ankle Boots,MV,Maison Voss,100,50,A800,MV SOHO New York,36606.04,11472.55,74,50572.25,45784.78,12112.85,92,62873.6,294,271,23,378,362,0
MV-49472,Men Square Frames Modern,GRG,Greige,Accessories,Men,Sunglasses,Square Frames,MV,Maison Voss,100,20,A800,MV SOHO New York,28289.37,8891.73,73,39999.28,23302.99,6801.11,56,30684.38,130,125,5,96,64,0
MV-23979,Women Check-In Relaxed,TAN,Tan,Leather Goods,Women,Luggage,Check-In,MV,Maison Voss,100,20,A800,MV SOHO New York,76893.49,26433.71,128,97255.71,94205.41,27049.1,154,117010.77,232,193,39,246,154,0
MV-16839,Unisex Key Holders Luxe,RSE,Rose Poudre,Leather Goods,Unisex,Small Leather Goods,Key Holders,MVS,MV Signature,100,20,A800,MV SOHO New York,664417.71,226023.36,896,840545.22,454008.33,150512.56,641,601327.55,659,652,7,536,434,0
MV-95918,Women Suit Sets Modern,TAN,Tan,Ready-to-Wear,Women,Suits,Suit Sets,MV,Maison Voss,100,20,A800,MV SOHO New York,3239.71,881.52,15,4362.11,3646.98,1057.22,17,4943.72,19,16,3,20,15,0
MV-23238,Women Knitwear Essential,CRM,Creme,Ready-to-Wear,Women,Tops,Knitwear,MV,Maison Voss,100,20,A800,MV SOHO New York,74285.54,23631.96,166,96921.82,89262.04,27039.73,215,125531.27,388,347,41,547,469,0
MV-64377,Women Trousers Essential,TAN,Tan,Ready-to-Wear,Women,Bottoms,Trousers,MVS,MV Signature,100,50,A800,MV SOHO New York,18565.28,6331.39,45,24963.35,16970.7,5263.73,43,23853.87,59,58,1,60,51,0
MV-52487,Men Mini Bags Luxe,ROG,Rouge,Leather Goods,Men,Handbags,Mini Bags,MV,Maison Voss,100,50,A800,MV SOHO New York,798705.06,284762.98,804,996554.33,738129.87,260447.8,763,945735.02,1182,1072,110,1181,870,0
MV-99353,Women Tote Bags,CHP,Champagne,Leather Goods,Women,Handbags,Tote Bags,MV,Maison Voss,100,30,A800,MV SOHO New York,22141.11,8106.9,27,25997.31,18912.67,6306.46,26,25034.45,92,78,14,85,83,0
MV-94058,Women Chain Belts,NOI,Noir,Leather Goods,Women,Belts,Chain Belts,MVS,MV Signature,100,70,A800,MV SOHO New York,39403.81,10732.47,117,50412.65,43646.89,12905.84,136,58599.32,130,111,19,156,128,0
MV-39102,Men Day Dresses Luxe,IVR,Ivoire,Ready-to-Wear,Men,Dresses,Day Dresses,MV,Maison Voss,100,20,A800,MV SOHO New York,76435.23,20724.33,305,90124.37,73867.36,26641.37,280,82737.12,264,207,57,255,189,0
MV-51704,Women Fedoras Luxe,ECR,Ecru,Accessories,Women,Hats,Fedoras,MV,Maison Voss,100,20,A800,MV SOHO New York,130680.85,40107.21,277,160784.13,94957.94,25646.15,219,127118.14,860,785,75,552,359,0
MV-96760,Women Blouses Signature,RSE,Rose Poudre,Ready-to-Wear,Women,Tops,Blouses,MV,Maison Voss,100,20,A800,MV SOHO New York,48443.07,13095.62,125,69380.17,44406.37,11457.78,117,64939.84,425,371,54,436,351,0
MV-87993,Women Fedoras Modern,ARG,Argent,Accessories,Women,Hats,Fedoras,MVS,MV Signature,100,20,A800,MV SOHO New York,33238.38,9340.68,97,48395.24,29401.81,7965.05,93,46399.56,88,72,16,81,75,0
MV-28191,Women Chelsea Boots Luxe,SBL,Sable,Footwear,Women,Boots,Chelsea Boots,MV,Maison Voss,100,20,A800,MV SOHO New York,38066.42,13938.64,115,48144.43,23516.75,7066.19,80,33491.77,310,269,41,240,176,0
MV-68493,Women Chain Belts Relaxed,BEG,Beige,Leather Goods,Women,Belts,Chain Belts,MV,Maison Voss,100,20,A800,MV SOHO New York,34042.95,8830.22,69,44964.74,31191.05,11469.31,57,37144.79,41,25,16,39,26,0
MV-51116,Unisex Tops Essential,BEG,Beige,Ready-to-Wear,Unisex,Tops,Tops,MV,Maison Voss,100,30,A800,MV SOHO New York,23134.79,6520.4,52,30706.12,18825.12,5162.7,45,26572.6,178,115,63,185,145,0
MV-37535,Men Shirts Relaxed,GRG,Greige,Ready-to-Wear,Men,Tops,Shirts,MVS,MV Signature,100,30,A800,MV SOHO New York,61882.03,18933.01,150,87327.3,74525.58,20901.91,185,107703.67,573,499,74,625,599,0
MV-42087,Men Slides Slim,BRG,Bordeaux,Footwear,Men,Flats,Slides,MV,Maison Voss,100,20,A800,MV SOHO New York,52024.37,16086.24,71,72071.54,37544.62,10207.95,58,58875.34,71,55,16,61,59,0
MV-91830,Women Bracelets,ECR,Ecru,Accessories,Women,Jewelry,Bracelets,MV,Maison Voss,100,70,A800,MV SOHO New York,31435.86,9483.44,77,44409.53,31941.4,8326.02,76,43832.79,247,245,2,263,207,0
MV-49363,Unisex Cashmere Scarves,ROG,Rouge,Accessories,Unisex,Scarves,Cashmere Scarves,MVS,MV Signature,100,20,A800,MV SOHO New York,59928.42,21265.67,243,83124.53,70565.88,17944.99,297,101596.65,419,366,53,529,517,0
MV-60052,Unisex Evening Dresses,ROG,Rouge,Ready-to-Wear,Unisex,Dresses,Evening Dresses,MVS,MV Signature,100,20,A800,MV SOHO New York,505514.8,145208.14,788,627783.71,379794.79,120834.1,651,518638.57,476,409,67,413,291,0
MV-82199,Men Shorts Classic,BEG,Beige,Ready-to-Wear,Men,Bottoms,Shorts,MVS,MV Signature,100,50,A800,MV SOHO New York,82451.68,28254.38,210,100638.04,62199.92,18930.9,151,72363.54,396,355,41,265,191,0
MV-99353,Women Tote Bags,CHP,Champagne,Leather Goods,Women,Handbags,Tote Bags,MV,Maison Voss,100,30,A800,MV SOHO New York,7717.36,2228.14,18,10792.09,8153.97,2442.23,17,10192.53,55,46,9,59,36,0
MV-38760,Unisex Rings Heritage,ANT,Anthracite,Accessories,Unisex,Jewelry,Rings,MV,Maison Voss,100,50,A800,MV SOHO New York,3287.3,1099.26,17,4096.86,3686.98,1097.53,18,4337.85,25,20,5,21,19,0
MV-20745,Unisex Mini Bags Essential,VRT,Vert,Leather Goods,Unisex,Handbags,Mini Bags,MVS,MV Signature,100,20,A800,MV SOHO New York,673439.18,197263.39,689,839728.97,797159.42,220594.76,755,920167.45,1341,1248,93,1274,1248,0
MV-30730,Men High Top Luxe,BRG,Bordeaux,Footwear,Men,Sneakers,High Top,MV,Maison Voss,100,70,A800,MV SOHO New York,31910.9,8017.59,80,41612.21,37573.57,12017.83,93,48374.19,291,216,75,282,235,0
MV-44718,Women Day Dresses Slim,CRM,Creme,Ready-to-Wear,Women,Dresses,Day Dresses,MVS,MV Signature,100,70,A800,MV SOHO New York,7752.96,2427.28,22,9713.98,6334.21,1642.25,18,7947.81,19,17,2,16,10,0
MV-15958,Men Pumps Heritage,TRP,Taupe,Footwear,Men,Heels,Pumps,MVS,MV Signature,100,30,A800,MV SOHO New York,66856.31,19244.72,208,87105.69,76633.17,20549.2,245,102600.45,210,199,11,257,249,0
MV-20682,Men Loafers Slim,BLU,Bleu Marine,Footwear,Men,Flats,Loafers,MVS,MV Signature,100,20,A800,MV SOHO New York,57243.89,14955.71,222,75195.95,72950.61,22080.54,260,88067.33,639,424,215,801,757,0
MV-49363,Unisex Cashmere Scarves,TRP,Taupe,Accessories,Unisex,Scarves,Cashmere Scarves,MVS,MV Signature,100,50,A800,MV SOHO New York,131183.14,41316.74,238,179228.37,161424.57,52100.0,289,217634.45,314,271,43,313,212,0
MV-37460,Men Jackets Heritage,VRT,Vert,Ready-to-Wear,Men,Outerwear,Jackets,MV,Maison Voss,100,20,A800,MV SOHO New York,20909.17,7542.92,70,28583.27,15554.54,4727.09,53,21641.62,134,114,20,83,81,0
MV-54657,Women Evening Dresses Slim,ANT,Anthracite,Ready-to-Wear,Women,Dresses,Evening Dresses,MV,Maison Voss,100,30,A800,MV SOHO New York,1129.07,428.87,3,1468.27,721.61,181.67,2,978.84,3,2,1,2,1,0
MV-65851,Women Midi Dresses Slim,NOI,Noir,Ready-to-Wear,Women,Dresses,Midi Dresses,MV,Maison Voss,100,30,A800,MV SOHO New York,362167.52,122661.77,764,442514.22,278897.05,77552.79,636,368375.71,1644,1282,362,1192,1109,0
MV-67905,Women High Top Luxe,BLU,Bleu Marine,Footwear,Women,Sneakers,High Top,MV,Maison Voss,100,30,A800,MV SOHO New York,39429.47,14337.52,65,52992.23,51158.85,14969.32,84,68482.27,68,63,5,96,62,0
MV-44687,Men Card Holders Modern,BLU,Bleu Marine,Leather Goods,Men,Small Leather Goods,Card Holders,MVS,MV Signature,100,50,A800,MV SOHO New York,238093.5,63897.2,256,329398.84,261496.1,75891.08,291,374433.84,736,492,244,977,619,0
MV-14877,Women Necklaces Heritage,SBL,Sable,Accessories,Women,Jewelry,Necklaces,MV,Maison Voss,100,50,A800,MV SOHO New York,120979.89,38127.23,279,149595.96,138845.71,45352.31,347,186056.62,633,569,64,820,676,0
MV-14705,Men Baseball Caps Modern,CRM,Creme,Accessories,Men,Hats,Baseball Caps,MVS,MV Signature,100,20,A800,MV SOHO New York,94260.74,33095.16,214,119303.94,117888.35,34518.92,242,134913.8,202,160,42,238,155,0
MV-13761,Women Evening Dresses Luxe,ANT,Anthracite,Ready-to-Wear,Women,Dresses,Evening Dresses,MVS,MV Signature,100,20,A800,MV SOHO New York,20315.84,5348.11,85,28878.99,25314.12,7366.37,95,32276.51,146,96,50,134,85,0
MV-40005,Men Silk Scarves Classic,SBL,Sable,Accessories,Men,Scarves,Silk Scarves,MVS,MV Signature,100,50,A800,MV SOHO New York,18465.31,4848.22,72,25166.14,17336.36,5922.11,74,25865.2,135,124,11,167,152,0
MV-57052,Men Day Dresses Signature,ARG,Argent,Ready-to-Wear,Men,Dresses,Day Dresses,MV,Maison Voss,100,20,A800,MV SOHO New York,79284.14,20916.04,207,109483.6,66283.51,18288.17,181,95732.04,411,380,31,289,258,0
MV-68529,Men Ankle Boots,ECR,Ecru,Footwear,Men,Boots,Ankle Boots,MVS,MV Signature,100,50,A800,MV SOHO New York,185912.15,69670.32,458,232455.15,188433.0,48717.59,478,242606.03,1319,1061,258,1219,1168,0
MV-11214,Men Coats Heritage,NOI,Noir,Ready-to-Wear,Men,Outerwear,Coats,MVS,MV Signature,100,20,A800,MV SOHO New York,177177.55,53498.75,668,248255.58,184745.59,68436.31,701,260519.7,2345,2134,211,2892,2235,0
MV-78494,Men Suit Sets Essential,ROG,Rouge,Ready-to-Wear,Men,Suits,Suit Sets,MVS,MV Signature,100,20,A800,MV SOHO New York,16426.22,5492.02,25,19236.33,15633.2,4641.29,23,17697.42,66,64,2,63,61,0
MV-59672,Women Shoulder Bags Classic,SBL,Sable,Leather Goods,Women,Handbags,Shoulder Bags,MV,Maison Voss,100,20,A800,MV SOHO New York,36882.82,11034.27,38,48489.42,30770.45,11626.53,35,44661.31,95,78,17,100,87,0
MV-59672,Women Shoulder Bags Classic,TAN,Tan,Leather Goods,Women,Handbags,Shoulder Bags,MV,Maison Voss,100,20,A800,MV SOHO New York,551810.18,159240.57,660,750475.9,485533.34,127921.68,540,614025.74,1295,999,296,898,706,0
MV-14877,Women Necklaces Heritage,RSE,Rose Poudre,Accessories,Women,Jewelry,Necklaces,MV,Maison Voss,100,50,A800,MV SOHO New York,83929.56,31533.86,304,107904.48,62955.91,16620.54,230,81638.26,914,764,150,688,680,0
MV-26551,Women Mules Luxe,NVY,Navy,Footwear,Women,Heels,Mules,MV,Maison Voss,100,50,A800,MV SOHO New York,352337.71,92846.06,489,496190.11,256199.14,74929.59,350,355146.3,297,199,98,249,203,0
MV-17592,Men Coats Relaxed,BEG,Beige,Ready-to-Wear,Men,Outerwear,Coats,MVS,MV Signature,100,20,A800,MV SOHO New York,21205.01,5872.63,51,27639.44,16623.97,6221.97,40,21677.99,41,28,13,34,30,0
MV-21542,Women Clutches Signature,TAN,Tan,Leather Goods,Women,Handbags,Clutches,MVS,MV Signature,100,70,A800,MV SOHO New York,69598.85,17983.37,201,89609.13,52408.42,19915.16,150,66872.49,262,241,21,215,151,0
MV-91830,Women Bracelets,NVY,Navy,Accessories,Women,Jewelry,Bracelets,MV,Maison Voss,100,50,A800,MV SOHO New York,159071.75,59310.18,275,215870.41,129176.92,35088.16,227,178191.21,428,339,89,341,282,0
MV-85914,Women Wallets,CAM,Camel,Leather Goods,Women,Small Leather Goods,Wallets,MV,Maison Voss,100,50,A800,MV SOHO New York,105805.89,38862.91,259,136545.81,110625.67,31319.45,265,139709.03,829,725,104,737,593,0
MV-20993,Men Wool Scarves Slim,TAN,Tan,Accessories,Men,Scarves,Wool Scarves,MV,Maison Voss,100,20,A800,MV SOHO New York,26101.85,8439.89,119,34314.05,24563.98,8198.78,124,35755.82,464,357,107,421,411,0
MV-47880,Women Shorts Relaxed,SBL,Sable,Ready-to-Wear,Women,Bottoms,Shorts,MV,Maison Voss,100,30,A800,MV SOHO New York,694.44,193.2,3,893.14,429.42,136.23,2,595.43,6,5,1,4,3,0
MV-98815,Men Check-In,IVR,Ivoire,Leather Goods,Men,Luggage,Check-In,MVS,MV Signature,100,20,A800,MV SOHO New York,71407.77,18036.1,199,103106.01,64585.0,22462.94,177,91707.35,652,607,45,553,349,0
MV-20682,Men Loafers Slim,ANT,Anthracite,Footwear,Men,Flats,Loafers,MVS,MV Signature,100,50,A800,MV SOHO New York,34602.17,12269.81,66,43590.16,42046.41,11463.13,76,50194.73,137,111,26,174,125,0
MV-59009,Women Earrings Slim,NOI,Noir,Accessories,Women,Jewelry,Earrings,MVS,MV Signature,100,50,A800,MV SOHO New York,46200.25,12395.77,136,63729.8,35290.29,9064.0,106,49671.75,110,84,26,90,56,0
MV-44959,Women Blazers Modern,GRG,Greige,Ready-to-Wear,Women,Outerwear,Blazers,MVS,MV Signature,100,30,A800,MV SOHO New York,447446.71,166307.3,720,601550.06,580179.87,174092.53,886,740240.77,1009,994,15,1000,911,0
MV-96870,Women Day Dresses Relaxed,GRG,Greige,Ready-to-Wear,Women,Dresses,Day Dresses,MVS,MV Signature,100,30,A800,MV SOHO New York,28113.16,8220.47,116,37722.3,27030.01,6761.76,98,31868.84,216,138,78,154,135,0
MV-59672,Women Shoulder Bags Classic,BEG,Beige,Leather Goods,Women,Handbags,Shoulder Bags,MV,Maison Voss,100,50,A800,MV SOHO New York,436907.93,130732.8,417,534060.33,325187.84,95513.84,348,445690.64,713,547,166,617,384,0
MV-11214,Men Coats Heritage,TAN,Tan,Ready-to-Wear,Men,Outerwear,Coats,MVS,MV Signature,100,20,A800,MV SOHO New York,11637.96,3527.8,47,16490.16,12932.62,4462.55,54,18946.14,59,43,16,63,50,0
MV-85914,Women Wallets,ROG,Rouge,Leather Goods,Women,Small Leather Goods,Wallets,MV,Maison Voss,100,20,A800,MV SOHO New York,101454.96,28215.05,254,121119.82,102887.2,36729.35,271,129226.26,401,390,11,435,379,0
MV-89507,Women Blazers Essential,TRP,Taupe,Ready-to-Wear,Women,Outerwear,Blazers,MV,Maison Voss,100,30,A800,MV SOHO New York,200589.1,59586.28,860,272041.12,234870.04,87149.1,1057,334357.51,2547,2198,349,2690,1973,0
MV-71474,Men Loafers Relaxed,RSE,Rose Poudre,Footwear,Men,Flats,Loafers,MV,Maison Voss,100,20,A800,MV SOHO New York,15157.26,4698.59,24,18927.08,12770.85,3385.09,22,17349.82,79,59,20,65,55,0
MV-30257,Women Weekender Relaxed,SBL,Sable,Leather Goods,Women,Luggage,Weekender,MV,Maison Voss,100,50,A800,MV SOHO New York,558.28,187.87,1,706.43,0.0,0.0,0,0.0,1,0,1,0,0,0
MV-59015,Unisex Baseball Caps Relaxed,ARG,Argent,Accessories,Unisex,Hats,Baseball Caps,MV,Maison Voss,100,20,A800,MV SOHO New York,68836.31,20119.84,129,91185.93,76664.32,25423.68,146,103202.68,119,99,20,146,132,0
MV-96341,Women Card Holders Signature,TAN,Tan,Leather Goods,Women,Small Leather Goods,Card Holders,MVS,MV Signature,100,70,A800,MV SOHO New York,7649.21,2266.53,22,11158.69,9248.89,2684.98,24,12173.11,78,74,4,90,70,0
MV-64377,Women Trousers Essential,IVR,Ivoire,Ready-to-Wear,Women,Bottoms,Trousers,MVS,MV Signature,100,20,A800,MV SOHO New York,199248.27,50397.2,314,266650.17,229660.61,80643.58,399,338832.54,331,287,44,418,366,0
MV-12665,Women Suit Trousers Essential,NOI,Noir,Ready-to-Wear,Women,Suits,Suit Trousers,MV,Maison Voss,100,20,A800,MV SOHO New York,176584.27,45293.68,560,225230.36,168657.97,52091.87,519,208740.28,2170,2067,103,2070,1745,0
MV-96761,Men Jackets Essential,ECR,Ecru,Ready-to-Wear,Men,Outerwear,Jackets,MVS,MV Signature,100,20,A800,MV SOHO New York,65815.57,24720.78,129,87210.75,63499.68,16687.68,120,81126.28,448,272,176,364,334,0
MV-49139,Men Wool Scarves Essential,BLU,Bleu Marine,Accessories,Men,Scarves,Wool Scarves,MV,Maison Voss,100,20,A800,MV SOHO New York,34828.41,8990.28,68,43683.18,42070.8,10790.46,77,49464.78,70,46,24,65,42,0
MV-17331,Women Key Holders Relaxed,ECR,Ecru,Leather Goods,Women,Small Leather Goods,Key Holders,MVS,MV Signature,100,20,A800,MV SOHO New York,110322.75,28498.93,129,148175.65,74119.97,25622.61,90,103378.36,201,141,60,151,141,0
MV-65296,Women Ankle Boots Slim,BRG,Bordeaux,Footwear,Women,Boots,Ankle Boots,MV,Maison Voss,100,30,A800,MV SOHO New York,70200.94,19264.02,293,93843.3,66952.36,22117.33,270,86476.76,405,398,7,372,294,0
MV-54589,Women Carry-On Slim,TAN,Tan,Leather Goods,Women,Luggage,Carry-On,MV,Maison Voss,100,20,A800,MV SOHO New York,2036.94,727.26,2,2619.4,967.86,272.87,1,1309.7,7,5,2,5,3,0
MV-11214,Men Coats Heritage,ARG,Argent,Ready-to-Wear,Men,Outerwear,Coats,MVS,MV Signature,100,20,A800,MV SOHO New York,94581.62,30520.54,202,113792.77,111806.98,32233.56,227,127876.03,248,160,88,312,237,0
MV-46421,Women Knee High Slim,RSE,Rose Poudre,Footwear,Women,Boots,Knee High,MVS,MV Signature,100,50,A800,MV SOHO New York,140566.11,39583.59,216,199624.39,107924.32,40946.1,156,144173.17,809,523,286,582,461,0
MV-64377,Women Trousers Essential,VRT,Vert,Ready-to-Wear,Women,Bottoms,Trousers,MVS,MV Signature,100,20,A800,MV SOHO New York,127141.76,44315.8,231,169733.53,142535.21,51092.15,291,213820.16,856,551,305,1174,775,0
MV-96760,Women Blouses Signature,GRG,Greige,Ready-to-Wear,Women,Tops,Blouses,MV,Maison Voss,100,30,A800,MV SOHO New York,26720.05,7334.27,63,34337.72,25506.15,6923.52,58,31612.5,79,64,15,69,68,0
MV-36318,Women Ankle Boots Slim,ROG,Rouge,Footwear,Women,Boots,Ankle Boots,MV,Maison Voss,100,20,A800,MV SOHO New York,78388.55,21169.04,285,106628.68,59135.93,21473.1,204,76323.69,1058,870,188,875,874,0
MV-23133,Men Trousers Essential,ANT,Anthracite,Ready-to-Wear,Men,Bottoms,Trousers,MV,Maison Voss,100,70,A800,MV SOHO New York,12216.57,4456.09,21,14659.17,13987.38,3932.83,25,17451.39,36,26,10,46,44,0
MV-54657,Women Evening Dresses Slim,SBL,Sable,Ready-to-Wear,Women,Dresses,Evening Dresses,MV,Maison Voss,100,50,A800,MV SOHO New York,13997.71,3952.56,50,17479.97,16002.84,6038.94,58,20276.77,147,97,50,192,166,0
MV-85914,Women Wallets,BLU,Bleu Marine,Leather Goods,Women,Small Leather Goods,Wallets,MV,Maison Voss,100,20,A800,MV SOHO New York,227789.18,75397.13,478,322691.0,179450.36,50959.43,351,236955.11,255,157,98,198,170,0
MV-96760,Women Blouses Signature,SBL,Sable,Ready-to-Wear,Women,Tops,Blouses,MV,Maison Voss,100,50,A800,MV SOHO New York,174442.49,48952.45,306,212904.83,217916.67,81413.65,378,263000.08,990,941,49,1023,770,0
MV-36318,Women Ankle Boots Slim,ANT,Anthracite,Footwear,Women,Boots,Ankle Boots,MV,Maison Voss,100,20,A800,MV SOHO New York,1080.03,300.39,3,1371.85,662.92,231.31,2,914.57,7,4,3,5,3,0
MV-36318,Women Ankle Boots Slim,IVR,Ivoire,Footwear,Women,Boots,Ankle Boots,MV,Maison Voss,100,20,A800,MV SOHO New York,38271.85,13172.86,65,52364.84,31916.29,11045.6,54,43503.1,38,22,16,37,36,0
MV-79822,Unisex Fedoras Slim,TRP,Taupe,Accessories,Unisex,Hats,Fedoras,MV,Maison Voss,100,50,A800,MV SOHO New York,16388.45,5048.56,55,20947.01,18270.83,4702.96,66,25136.41,47,41,6,61,57,0
MV-58434,Women Shoulder Bags Heritage,CHP,Champagne,Leather Goods,Women,Handbags,Shoulder Bags,MV,Maison Voss,100,20,A800,MV SOHO New York,32089.3,10589.3,72,38995.87,23499.92,6041.94,54,29246.9,122,85,37,107,89,0
MV-51704,Women Fedoras Luxe,ROG,Rouge,Accessories,Women,Hats,Fedoras,MV,Maison Voss,100,20,A800,MV SOHO New York,11894.08,4091.61,64,18020.73,9707.02,2716.43,52,14641.85,141,113,28,96,95,0
MV-74038,Women Pouches,SBL,Sable,Leather Goods,Women,Small Leather Goods,Pouches,MV,Maison Voss,100,20,A800,MV SOHO New York,11229.07,2974.3,14,15028.23,10700.93,3275.25,13,13954.79,29,24,5,28,23,0
MV-42087,Men Slides Slim,VRT,Vert,Footwear,Men,Flats,Slides,MV,Maison Voss,100,20,A800,MV SOHO New York,32073.75,11502.9,140,40069.68,28779.83,9525.81,127,36348.92,155,149,6,140,107,0
MV-56019,Men Shorts Slim,GRG,Greige,Ready-to-Wear,Men,Bottoms,Shorts,MV,Maison Voss,100,50,A800,MV SOHO New York,84800.42,28063.28,300,111180.45,99346.45,29583.23,370,137122.56,567,419,148,604,502,0
MV-70258,Men Platform Slim,BRG,Bordeaux,Footwear,Men,Sneakers,Platform,MV,Maison Voss,100,30,A800,MV SOHO New York,143529.14,52205.17,212,194835.77,100308.92,26056.35,152,139693.57,327,243,84,207,160,0
MV-30644,Men Chain Belts Slim,VRT,Vert,Leather Goods,Men,Belts,Chain Belts,MV,Maison Voss,100,50,A800,MV SOHO New York,220361.91,81880.91,254,324956.26,320265.63,112110.34,327,418349.2,441,340,101,525,419,0
MV-78614,Women Trousers Signature,ARG,Argent,Ready-to-Wear,Women,Bottoms,Trousers,MV,Maison Voss,100,30,A800,MV SOHO New York,12223.75,3947.0,19,15314.97,10923.6,3954.39,18,14508.91,72,44,28,70,62,0
MV-54725,Women Suit Trousers Classic,CRM,Cognac,Ready-to-Wear,Women,Suits,Suit Trousers,MV,Maison Voss,100,20,A800,MV SOHO New York,222391.5,73414.07,689,283179.94,150811.53,54828.4,523,214953.71,2378,1819,559,1774,1284,0
MV-35203,Men Blazers Modern,BRG,Bordeaux,Ready-to-Wear,Men,Outerwear,Blazers,MVS,MV Signature,100,20,A800,MV SOHO New York,146169.56,37437.57,415,207101.75,171333.15,60131.95,444,221573.93,1207,920,287,1037,1017,0
MV-93283,Unisex Wallets Luxe,IVR,Ivoire,Leather Goods,Unisex,Small Leather Goods,Wallets,MV,Maison Voss,100,20,A800,MV SOHO New York,312606.55,82305.36,372,444852.65,267311.64,71770.11,301,359947.98,791,474,317,717,613,0
MV-20993,Men Wool Scarves Slim,NOI,Noir,Accessories,Men,Scarves,Wool Scarves,MV,Maison Voss,100,30,A800,MV SOHO New York,94266.06,30442.29,394,117870.53,74547.6,20328.58,301,90048.3,1323,1175,148,918,851,0
MV-17331,Women Key Holders Relaxed,CAM,Camel,Leather Goods,Women,Small Leather Goods,Key Holders,MVS,MV Signature,100,50,A800,MV SOHO New York,377159.77,117041.96,615,465163.4,393410.99,128533.07,695,525672.46,1321,841,480,1596,1041,0
MV-59308,Men Knitwear Essential,SBL,Sable,Ready-to-Wear,Men,Tops,Knitwear,MVS,MV Signature,100,70,A800,MV SOHO New York,55426.74,16113.06,179,79008.2,64514.13,23656.27,185,81656.52,709,489,220,734,634,0
MV-89928,Men Suit Trousers Slim,CRM,Cognac,Ready-to-Wear,Men,Suits,Suit Trousers,MVS,MV Signature,100,30,A800,MV SOHO New York,28603.6,7979.53,50,40981.25,36528.19,10785.43,60,49177.5,158,135,23,206,135,0
MV-98501,Women Blouses Relaxed,BEG,Beige,Ready-to-Wear,Women,Tops,Blouses,MVS,MV Signature,100,50,A800,MV SOHO New York,104898.58,27121.16,218,141279.46,88839.13,23247.06,169,109523.98,618,557,61,472,427,0
MV-48462,Women Ankle Boots Relaxed,GRG,Greige,Footwear,Women,Boots,Ankle Boots,MVS,MV Signature,100,20,A800,MV SOHO New York,240582.63,79228.87,309,303515.57,194289.46,51004.64,255,250474.01,1095,794,301,724,629,0
MV-62383,Men Berets Relaxed,ECR,Ecru,Accessories,Men,Hats,Berets,MVS,MV Signature,100,30,A800,MV SOHO New York,102379.19,29177.54,305,145293.65,113225.96,28718.61,326,155297.47,904,765,139,916,740,0
MV-38683,Men Tops Slim,RSE,Rose Poudre,Ready-to-Wear,Men,Tops,Tops,MVS,MV Signature,100,70,A800,MV SOHO New York,109803.67,31728.8,168,146442.61,116636.08,29412.17,191,166491.31,383,274,109,365,293,0
MV-84341,Men Sandals Signature,BEG,Beige,Footwear,Men,Heels,Sandals,MV,Maison Voss,100,30,A800,MV SOHO New York,12987.33,3540.72,16,16089.5,12687.22,3714.36,16,16089.5,47,34,13,45,42,0
MV-76132,Unisex Leather Belts Slim,SBL,Sable,Leather Goods,Unisex,Belts,Leather Belts,MV,Maison Voss,100,20,A800,MV SOHO New York,47303.21,16967.14,105,61344.84,41111.63,12644.52,101,59007.89,340,339,1,350,214,0
MV-18163,Men Blazers Slim,IVR,Ivoire,Ready-to-Wear,Men,Suits,Blazers,MV,Maison Voss,100,20,A800,MV SOHO New York,305547.66,83212.43,578,401048.45,242675.68,77767.06,443,307377.96,1883,1549,334,1376,1156,0
MV-18799,Women Jeans Modern,TRP,Taupe,Ready-to-Wear,Women,Bottoms,Jeans,MV,Maison Voss,100,30,A800,MV SOHO New York,74166.55,24162.97,200,104496.93,74495.64,26822.16,198,103451.96,720,551,169,809,521,0
MV-68838,Men Suit Trousers Signature,TRP,Taupe,Ready-to-Wear,Men,Suits,Suit Trousers,MV,Maison Voss,100,20,A800,MV SOHO New York,90297.06,28721.99,176,129314.6,86847.47,23722.65,186,136662.02,349,212,137,320,220,0
MV-38183,Men Suit Trousers Essential,NVY,Navy,Ready-to-Wear,Men,Suits,Suit Trousers,MVS,MV Signature,100,50,A800,MV SOHO New York,13558.02,4760.16,71,18635.13,16933.89,5518.08,86,22572.13,118,107,11,127,89,0
MV-48504,Women Slides Signature,RSE,Rose Poudre,Footwear,Women,Flats,Slides,MVS,MV Signature,100,50,A800,MV SOHO New York,55837.74,18075.88,104,82418.7,62802.3,19880.0,114,90343.58,314,262,52,287,256,0
MV-26912,Men Suit Sets Essential,ANT,Anthracite,Ready-to-Wear,Men,Suits,Suit Sets,MVS,MV Signature,100,50,A800,MV SOHO New York,228769.6,76889.66,514,323807.63,179630.56,64875.19,394,248210.52,1481,959,522,1014,931,0
MV-23579,Men Cat Eye,SBL,Sable,Accessories,Men,Sunglasses,Cat Eye,MVS,MV Signature,100,20,A800,MV SOHO New York,112998.31,29447.35,250,143471.22,88549.39,32557.93,205,117646.4,135,106,29,122,77,0
MV-56438,Men Boots Essential,ANT,Anthracite,Footwear,Men,Heels,Boots,MV,Maison Voss,100,20,A800,MV SOHO New York,239969.3,79217.93,353,312626.35,213596.54,54535.81,299,264802.49,809,507,302,733,490,0
MV-16265,Women Chain Belts Signature,CRM,Creme,Leather Goods,Women,Belts,Chain Belts,MVS,MV Signature,100,50,A800,MV SOHO New York,140199.54,49888.0,138,178477.34,100570.13,28270.16,101,130624.72,222,186,36,163,154,0
MV-20336,Men Blazers Heritage,BEG,Beige,Ready-to-Wear,Men,Suits,Blazers,MV,Maison Voss,100,20,A800,MV SOHO New York,144449.73,41575.3,226,188783.73,124893.85,33516.52,222,185442.43,801,798,3,818,495,0
MV-16265,Women Chain Belts Signature,BRG,Bordeaux,Leather Goods,Women,Belts,Chain Belts,MVS,MV Signature,100,20,A800,MV SOHO New York,26007.81,9209.19,65,34574.98,19000.05,6364.11,49,26064.22,247,170,77,196,125,0
MV-23238,Women Knitwear Essential,ANT,Anthracite,Ready-to-Wear,Women,Tops,Knitwear,MV,Maison Voss,100,20,A800,MV SOHO New York,91816.06,27028.92,278,111734.23,66958.92,22550.69,231,92843.91,697,510,187,653,415,0
MV-82910,Men Shirts Signature,BLU,Bleu Marine,Ready-to-Wear,Men,Tops,Shirts,MV,Maison Voss,100,20,A800,MV SOHO New York,81396.91,20845.26,127,108260.18,71465.18,23702.3,106,90358.89,212,140,72,210,183,0
MV-47243,Men Boots Heritage,SBL,Sable,Footwear,Men,Heels,Boots,MV,Maison Voss,100,20,A800,MV SOHO New York,55727.88,13994.94,133,73894.25,50973.88,13098.28,107,59448.76,142,114,28,134,124,0
MV-59672,Women Shoulder Bags Classic,RSE,Rose Poudre,Leather Goods,Women,Handbags,Shoulder Bags,MV,Maison Voss,100,20,A800,MV SOHO New York,233439.58,78626.28,238,311610.91,224796.23,62426.14,228,298518.02,245,203,42,199,174,0
MV-31581,Men Key Holders Slim,ECR,Ecru,Leather Goods,Men,Small Leather Goods,Key Holders,MVS,MV Signature,100,20,A800,MV SOHO New York,634595.63,234469.73,627,746499.94,511409.6,192927.39,540,642918.6,2248,1870,378,1572,1026,0
MV-27139,Men Jackets Signature,CRM,Cognac,Ready-to-Wear,Men,Outerwear,Jackets,MVS,MV Signature,100,20,A800,MV SOHO New York,9272.03,2645.36,15,11301.36,10147.98,3739.41,18,13561.63,38,33,5,46,34,0
MV-79942,Men Blazers Essential,CHP,Champagne,Ready-to-Wear,Men,Outerwear,Blazers,MVS,MV Signature,100,50,A800,MV SOHO New York,197173.5,74711.39,397,281257.68,188023.16,63599.85,346,245126.34,820,610,210,639,449,0
MV-71474,Men Loafers Relaxed,NOI,Noir,Footwear,Men,Flats,Loafers,MV,Maison Voss,100,70,A800,MV SOHO New York,53818.44,18308.47,78,70362.26,64272.5,19102.02,95,85697.62,123,77,46,138,100,0
MV-69634,Women Day Dresses Signature,ECR,Ecru,Ready-to-Wear,Women,Dresses,Day Dresses,MVS,MV Signature,100,20,A800,MV SOHO New York,85416.23,24885.19,133,115222.98,80796.44,20379.5,135,116955.66,327,226,101,270,187,0
MV-56346,Women Clutches Essential,NVY,Navy,Leather Goods,Women,Handbags,Clutches,MV,Maison Voss,100,20,A800,MV SOHO New York,3707.66,1137.48,5,4549.45,2775.65,913.79,4,3639.56,19,13,6,16,13,0
MV-70521,Men Mules Luxe,ANT,Anthracite,Footwear,Men,Heels,Mules,MV,Maison Voss,100,20,A800,MV SOHO New York,60657.1,18019.19,81,75239.56,65454.52,23475.96,94,87315.05,86,55,31,120,118,0
MV-96341,Women Card Holders Signature,NOI,Noir,Leather Goods,Women,Small Leather Goods,Card Holders,MVS,MV Signature,100,50,A800,MV SOHO New York,147944.8,39629.65,159,211074.65,127182.29,35591.41,137,181869.35,560,437,123,415,322,0
MV-67104,Men Sandals Essential,NVY,Navy,Footwear,Men,Heels,Sandals,MV,Maison Voss,100,30,A800,MV SOHO New York,5599.38,1571.79,13,7736.25,4081.09,1144.81,9,5355.86,48,40,8,37,30,0
MV-71797,Men Shoulder Bags Classic,ANT,Anthracite,Leather Goods,Men,Handbags,Shoulder Bags,MVS,MV Signature,100,70,A800,MV SOHO New York,73646.68,27182.16,154,101006.49,55950.86,15363.81,122,80018.13,422,314,108,360,294,0
MV-71537,Women Trousers Heritage,BRG,Bordeaux,Ready-to-Wear,Women,Bottoms,Trousers,MVS,MV Signature,100,70,A800,MV SOHO New York,393333.65,137753.71,597,482645.86,310363.12,92501.43,449,362994.96,507,316,191,385,348,0
MV-90356,Women Loafers Signature,CRM,Cognac,Footwear,Women,Flats,Loafers,MV,Maison Voss,100,50,A800,MV SOHO New York,14115.44,4995.05,25,20316.54,16454.92,5400.72,27,21941.86,36,29,7,39,37,0
MV-28191,Women Chelsea Boots Luxe,BEG,Beige,Footwear,Women,Boots,Chelsea Boots,MV,Maison Voss,100,20,A800,MV SOHO New York,94662.42,30904.45,329,132925.35,95267.57,31940.16,311,125652.84,1295,952,343,1378,934,0
MV-80236,Women Coats Slim,TAN,Tan,Ready-to-Wear,Women,Outerwear,Coats,MVS,MV Signature,100,30,A800,MV SOHO New York,47006.46,12060.13,120,59795.38,46268.25,17134.39,126,62785.15,297,290,7,274,180,0
MV-23579,Men Cat Eye,VRT,Vert,Accessories,Men,Sunglasses,Cat Eye,MVS,MV Signature,100,50,A800,MV SOHO New York,138067.65,46734.45,242,204264.21,107255.77,40280.19,174,146867.66,510,328,182,321,209,0
MV-12180,Men High Top Signature,BLU,Bleu Marine,Footwear,Men,Sneakers,High Top,MVS,MV Signature,100,20,A800,MV SOHO New York,37377.69,11677.38,68,49991.42,33838.46,9511.49,67,49256.25,170,103,67,168,160,0
MV-38903,Men Coats Essential,NVY,Navy,Ready-to-Wear,Men,Outerwear,Coats,MV,Maison Voss,100,70,A800,MV SOHO New York,10731.5,3520.12,39,13605.89,11955.73,3110.34,46,16047.97,39,36,3,47,37,0
MV-13396,Women Wallets Slim,BRG,Bordeaux,Leather Goods,Women,Small Leather Goods,Wallets,MVS,MV Signature,100,20,A800,MV SOHO New York,16083.98,4942.36,39,20720.8,19322.47,6263.77,42,22314.71,105,66,39,98,94,0
MV-38760,Unisex Rings Heritage,VRT,Vert,Accessories,Unisex,Jewelry,Rings,MV,Maison Voss,100,20,A800,MV SOHO New York,9387.76,2842.05,16,12497.13,8047.43,2905.78,15,11716.06,11,7,4,11,6,0
MV-80282,Unisex Baseball Caps Signature,RSE,Rose Poudre,Accessories,Unisex,Hats,Baseball Caps,MV,Maison Voss,100,20,A800,MV SOHO New York,7535.82,2007.84,46,9743.74,7790.04,2046.05,44,9320.1,45,42,3,41,25,0
MV-71474,Men Loafers Relaxed,CRM,Creme,Footwear,Men,Flats,Loafers,MV,Maison Voss,100,20,A800,MV SOHO New York,110678.61,36095.2,248,144599.06,108981.23,40439.2,253,147514.37,536,459,77,558,526,0
MV-90209,Men Suit Sets Modern,CHP,Champagne,Ready-to-Wear,Men,Suits,Suit Sets,MV,Maison Voss,100,70,A800,MV SOHO New York,279428.06,88125.91,486,349738.17,345120.57,125123.95,542,390037.22,628,388,240,610,408,0
MV-79329,Men Suit Trousers Classic,NVY,Navy,Ready-to-Wear,Men,Suits,Suit Trousers,MVS,MV Signature,100,20,A800,MV SOHO New York,110698.85,29303.93,383,131968.46,123715.12,33169.88,464,159878.24,1081,1052,29,1437,980,0
MV-27892,Men Suit Trousers Modern,NVY,Navy,Ready-to-Wear,Men,Suits,Suit Trousers,MV,Maison Voss,100,20,A800,MV SOHO New York,92886.58,31353.08,263,122535.02,73161.04,23587.79,187,87125.66,990,861,129,611,609,0
MV-53655,Women Leather Belts Slim,CRM,Cognac,Leather Goods,Women,Belts,Leather Belts,MV,Maison Voss,100,20,A800,MV SOHO New York,13945.37,4705.34,26,18975.94,12943.04,4067.49,24,17516.25,33,20,13,32,23,0
MV-93746,Women Blazers Essential,TRP,Taupe,Ready-to-Wear,Women,Suits,Blazers,MV,Maison Voss,100,50,A800,MV SOHO New York,49130.76,18193.35,77,61298.58,51231.21,18731.08,71,56522.06,81,78,3,73,72,0
MV-58566,Men Leather Belts Relaxed,RSE,Rose Poudre,Leather Goods,Men,Belts,Leather Belts,MVS,MV Signature,100,20,A800,MV SOHO New York,52744.53,16489.98,84,70708.61,71000.28,18431.94,101,85018.68,131,101,30,127,117,0
MV-71474,Men Loafers Relaxed,ECR,Ecru,Footwear,Men,Flats,Loafers,MV,Maison Voss,100,70,A800,MV SOHO New York,44365.13,15599.89,65,55436.87,48819.68,13859.62,75,63965.62,257,191,66,308,250,0
MV-43491,Women Earrings Heritage,IVR,Ivoire,Accessories,Women,Jewelry,Earrings,MV,Maison Voss,100,20,A800,MV SOHO New York,63124.23,21481.08,164,84187.18,76860.93,21104.15,207,106260.65,570,525,45,756,729,0
MV-69446,Unisex Evening Dresses Modern,BLU,Bleu Marine,Ready-to-Wear,Unisex,Dresses,Evening Dresses,MV,Maison Voss,100,20,A800,MV SOHO New York,67498.22,21842.41,174,84394.2,68373.52,20386.78,161,78088.88,651,415,236,662,590,0
MV-20336,Men Blazers Heritage,ECR,Ecru,Ready-to-Wear,Men,Suits,Blazers,MV,Maison Voss,100,20,A800,MV SOHO New York,27657.91,9936.94,100,32646.39,23291.53,7231.8,90,29381.75,391,244,147,358,334,0
MV-27961,Women Blouses Signature,NOI,Noir,Ready-to-Wear,Women,Tops,Blouses,MV,Maison Voss,100,20,A800,MV SOHO New York,42586.12,13429.33,99,55431.03,46951.51,17520.39,111,62149.95,127,89,38,130,107,0
MV-80807,Men Ballet Flats Heritage,TRP,Taupe,Footwear,Men,Flats,Ballet Flats,MV,Maison Voss,100,50,A800,MV SOHO New York,194789.54,67275.36,402,261710.88,209130.51,77348.35,465,302725.27,1090,936,154,1037,941,0
MV-74866,Women Wool Scarves Luxe,TAN,Tan,Accessories,Women,Scarves,Wool Scarves,MV,Maison Voss,100,20,A800,MV SOHO New York,142424.16,44766.33,355,198995.24,129557.67,43705.78,318,178254.89,584,538,46,604,471,0
MV-84341,Men Sandals Signature,ARG,Argent,Footwear,Men,Heels,Sandals,MV,Maison Voss,100,70,A800,MV SOHO New York,40035.22,11744.79,83,52169.52,36930.3,9259.96,73,45884.04,290,285,5,260,236,0
MV-17592,Men Coats Relaxed,SBL,Sable,Ready-to-Wear,Men,Outerwear,Coats,MVS,MV Signature,100,20,A800,MV SOHO New York,135923.3,49112.38,558,184427.38,167360.81,59321.01,690,228055.36,1085,681,404,1457,1202,0
MV-48462,Women Ankle Boots Relaxed,CRM,Cognac,Footwear,Women,Boots,Ankle Boots,MVS,MV Signature,100,20,A800,MV SOHO New York,276787.27,74482.45,696,364607.51,324676.96,114800.39,862,451568.5,2689,2009,680,3483,2627,0
MV-68138,Women Tops Modern,ECR,Ecru,Ready-to-Wear,Women,Tops,Tops,MV,Maison Voss,100,20,A800,MV SOHO New York,48434.23,13249.05,90,71560.38,42916.71,13868.66,81,64404.34,122,76,46,119,72,0
MV-95191,Women Coats Signature,TAN,Tan,Ready-to-Wear,Women,Outerwear,Coats,MV,Maison Voss,100,20,A800,MV SOHO New York,39722.71,12845.16,99,53086.12,26805.74,10081.31,75,40216.76,149,128,21,100,79,0
MV-96760,Women Blouses Signature,ROG,Rouge,Ready-to-Wear,Women,Tops,Blouses,MV,Maison Voss,100,70,A800,MV SOHO New York,61059.36,21004.56,160,83442.47,52420.47,19186.92,133,69361.55,229,143,86,159,100,0
MV-20350,Women Card Holders Essential,VRT,Vert,Leather Goods,Women,Small Leather Goods,Card Holders,MVS,MV Signature,100,50,A800,MV SOHO New York,579801.85,164885.35,645,823598.51,522387.69,187200.49,639,815937.13,1656,1359,297,1624,1427,0
MV-41029,Women Ballet Flats Luxe,ANT,Anthracite,Footwear,Women,Flats,Ballet Flats,MV,Maison Voss,100,20,A800,MV SOHO New York,293124.98,96511.48,476,411065.15,332644.37,104365.17,562,485333.22,927,573,354,894,883,0
MV-53025,Men Loafers Heritage,SBL,Sable,Footwear,Men,Flats,Loafers,MV,Maison Voss,100,70,A800,MV SOHO New York,17078.19,4409.39,24,22292.83,11892.72,3306.22,17,15790.75,43,37,6,34,25,0
MV-29597,Women Leather Belts,NVY,Navy,Leather Goods,Women,Belts,Leather Belts,MV,Maison Voss,100,20,A800,MV SOHO New York,68619.47,17520.74,113,80104.29,87784.82,27647.96,140,99244.25,384,245,139,558,502,0
MV-92345,Women Leather Belts Modern,CAM,Camel,Leather Goods,Women,Belts,Leather Belts,MVS,MV Signature,100,50,A800,MV SOHO New York,80383.46,20533.06,183,100649.41,100961.51,26497.73,219,120449.3,568,368,200,806,508,0
MV-36318,Women Ankle Boots Slim,BEG,Beige,Footwear,Women,Boots,Ankle Boots,MV,Maison Voss,100,70,A800,MV SOHO New York,106723.24,37542.77,159,140008.89,112607.46,41559.6,186,163783.98,322,259,63,374,234,0
MV-71797,Men Shoulder Bags Classic,GRG,Greige,Leather Goods,Men,Handbags,Shoulder Bags,MVS,MV Signature,100,20,A800,MV SOHO New York,26786.57,9607.62,49,31809.11,29868.66,9636.33,57,37002.43,152,113,39,184,129,0
MV-70521,Men Mules Luxe,CAM,Camel,Footwear,Men,Heels,Mules,MV,Maison Voss,100,70,A800,MV SOHO New York,337857.38,90870.46,446,490143.54,337899.98,87238.58,447,491242.52,1587,964,623,1773,1640,0
MV-14705,Men Baseball Caps Modern,RSE,Rose Poudre,Accessories,Men,Hats,Baseball Caps,MVS,MV Signature,100,50,A800,MV SOHO New York,126462.2,36143.39,257,178866.8,109581.05,37920.17,228,158683.39,938,594,344,840,828,0
MV-57942,Women Chelsea Boots Modern,CAM,Camel,Footwear,Women,Boots,Chelsea Boots,MVS,MV Signature,100,70,A800,MV SOHO New York,291545.84,85973.3,414,375382.85,298836.02,107230.21,420,380823.18,683,678,5,601,394,0
MV-46421,Women Knee High Slim,RSE,Rose Poudre,Footwear,Women,Boots,Knee High,MVS,MV Signature,100,50,A800,MV SOHO New York,129075.3,40036.96,446,167196.55,157314.74,45880.03,570,213681.69,1008,805,203,1095,957,0
MV-23434,Women Card Holders,VRT,Vert,Leather Goods,Women,Small Leather Goods,Card Holders,MV,Maison Voss,100,20,A800,MV SOHO New York,130754.76,32932.55,314,168058.51,147621.42,38937.02,349,186791.15,732,570,162,923,843,0
MV-94675,Women Trousers Essential,CHP,Champagne,Ready-to-Wear,Women,Bottoms,Trousers,MVS,MV Signature,100,20,A800,MV SOHO New York,57450.97,21174.28,131,71420.0,51886.92,17119.69,131,71420.0,85,79,6,78,60,0
MV-97782,Women Leather Belts Signature,CRM,Creme,Leather Goods,Women,Belts,Leather Belts,MV,Maison Voss,100,50,A800,MV SOHO New York,224862.29,72809.43,215,285933.28,263769.41,67027.51,262,348439.63,225,206,19,286,221,0
MV-62034,Women Necklaces Luxe,TAN,Tan,Accessories,Women,Jewelry,Necklaces,MVS,MV Signature,100,50,A800,MV SOHO New York,16408.11,4364.41,39,23992.95,18888.23,5741.14,42,25838.56,131,109,22,162,161,0
MV-43681,Men Low Top Luxe,ECR,Ecru,Footwear,Men,Sneakers,Low Top,MV,Maison Voss,100,30,A800,MV SOHO New York,182049.95,67914.89,255,255802.54,228139.87,64304.7,317,317997.67,855,729,126,899,610,0
MV-28714,Men Trousers Luxe,BRG,Bordeaux,Ready-to-Wear,Men,Bottoms,Trousers,MV,Maison Voss,100,20,A800,MV SOHO New York,24946.13,8732.84,45,31190.98,31956.8,8595.83,54,37429.18,145,97,48,172,129,0
MV-62044,Women Low Top Classic,ECR,Ecru,Footwear,Women,Sneakers,Low Top,MVS,MV Signature,100,20,A800,MV SOHO New York,182889.06,64040.02,269,239685.42,143814.34,41368.69,208,185332.96,537,387,150,438,376,0
MV-62296,Unisex Bracelets Signature,VRT,Vert,Accessories,Unisex,Jewelry,Bracelets,MVS,MV Signature,100,50,A800,MV SOHO New York,10718.57,3258.91,59,12499.85,10635.6,3705.28,64,13559.16,213,175,38,218,210,0
MV-73736,Women Key Holders Relaxed,BEG,Beige,Leather Goods,Women,Small Leather Goods,Key Holders,MV,Maison Voss,100,70,A800,MV SOHO New York,11621.89,3408.43,28,17221.83,9458.59,2665.53,21,12916.37,48,36,12,42,41,0
MV-82512,Women Shorts Heritage,ROG,Rouge,Ready-to-Wear,Women,Bottoms,Shorts,MV,Maison Voss,100,30,A800,MV SOHO New York,22397.45,7360.32,41,29248.87,19712.1,6553.71,37,26395.32,115,113,2,125,117,0
MV-80282,Unisex Baseball Caps Signature,SBL,Sable,Accessories,Unisex,Hats,Baseball Caps,MV,Maison Voss,100,20,A800,MV SOHO New York,215.82,71.11,1,267.83,194.7,71.46,1,267.83,2,1,1,1,0,0
MV-72722,Women Midi Dresses Slim,NVY,Navy,Ready-to-Wear,Women,Dresses,Midi Dresses,MVS,MV Signature,100,20,A800,MV SOHO New York,64300.63,17846.14,289,87993.21,68655.38,20320.3,293,89211.11,761,505,256,641,476,0
MV-69634,Women Day Dresses Signature,CHP,Champagne,Ready-to-Wear,Women,Dresses,Day Dresses,MVS,MV Signature,100,50,A800,MV SOHO New York,183554.38,60209.23,300,246512.92,188300.25,68628.52,313,257195.15,532,397,135,542,486,0
MV-14705,Men Baseball Caps Modern,CAM,Camel,Accessories,Men,Hats,Baseball Caps,MVS,MV Signature,100,20,A800,MV SOHO New York,86679.76,22369.94,164,104329.42,99807.67,33313.82,179,113871.74,572,410,162,504,330,0
MV-33509,Unisex Fedoras Signature,ANT,Anthracite,Accessories,Unisex,Hats,Fedoras,MVS,MV Signature,100,20,A800,MV SOHO New York,20111.86,6709.75,40,27359.66,16709.23,5542.55,36,24623.69,97,90,7,88,66,0
MV-94323,Women Round Frames Classic,VRT,Vert,Accessories,Women,Sunglasses,Round Frames,MVS,MV Signature,100,70,A800,MV SOHO New York,10239.79,2676.72,19,14765.01,10255.76,2892.56,18,13987.91,59,46,13,49,41,0
MV-76132,Unisex Leather Belts Slim,ANT,Anthracite,Leather Goods,Unisex,Belts,Leather Belts,MV,Maison Voss,100,70,A800,MV SOHO New York,1972.28,567.9,4,2578.95,2657.89,869.0,5,3223.69,2,1,1,3,2,0
MV-28714,Men Trousers Luxe,IVR,Ivoire,Ready-to-Wear,Men,Bottoms,Trousers,MV,Maison Voss,100,50,A800,MV SOHO New York,13585.13,4936.44,41,16428.9,15421.65,3982.2,46,18432.42,91,80,11,88,71,0
MV-20543,Men Check-In Classic,SBL,Sable,Leather Goods,Men,Luggage,Check-In,MVS,MV Signature,100,50,A800,MV SOHO New York,501337.21,141375.22,505,726571.15,465362.97,164163.35,461,663265.94,770,732,38,600,481,0
MV-71057,Women Boots,CRM,Cognac,Footwear,Women,Heels,Boots,MVS,MV Signature,100,20,A800,MV SOHO New York,45219.18,14572.37,63,60977.05,43049.7,14062.11,56,54201.82,70,67,3,57,42,0
MV-40005,Men Silk Scarves Classic,TAN,Tan,Accessories,Men,Scarves,Silk Scarves,MVS,MV Signature,100,20,A800,MV SOHO New York,42840.19,14004.53,99,57208.93,33202.1,10024.68,76,43917.97,87,81,6,66,53,0
MV-19862,Men Pumps Slim,RSE,Rose Poudre,Footwear,Men,Heels,Pumps,MV,Maison Voss,100,20,A800,MV SOHO New York,13674.74,4390.02,25,19569.04,9828.18,2948.1,17,13306.95,23,20,3,17,15,0
MV-62296,Unisex Bracelets Signature,VRT,Vert,Accessories,Unisex,Jewelry,Bracelets,MVS,MV Signature,100,20,A800,MV SOHO New York,18514.25,6245.18,57,22577.26,20227.77,7409.86,71,28122.56,159,142,17,235,196,0
MV-63843,Women Midi Dresses Essential,BRG,Bordeaux,Ready-to-Wear,Women,Dresses,Midi Dresses,MVS,MV Signature,100,50,A800,MV SOHO New York,62476.96,17391.43,166,83120.66,60677.91,16555.51,161,80617.03,291,210,81,286,267,0
MV-51116,Unisex Tops Essential,CRM,Creme,Ready-to-Wear,Unisex,Tops,Tops,MV,Maison Voss,100,20,A800,MV SOHO New York,144022.26,40454.42,213,200506.67,103073.18,28531.8,164,154380.72,521,398,123,464,432,0
MV-56346,Women Clutches Essential,BRG,Bordeaux,Leather Goods,Women,Handbags,Clutches,MV,Maison Voss,100,20,A800,MV SOHO New York,22223.5,7138.03,64,29886.21,19987.03,5178.42,56,26150.43,240,166,74,250,238,0
MV-94058,Women Chain Belts,VRT,Vert,Leather Goods,Women,Belts,Chain Belts,MVS,MV Signature,100,20,A800,MV SOHO New York,11439.34,4024.93,13,14593.05,11895.22,3404.63,13,14593.05,47,42,5,42,32,0
MV-29597,Women Leather Belts,ANT,Anthracite,Leather Goods,Women,Belts,Leather Belts,MV,Maison Voss,100,20,A800,MV SOHO New York,68808.78,17939.69,113,90081.36,71983.31,19438.87,124,98850.35,311,263,48,402,308,0
MV-88366,Men Blazers Classic,BEG,Beige,Ready-to-Wear,Men,Outerwear,Blazers,MV,Maison Voss,100,50,A800,MV SOHO New York,32531.29,8567.99,60,42746.51,24903.38,6945.31,47,33484.77,168,153,15,108,90,0
MV-26299,Men High Top Luxe,TRP,Taupe,Footwear,Men,Sneakers,High Top,MVS,MV Signature,100,20,A800,MV SOHO New York,26075.37,9002.95,56,33839.74,17351.49,5045.55,42,25379.8,195,147,48,138,130,0
MV-79924,Unisex Blazers Modern,TAN,Tan,Ready-to-Wear,Unisex,Outerwear,Blazers,MV,Maison Voss,100,20,A800,MV SOHO New York,242915.9,70829.28,733,317779.08,178455.22,62170.57,603,261419.89,2181,1585,596,2129,1422,0
MV-21542,Women Clutches Signature,CAM,Camel,Leather Goods,Women,Handbags,Clutches,MVS,MV Signature,100,20,A800,MV SOHO New York,66553.84,25090.95,218,96518.75,72516.62,20484.28,238,105373.68,285,213,72,264,192,0
MV-57943,Women Shorts Essential,BRG,Bordeaux,Ready-to-Wear,Women,Bottoms,Shorts,MV,Maison Voss,100,20,A800,MV SOHO New York,90439.32,23336.8,185,123204.88,88953.83,27329.1,168,111883.35,618,568,50,567,439,0
MV-94323,Women Round Frames Classic,TAN,Tan,Accessories,Women,Sunglasses,Round Frames,MVS,MV Signature,100,20,A800,MV SOHO New York,59299.09,18403.28,122,82249.18,45435.85,13085.19,107,72136.58,204,177,27,209,163,0
MV-68929,Women Crossbody Bags Relaxed,ANT,Anthracite,Leather Goods,Women,Handbags,Crossbody Bags,MV,Maison Voss,100,20,A800,MV SOHO New York,65614.1,23441.01,127,90090.29,61750.18,18217.71,111,78740.33,108,73,35,90,61,0
MV-82135,Women Trousers Slim,BRG,Bordeaux,Ready-to-Wear,Women,Bottoms,Trousers,MVS,MV Signature,100,50,A800,MV SOHO New York,52539.06,15405.89,177,71881.85,59560.16,20577.89,218,88532.45,375,300,75,440,417,0
MV-73242,Men Chain Belts Luxe,CHP,Champagne,Leather Goods,Men,Belts,Chain Belts,MV,Maison Voss,100,70,A800,MV SOHO New York,118038.82,36072.52,271,169127.46,117171.93,29972.51,244,152277.12,502,429,73,426,343,0
MV-31798,Women Shoulder Bags Essential,TRP,Taupe,Leather Goods,Women,Handbags,Shoulder Bags,MV,Maison Voss,100,50,A800,MV SOHO New York,175686.87,63552.41,276,249584.93,160652.76,55518.75,262,236924.82,269,243,26,231,163,0
MV-40007,Women Tote Bags Modern,GRG,Greige,Leather Goods,Women,Handbags,Tote Bags,MV,Maison Voss,100,30,A800,MV SOHO New York,21184.49,5834.51,42,25925.99,19052.8,5842.99,36,22222.28,62,58,4,49,44,0
MV-11214,Men Coats Heritage,IVR,Ivoire,Ready-to-Wear,Men,Outerwear,Coats,MVS,MV Signature,100,20,A800,MV SOHO New York,27867.66,8735.82,158,35120.06,34141.18,10255.06,173,38454.24,198,189,9,184,126,0
MV-78955,Women Pouches Modern,CRM,Cognac,Leather Goods,Women,Small Leather Goods,Pouches,MV,Maison Voss,100,30,A800,MV SOHO New York,49345.1,15922.39,121,59664.73,39027.13,14099.73,91,44871.83,464,377,87,403,262,0
MV-23434,Women Card Holders,ARG,Argent,Leather Goods,Women,Small Leather Goods,Card Holders,MV,Maison Voss,100,20,A800,MV SOHO New York,174532.42,60524.49,466,226955.29,125489.25,33045.21,346,168511.87,285,230,55,230,200,0
MV-69829,Men Ballet Flats Slim,ECR,Ecru,Footwear,Men,Flats,Ballet Flats,MV,Maison Voss,100,50,A800,MV SOHO New York,63474.52,20145.74,227,81626.05,64805.68,18095.69,240,86300.67,518,498,20,654,498,0
MV-37460,Men Jackets Heritage,ARG,Argent,Ready-to-Wear,Men,Outerwear,Jackets,MV,Maison Voss,100,20,A800,MV SOHO New York,91915.9,30319.17,173,126858.44,86956.43,30826.11,171,125391.87,631,522,109,530,387,0
MV-91830,Women Bracelets,ANT,Anthracite,Accessories,Women,Jewelry,Bracelets,MV,Maison Voss,100,50,A800,MV SOHO New York,9408.35,2953.67,27,11906.26,10419.58,3497.86,31,13670.15,19,17,2,25,18,0
MV-67961,Men Wool Scarves Heritage,ARG,Argent,Accessories,Men,Scarves,Wool Scarves,MV,Maison Voss,100,30,A800,MV SOHO New York,66252.97,23171.63,212,86234.96,69875.46,19756.46,224,91116.18,620,474,146,664,629,0
MV-76132,Unisex Leather Belts Slim,VRT,Vert,Leather Goods,Unisex,Belts,Leather Belts,MV,Maison Voss,100,20,A800,MV SOHO New York,13023.19,4057.25,28,17084.76,9439.18,3576.74,22,13423.74,54,46,8,43,31,0
MV-99173,Women Card Holders Modern,TAN,Tan,Leather Goods,Women,Small Leather Goods,Card Holders,MV,Maison Voss,100,30,A800,MV SOHO New York,47584.18,15083.55,93,67083.74,39942.11,14600.87,82,59149.1,370,254,116,389,336,0
MV-71669,Men Silk Scarves,GRG,Greige,Accessories,Men,Scarves,Silk Scarves,MV,Maison Voss,100,50,A800,MV SOHO New York,20623.13,5905.11,35,28178.06,21566.18,5503.65,35,28178.06,112,69,43,124,91,0
MV-96275,Women Coats Essential,VRT,Vert,Ready-to-Wear,Women,Outerwear,Coats,MV,Maison Voss,100,20,A800,MV SOHO New York,139631.41,42497.65,268,177700.71,135999.2,43947.52,275,182342.14,536,481,55,560,512,0
MV-27486,Women Mules Classic,TAN,Tan,Footwear,Women,Heels,Mules,MVS,MV Signature,100,20,A800,MV SOHO New York,26154.38,9264.25,52,33415.58,18892.6,6776.0,39,25061.69,193,175,18,130,122,0
MV-35203,Men Blazers Modern,NVY,Navy,Ready-to-Wear,Men,Outerwear,Blazers,MVS,MV Signature,100,20,A800,MV SOHO New York,41624.86,15678.68,113,54123.33,52919.08,19726.09,139,66576.48,223,167,56,267,176,0
MV-30253,Men Weekender Essential,CRM,Creme,Leather Goods,Men,Luggage,Weekender,MVS,MV Signature,100,50,A800,MV SOHO New York,504356.82,190276.1,515,659055.19,560232.0,172146.97,628,803663.42,1483,1159,324,1673,1067,0
MV-69692,Women Suit Sets Essential,BEG,Beige,Ready-to-Wear,Women,Suits,Suit Sets,MVS,MV Signature,100,20,A800,MV SOHO New York,25224.46,9540.21,52,35039.78,27999.87,7200.06,59,39756.68,28,24,4,37,22,0
MV-68493,Women Chain Belts Relaxed,BLU,Bleu Marine,Leather Goods,Women,Belts,Chain Belts,MV,Maison Voss,100,20,A800,MV SOHO New York,138096.07,38080.36,161,178958.66,175779.21,60623.78,183,203412.64,156,153,3,146,92,0
MV-67905,Women High Top Luxe,NOI,Noir,Footwear,Women,Sneakers,High Top,MV,Maison Voss,100,20,A800,MV SOHO New York,53439.79,19835.37,123,79369.92,67560.33,21060.97,137,88403.89,401,320,81,522,443,0
MV-18799,Women Jeans Modern,ROG,Rouge,Ready-to-Wear,Women,Bottoms,Jeans,MV,Maison Voss,100,20,A800,MV SOHO New York,2751.23,949.78,4,3470.98,2691.56,797.29,4,3470.98,11,8,3,9,8,0
MV-56019,Men Shorts Slim,NVY,Navy,Ready-to-Wear,Men,Bottoms,Shorts,MV,Maison Voss,100,20,A800,MV SOHO New York,240111.74,89089.33,358,333797.63,229768.7,75032.76,340,317014.5,1316,882,434,1112,986,0
MV-26551,Women Mules Luxe,TRP,Taupe,Footwear,Women,Heels,Mules,MV,Maison Voss,100,20,A800,MV SOHO New York,8872.21,3311.76,16,11756.21,11091.62,3871.53,19,13960.5,45,44,1,52,49,0
MV-71669,Men Silk Scarves,BEG,Beige,Accessories,Men,Scarves,Silk Scarves,MV,Maison Voss,100,70,A800,MV SOHO New York,83949.54,31268.57,146,118441.54,73137.27,27215.22,128,103839.16,242,207,35,255,242,0
MV-33703,Men Earrings Slim,CAM,Camel,Accessories,Men,Jewelry,Earrings,MVS,MV Signature,100,20,A800,MV SOHO New York,38207.16,13743.41,187,53363.58,27224.93,10340.0,135,38524.51,239,175,64,196,139,0
MV-67104,Men Sandals Essential,TRP,Taupe,Footwear,Men,Heels,Sandals,MV,Maison Voss,100,20,A800,MV SOHO New York,56149.73,14553.18,225,76838.61,64326.74,16334.87,242,82644.19,325,321,4,369,305,0
MV-92345,Women Leather Belts Modern,CRM,Cognac,Leather Goods,Women,Belts,Leather Belts,MVS,MV Signature,100,20,A800,MV SOHO New York,139598.97,36167.55,266,179958.65,140665.3,47870.93,269,181988.26,661,505,156,636,410,0
MV-68878,Men Carry-On Heritage,VRT,Vert,Leather Goods,Men,Luggage,Carry-On,MVS,MV Signature,100,20,A800,MV SOHO New York,51178.66,18454.87,66,68076.39,35974.97,10604.64,48,49510.1,78,67,11,58,39,0
MV-16839,Unisex Key Holders Luxe,TAN,Tan,Leather Goods,Unisex,Small Leather Goods,Key Holders,MVS,MV Signature,100,30,A800,MV SOHO New York,1981.91,735.03,2,2569.78,1814.41,495.65,2,2569.78,7,4,3,7,5,0
MV-21164,Men Shorts Relaxed,CRM,Creme,Ready-to-Wear,Men,Bottoms,Shorts,MV,Maison Voss,100,20,A800,MV SOHO New York,187463.68,47646.07,293,235673.32,162109.1,49050.8,235,189021.27,404,385,19,364,323,0
MV-69459,Women Rings Signature,VRT,Vert,Accessories,Women,Jewelry,Rings,MV,Maison Voss,100,20,A800,MV SOHO New York,50523.7,13444.82,174,70085.41,46817.86,14824.17,154,62029.61,634,601,33,538,504,0
MV-23238,Women Knitwear Essential,ANT,Anthracite,Ready-to-Wear,Women,Tops,Knitwear,MV,Maison Voss,100,50,A800,MV SOHO New York,174775.75,60225.09,412,241385.16,203690.93,76391.56,451,264234.73,1131,758,373,1008,646,0
MV-84341,Men Sandals Signature,CAM,Camel,Footwear,Men,Heels,Sandals,MV,Maison Voss,100,20,A800,MV SOHO New York,145251.59,45379.31,392,205425.58,101210.91,29737.89,293,153545.14,223,217,6,179,137,0
MV-26912,Men Suit Sets Essential,NVY,Navy,Ready-to-Wear,Men,Suits,Suit Sets,MVS,MV Signature,100,20,A800,MV SOHO New York,139545.92,49698.03,422,162511.59,165729.19,54839.99,514,197940.66,830,711,119,1066,678,0
MV-16175,Unisex Day Dresses Modern,IVR,Ivoire,Ready-to-Wear,Unisex,Dresses,Day Dresses,MV,Maison Voss,100,20,A800,MV SOHO New York,66634.45,22636.75,151,80621.95,60384.39,22174.71,149,79554.11,304,244,60,260,236,0
MV-59308,Men Knitwear Essential,VRT,Vert,Ready-to-Wear,Men,Tops,Knitwear,MVS,MV Signature,100,20,A800,MV SOHO New York,34266.6,9114.48,92,46728.68,35651.99,9218.12,89,45204.91,236,232,4,263,226,0
MV-80807,Men Ballet Flats Heritage,SBL,Sable,Footwear,Men,Flats,Ballet Flats,MV,Maison Voss,100,50,A800,MV SOHO New York,185667.75,58230.89,357,252101.13,189160.55,47568.21,352,248570.3,337,289,48,342,263,0
MV-44718,Women Day Dresses Slim,BRG,Bordeaux,Ready-to-Wear,Women,Dresses,Day Dresses,MVS,MV Signature,100,50,A800,MV SOHO New York,46868.62,11717.63,136,56425.09,49361.08,18560.55,136,56425.09,172,140,32,172,155,0
MV-43491,Women Earrings Heritage,ARG,Argent,Accessories,Women,Jewelry,Earrings,MV,Maison Voss,100,70,A800,MV SOHO New York,28386.06,9298.83,46,35873.24,33302.65,11177.35,58,45231.48,160,122,38,215,199,0
MV-53025,Men Loafers Heritage,TAN,Tan,Footwear,Men,Flats,Loafers,MV,Maison Voss,100,30,A800,MV SOHO New York,222946.0,61809.02,440,316071.43,227921.43,74204.38,466,334748.38,476,390,86,592,473,0
MV-16175,Unisex Day Dresses Modern,NOI,Noir,Ready-to-Wear,Unisex,Dresses,Day Dresses,MV,Maison Voss,100,30,A800,MV SOHO New York,141643.25,42187.75,488,178717.91,176877.91,63962.53,625,228890.76,803,708,95,1192,1138,0
MV-71474,Men Loafers Relaxed,VRT,Vert,Footwear,Men,Flats,Loafers,MV,Maison Voss,100,20,A800,MV SOHO New York,41910.75,11085.86,143,59888.24,44446.36,11856.76,136,56956.65,158,156,2,142,99,0
MV-72722,Women Midi Dresses Slim,CAM,Camel,Ready-to-Wear,Women,Dresses,Midi Dresses,MVS,MV Signature,100,20,A800,MV SOHO New York,6321.47,2050.43,17,8887.41,7132.14,2560.29,18,9410.2,27,26,1,31,24,0
MV-71057,Women Boots,GRG,Greige,Footwear,Women,Heels,Boots,MVS,MV Signature,100,20,A800,MV SOHO New York,59946.44,16960.09,111,84547.57,62205.91,19096.66,105,79977.43,56,55,1,46,40,0
MV-62521,Women Silk Scarves Luxe,ROG,Rouge,Accessories,Women,Scarves,Silk Scarves,MVS,MV Signature,100,20,A800,MV SOHO New York,216616.65,74318.18,371,268166.81,182523.97,61694.36,291,210341.08,742,478,264,574,479,0
MV-54185,Men Trousers Heritage,SBL,Sable,Ready-to-Wear,Men,Bottoms,Trousers,MVS,MV Signature,100,30,A800,MV SOHO New York,205546.17,68478.68,529,261472.8,176857.2,61592.46,447,220942.04,1399,953,446,1187,1056,0
MV-40595,Women Day Dresses Heritage,ROG,Rouge,Ready-to-Wear,Women,Dresses,Day Dresses,MVS,MV Signature,100,20,A800,MV SOHO New York,20730.99,7314.31,51,26739.91,20619.21,5555.94,52,27264.22,117,115,2,106,100,0
MV-68529,Men Ankle Boots,ARG,Argent,Footwear,Men,Boots,Ankle Boots,MVS,MV Signature,100,70,A800,MV SOHO New York,4263.52,1086.47,15,6033.36,3426.72,1216.74,13,5228.91,40,37,3,38,26,0
MV-35995,Unisex Check-In Modern,BEG,Beige,Leather Goods,Unisex,Luggage,Check-In,MVS,MV Signature,100,70,A800,MV SOHO New York,228511.94,68324.4,478,307852.4,177233.91,56206.86,372,239583.87,1784,1496,288,1129,766,0
MV-20077,Men Chain Belts Slim,VRT,Vert,Leather Goods,Men,Belts,Chain Belts,MVS,MV Signature,100,70,A800,MV SOHO New York,49151.42,14809.29,112,68606.13,50859.12,13732.76,130,79632.11,338,258,80,415,279,0
MV-82924,Women Low Top Classic,NVY,Navy,Footwear,Women,Sneakers,Low Top,MV,Maison Voss,100,50,A800,MV SOHO New York,85492.32,30857.48,177,112630.4,103486.97,38811.5,202,128538.64,503,347,156,599,377,0
MV-78614,Women Trousers Signature,NVY,Navy,Ready-to-Wear,Women,Bottoms,Trousers,MV,Maison Voss,100,70,A800,MV SOHO New York,165604.53,58351.08,785,216886.02,153083.28,56076.06,755,208597.38,1018,624,394,868,689,0
MV-67637,Men Midi Dresses Essential,CRM,Creme,Ready-to-Wear,Men,Dresses,Midi Dresses,MV,Maison Voss,100,50,A800,MV SOHO New York,3711.04,1000.81,15,4909.33,3187.77,1204.69,13,4254.75,43,34,9,38,24,0
MV-96341,Women Card Holders Signature,BEG,Beige,Leather Goods,Women,Small Leather Goods,Card Holders,MVS,MV Signature,100,20,A800,MV SOHO New York,188535.58,50595.42,238,248859.81,201013.45,58122.83,284,296958.77,452,441,11,641,431,0
MV-49139,Men Wool Scarves Essential,CHP,Champagne,Accessories,Men,Scarves,Wool Scarves,MV,Maison Voss,100,20,A800,MV SOHO New York,4161.69,1418.94,17,5770.48,3976.18,1160.9,16,5431.04,9,5,4,10,8,0
MV-25396,Women Clutches Slim,BLU,Bleu Marine,Leather Goods,Women,Handbags,Clutches,MVS,MV Signature,100,20,A800,MV SOHO New York,94447.8,31247.96,107,118263.22,96287.22,31442.04,124,137052.7,244,188,56,305,268,0
MV-71669,Men Silk Scarves,BRG,Bordeaux,Accessories,Men,Scarves,Silk Scarves,MV,Maison Voss,100,50,A800,MV SOHO New York,218861.62,64011.63,371,303595.21,246531.87,89555.25,454,371515.44,985,713,272,1330,1195,0
MV-40595,Women Day Dresses Heritage,TRP,Taupe,Ready-to-Wear,Women,Dresses,Day Dresses,MVS,MV Signature,100,50,A800,MV SOHO New York,57149.25,21652.81,129,69352.68,63358.13,22765.45,155,83330.74,343,259,84,447,355,0
MV-96760,Women Blouses Signature,CRM,Cognac,Ready-to-Wear,Women,Tops,Blouses,MV,Maison Voss,100,30,A800,MV SOHO New York,548935.79,201991.14,1338,665122.69,411967.25,142112.23,1065,529413.8,1065,1060,5,995,691,0
MV-82910,Men Shirts Signature,CRM,Creme,Ready-to-Wear,Men,Tops,Shirts,MV,Maison Voss,100,20,A800,MV SOHO New York,81609.83,25455.17,186,98321.81,99121.56,30185.65,216,114180.16,661,658,3,761,728,0
MV-12665,Women Suit Trousers Essential,ARG,Argent,Ready-to-Wear,Women,Suits,Suit Trousers,MV,Maison Voss,100,50,A800,MV SOHO New York,26062.51,7329.86,88,35417.72,18060.02,5815.9,63,25355.87,243,211,32,148,114,0
MV-82924,Women Low Top Classic,NVY,Navy,Footwear,Women,Sneakers,Low Top,MV,Maison Voss,100,20,A800,MV SOHO New York,42053.38,13858.37,56,53498.83,35747.37,12516.51,50,47766.82,149,94,55,126,102,0
MV-94058,Women Chain Belts,TRP,Taupe,Leather Goods,Women,Belts,Chain Belts,MVS,MV Signature,100,70,A800,MV SOHO New York,47053.79,13330.24,98,61120.53,53200.63,15761.74,107,66733.64,198,133,65,189,120,0
MV-14852,Men Loafers Slim,BEG,Beige,Footwear,Men,Flats,Loafers,MV,Maison Voss,100,70,A800,MV SOHO New York,43841.3,13089.72,106,59226.96,35023.56,9144.69,86,48052.06,218,179,39,156,152,0
MV-97684,Unisex Bracelets Luxe,BLU,Bleu Marine,Accessories,Unisex,Jewelry,Bracelets,MV,Maison Voss,100,30,A800,MV SOHO New York,4649.8,1608.56,16,6559.06,4398.79,1485.01,16,6559.06,32,23,9,27,25,0
MV-65444,Women Berets,VRT,Vert,Accessories,Women,Hats,Berets,MVS,MV Signature,100,20,A800,MV SOHO New York,22342.86,5704.91,105,31138.9,26255.4,9318.03,124,36773.56,290,181,109,388,385,0
MV-62044,Women Low Top Classic,IVR,Ivoire,Footwear,Women,Sneakers,Low Top,MVS,MV Signature,100,30,A800,MV SOHO New York,80048.93,24599.41,142,115315.35,59304.26,22529.3,111,90140.87,329,276,53,267,220,0
MV-22833,Women Midi Dresses Classic,CAM,Camel,Ready-to-Wear,Women,Dresses,Midi Dresses,MVS,MV Signature,100,20,A800,MV SOHO New York,186940.28,55498.9,292,242891.08,215757.09,56034.99,341,283650.2,513,373,140,686,565,0
MV-90356,Women Loafers Signature,VRT,Vert,Footwear,Women,Flats,Loafers,MV,Maison Voss,100,50,A800,MV SOHO New York,132512.1,39224.26,243,167962.28,133786.06,50818.16,229,158285.44,603,440,163,595,488,0
MV-46559,Men Ballet Flats Luxe,BEG,Beige,Footwear,Men,Flats,Ballet Flats,MV,Maison Voss,100,70,A800,MV SOHO New York,107077.51,32725.35,281,128346.88,142011.81,53780.92,344,157122.15,591,501,90,632,505,0
MV-74866,Women Wool Scarves Luxe,CRM,Creme,Accessories,Women,Scarves,Wool Scarves,MV,Maison Voss,100,50,A800,MV SOHO New York,328.82,98.47,1,437.76,0.0,0.0,0,0.0,3,2,1,2,1,0
MV-26683,Women Blazers Relaxed,NOI,Noir,Ready-to-Wear,Women,Outerwear,Blazers,MV,Maison Voss,100,30,A800,MV SOHO New York,35914.91,9433.43,55,47399.8,31268.16,11231.74,51,43952.54,202,175,27,205,198,0
MV-92345,Women Leather Belts Modern,CRM,Creme,Leather Goods,Women,Belts,Leather Belts,MVS,MV Signature,100,20,A800,MV SOHO New York,186617.77,55390.1,247,276341.78,205585.72,77708.62,237,265153.85,657,613,44,719,616,0
MV-38760,Unisex Rings Heritage,CHP,Champagne,Accessories,Unisex,Jewelry,Rings,MV,Maison Voss,100,20,A800,MV SOHO New York,58753.02,22076.9,150,81125.75,47821.81,15583.83,124,67063.95,561,405,156,420,329,0
MV-57052,Men Day Dresses Signature,CRM,Cognac,Ready-to-Wear,Men,Dresses,Day Dresses,MV,Maison Voss,100,50,A800,MV SOHO New York,192.45,67.53,1,250.57,212.51,73.35,1,250.57,3,2,1,2,1,0
MV-97782,Women Leather Belts Signature,CAM,Camel,Leather Goods,Women,Belts,Leather Belts,MV,Maison Voss,100,20,A800,MV SOHO New York,386874.62,106138.26,372,477928.47,300321.82,101456.19,276,354592.09,482,304,178,297,253,0
MV-24316,Women Low Top Relaxed,CRM,Creme,Footwear,Women,Sneakers,Low Top,MV,Maison Voss,100,20,A800,MV SOHO New York,203518.13,67611.22,337,283413.81,148706.4,47851.94,262,220339.52,1091,1068,23,949,572,0
MV-71537,Women Trousers Heritage,BEG,Beige,Ready-to-Wear,Women,Bottoms,Trousers,MVS,MV Signature,100,20,A800,MV SOHO New York,122668.06,43349.81,181,158694.81,105914.54,29332.72,144,126254.43,334,307,27,291,195,0
MV-65255,Women Evening Dresses Heritage,CHP,Champagne,Ready-to-Wear,Women,Dresses,Evening Dresses,MV,Maison Voss,100,20,A800,MV SOHO New York,4029.4,1213.05,15,4971.48,3609.04,1259.03,13,4308.61,9,7,2,7,5,0
MV-31581,Men Key Holders Slim,CRM,Creme,Leather Goods,Men,Small Leather Goods,Key Holders,MVS,MV Signature,100,20,A800,MV SOHO New York,198762.44,55251.71,331,255405.06,216926.2,57498.27,362,279325.17,708,530,178,896,864,0
MV-73736,Women Key Holders Relaxed,ECR,Ecru,Leather Goods,Women,Small Leather Goods,Key Holders,MV,Maison Voss,100,20,A800,MV SOHO New York,174150.23,45949.47,199,240614.22,188783.83,62797.38,228,275678.61,769,601,168,1047,926,0
MV-54185,Men Trousers Heritage,RSE,Rose Poudre,Ready-to-Wear,Men,Bottoms,Trousers,MVS,MV Signature,100,30,A800,MV SOHO New York,188645.78,66951.55,347,230699.89,163780.42,48345.01,301,200117.2,1093,933,160,1059,683,0
MV-62196,Women Blazers,TAN,Tan,Ready-to-Wear,Women,Outerwear,Blazers,MV,Maison Voss,100,20,A800,MV SOHO New York,119535.57,31332.24,317,172742.09,122603.44,30710.29,347,189089.92,1085,1049,36,1147,753,0
MV-52176,Women Check-In Relaxed,IVR,Ivoire,Leather Goods,Women,Luggage,Check-In,MVS,MV Signature,100,20,A800,MV SOHO New York,260370.68,91402.09,370,342389.31,311177.68,103433.25,449,415494.06,701,560,141,954,734,0
MV-69473,Women Chain Belts Heritage,TRP,Taupe,Leather Goods,Women,Belts,Chain Belts,MVS,MV Signature,100,30,A800,MV SOHO New York,168626.76,62384.8,166,224759.92,114562.38,40518.29,120,162477.05,218,200,18,133,102,0
MV-35203,Men Blazers Modern,BRG,Bordeaux,Ready-to-Wear,Men,Outerwear,Blazers,MVS,MV Signature,100,20,A800,MV SOHO New York,22983.56,6917.37,34,30073.06,20093.24,5838.43,30,26535.06,122,99,23,96,65,0
MV-94675,Women Trousers Essential,ECR,Ecru,Ready-to-Wear,Women,Bottoms,Trousers,MVS,MV Signature,100,20,A800,MV SOHO New York,50910.47,16896.84,253,68692.36,42443.92,11037.13,208,56474.35,992,732,260,691,444,0
MV-89299,Men Bracelets Luxe,CHP,Champagne,Accessories,Men,Jewelry,Bracelets,MV,Maison Voss,100,50,A800,MV SOHO New York,50809.37,18187.57,220,68804.24,50473.05,17793.44,216,67553.25,453,407,46,397,336,0
MV-44718,Women Day Dresses Slim,GRG,Greige,Ready-to-Wear,Women,Dresses,Day Dresses,MVS,MV Signature,100,20,A800,MV SOHO New York,113310.71,30834.2,309,154690.71,136619.34,43430.11,396,198244.41,523,511,12,802,780,0
MV-53025,Men Loafers Heritage,RSE,Rose Poudre,Footwear,Men,Flats,Loafers,MV,Maison Voss,100,50,A800,MV SOHO New York,12336.43,3572.31,42,16438.31,14327.47,4564.79,48,18786.64,66,46,20,87,58,0
MV-85965,Men Fedoras Signature,ANT,Anthracite,Accessories,Men,Hats,Fedoras,MV,Maison Voss,100,20,A800,MV SOHO New York,21593.57,7053.98,49,26723.29,21091.51,7493.85,48,26177.92,34,22,12,39,34,0
MV-67104,Men Sandals Essential,RSE,Rose Poudre,Footwear,Men,Heels,Sandals,MV,Maison Voss,100,20,A800,MV SOHO New York,142954.32,46610.77,504,194279.37,149100.6,55671.73,533,205458.15,474,304,170,586,472,0
MV-77033,Women Weekender Modern,ARG,Argent,Leather Goods,Women,Luggage,Weekender,MVS,MV Signature,100,20,A800,MV SOHO New York,237237.4,73231.47,316,275541.21,268315.53,98149.21,403,351402.24,876,658,218,1167,754,0
MV-76249,Men Clutches Luxe,TAN,Tan,Leather Goods,Men,Handbags,Clutches,MV,Maison Voss,100,20,A800,MV SOHO New York,611880.65,218116.96,544,782698.8,682259.72,204372.32,694,998516.49,454,351,103,619,465,0
MV-69473,Women Chain Belts Heritage,TAN,Tan,Leather Goods,Women,Belts,Chain Belts,MVS,MV Signature,100,70,A800,MV SOHO New York,182841.11,52131.06,324,242888.1,163640.37,56308.37,263,197159.17,262,185,77,223,179,0
MV-78937,Men Carry-On Luxe,NOI,Noir,Leather Goods,Men,Luggage,Carry-On,MVS,MV Signature,100,30,A800,MV SOHO New York,134676.73,49489.64,207,188430.01,150859.62,39708.69,204,185699.14,525,335,190,536,469,0
MV-53655,Women Leather Belts Slim,TRP,Taupe,Leather Goods,Women,Belts,Leather Belts,MV,Maison Voss,100,20,A800,MV SOHO New York,217141.82,78902.25,242,293441.24,241328.16,65817.22,293,355282.17,454,404,50,627,505,0
MV-70648,Women Tops,BEG,Beige,Ready-to-Wear,Women,Tops,Tops,MV,Maison Voss,100,20,A800,MV SOHO New York,324629.08,87062.18,501,417942.25,223962.94,69628.29,371,309494.16,548,371,177,468,434,0
MV-20745,Unisex Mini Bags Essential,SBL,Sable,Leather Goods,Unisex,Handbags,Mini Bags,MVS,MV Signature,100,20,A800,MV SOHO New York,200665.9,50250.12,197,283568.6,218333.07,55204.77,223,320993.9,103,89,14,105,92,0
MV-33509,Unisex Fedoras Signature,GRG,Greige,Accessories,Unisex,Hats,Fedoras,MVS,MV Signature,100,50,A800,MV SOHO New York,99795.63,25318.99,228,132792.72,113231.13,35564.48,274,159584.23,771,536,235,1111,1025,0
MV-74038,Women Pouches,CHP,Champagne,Leather Goods,Women,Small Leather Goods,Pouches,MV,Maison Voss,100,20,A800,MV SOHO New York,17423.42,4948.66,38,22811.66,19683.98,5452.08,45,27013.81,140,105,35,137,114,0
MV-16839,Unisex Key Holders Luxe,RSE,Rose Poudre,Leather Goods,Unisex,Small Leather Goods,Key Holders,MVS,MV Signature,100,20,A800,MV SOHO New York,83019.68,30585.61,146,107294.52,69597.77,19753.44,114,83777.91,178,175,3,157,115,0
MV-41358,Men Chelsea Boots Heritage,VRT,Vert,Footwear,Men,Boots,Chelsea Boots,MV,Maison Voss,100,70,A800,MV SOHO New York,164459.17,55589.84,287,226120.15,169596.22,50043.37,333,262362.4,760,588,172,757,472,0
MV-76039,Women Boots Relaxed,IVR,Ivoire,Footwear,Women,Heels,Boots,MVS,MV Signature,100,50,A800,MV SOHO New York,46247.4,16867.5,72,62811.69,49338.4,16828.61,77,67173.62,58,49,9,55,53,0
MV-17331,Women Key Holders Relaxed,IVR,Ivoire,Leather Goods,Women,Small Leather Goods,Key Holders,MVS,MV Signature,100,20,A800,MV SOHO New York,47910.9,14592.97,51,63498.06,55435.78,19027.45,61,75948.66,199,197,2,208,154,0
MV-77033,Women Weekender Modern,TAN,Tan,Leather Goods,Women,Luggage,Weekender,MVS,MV Signature,100,50,A800,MV SOHO New York,36411.86,12221.84,85,43889.28,35129.59,9546.22,80,41307.56,197,134,63,212,178,0
MV-18799,Women Jeans Modern,SBL,Sable,Ready-to-Wear,Women,Bottoms,Jeans,MV,Maison Voss,100,20,A800,MV SOHO New York,31277.05,10117.51,63,40566.69,35351.03,9552.88,65,41854.53,45,35,10,53,38,0
MV-26683,Women Blazers Relaxed,SBL,Sable,Ready-to-Wear,Women,Outerwear,Blazers,MV,Maison Voss,100,20,A800,MV SOHO New York,21262.01,7463.04,55,28538.83,20190.04,6394.21,50,25944.39,198,171,27,218,148,0
MV-85965,Men Fedoras Signature,VRT,Vert,Accessories,Men,Hats,Fedoras,MV,Maison Voss,100,20,A800,MV SOHO New York,42274.8,10998.89,126,56021.33,44137.37,11766.61,122,54242.87,94,64,30,100,87,0
MV-78955,Women Pouches Modern,ROG,Rouge,Leather Goods,Women,Small Leather Goods,Pouches,MV,Maison Voss,100,20,A800,MV SOHO New York,485971.44,139639.83,543,677179.09,504030.03,159511.58,601,749511.29,1838,1349,489,2180,1968,0
MV-14852,Men Loafers Slim,CHP,Champagne,Footwear,Men,Flats,Loafers,MV,Maison Voss,100,20,A800,MV SOHO New York,83073.83,22930.5,161,115344.85,70470.45,23967.52,135,96717.73,284,212,72,217,133,0
MV-84531,Women Check-In Classic,VRT,Vert,Leather Goods,Women,Luggage,Check-In,MVS,MV Signature,100,70,A800,MV SOHO New York,41284.18,12951.85,47,56534.05,34211.02,11578.24,42,50519.79,70,52,18,74,45,0
MV-74451,Unisex Weekender Modern,ARG,Argent,Leather Goods,Unisex,Luggage,Weekender,MV,Maison Voss,100,70,A800,MV SOHO New York,15972.64,5548.05,18,21225.55,16938.58,5270.07,21,24763.15,69,54,15,75,71,0
MV-82135,Women Trousers Slim,NOI,Noir,Ready-to-Wear,Women,Bottoms,Trousers,MVS,MV Signature,100,20,A800,MV SOHO New York,143246.4,52388.09,271,169244.12,152366.79,52268.88,319,199220.94,334,245,89,372,249,0
MV-69446,Unisex Evening Dresses Modern,ARG,Argent,Ready-to-Wear,Unisex,Dresses,Evening Dresses,MV,Maison Voss,100,30,A800,MV SOHO New York,33467.16,12613.89,110,40109.5,30371.76,11286.52,113,41203.4,212,146,66,186,166,0
MV-16265,Women Chain Belts Signature,CAM,Camel,Leather Goods,Women,Belts,Chain Belts,MVS,MV Signature,100,20,A800,MV SOHO New York,192994.98,56323.69,393,245407.07,175298.83,62847.44,387,241660.4,736,601,135,707,579,0
MV-12260,Men Knee High Modern,CRM,Creme,Footwear,Men,Boots,Knee High,MVS,MV Signature,100,50,A800,MV SOHO New York,199116.46,54402.49,245,265787.64,193108.37,61751.28,265,287484.59,282,271,11,330,249,0
MV-79822,Unisex Fedoras Slim,ECR,Ecru,Accessories,Unisex,Hats,Fedoras,MV,Maison Voss,100,20,A800,MV SOHO New York,99266.21,34315.6,362,138541.69,72449.0,24758.79,262,100270.51,290,275,15,239,185,0
MV-13761,Women Evening Dresses Luxe,CRM,Cognac,Ready-to-Wear,Women,Dresses,Evening Dresses,MVS,MV Signature,100,20,A800,MV SOHO New York,18896.71,5839.63,72,26546.88,14004.39,5299.83,54,19910.16,176,138,38,141,93,0
MV-86556,Women Evening Dresses Classic,IVR,Ivoire,Ready-to-Wear,Women,Dresses,Evening Dresses,MV,Maison Voss,100,20,A800,MV SOHO New York,69174.95,19386.56,268,91087.62,71836.76,23772.9,256,87009.07,846,688,158,813,805,0
MV-96760,Women Blouses Signature,SBL,Sable,Ready-to-Wear,Women,Tops,Blouses,MV,Maison Voss,100,50,A800,MV SOHO New York,13412.35,4346.08,69,17654.85,13498.33,4439.21,66,16887.24,86,69,17,69,57,0
MV-77538,Men Check-In Signature,GRG,Greige,Leather Goods,Men,Luggage,Check-In,MV,Maison Voss,100,50,A800,MV SOHO New York,524009.28,157486.24,637,640515.52,639604.62,174312.92,816,820503.4,2465,1561,904,3407,2056,0
MV-12671,Men Ballet Flats Slim,CAM,Camel,Footwear,Men,Flats,Ballet Flats,MVS,MV Signature,100,20,A800,MV SOHO New York,97949.89,36024.42,230,122428.48,126754.94,46496.78,278,147978.77,856,585,271,912,607,0
MV-91490,Women Midi Dresses,ANT,Anthracite,Ready-to-Wear,Women,Dresses,Midi Dresses,MV,Maison Voss,100,20,A800,MV SOHO New York,38126.43,11676.55,89,54014.16,40108.1,14654.86,94,57048.66,210,194,16,252,178,0
MV-97782,Women Leather Belts Signature,NVY,Navy,Leather Goods,Women,Belts,Leather Belts,MV,Maison Voss,100,20,A800,MV SOHO New York,30199.83,10880.4,71,36046.36,32409.07,8457.14,80,40615.62,209,146,63,232,212,0
MV-23434,Women Card Holders,IVR,Ivoire,Leather Goods,Women,Small Leather Goods,Card Holders,MV,Maison Voss,100,50,A800,MV SOHO New York,38173.11,12001.06,48,51035.88,31631.94,10634.4,39,41466.65,180,156,24,177,160,0
MV-65296,Women Ankle Boots Slim,CHP,Champagne,Footwear,Women,Boots,Ankle Boots,MV,Maison Voss,100,20,A800,MV SOHO New York,131587.66,42271.31,270,168008.95,142321.98,46863.38,291,181076.31,709,705,4,876,630,0
MV-30730,Men High Top Luxe,RSE,Rose Poudre,Footwear,Men,Sneakers,High Top,MV,Maison Voss,100,70,A800,MV SOHO New York,18117.34,4926.96,56,23314.7,16555.88,5661.05,48,19984.03,217,177,40,153,100,0
MV-53064,Men Skirts Slim,NOI,Noir,Ready-to-Wear,Men,Bottoms,Skirts,MV,Maison Voss,100,50,A800,MV SOHO New York,126362.98,45928.42,206,158639.62,96392.98,33127.64,149,114744.19,628,532,96,386,250,0
MV-72722,Women Midi Dresses Slim,TAN,Tan,Ready-to-Wear,Women,Dresses,Midi Dresses,MVS,MV Signature,100,50,A800,MV SOHO New York,22468.1,7673.41,70,29419.39,17170.44,5798.2,51,21434.12,152,107,45,96,80,0
MV-16839,Unisex Key Holders Luxe,IVR,Ivoire,Leather Goods,Unisex,Small Leather Goods,Key Holders,MVS,MV Signature,100,70,A800,MV SOHO New York,218557.58,67488.51,247,285556.59,273224.3,79681.75,304,351454.26,354,243,111,449,424,0
MV-49363,Unisex Cashmere Scarves,TAN,Tan,Accessories,Unisex,Scarves,Cashmere Scarves,MVS,MV Signature,100,20,A800,MV SOHO New York,162341.27,51915.59,384,229016.0,111265.91,29026.54,271,161623.27,572,487,85,346,300,0
MV-96870,Women Day Dresses Relaxed,CRM,Cognac,Ready-to-Wear,Women,Dresses,Day Dresses,MVS,MV Signature,100,50,A800,MV SOHO New York,205872.48,56439.27,343,284185.35,199961.93,70617.28,322,266786.25,1308,1011,297,1404,853,0
MV-69446,Unisex Evening Dresses Modern,GRG,Greige,Ready-to-Wear,Unisex,Dresses,Evening Dresses,MV,Maison Voss,100,20,A800,MV SOHO New York,155258.45,41295.78,326,183914.71,127853.51,36279.18,288,162476.8,345,312,33,248,228,0
MV-59672,Women Shoulder Bags Classic,NOI,Noir,Leather Goods,Women,Handbags,Shoulder Bags,MV,Maison Voss,100,20,A800,MV SOHO New York,34631.97,9769.29,47,51337.24,37453.99,13583.89,49,53521.81,40,37,3,39,24,0
MV-41358,Men Chelsea Boots Heritage,ANT,Anthracite,Footwear,Men,Boots,Chelsea Boots,MV,Maison Voss,100,20,A800,MV SOHO New York,7345.93,2031.11,21,8878.96,5004.55,1575.69,15,6342.11,45,36,9,27,25,0
MV-80468,Men Blouses Relaxed,BLU,Bleu Marine,Ready-to-Wear,Men,Tops,Blouses,MVS,MV Signature,100,20,A800,MV SOHO New York,117543.73,30706.44,273,147251.99,104803.85,28086.01,266,143476.3,790,576,214,691,421,0
MV-68929,Women Crossbody Bags Relaxed,VRT,Vert,Leather Goods,Women,Handbags,Crossbody Bags,MV,Maison Voss,100,70,A800,MV SOHO New York,46856.72,16364.91,104,65356.91,45049.32,16627.98,108,67870.64,76,73,3,71,68,0
MV-43681,Men Low Top Luxe,TRP,Taupe,Footwear,Men,Sneakers,Low Top,MV,Maison Voss,100,20,A800,MV SOHO New York,60187.34,17403.03,129,75340.74,55065.45,14775.82,112,65412.12,360,244,116,298,284,0
MV-15958,Men Pumps Heritage,NOI,Noir,Footwear,Men,Heels,Pumps,MVS,MV Signature,100,30,A800,MV SOHO New York,5245.71,1782.94,7,6052.99,3898.87,1034.27,5,4323.56,5,4,1,4,2,0
MV-86556,Women Evening Dresses Classic,IVR,Ivoire,Ready-to-Wear,Women,Dresses,Evening Dresses,MV,Maison Voss,100,20,A800,MV SOHO New York,15850.39,4134.59,68,19803.34,13462.4,4989.32,64,18638.43,111,74,37,116,75,0
MV-56438,Men Boots Essential,CAM,Camel,Footwear,Men,Heels,Boots,MV,Maison Voss,100,50,A800,MV SOHO New York,4318.44,1481.96,7,6189.78,4121.86,1269.91,7,6189.78,18,12,6,16,15,0
MV-62196,Women Blazers,TRP,Taupe,Ready-to-Wear,Women,Outerwear,Blazers,MV,Maison Voss,100,70,A800,MV SOHO New York,190794.44,64292.64,481,262495.33,238131.02,74893.58,624,340534.49,1889,1426,463,1969,1522,0
MV-68878,Men Carry-On Heritage,NVY,Navy,Leather Goods,Men,Luggage,Carry-On,MVS,MV Signature,100,20,A800,MV SOHO New York,62243.47,16819.64,63,93356.75,70041.06,19889.4,71,105211.58,132,89,43,173,135,0
MV-20682,Men Loafers Slim,ECR,Ecru,Footwear,Men,Flats,Loafers,MVS,MV Signature,100,20,A800,MV SOHO New York,88215.04,28603.38,185,104204.76,93464.96,26436.56,199,112090.53,653,568,85,599,586,0
MV-23238,Women Knitwear Essential,IVR,Ivoire,Ready-to-Wear,Women,Tops,Knitwear,MV,Maison Voss,100,20,A800,MV SOHO New York,6049.41,1659.8,9,8312.77,4717.79,1715.32,7,6465.49,34,23,11,25,17,0
MV-29080,Men Jackets Relaxed,IVR,Ivoire,Ready-to-Wear,Men,Outerwear,Jackets,MV,Maison Voss,100,20,A800,MV SOHO New York,113668.6,32935.6,250,156116.27,106948.13,33401.45,247,154242.88,873,588,285,896,683,0
MV-47512,Men Tops Relaxed,VRT,Vert,Ready-to-Wear,Men,Tops,Tops,MVS,MV Signature,100,20,A800,MV SOHO New York,48653.78,15711.4,88,69335.96,42276.9,14979.33,72,56729.42,265,259,6,245,228,0
MV-14877,Women Necklaces Heritage,NOI,Noir,Accessories,Women,Jewelry,Necklaces,MV,Maison Voss,100,20,A800,MV SOHO New York,309697.86,89366.21,520,418908.58,296021.94,97207.35,514,414075.02,1394,1314,80,1298,938,0
MV-68493,Women Chain Belts Relaxed,CHP,Champagne,Leather Goods,Women,Belts,Chain Belts,MV,Maison Voss,100,20,A800,MV SOHO New York,538804.88,175548.51,499,755476.77,603108.49,176358.84,570,862969.46,1456,1105,351,1877,1513,0
MV-21164,Men Shorts Relaxed,BRG,Bordeaux,Ready-to-Wear,Men,Bottoms,Shorts,MV,Maison Voss,100,50,A800,MV SOHO New York,58647.13,15307.01,89,77845.34,50531.82,12703.73,79,69098.67,329,247,82,312,233,0
MV-82512,Women Shorts Heritage,BRG,Bordeaux,Ready-to-Wear,Women,Bottoms,Shorts,MV,Maison Voss,100,30,A800,MV SOHO New York,144223.75,53138.24,527,200417.38,187898.19,59302.27,670,254800.09,1733,1069,664,2264,1531,0
MV-53228,Women Shoulder Bags Essential,BLU,Bleu Marine,Leather Goods,Women,Handbags,Shoulder Bags,MV,Maison Voss,100,20,A800,MV SOHO New York,1150167.45,298186.56,1268,1484951.93,1422061.93,389532.94,1524,1784752.95,1243,851,392,1692,1455,0
MV-94323,Women Round Frames Classic,BLU,Bleu Marine,Accessories,Women,Sunglasses,Round Frames,MVS,MV Signature,100,50,A800,MV SOHO New York,181879.51,64877.52,397,253464.67,197910.6,67339.08,429,273895.07,392,333,59,506,310,0
MV-36318,Women Ankle Boots Slim,CAM,Camel,Footwear,Women,Boots,Ankle Boots,MV,Maison Voss,100,20,A800,MV SOHO New York,103764.22,33715.57,424,129135.75,89898.71,29688.81,391,119085.09,745,478,267,583,406,0
MV-74451,Unisex Weekender Modern,SBL,Sable,Leather Goods,Unisex,Luggage,Weekender,MV,Maison Voss,100,30,A800,MV SOHO New York,58641.0,19246.54,65,76937.56,70488.66,21644.99,76,89957.76,258,195,63,296,240,0
MV-46559,Men Ballet Flats Luxe,BRG,Bordeaux,Footwear,Men,Flats,Ballet Flats,MV,Maison Voss,100,20,A800,MV SOHO New York,41641.37,14794.14,196,57848.52,39764.89,13859.49,171,50469.88,671,490,181,541,473,0
MV-27961,Women Blouses Signature,ROG,Rouge,Ready-to-Wear,Women,Tops,Blouses,MV,Maison Voss,100,20,A800,MV SOHO New York,5934.41,1890.81,15,7679.75,6672.28,1936.46,18,9215.71,43,40,3,56,51,0
MV-16175,Unisex Day Dresses Modern,SBL,Sable,Ready-to-Wear,Unisex,Dresses,Day Dresses,MV,Maison Voss,100,30,A800,MV SOHO New York,10083.01,2624.48,22,14340.46,8199.92,2272.22,17,11081.26,69,55,14,48,41,0
MV-39444,Men Key Holders Relaxed,CRM,Cognac,Leather Goods,Men,Small Leather Goods,Key Holders,MV,Maison Voss,100,20,A800,MV SOHO New York,775059.67,264370.96,1551,984153.41,993949.19,330275.98,1742,1105348.31,3983,2786,1197,3928,3339,0
MV-56346,Women Clutches Essential,NOI,Noir,Leather Goods,Women,Handbags,Clutches,MV,Maison Voss,100,70,A800,MV SOHO New York,76555.17,21517.83,90,101767.81,97089.43,35295.11,114,128905.9,183,170,13,241,199,0
MV-48177,Women Card Holders Essential,NOI,Noir,Leather Goods,Women,Small Leather Goods,Card Holders,MV,Maison Voss,100,20,A800,MV SOHO New York,226873.29,79843.71,314,319260.69,222080.18,58016.46,342,347729.79,572,391,181,669,510,0
MV-90031,Women Loafers Heritage,BRG,Bordeaux,Footwear,Women,Flats,Loafers,MV,Maison Voss,100,20,A800,MV SOHO New York,98369.02,35987.44,374,130002.28,100279.13,33565.45,433,150510.66,491,341,150,479,381,0
MV-99181,Women Blazers Modern,ECR,Ecru,Ready-to-Wear,Women,Outerwear,Blazers,MVS,MV Signature,100,20,A800,MV SOHO New York,225971.67,68666.34,445,277961.33,179500.56,61894.98,376,234861.7,1158,751,407,911,677,0
MV-20993,Men Wool Scarves Slim,BEG,Beige,Accessories,Men,Scarves,Wool Scarves,MV,Maison Voss,100,20,A800,MV SOHO New York,439917.94,155671.0,1378,616584.65,338367.86,102687.13,1158,518145.88,4486,3190,1296,3670,3409,0
MV-52176,Women Check-In Relaxed,RSE,Rose Poudre,Leather Goods,Women,Luggage,Check-In,MVS,MV Signature,100,50,A800,MV SOHO New York,23787.57,6257.57,63,29324.16,27249.76,7020.9,69,32116.94,70,58,12,65,47,0
MV-56019,Men Shorts Slim,ECR,Ecru,Ready-to-Wear,Men,Bottoms,Shorts,MV,Maison Voss,100,50,A800,MV SOHO New York,5620.06,1443.87,9,7218.06,5748.26,1650.22,9,7218.06,5,3,2,5,3,0
MV-79615,Women Midi Dresses Slim,ECR,Ecru,Ready-to-Wear,Women,Dresses,Midi Dresses,MV,Maison Voss,100,30,A800,MV SOHO New York,57649.43,16440.97,120,74219.87,41580.73,10655.18,95,58757.4,107,70,37,76,58,0
MV-26704,Men Pouches Classic,NVY,Navy,Leather Goods,Men,Small Leather Goods,Pouches,MVS,MV Signature,100,20,A800,MV SOHO New York,28006.46,7657.23,31,37909.92,22873.04,7290.28,24,29349.62,84,69,15,75,60,0
MV-29080,Men Jackets Relaxed,CHP,Champagne,Ready-to-Wear,Men,Outerwear,Jackets,MV,Maison Voss,100,70,A800,MV SOHO New York,2366.04,744.89,5,3198.91,1712.63,628.13,4,2559.13,15,11,4,10,8,0
MV-79924,Unisex Blazers Modern,RSE,Rose Poudre,Ready-to-Wear,Unisex,Outerwear,Blazers,MV,Maison Voss,100,20,A800,MV SOHO New York,66093.06,24613.52,101,98781.37,70512.59,19604.21,104,101715.47,299,262,37,350,234,0
MV-78937,Men Carry-On Luxe,NVY,Navy,Leather Goods,Men,Luggage,Carry-On,MVS,MV Signature,100,50,A800,MV SOHO New York,180748.96,56100.41,349,232222.93,155380.51,51505.83,301,200283.96,536,492,44,474,326,0
MV-68529,Men Ankle Boots,CRM,Cognac,Footwear,Men,Boots,Ankle Boots,MVS,MV Signature,100,70,A800,MV SOHO New York,127762.83,43900.95,190,176016.41,156056.39,51370.35,238,220483.71,259,192,67,268,171,0
MV-20328,Men Clutches,TRP,Taupe,Leather Goods,Men,Handbags,Clutches,MVS,MV Signature,100,20,A800,MV SOHO New York,30199.93,9081.87,85,41227.35,24456.77,7629.83,70,33951.94,157,152,5,124,110,0
MV-31632,Women Weekender Luxe,BEG,Beige,Leather Goods,Women,Luggage,Weekender,MV,Maison Voss,100,50,A800,MV SOHO New York,239287.89,79760.94,242,300497.86,242367.27,61567.2,269,334024.49,628,499,129,708,642,0
MV-56019,Men Shorts Slim,NVY,Navy,Ready-to-Wear,Men,Bottoms,Shorts,MV,Maison Voss,100,20,A800,MV SOHO New York,26102.15,9568.57,60,36055.6,26943.01,6931.03,63,37858.38,107,70,37,132,105,0
MV-54589,Women Carry-On Slim,CHP,Champagne,Leather Goods,Women,Luggage,Carry-On,MV,Maison Voss,100,20,A800,MV SOHO New York,2678.15,722.71,3,3853.51,2012.68,688.2,2,2569.01,7,5,2,7,6,0
MV-84341,Men Sandals Signature,CRM,Cognac,Footwear,Men,Heels,Sandals,MV,Maison Voss,100,50,A800,MV SOHO New York,124782.87,45702.48,329,158586.27,138251.4,35076.46,375,180759.43,669,588,81,730,726,0
MV-59015,Unisex Baseball Caps Relaxed,ROG,Rouge,Accessories,Unisex,Hats,Baseball Caps,MV,Maison Voss,100,70,A800,MV SOHO New York,60492.35,19485.81,222,78853.7,44321.98,12321.95,168,59673.07,379,369,10,314,304,0
MV-20328,Men Clutches,CRM,Creme,Leather Goods,Men,Handbags,Clutches,MVS,MV Signature,100,50,A800,MV SOHO New York,171565.25,61335.42,327,210383.21,209811.34,74383.11,398,256062.75,1115,810,305,1609,1212,0
MV-15958,Men Pumps Heritage,RSE,Rose Poudre,Footwear,Men,Heels,Pumps,MVS,MV Signature,100,20,A800,MV SOHO New York,4084.92,1442.19,9,5529.2,3752.76,992.89,8,4914.84,7,4,3,5,3,0
MV-14877,Women Necklaces Heritage,GRG,Greige,Accessories,Women,Jewelry,Necklaces,MV,Maison Voss,100,20,A800,MV SOHO New York,194101.33,57791.51,413,259572.34,190695.51,58154.33,444,279055.98,1118,1032,86,1348,1285,0
MV-54725,Women Suit Trousers Classic,BRG,Bordeaux,Ready-to-Wear,Women,Suits,Suit Trousers,MV,Maison Voss,100,20,A800,MV SOHO New York,129740.05,44449.98,220,167192.17,119328.75,42966.87,214,162632.39,785,529,256,880,741,0
MV-60181,Women Jackets Classic,ROG,Rouge,Ready-to-Wear,Women,Outerwear,Jackets,MVS,MV Signature,100,30,A800,MV SOHO New York,84211.69,28378.8,188,118701.28,82447.03,27425.31,178,112387.39,581,393,188,444,311,0
MV-21164,Men Shorts Relaxed,RSE,Rose Poudre,Ready-to-Wear,Men,Bottoms,Shorts,MV,Maison Voss,100,70,A800,MV SOHO New York,58073.89,15505.81,223,78473.61,62215.78,22573.39,245,86215.4,650,390,260,775,532,0
MV-69473,Women Chain Belts Heritage,CRM,Cognac,Leather Goods,Women,Belts,Chain Belts,MVS,MV Signature,100,20,A800,MV SOHO New York,410575.11,152405.32,455,519256.41,290169.6,105548.71,322,367473.77,776,561,215,601,575,0
MV-80468,Men Blouses Relaxed,CRM,Cognac,Ready-to-Wear,Men,Tops,Blouses,MVS,MV Signature,100,50,A800,MV SOHO New York,37169.9,9294.43,201,53754.73,26341.31,9441.57,145,38778.29,417,331,86,323,299,0
MV-97684,Unisex Bracelets Luxe,SBL,Sable,Accessories,Unisex,Jewelry,Bracelets,MV,Maison Voss,100,20,A800,MV SOHO New York,60786.79,15251.52,198,74089.12,68872.54,20718.12,219,81947.06,372,350,22,458,414,0
MV-58566,Men Leather Belts Relaxed,GRG,Greige,Leather Goods,Men,Belts,Leather Belts,MVS,MV Signature,100,20,A800,MV SOHO New York,472959.55,141628.23,1066,627313.85,583722.17,176934.36,1309,770313.16,3925,3006,919,4654,3153,0
MV-46655,Women Cat Eye Heritage,CHP,Champagne,Accessories,Women,Sunglasses,Cat Eye,MV,Maison Voss,100,50,A800,MV SOHO New York,120481.62,36558.49,322,147202.84,141544.13,52368.76,402,183774.97,804,578,226,1074,721,0
MV-26505,Men Leather Belts Relaxed,IVR,Ivoire,Leather Goods,Men,Belts,Leather Belts,MV,Maison Voss,100,30,A800,MV SOHO New York,77214.83,24766.28,133,96804.96,84703.39,22144.08,136,98988.53,362,231,131,317,231,0
MV-26074,Women Fedoras Slim,BRG,Bordeaux,Accessories,Women,Hats,Fedoras,MVS,MV Signature,100,50,A800,MV SOHO New York,144243.11,44920.43,280,184719.04,135937.15,50454.78,256,168885.98,180,138,42,149,139,0
MV-54089,Unisex Blazers,BEG,Beige,Ready-to-Wear,Unisex,Outerwear,Blazers,MVS,MV Signature,100,20,A800,MV SOHO New York,63123.22,21190.73,112,86437.03,71096.63,26227.27,128,98785.18,229,225,4,285,269,0
MV-76249,Men Clutches Luxe,GRG,Greige,Leather Goods,Men,Handbags,Clutches,MV,Maison Voss,100,20,A800,MV SOHO New York,43913.28,12567.52,59,63041.53,35421.83,12149.3,48,51288.02,91,60,31,62,44,0
MV-43491,Women Earrings Heritage,SBL,Sable,Accessories,Women,Jewelry,Earrings,MV,Maison Voss,100,50,A800,MV SOHO New York,112291.29,36040.76,207,151502.81,92845.56,32436.03,171,125154.5,157,150,7,104,78,0
MV-90356,Women Loafers Signature,TAN,Tan,Footwear,Women,Flats,Loafers,MV,Maison Voss,100,20,A800,MV SOHO New York,296868.04,81355.28,600,396730.3,366654.07,111232.4,706,466819.32,641,619,22,673,538,0
MV-15958,Men Pumps Heritage,CRM,Cognac,Footwear,Men,Heels,Pumps,MVS,MV Signature,100,20,A800,MV SOHO New York,244630.73,89871.39,603,335834.37,204080.16,76600.6,534,297405.56,678,423,255,660,656,0
MV-89299,Men Bracelets Luxe,SBL,Sable,Accessories,Men,Jewelry,Bracelets,MV,Maison Voss,100,20,A800,MV SOHO New York,56285.66,18939.49,95,73082.6,56618.45,14575.91,90,69236.15,347,286,61,264,223,0
MV-71537,Women Trousers Heritage,CRM,Cognac,Ready-to-Wear,Women,Bottoms,Trousers,MVS,MV Signature,100,30,A800,MV SOHO New York,113609.42,40570.39,171,149538.67,137653.15,50356.61,200,174899.03,322,247,75,373,312,0
MV-44099,Women Trousers Essential,TRP,Taupe,Ready-to-Wear,Women,Bottoms,Trousers,MVS,MV Signature,100,20,A800,MV SOHO New York,29745.14,8667.93,54,37657.48,39546.42,13449.95,65,45328.44,52,32,20,75,63,0
MV-80282,Unisex Baseball Caps Signature,CRM,Creme,Accessories,Unisex,Hats,Baseball Caps,MV,Maison Voss,100,20,A800,MV SOHO New York,216893.94,64758.18,1238,282319.92,279326.86,70702.15,1546,352557.83,856,601,255,972,717,0
MV-28776,Women Sandals Essential,IVR,Ivoire,Footwear,Women,Heels,Sandals,MV,Maison Voss,100,50,A800,MV SOHO New York,226513.64,69402.56,905,310898.78,247344.3,87622.44,1028,353153.53,3319,2240,1079,3263,2546,0
MV-59009,Women Earrings Slim,BEG,Beige,Accessories,Women,Jewelry,Earrings,MVS,MV Signature,100,30,A800,MV SOHO New York,121084.8,30731.44,239,170444.04,123874.76,42954.43,248,176862.44,656,579,77,736,450,0
MV-44718,Women Day Dresses Slim,CHP,Champagne,Ready-to-Wear,Women,Dresses,Day Dresses,MVS,MV Signature,100,20,A800,MV SOHO New York,187673.0,51634.24,372,240680.73,259541.67,91070.59,459,296968.96,482,378,104,695,671,0
MV-62383,Men Berets Relaxed,ARG,Argent,Accessories,Men,Hats,Berets,MVS,MV Signature,100,20,A800,MV SOHO New York,129578.14,46388.78,286,158481.7,111360.06,31854.23,264,146290.8,1111,797,314,938,719,0
MV-35995,Unisex Check-In Modern,BEG,Beige,Leather Goods,Unisex,Luggage,Check-In,MVS,MV Signature,100,30,A800,MV SOHO New York,217255.54,72207.94,205,302028.65,267366.31,76774.45,252,371274.25,671,544,127,885,686,0
MV-14852,Men Loafers Slim,TRP,Taupe,Footwear,Men,Flats,Loafers,MV,Maison Voss,100,20,A800,MV SOHO New York,4594.8,1487.87,12,5800.49,4769.74,1356.98,13,6283.86,28,18,10,33,28,0
MV-54313,Women Wallets Classic,TRP,Taupe,Leather Goods,Women,Small Leather Goods,Wallets,MV,Maison Voss,100,20,A800,MV SOHO New York,81632.66,21552.86,138,97090.62,73905.83,23768.1,139,97794.18,301,227,74,275,233,0
MV-32527,Women Mules Luxe,RSE,Rose Poudre,Footwear,Women,Heels,Mules,MV,Maison Voss,100,20,A800,MV SOHO New York,192819.06,53138.8,256,264904.12,182869.3,56314.69,246,254556.31,774,759,15,895,606,0
MV-70258,Men Platform Slim,ROG,Rouge,Footwear,Men,Sneakers,Platform,MV,Maison Voss,100,20,A800,MV SOHO New York,181680.74,58847.87,258,272073.13,237986.11,72434.16,328,345891.42,178,135,43,230,211,0
MV-39444,Men Key Holders Relaxed,IVR,Ivoire,Leather Goods,Men,Small Leather Goods,Key Holders,MV,Maison Voss,100,20,A800,MV SOHO New York,95238.6,32512.32,106,115788.47,109627.58,36879.62,132,144189.41,365,287,78,542,412,0
MV-16839,Unisex Key Holders Luxe,CAM,Camel,Leather Goods,Unisex,Small Leather Goods,Key Holders,MVS,MV Signature,100,50,A800,MV SOHO New York,379958.34,137348.24,647,501243.08,389965.42,136623.16,610,472578.48,1107,702,405,862,824,0
MV-39444,Men Key Holders Relaxed,BLU,Bleu Marine,Leather Goods,Men,Small Leather Goods,Key Holders,MV,Maison Voss,100,50,A800,MV SOHO New York,15894.69,5520.79,41,21554.31,15536.35,5362.29,44,23131.45,115,88,27,139,134,0
MV-89928,Men Suit Trousers Slim,RSE,Rose Poudre,Ready-to-Wear,Men,Suits,Suit Trousers,MVS,MV Signature,100,20,A800,MV SOHO New York,60783.24,21027.09,158,73789.46,75482.72,24431.3,185,86399.05,418,328,90,413,396,0
MV-14852,Men Loafers Slim,ECR,Ecru,Footwear,Men,Flats,Loafers,MV,Maison Voss,100,20,A800,MV SOHO New York,201253.23,60408.09,267,244931.84,165514.91,60755.87,236,216494.06,446,390,56,463,389,0
MV-62383,Men Berets Relaxed,ANT,Anthracite,Accessories,Men,Hats,Berets,MVS,MV Signature,100,30,A800,MV SOHO New York,159334.67,44773.51,272,234043.29,129271.76,32413.47,222,191020.63,913,605,308,860,762,0
MV-16265,Women Chain Belts Signature,NVY,Navy,Leather Goods,Women,Belts,Chain Belts,MVS,MV Signature,100,20,A800,MV SOHO New York,85985.02,22071.87,238,101750.58,67261.64,23109.49,187,79946.88,931,653,278,870,631,0
MV-53655,Women Leather Belts Slim,ECR,Ecru,Leather Goods,Women,Belts,Leather Belts,MV,Maison Voss,100,20,A800,MV SOHO New York,59266.61,16580.17,73,76954.63,68497.24,22524.3,81,85388.02,84,83,1,101,63,0
MV-38903,Men Coats Essential,BLU,Bleu Marine,Ready-to-Wear,Men,Outerwear,Coats,MV,Maison Voss,100,20,A800,MV SOHO New York,17894.12,5666.81,38,24679.25,14616.14,3672.91,32,20782.53,55,46,9,53,42,0
MV-96341,Women Card Holders Signature,CAM,Camel,Leather Goods,Women,Small Leather Goods,Card Holders,MVS,MV Signature,100,30,A800,MV SOHO New York,215453.48,67144.82,230,298938.94,207888.91,76314.42,231,300238.68,267,165,102,230,222,0
MV-98188,Women Knee High Heritage,IVR,Ivoire,Footwear,Women,Boots,Knee High,MV,Maison Voss,100,50,A800,MV SOHO New York,111740.33,28825.32,208,142173.59,102476.66,30937.72,213,145591.22,696,577,119,704,478,0
MV-51704,Women Fedoras Luxe,CRM,Creme,Accessories,Women,Hats,Fedoras,MV,Maison Voss,100,50,A800,MV SOHO New York,10494.05,3845.46,45,14489.11,8598.92,3180.4,39,12557.23,115,91,24,120,84,0
MV-47196,Women Wallets,TAN,Tan,Leather Goods,Women,Small Leather Goods,Wallets,MVS,MV Signature,100,20,A800,MV SOHO New York,294188.47,78893.36,278,369756.09,219892.93,81526.27,218,289952.62,702,469,233,508,354,0
MV-49472,Men Square Frames Modern,CRM,Cognac,Accessories,Men,Sunglasses,Square Frames,MV,Maison Voss,100,50,A800,MV SOHO New York,56795.31,19750.35,138,72067.39,41181.0,12122.06,103,53789.43,115,75,40,92,68,0
MV-33647,Men Coats Heritage,VRT,Vert,Ready-to-Wear,Men,Outerwear,Coats,MVS,MV Signature,100,20,A800,MV SOHO New York,81904.98,22234.92,251,102725.31,99737.01,27915.47,302,123597.78,132,119,13,181,141,0
MV-14852,Men Loafers Slim,ANT,Anthracite,Footwear,Men,Flats,Loafers,MV,Maison Voss,100,20,A800,MV SOHO New York,233794.77,59256.67,414,335917.19,207756.4,58472.97,340,275874.02,1308,1027,281,1183,823,0
MV-12128,Women Cat Eye Signature,ARG,Argent,Accessories,Women,Sunglasses,Cat Eye,MV,Maison Voss,100,20,A800,MV SOHO New York,12232.12,4292.72,42,15533.9,10475.34,3731.48,40,14794.19,166,108,58,188,153,0
MV-65296,Women Ankle Boots Slim,TRP,Taupe,Footwear,Women,Boots,Ankle Boots,MV,Maison Voss,100,50,A800,MV SOHO New York,1443.76,427.67,4,1994.45,1647.24,485.23,5,2493.06,4,3,1,5,3,0
MV-16839,Unisex Key Holders Luxe,ECR,Ecru,Leather Goods,Unisex,Small Leather Goods,Key Holders,MVS,MV Signature,100,30,A800,MV SOHO New York,259835.94,87940.31,344,357756.89,226569.53,82540.19,269,279757.57,351,344,7,260,208,0
MV-68838,Men Suit Trousers Signature,SBL,Sable,Ready-to-Wear,Men,Suits,Suit Trousers,MV,Maison Voss,100,20,A800,MV SOHO New York,116945.56,30924.95,214,145590.27,89063.21,32954.06,176,119737.8,682,536,146,598,466,0
MV-33509,Unisex Fedoras Signature,CRM,Creme,Accessories,Unisex,Hats,Fedoras,MVS,MV Signature,100,20,A800,MV SOHO New York,150153.07,41177.94,274,202150.49,177344.83,63744.54,311,229448.18,380,336,44,405,362,0
MV-76263,Women High Top Essential,ANT,Anthracite,Footwear,Women,Sneakers,High Top,MV,Maison Voss,100,20,A800,MV SOHO New York,247799.88,86262.87,415,313841.17,177884.31,67479.83,316,238973.04,1370,1278,92,923,802,0
MV-46421,Women Knee High Slim,CAM,Camel,Footwear,Women,Boots,Knee High,MVS,MV Signature,100,20,A800,MV SOHO New York,170895.19,55429.15,370,211316.74,189311.05,54212.71,392,223881.52,738,527,211,787,695,0
MV-12671,Men Ballet Flats Slim,NOI,Noir,Footwear,Men,Flats,Ballet Flats,MVS,MV Signature,100,50,A800,MV SOHO New York,163506.26,43751.23,739,234875.78,178745.96,49110.91,763,242503.68,854,786,68,829,775,0
MV-82910,Men Shirts Signature,ANT,Anthracite,Ready-to-Wear,Men,Tops,Shirts,MV,Maison Voss,100,30,A800,MV SOHO New York,86598.15,27838.99,175,109640.54,63645.06,19542.36,141,88338.95,186,175,11,178,145,0
MV-67104,Men Sandals Essential,ANT,Anthracite,Footwear,Men,Heels,Sandals,MV,Maison Voss,100,20,A800,MV SOHO New York,124438.25,46709.25,152,174636.81,144114.78,36812.87,187,214849.24,421,391,30,536,454,0
MV-96870,Women Day Dresses Relaxed,GRG,Greige,Ready-to-Wear,Women,Dresses,Day Dresses,MVS,MV Signature,100,30,A800,MV SOHO New York,45831.01,12885.79,117,60733.66,42020.06,12766.79,100,51909.11,135,98,37,94,59,0
MV-60181,Women Jackets Classic,NVY,Navy,Ready-to-Wear,Women,Outerwear,Jackets,MVS,MV Signature,100,50,A800,MV SOHO New York,24051.02,6138.1,38,34163.72,25106.88,9122.89,37,33264.68,42,41,1,38,24,0
MV-22097,Men Leather Belts Essential,BRG,Bordeaux,Leather Goods,Men,Belts,Leather Belts,MV,Maison Voss,100,20,A800,MV SOHO New York,153230.21,49686.76,193,196393.56,121246.41,30789.51,176,179094.64,383,240,143,343,320,0
MV-78146,Men Day Dresses,NOI,Noir,Ready-to-Wear,Men,Dresses,Day Dresses,MV,Maison Voss,100,50,A800,MV SOHO New York,24307.55,8911.16,73,33384.36,20293.84,6692.92,59,26981.88,61,39,22,49,40,0
MV-53228,Women Shoulder Bags Essential,IVR,Ivoire,Leather Goods,Women,Handbags,Shoulder Bags,MV,Maison Voss,100,20,A800,MV SOHO New York,198161.94,68010.41,579,252016.47,191778.41,67362.05,589,256369.08,659,645,14,589,453,0
MV-82135,Women Trousers Slim,BLU,Bleu Marine,Ready-to-Wear,Women,Bottoms,Trousers,MVS,MV Signature,100,50,A800,MV SOHO New York,73095.19,26087.75,199,87290.1,55978.86,20922.93,175,76762.65,187,146,41,187,116,0
MV-89507,Women Blazers Essential,TRP,Taupe,Ready-to-Wear,Women,Outerwear,Blazers,MV,Maison Voss,100,20,A800,MV SOHO New York,135034.07,38272.87,204,184729.16,144403.85,50491.33,223,201934.32,632,488,144,637,518,0
MV-52487,Men Mini Bags Luxe,IVR,Ivoire,Leather Goods,Men,Handbags,Mini Bags,MV,Maison Voss,100,20,A800,MV SOHO New York,87548.5,32561.86,99,128624.87,103854.78,29717.72,112,145515.01,296,213,83,272,264,0
MV-54185,Men Trousers Heritage,NOI,Noir,Ready-to-Wear,Men,Bottoms,Trousers,MVS,MV Signature,100,50,A800,MV SOHO New York,2751.67,784.94,12,3917.66,3485.95,1203.06,15,4897.08,6,4,2,7,4,0
MV-80143,Men Knitwear Classic,BRG,Bordeaux,Ready-to-Wear,Men,Tops,Knitwear,MVS,MV Signature,100,20,A800,MV SOHO New York,4304.97,1315.49,7,6064.19,3990.9,1397.53,7,6064.19,7,6,1,8,5,0
MV-31798,Women Shoulder Bags Essential,BLU,Bleu Marine,Leather Goods,Women,Handbags,Shoulder Bags,MV,Maison Voss,100,20,A800,MV SOHO New York,40415.31,12935.74,125,51989.2,30244.94,9218.66,96,39927.71,418,263,155,347,215,0
MV-30644,Men Chain Belts Slim,NOI,Noir,Leather Goods,Men,Belts,Chain Belts,MV,Maison Voss,100,50,A800,MV SOHO New York,15944.44,5502.83,20,21670.51,10725.54,3377.96,15,16252.88,62,52,10,50,34,0
MV-92345,Women Leather Belts Modern,TAN,Tan,Leather Goods,Women,Belts,Leather Belts,MVS,MV Signature,100,20,A800,MV SOHO New York,166551.91,50058.6,212,202221.36,126550.46,46755.09,164,156435.39,273,268,5,252,186,0
MV-29597,Women Leather Belts,TRP,Taupe,Leather Goods,Women,Belts,Leather Belts,MV,Maison Voss,100,50,A800,MV SOHO New York,158215.18,46310.26,485,190637.24,151235.78,56426.26,479,188278.84,602,483,119,657,587,0
MV-90209,Men Suit Sets Modern,BEG,Beige,Ready-to-Wear,Men,Suits,Suit Sets,MV,Maison Voss,100,20,A800,MV SOHO New York,132145.36,42244.12,489,163958.46,147175.79,49004.61,560,187764.29,272,235,37,327,207,0
MV-47880,Women Shorts Relaxed,ROG,Rouge,Ready-to-Wear,Women,Bottoms,Shorts,MV,Maison Voss,100,20,A800,MV SOHO New York,165939.23,54776.21,245,226072.83,191868.11,51978.83,296,273132.88,468,333,135,526,325,0
MV-67939,Women Weekender Classic,ANT,Anthracite,Leather Goods,Women,Luggage,Weekender,MV,Maison Voss,100,50,A800,MV SOHO New York,58935.03,15025.01,54,82087.84,47371.14,12133.6,45,68406.53,95,72,23,75,68,0
MV-40007,Women Tote Bags Modern,CRM,Cognac,Leather Goods,Women,Handbags,Tote Bags,MV,Maison Voss,100,20,A800,MV SOHO New York,187984.51,56479.73,453,264966.24,136931.71,45755.32,338,197701.08,988,716,272,841,815,0
MV-17816,Women Trousers Slim,SBL,Sable,Ready-to-Wear,Women,Bottoms,Trousers,MV,Maison Voss,100,30,A800,MV SOHO New York,236296.36,78004.03,495,289338.41,269157.58,80872.99,552,322656.17,1305,970,335,1401,1311,0
MV-57920,Women Blazers Slim,NVY,Navy,Ready-to-Wear,Women,Outerwear,Blazers,MV,Maison Voss,100,50,A800,MV SOHO New York,30970.3,11716.39,49,37256.78,32386.01,9415.18,51,38777.46,98,67,31,105,72,0
MV-76249,Men Clutches Luxe,CRM,Cognac,Leather Goods,Men,Handbags,Clutches,MV,Maison Voss,100,20,A800,MV SOHO New York,136346.51,49416.24,304,177232.7,124861.6,46544.24,281,163823.64,685,573,112,758,483,0
MV-19869,Women Wool Scarves Slim,IVR,Ivoire,Accessories,Women,Scarves,Wool Scarves,MVS,MV Signature,100,20,A800,MV SOHO New York,27747.08,9315.96,76,38879.73,31656.17,11200.47,78,39902.88,293,285,8,321,214,0
MV-38903,Men Coats Essential,NOI,Noir,Ready-to-Wear,Men,Outerwear,Coats,MV,Maison Voss,100,20,A800,MV SOHO New York,222664.58,65598.42,369,293972.3,244725.8,85799.34,426,339382.66,254,172,82,332,270,0
MV-43681,Men Low Top Luxe,BEG,Beige,Footwear,Men,Sneakers,Low Top,MV,Maison Voss,100,50,A800,MV SOHO New York,572377.11,150302.18,1343,796072.15,714931.77,258359.69,1708,1012428.32,855,690,165,1237,885,0
MV-44335,Women Slides Slim,BEG,Beige,Footwear,Women,Flats,Slides,MV,Maison Voss,100,70,A800,MV SOHO New York,2214.86,762.39,6,2638.13,2024.53,549.19,6,2638.13,12,11,1,14,11,0
MV-46559,Men Ballet Flats Luxe,VRT,Vert,Footwear,Men,Flats,Ballet Flats,MV,Maison Voss,100,20,A800,MV SOHO New York,258450.8,81477.32,519,375842.81,312049.19,116098.71,558,404085.33,421,364,57,377,373,0
MV-29597,Women Leather Belts,CHP,Champagne,Leather Goods,Women,Belts,Leather Belts,MV,Maison Voss,100,50,A800,MV SOHO New York,81304.97,29540.05,222,106934.93,66861.96,20511.78,161,77551.91,498,362,136,398,280,0
MV-15958,Men Pumps Heritage,ANT,Anthracite,Footwear,Men,Heels,Pumps,MVS,MV Signature,100,30,A800,MV SOHO New York,201115.09,69931.04,826,267928.61,196065.39,71356.4,840,272469.78,673,468,205,775,678,0
MV-84531,Women Check-In Classic,BRG,Bordeaux,Leather Goods,Women,Luggage,Check-In,MVS,MV Signature,100,50,A800,MV SOHO New York,75286.98,25933.6,142,96633.17,46623.91,17094.24,100,68051.53,485,440,45,354,227,0
MV-20745,Unisex Mini Bags Essential,BEG,Beige,Leather Goods,Unisex,Handbags,Mini Bags,MVS,MV Signature,100,50,A800,MV SOHO New York,424183.93,121959.87,428,571006.58,386275.99,128963.28,419,558999.43,1278,1252,26,1162,732,0
MV-38183,Men Suit Trousers Essential,TAN,Tan,Ready-to-Wear,Men,Suits,Suit Trousers,MVS,MV Signature,100,20,A800,MV SOHO New York,6622.25,1824.35,14,8001.8,8321.72,3067.17,17,9716.47,53,44,9,64,50,0
MV-76039,Women Boots Relaxed,CRM,Creme,Footwear,Women,Heels,Boots,MVS,MV Signature,100,70,A800,MV SOHO New York,55002.74,14599.43,93,74411.11,52856.89,14486.27,81,64809.67,265,238,27,265,242,0
MV-72031,Women Blazers,BLU,Bleu Marine,Ready-to-Wear,Women,Suits,Blazers,MV,Maison Voss,100,70,A800,MV SOHO New York,9287.07,2967.31,15,13204.22,8220.01,2913.39,13,11443.66,37,30,7,28,21,0
MV-33703,Men Earrings Slim,ARG,Argent,Accessories,Men,Jewelry,Earrings,MVS,MV Signature,100,50,A800,MV SOHO New York,369396.67,127342.81,844,462913.42,463266.13,174721.29,1019,558896.66,2989,2599,390,3861,3092,0
MV-99224,Men Day Dresses Relaxed,ARG,Argent,Ready-to-Wear,Men,Dresses,Day Dresses,MVS,MV Signature,100,50,A800,MV SOHO New York,139674.36,42621.41,387,187343.86,178590.74,64146.86,481,232848.57,802,694,108,925,891,0
MV-59834,Women Skirts,CHP,Champagne,Ready-to-Wear,Women,Bottoms,Skirts,MVS,MV Signature,100,20,A800,MV SOHO New York,185969.01,68309.85,436,252135.7,194764.81,56745.39,512,296085.96,1335,1020,315,1338,1153,0
MV-54725,Women Suit Trousers Classic,BLU,Bleu Marine,Ready-to-Wear,Women,Suits,Suit Trousers,MV,Maison Voss,100,50,A800,MV SOHO New York,184157.24,62587.23,633,268394.94,206417.71,76468.96,658,278995.06,1909,1476,433,2034,1549,0
MV-35995,Unisex Check-In Modern,ECR,Ecru,Leather Goods,Unisex,Luggage,Check-In,MVS,MV Signature,100,20,A800,MV SOHO New York,13475.36,4074.18,20,17570.44,12292.44,4261.84,20,17570.44,62,41,21,75,74,0
MV-88222,Men Suit Trousers Heritage,VRT,Vert,Ready-to-Wear,Men,Suits,Suit Trousers,MV,Maison Voss,100,20,A800,MV SOHO New York,34781.25,11334.95,111,40554.68,31210.04,11043.96,99,36170.39,252,240,12,270,268,0
MV-87993,Women Fedoras Modern,BRG,Bordeaux,Accessories,Women,Hats,Fedoras,MVS,MV Signature,100,30,A800,MV SOHO New York,8741.7,3045.24,16,10874.55,9338.48,2401.58,18,12233.87,37,25,12,47,28,0
MV-57943,Women Shorts Essential,SBL,Sable,Ready-to-Wear,Women,Bottoms,Shorts,MV,Maison Voss,100,50,A800,MV SOHO New York,29584.96,7886.22,53,40510.3,28398.47,9628.46,58,44332.02,146,107,39,147,133,0
MV-56955,Women Ballet Flats Relaxed,TAN,Tan,Footwear,Women,Flats,Ballet Flats,MVS,MV Signature,100,30,A800,MV SOHO New York,32522.93,12238.53,59,43226.64,40973.68,11762.92,72,52751.16,182,144,38,189,146,0
MV-15014,Women Bracelets Modern,BRG,Bordeaux,Accessories,Women,Jewelry,Bracelets,MVS,MV Signature,100,20,A800,MV SOHO New York,56071.25,16741.51,144,73635.29,56771.39,20005.25,151,77214.79,437,270,167,480,308,0
MV-82512,Women Shorts Heritage,CAM,Camel,Ready-to-Wear,Women,Bottoms,Shorts,MV,Maison Voss,100,30,A800,MV SOHO New York,39146.63,12874.98,71,56346.49,46254.88,12549.59,90,71425.12,200,124,76,295,206,0
MV-77033,Women Weekender Modern,GRG,Greige,Leather Goods,Women,Luggage,Weekender,MVS,MV Signature,100,20,A800,MV SOHO New York,23702.4,7499.57,24,30416.31,16892.27,4483.88,17,21544.88,21,14,7,14,11,0
MV-64377,Women Trousers Essential,SBL,Sable,Ready-to-Wear,Women,Bottoms,Trousers,MVS,MV Signature,100,20,A800,MV SOHO New York,25674.25,9535.05,41,33813.28,19162.6,7225.27,30,24741.43,42,26,16,26,21,0
MV-52415,Men Jeans Relaxed,IVR,Ivoire,Ready-to-Wear,Men,Bottoms,Jeans,MV,Maison Voss,100,20,A800,MV SOHO New York,7370.69,2296.55,36,10163.87,6691.26,1929.74,33,9316.88,136,107,29,137,132,0
MV-93717,Women Leather Belts Heritage,RSE,Rose Poudre,Leather Goods,Women,Belts,Leather Belts,MVS,MV Signature,100,20,A800,MV SOHO New York,885900.12,249958.6,824,1109723.8,721075.68,199620.67,738,993903.12,3251,2424,827,2419,2219,0
MV-33647,Men Coats Heritage,TAN,Tan,Ready-to-Wear,Men,Outerwear,Coats,MVS,MV Signature,100,50,A800,MV SOHO New York,68982.8,19037.54,324,98798.14,64046.25,20278.9,305,93004.43,972,781,191,855,531,0
MV-35203,Men Blazers Modern,TAN,Tan,Ready-to-Wear,Men,Outerwear,Blazers,MVS,MV Signature,100,20,A800,MV SOHO New York,272468.51,88188.67,783,382427.5,218103.46,66242.11,697,340423.97,1024,720,304,736,557,0
MV-65444,Women Berets,ARG,Argent,Accessories,Women,Hats,Berets,MVS,MV Signature,100,30,A800,MV SOHO New York,71423.86,25490.72,132,97015.52,81093.15,22465.67,146,107305.04,95,87,8,90,88,0
MV-86556,Women Evening Dresses Classic,RSE,Rose Poudre,Ready-to-Wear,Women,Dresses,Evening Dresses,MV,Maison Voss,100,20,A800,MV SOHO New York,30289.11,11184.52,74,40874.13,20200.27,6548.85,54,29827.06,210,142,68,145,130,0
MV-59308,Men Knitwear Essential,ROG,Rouge,Ready-to-Wear,Men,Tops,Knitwear,MVS,MV Signature,100,20,A800,MV SOHO New York,230352.05,76662.92,365,308933.41,205090.68,62044.79,301,254764.26,308,296,12,218,170,0
MV-71669,Men Silk Scarves,CRM,Creme,Accessories,Men,Scarves,Silk Scarves,MV,Maison Voss,100,20,A800,MV SOHO New York,39338.16,14458.44,90,53314.97,52335.07,14990.57,109,64570.35,282,278,4,311,245,0
MV-86484,Men Blazers Essential,NOI,Noir,Ready-to-Wear,Men,Suits,Blazers,MV,Maison Voss,100,50,A800,MV SOHO New York,35496.33,11669.0,81,50125.95,26809.39,10166.03,64,39605.69,283,196,87,240,234,0
MV-28776,Women Sandals Essential,BLU,Bleu Marine,Footwear,Women,Heels,Sandals,MV,Maison Voss,100,50,A800,MV SOHO New York,40615.92,12416.47,60,51470.45,46384.12,14548.27,62,53186.13,194,125,69,219,211,0
MV-96200,Women Suit Sets,BRG,Bordeaux,Ready-to-Wear,Women,Suits,Suit Sets,MVS,MV Signature,100,50,A800,MV SOHO New York,21307.17,5913.77,31,28753.48,17380.84,6342.17,24,22260.76,61,57,4,52,33,0
MV-69473,Women Chain Belts Heritage,VRT,Vert,Leather Goods,Women,Belts,Chain Belts,MVS,MV Signature,100,70,A800,MV SOHO New York,69725.7,18240.7,67,98298.87,61612.47,19008.61,57,83627.4,62,54,8,52,41,0
MV-39444,Men Key Holders Relaxed,NVY,Navy,Leather Goods,Men,Small Leather Goods,Key Holders,MV,Maison Voss,100,20,A800,MV SOHO New York,38998.82,13314.61,100,57562.36,53220.85,17214.29,122,70226.08,137,93,44,147,141,0
MV-87993,Women Fedoras Modern,BLU,Bleu Marine,Accessories,Women,Hats,Fedoras,MVS,MV Signature,100,20,A800,MV SOHO New York,61867.52,23361.75,255,84063.62,76562.09,26088.33,309,101865.33,693,629,64,915,914,0
MV-71474,Men Loafers Relaxed,NOI,Noir,Footwear,Men,Flats,Loafers,MV,Maison Voss,100,30,A800,MV SOHO New York,3734.04,1200.79,14,5444.66,4449.29,1419.95,15,5833.57,36,24,12,40,26,0
MV-47196,Women Wallets,TAN,Tan,Leather Goods,Women,Small Leather Goods,Wallets,MVS,MV Signature,100,20,A800,MV SOHO New York,21817.17,5465.38,53,31577.89,20824.99,6622.64,49,29194.65,184,131,53,198,194,0
MV-89507,Women Blazers Essential,CHP,Champagne,Ready-to-Wear,Women,Outerwear,Blazers,MV,Maison Voss,100,50,A800,MV SOHO New York,91122.58,24660.8,377,130378.57,72806.68,22298.03,313,108245.34,786,745,41,711,538,0
MV-70521,Men Mules Luxe,NVY,Navy,Footwear,Men,Heels,Mules,MV,Maison Voss,100,20,A800,MV SOHO New York,13778.62,5130.91,36,16816.13,17811.62,5706.75,46,21487.28,78,65,13,92,72,0
MV-78146,Men Day Dresses,NVY,Navy,Ready-to-Wear,Men,Dresses,Day Dresses,MV,Maison Voss,100,20,A800,MV SOHO New York,31431.33,10586.22,95,40494.45,23932.2,6087.68,70,29838.02,277,186,91,194,130,0
MV-93746,Women Blazers Essential,BLU,Bleu Marine,Ready-to-Wear,Women,Suits,Blazers,MV,Maison Voss,100,30,A800,MV SOHO New York,146530.05,43760.79,455,201324.96,149741.81,48662.86,499,220793.75,1162,845,317,1023,838,0
MV-29080,Men Jackets Relaxed,SBL,Sable,Ready-to-Wear,Men,Outerwear,Jackets,MV,Maison Voss,100,20,A800,MV SOHO New York,13164.15,4564.08,38,18067.7,13258.53,4467.39,37,17592.24,22,16,6,19,17,0
MV-33647,Men Coats Heritage,NOI,Noir,Ready-to-Wear,Men,Outerwear,Coats,MVS,MV Signature,100,20,A800,MV SOHO New York,7265.19,2235.21,19,9316.96,5468.41,1455.9,13,6374.76,50,35,15,41,27,0
MV-93717,Women Leather Belts Heritage,ROG,Rouge,Leather Goods,Women,Belts,Leather Belts,MVS,MV Signature,100,20,A800,MV SOHO New York,167074.68,56643.47,151,209517.47,156198.48,52824.77,137,190092.01,78,70,8,72,64,0
MV-66349,Women Crossbody Bags Modern,BEG,Beige,Leather Goods,Women,Handbags,Crossbody Bags,MV,Maison Voss,100,50,A800,MV SOHO New York,57000.4,17966.51,82,68689.13,50085.95,18366.11,80,67013.79,90,55,35,100,74,0
MV-60181,Women Jackets Classic,GRG,Greige,Ready-to-Wear,Women,Outerwear,Jackets,MVS,MV Signature,100,20,A800,MV SOHO New York,96916.23,27495.06,188,134780.2,112329.17,36331.44,218,156287.68,233,207,26,269,245,0
MV-90031,Women Loafers Heritage,CAM,Camel,Footwear,Women,Flats,Loafers,MV,Maison Voss,100,30,A800,MV SOHO New York,279664.99,103133.46,371,353241.83,275813.68,75026.51,329,313252.19,961,931,30,730,543,0
MV-73736,Women Key Holders Relaxed,CHP,Champagne,Leather Goods,Women,Small Leather Goods,Key Holders,MV,Maison Voss,100,30,A800,MV SOHO New York,29585.19,10055.09,33,42705.96,38914.4,13468.09,40,51764.8,45,30,15,54,33,0
MV-71797,Men Shoulder Bags Classic,BRG,Bordeaux,Leather Goods,Men,Handbags,Shoulder Bags,MVS,MV Signature,100,50,A800,MV SOHO New York,104151.82,26207.87,198,139778.1,130245.46,40708.49,240,169428.0,469,373,96,634,392,0
MV-24316,Women Low Top Relaxed,IVR,Ivoire,Footwear,Women,Sneakers,Low Top,MV,Maison Voss,100,20,A800,MV SOHO New York,50715.89,16539.43,160,63221.93,49414.1,17632.88,160,63221.93,170,147,23,173,111,0
MV-79822,Unisex Fedoras Slim,TRP,Taupe,Accessories,Unisex,Hats,Fedoras,MV,Maison Voss,100,20,A800,MV SOHO New York,8970.48,2267.73,35,11725.34,9408.23,3052.31,35,11725.34,93,72,21,100,83,0
MV-76542,Men Suit Sets Modern,GRG,Greige,Ready-to-Wear,Men,Suits,Suit Sets,MVS,MV Signature,100,20,A800,MV SOHO New York,85514.45,30637.02,223,115658.24,92069.85,29011.82,234,121363.35,492,387,105,557,470,0
MV-60052,Unisex Evening Dresses,NOI,Noir,Ready-to-Wear,Unisex,Dresses,Evening Dresses,MVS,MV Signature,100,50,A800,MV SOHO New York,17813.63,5076.52,72,24601.18,17855.99,4996.17,68,23234.45,70,57,13,71,55,0
MV-32527,Women Mules Luxe,ARG,Argent,Footwear,Women,Heels,Mules,MV,Maison Voss,100,30,A800,MV SOHO New York,40240.67,14363.76,152,50634.2,46882.36,16729.29,192,63958.99,443,424,19,598,579,0
MV-39444,Men Key Holders Relaxed,SBL,Sable,Leather Goods,Men,Small Leather Goods,Key Holders,MV,Maison Voss,100,50,A800,MV SOHO New York,10191.3,3415.65,19,13736.97,12451.73,3196.48,22,15905.97,40,25,15,52,46,0
MV-62034,Women Necklaces Luxe,CRM,Creme,Accessories,Women,Jewelry,Necklaces,MVS,MV Signature,100,20,A800,MV SOHO New York,34044.58,11279.55,140,44948.92,26626.76,8284.3,116,37243.39,168,101,67,131,111,0
MV-89963,Women Cat Eye Luxe,TRP,Taupe,Accessories,Women,Sunglasses,Cat Eye,MV,Maison Voss,100,20,A800,MV SOHO New York,49061.05,18192.38,83,70759.19,50849.46,19213.23,90,76726.83,230,199,31,254,158,0
MV-65255,Women Evening Dresses Heritage,GRG,Greige,Ready-to-Wear,Women,Dresses,Evening Dresses,MV,Maison Voss,100,20,A800,MV SOHO New York,125719.21,39960.01,394,185008.37,183194.3,57711.56,511,239947.4,1308,1104,204,1765,1690,0
MV-46655,Women Cat Eye Heritage,SBL,Sable,Accessories,Women,Sunglasses,Cat Eye,MV,Maison Voss,100,20,A800,MV SOHO New York,6019.94,1813.26,13,8020.1,5890.36,1771.22,13,8020.1,20,12,8,18,12,0
MV-33509,Unisex Fedoras Signature,CHP,Champagne,Accessories,Unisex,Hats,Fedoras,MVS,MV Signature,100,70,A800,MV SOHO New York,20346.31,7442.19,123,29505.65,14968.53,5349.02,86,20629.97,63,48,15,45,30,0
MV-30253,Men Weekender Essential,RSE,Rose Poudre,Leather Goods,Men,Luggage,Weekender,MVS,MV Signature,100,20,A800,MV SOHO New York,83349.1,21707.28,139,115336.7,110346.66,34957.75,177,146867.59,373,298,75,504,400,0
MV-33647,Men Coats Heritage,ECR,Ecru,Ready-to-Wear,Men,Outerwear,Coats,MVS,MV Signature,100,50,A800,MV SOHO New York,61140.24,19887.96,294,82011.86,45317.58,16649.21,225,62764.18,188,161,27,127,94,0
MV-53655,Women Leather Belts Slim,RSE,Rose Poudre,Leather Goods,Women,Belts,Leather Belts,MV,Maison Voss,100,20,A800,MV SOHO New York,149868.73,38376.74,194,178822.21,174387.46,63511.29,251,231362.76,119,71,48,159,120,0
MV-80798,Men Chain Belts Modern,BEG,Beige,Leather Goods,Men,Belts,Chain Belts,MV,Maison Voss,100,20,A800,MV SOHO New York,187967.73,56706.81,250,224660.08,211771.83,69161.17,315,283071.7,788,595,193,947,574,0
MV-44099,Women Trousers Essential,BLU,Bleu Marine,Ready-to-Wear,Women,Bottoms,Trousers,MVS,MV Signature,100,50,A800,MV SOHO New York,139019.36,51858.22,342,165687.78,129686.87,37110.1,355,171985.86,788,491,297,801,498,0
MV-40007,Women Tote Bags Modern,GRG,Greige,Leather Goods,Women,Handbags,Tote Bags,MV,Maison Voss,100,20,A800,MV SOHO New York,278576.73,99690.05,451,325093.53,320373.5,81154.49,533,384201.44,829,568,261,979,814,0
MV-49363,Unisex Cashmere Scarves,TRP,Taupe,Accessories,Unisex,Scarves,Cashmere Scarves,MVS,MV Signature,100,50,A800,MV SOHO New York,41138.0,14192.83,85,51248.96,35760.06,10730.81,69,41602.1,255,179,76,212,148,0
MV-44959,Women Blazers Modern,CHP,Champagne,Ready-to-Wear,Women,Outerwear,Blazers,MVS,MV Signature,100,70,A800,MV SOHO New York,41078.15,10932.85,176,50724.01,53038.22,16493.03,227,65422.44,656,558,98,868,651,0
MV-94323,Women Round Frames Classic,BLU,Bleu Marine,Accessories,Women,Sunglasses,Round Frames,MVS,MV Signature,100,20,A800,MV SOHO New York,80405.78,28218.13,417,108892.49,88920.1,23624.9,449,117248.75,1286,837,449,1642,1098,0
MV-22833,Women Midi Dresses Classic,ECR,Ecru,Ready-to-Wear,Women,Dresses,Midi Dresses,MVS,MV Signature,100,70,A800,MV SOHO New York,484558.94,131559.64,1037,572584.7,552350.01,169672.98,1186,654855.79,2037,1941,96,2658,2174,0
MV-95918,Women Suit Sets Modern,CHP,Champagne,Ready-to-Wear,Women,Suits,Suit Sets,MV,Maison Voss,100,70,A800,MV SOHO New York,305164.07,107887.92,502,391167.97,277078.87,69969.72,430,335064.2,697,601,96,511,506,0
MV-12665,Women Suit Trousers Essential,SBL,Sable,Ready-to-Wear,Women,Suits,Suit Trousers,MV,Maison Voss,100,20,A800,MV SOHO New York,39507.41,12676.28,105,53622.28,35235.28,12461.5,85,43408.51,214,185,29,194,123,0
MV-71474,Men Loafers Relaxed,IVR,Ivoire,Footwear,Men,Flats,Loafers,MV,Maison Voss,100,20,A800,MV SOHO New York,28396.43,9532.77,49,39128.79,20899.12,5943.76,34,27150.59,143,119,24,82,59,0
MV-58434,Women Shoulder Bags Heritage,TAN,Tan,Leather Goods,Women,Handbags,Shoulder Bags,MV,Maison Voss,100,20,A800,MV SOHO New York,112576.42,34305.47,153,141657.97,138966.32,39188.68,175,162027.09,560,473,87,723,708,0
MV-62521,Women Silk Scarves Luxe,VRT,Vert,Accessories,Women,Scarves,Silk Scarves,MVS,MV Signature,100,50,A800,MV SOHO New York,184403.95,63913.42,308,258978.9,199904.8,62607.91,339,285044.95,910,854,56,1062,714,0
MV-66881,Men Trousers Modern,BLU,Bleu Marine,Ready-to-Wear,Men,Bottoms,Trousers,MV,Maison Voss,100,20,A800,MV SOHO New York,102876.54,37785.23,154,131782.96,106216.73,37374.22,162,138628.82,112,111,1,107,96,0
MV-99224,Men Day Dresses Relaxed,ANT,Anthracite,Ready-to-Wear,Men,Dresses,Day Dresses,MVS,MV Signature,100,20,A800,MV SOHO New York,45858.38,14514.4,150,55931.55,31561.0,11477.84,108,40270.72,373,371,2,266,240,0
MV-47196,Women Wallets,ARG,Argent,Leather Goods,Women,Small Leather Goods,Wallets,MVS,MV Signature,100,20,A800,MV SOHO New York,185349.82,46366.92,415,268291.32,220823.06,68442.92,451,291564.78,1121,873,248,1394,1027,0
MV-96341,Women Card Holders Signature,ROG,Rouge,Leather Goods,Women,Small Leather Goods,Card Holders,MVS,MV Signature,100,20,A800,MV SOHO New York,98479.77,34787.39,102,126379.76,126459.42,47031.3,130,161072.24,345,334,11,509,322,0
MV-86484,Men Blazers Essential,BEG,Beige,Ready-to-Wear,Men,Suits,Blazers,MV,Maison Voss,100,20,A800,MV SOHO New York,127269.08,34564.92,447,175132.45,89173.1,32288.8,348,136344.72,1293,798,495,1141,1081,0
MV-77033,Women Weekender Modern,IVR,Ivoire,Leather Goods,Women,Luggage,Weekender,MVS,MV Signature,100,20,A800,MV SOHO New York,66376.8,23465.95,119,88841.98,52869.58,14730.02,90,67191.41,106,66,40,77,67,0
MV-21164,Men Shorts Relaxed,BLU,Bleu Marine,Ready-to-Wear,Men,Bottoms,Shorts,MV,Maison Voss,100,20,A800,MV SOHO New York,35055.99,9645.04,90,50122.65,43427.93,11458.23,113,62931.77,205,167,38,303,210,0
MV-76132,Unisex Leather Belts Slim,IVR,Ivoire,Leather Goods,Unisex,Belts,Leather Belts,MV,Maison Voss,100,20,A800,MV SOHO New York,58043.04,16422.91,137,71985.44,67749.12,25315.21,163,85646.91,292,182,110,331,284,0
MV-95918,Women Suit Sets Modern,VRT,Vert,Ready-to-Wear,Women,Suits,Suit Sets,MV,Maison Voss,100,50,A800,MV SOHO New York,95180.25,33464.41,327,114417.11,70815.27,18130.47,247,86425.16,167,134,33,145,91,0
MV-13396,Women Wallets Slim,ECR,Ecru,Leather Goods,Women,Small Leather Goods,Wallets,MVS,MV Signature,100,20,A800,MV SOHO New York,15543.08,5408.13,30,20974.61,17916.51,4713.04,33,23072.07,25,20,5,32,28,0
MV-14852,Men Loafers Slim,TAN,Tan,Footwear,Men,Flats,Loafers,MV,Maison Voss,100,20,A800,MV SOHO New York,30011.88,11380.26,49,39170.5,32069.15,10973.66,55,43966.89,132,125,7,172,153,0
MV-10336,Men Blazers Heritage,CRM,Cognac,Ready-to-Wear,Men,Suits,Blazers,MV,Maison Voss,100,50,A800,MV SOHO New York,262293.67,69762.07,689,326418.96,221102.57,59194.42,652,308889.93,894,885,9,910,720,0
MV-78937,Men Carry-On Luxe,RSE,Rose Poudre,Leather Goods,Men,Luggage,Carry-On,MVS,MV Signature,100,20,A800,MV SOHO New York,48288.68,16599.01,43,60414.05,44385.48,12092.99,39,54794.14,171,105,66,135,96,0
MV-69473,Women Chain Belts Heritage,BRG,Bordeaux,Leather Goods,Women,Belts,Chain Belts,MVS,MV Signature,100,20,A800,MV SOHO New York,200572.16,55806.54,191,266317.26,179811.65,62021.67,179,249585.28,587,552,35,595,575,0
MV-23434,Women Card Holders,SBL,Sable,Leather Goods,Women,Small Leather Goods,Card Holders,MV,Maison Voss,100,30,A800,MV SOHO New York,122366.7,45840.32,197,177284.1,153879.74,50744.77,246,221380.14,403,377,26,572,565,0
MV-44959,Women Blazers Modern,CRM,Cognac,Ready-to-Wear,Women,Outerwear,Blazers,MVS,MV Signature,100,20,A800,MV SOHO New York,31015.86,11589.26,153,44599.3,27589.48,9402.28,146,42558.81,138,125,13,132,119,0
MV-80282,Unisex Baseball Caps Signature,BLU,Bleu Marine,Accessories,Unisex,Hats,Baseball Caps,MV,Maison Voss,100,20,A800,MV SOHO New York,48406.59,14570.72,235,62645.71,37347.64,9570.21,180,47983.95,390,335,55,245,204,0
MV-78614,Women Trousers Signature,IVR,Ivoire,Ready-to-Wear,Women,Bottoms,Trousers,MV,Maison Voss,100,50,A800,MV SOHO New York,25133.07,8234.4,59,34320.56,23942.45,6640.98,53,30830.33,171,115,56,152,134,0
MV-96275,Women Coats Essential,ROG,Rouge,Ready-to-Wear,Women,Outerwear,Coats,MV,Maison Voss,100,20,A800,MV SOHO New York,82584.36,22593.42,183,106421.35,95807.85,27288.15,194,112818.26,439,415,24,376,341,0
MV-92478,Women Blazers Classic,ARG,Argent,Ready-to-Wear,Women,Outerwear,Blazers,MV,Maison Voss,100,30,A800,MV SOHO New York,59203.58,16442.85,106,75277.42,53809.33,15918.2,103,73146.93,274,182,92,275,193,0
MV-32527,Women Mules Luxe,BLU,Bleu Marine,Footwear,Women,Heels,Mules,MV,Maison Voss,100,50,A800,MV SOHO New York,79414.23,22554.65,247,106370.26,64909.66,22162.83,216,93020.15,962,910,52,995,758,0
MV-57920,Women Blazers Slim,ROG,Rouge,Ready-to-Wear,Women,Outerwear,Blazers,MV,Maison Voss,100,20,A800,MV SOHO New York,19943.74,5539.43,34,26491.8,23296.97,7985.67,43,33504.33,97,82,15,137,97,0
MV-20543,Men Check-In Classic,TAN,Tan,Leather Goods,Men,Luggage,Check-In,MVS,MV Signature,100,20,A800,MV SOHO New York,137597.42,39951.5,192,189861.37,136201.62,51236.77,179,177006.18,150,105,45,119,88,0
MV-30730,Men High Top Luxe,CAM,Camel,Footwear,Men,Sneakers,High Top,MV,Maison Voss,100,30,A800,MV SOHO New York,24960.12,6898.67,46,33022.09,21771.23,7082.48,42,30150.6,66,63,3,52,39,0
MV-67905,Women High Top Luxe,TAN,Tan,Footwear,Women,Sneakers,High Top,MV,Maison Voss,100,50,A800,MV SOHO New York,21314.98,6345.46,74,29363.57,16777.36,6209.27,61,24205.1,202,133,69,156,129,0
MV-54589,Women Carry-On Slim,GRG,Greige,Leather Goods,Women,Luggage,Carry-On,MV,Maison Voss,100,50,A800,MV SOHO New York,35595.31,11853.64,56,50618.36,24849.45,8367.73,39,35252.07,39,33,6,29,23,0
MV-49363,Unisex Cashmere Scarves,BLU,Bleu Marine,Accessories,Unisex,Scarves,Cashmere Scarves,MVS,MV Signature,100,50,A800,MV SOHO New York,19906.74,6215.96,46,25216.82,17116.43,6434.27,43,23572.24,175,144,31,185,117,0
MV-99173,Women Card Holders Modern,CRM,Cognac,Leather Goods,Women,Small Leather Goods,Card Holders,MV,Maison Voss,100,70,A800,MV SOHO New York,291292.07,104653.26,398,358759.61,334006.47,92653.31,501,451604.44,1477,1075,402,1819,1544,0
MV-52487,Men Mini Bags Luxe,TAN,Tan,Leather Goods,Men,Handbags,Mini Bags,MV,Maison Voss,100,20,A800,MV SOHO New York,78140.29,20489.17,76,101509.26,66257.65,17310.73,69,92159.72,148,116,32,135,102,0
MV-30866,Women Loafers Modern,ARG,Argent,Footwear,Women,Flats,Loafers,MVS,MV Signature,100,20,A800,MV SOHO New York,309775.78,112702.9,597,426244.53,353872.34,96617.66,687,490502.5,779,624,155,762,731,0
MV-80798,Men Chain Belts Modern,RSE,Rose Poudre,Leather Goods,Men,Belts,Chain Belts,MV,Maison Voss,100,50,A800,MV SOHO New York,501561.18,164040.63,798,690922.33,479045.05,147934.34,726,628583.47,967,593,374,808,609,0
MV-39389,Women Mules Modern,VRT,Vert,Footwear,Women,Heels,Mules,MVS,MV Signature,100,20,A800,MV SOHO New York,68407.06,18367.05,193,92215.36,59685.31,15490.81,173,82659.36,513,448,65,465,457,0
MV-69634,Women Day Dresses Signature,TAN,Tan,Ready-to-Wear,Women,Dresses,Day Dresses,MVS,MV Signature,100,30,A800,MV SOHO New York,9737.91,2505.26,35,12170.41,7206.41,2339.28,25,8693.15,93,64,29,81,71,0
MV-48462,Women Ankle Boots Relaxed,BRG,Bordeaux,Footwear,Women,Boots,Ankle Boots,MVS,MV Signature,100,20,A800,MV SOHO New York,26371.45,8055.79,106,35054.54,33605.31,12401.29,132,43652.82,272,168,104,381,353,0
MV-97684,Unisex Bracelets Luxe,IVR,Ivoire,Accessories,Unisex,Jewelry,Bracelets,MV,Maison Voss,100,50,A800,MV SOHO New York,90824.22,26124.49,364,122918.07,92994.62,31513.85,375,126632.63,205,123,82,249,215,0
MV-52176,Women Check-In Relaxed,ANT,Anthracite,Leather Goods,Women,Luggage,Check-In,MVS,MV Signature,100,20,A800,MV SOHO New York,84675.42,27748.12,104,111330.12,98141.29,32078.38,113,120964.46,317,208,109,307,225,0
MV-39444,Men Key Holders Relaxed,VRT,Vert,Leather Goods,Men,Small Leather Goods,Key Holders,MV,Maison Voss,100,20,A800,MV SOHO New York,8097.03,2433.55,20,10481.28,9603.93,3126.97,22,11529.41,42,32,10,49,47,0
MV-96761,Men Jackets Essential,TAN,Tan,Ready-to-Wear,Men,Outerwear,Jackets,MVS,MV Signature,100,20,A800,MV SOHO New York,51103.62,17606.6,185,64467.51,48539.08,17875.25,186,64815.98,306,300,6,333,223,0
MV-51704,Women Fedoras Luxe,TRP,Taupe,Accessories,Women,Hats,Fedoras,MV,Maison Voss,100,20,A800,MV SOHO New York,268434.61,89750.91,425,318118.86,251452.53,88319.93,398,297908.95,1532,1433,99,1654,1225,0
MV-71474,Men Loafers Relaxed,NOI,Noir,Footwear,Men,Flats,Loafers,MV,Maison Voss,100,20,A800,MV SOHO New York,244617.75,87116.09,362,346842.1,330838.82,113988.81,426,408162.25,249,165,84,350,280,0
MV-67104,Men Sandals Essential,CRM,Cognac,Footwear,Men,Heels,Sandals,MV,Maison Voss,100,30,A800,MV SOHO New York,35190.16,11355.03,43,45834.66,40689.67,13933.73,50,53296.12,82,61,21,99,59,0
MV-57942,Women Chelsea Boots Modern,NOI,Noir,Footwear,Women,Boots,Chelsea Boots,MVS,MV Signature,100,20,A800,MV SOHO New York,161794.8,46445.23,254,227117.05,196192.11,56996.38,313,279872.58,300,217,83,393,353,0
MV-62196,Women Blazers,ARG,Argent,Ready-to-Wear,Women,Outerwear,Blazers,MV,Maison Voss,100,20,A800,MV SOHO New York,17774.51,4983.3,56,24722.01,14023.47,4317.43,42,18541.51,118,78,40,104,91,0
MV-60181,Women Jackets Classic,NOI,Noir,Ready-to-Wear,Women,Outerwear,Jackets,MVS,MV Signature,100,20,A800,MV SOHO New York,36931.98,12212.29,56,53305.89,37629.03,13339.76,60,57113.46,28,27,1,31,30,0
MV-54942,Men Square Frames Relaxed,SBL,Sable,Accessories,Men,Sunglasses,Square Frames,MV,Maison Voss,100,70,A800,MV SOHO New York,169056.05,50383.41,472,237322.32,203329.35,53483.52,569,286094.07,811,680,131,1073,1014,0
MV-96760,Women Blouses Signature,BRG,Bordeaux,Ready-to-Wear,Women,Tops,Blouses,MV,Maison Voss,100,50,A800,MV SOHO New York,21600.67,7555.97,65,29615.53,20499.95,6455.98,65,29615.53,56,33,23,57,51,0
MV-95918,Women Suit Sets Modern,ROG,Rouge,Ready-to-Wear,Women,Suits,Suit Sets,MV,Maison Voss,100,20,A800,MV SOHO New York,38818.4,11726.09,69,56331.61,50686.28,16551.19,83,67761.21,73,61,12,103,70,0
MV-82199,Men Shorts Classic,CRM,Cognac,Ready-to-Wear,Men,Bottoms,Shorts,MVS,MV Signature,100,20,A800,MV SOHO New York,201.25,72.47,1,283.17,0.0,0.0,0,0.0,1,0,1,0,0,0
MV-53064,Men Skirts Slim,TAN,Tan,Ready-to-Wear,Men,Bottoms,Skirts,MV,Maison Voss,100,20,A800,MV SOHO New York,228933.98,74389.18,466,285749.76,194710.48,68096.38,354,217071.71,1684,1213,471,1265,1236,0
MV-79822,Unisex Fedoras Slim,IVR,Ivoire,Accessories,Unisex,Hats,Fedoras,MV,Maison Voss,100,20,A800,MV SOHO New York,188604.98,69650.42,358,245782.63,183432.93,63384.89,343,235484.48,1135,881,254,1021,783,0
MV-30253,Men Weekender Essential,CHP,Champagne,Leather Goods,Men,Luggage,Weekender,MVS,MV Signature,100,20,A800,MV SOHO New York,120611.22,36500.2,225,153544.67,118243.65,37522.26,245,167193.08,575,430,145,722,522,0
MV-73736,Women Key Holders Relaxed,ANT,Anthracite,Leather Goods,Women,Small Leather Goods,Key Holders,MV,Maison Voss,100,20,A800,MV SOHO New York,218871.8,62482.32,316,284380.56,235694.86,81585.79,325,292480.01,349,221,128,304,192,0
MV-47243,Men Boots Heritage,BRG,Bordeaux,Footwear,Men,Heels,Boots,MV,Maison Voss,100,50,A800,MV SOHO New York,24848.97,8366.73,37,34601.42,19977.38,5169.96,30,28055.21,28,17,11,25,15,0
MV-48177,Women Card Holders Essential,NVY,Navy,Leather Goods,Women,Small Leather Goods,Card Holders,MV,Maison Voss,100,30,A800,MV SOHO New York,125051.55,38986.03,139,171656.87,139931.28,42917.63,155,191415.93,553,524,29,563,366,0
MV-98815,Men Check-In,ROG,Rouge,Leather Goods,Men,Luggage,Check-In,MVS,MV Signature,100,20,A800,MV SOHO New York,87822.79,31726.8,98,107109.37,71194.34,22221.1,87,95086.89,52,51,1,51,31,0
MV-76542,Men Suit Sets Modern,BRG,Bordeaux,Ready-to-Wear,Men,Suits,Suit Sets,MVS,MV Signature,100,20,A800,MV SOHO New York,10702.46,2903.21,22,14251.71,9384.2,2680.94,18,11660.49,63,54,9,44,29,0
MV-40005,Men Silk Scarves Classic,SBL,Sable,Accessories,Men,Scarves,Silk Scarves,MVS,MV Signature,100,50,A800,MV SOHO New York,66539.86,22048.72,151,94512.73,72520.06,26820.82,165,103275.5,76,69,7,72,56,0
MV-49139,Men Wool Scarves Essential,CAM,Camel,Accessories,Men,Scarves,Wool Scarves,MV,Maison Voss,100,50,A800,MV SOHO New York,295074.65,74745.49,577,404845.34,329013.61,119867.11,653,458169.86,2190,1524,666,2804,2021,0
MV-86483,Women Wallets Luxe,RSE,Rose Poudre,Leather Goods,Women,Small Leather Goods,Wallets,MVS,MV Signature,100,20,A800,MV SOHO New York,6476.18,2371.35,9,9744.64,7747.84,1957.47,11,11910.12,10,8,2,14,10,0
MV-37460,Men Jackets Heritage,SBL,Sable,Ready-to-Wear,Men,Outerwear,Jackets,MV,Maison Voss,100,20,A800,MV SOHO New York,53563.46,16994.58,78,68756.85,41043.72,12501.37,67,59060.37,75,56,19,77,68,0
MV-92345,Women Leather Belts Modern,RSE,Rose Poudre,Leather Goods,Women,Belts,Leather Belts,MVS,MV Signature,100,30,A800,MV SOHO New York,27242.77,8933.74,53,38142.6,33333.48,9477.26,58,41740.96,111,70,41,109,86,0
MV-64377,Women Trousers Essential,SBL,Sable,Ready-to-Wear,Women,Bottoms,Trousers,MVS,MV Signature,100,20,A800,MV SOHO New York,37010.77,13099.24,62,46820.92,44870.23,11971.01,71,53617.51,179,117,62,244,147,0
MV-54313,Women Wallets Classic,BRG,Bordeaux,Leather Goods,Women,Small Leather Goods,Wallets,MV,Maison Voss,100,30,A800,MV SOHO New York,402223.61,114574.42,545,510117.96,358587.91,104287.45,539,504501.98,870,523,347,739,496,0
MV-17816,Women Trousers Slim,BRG,Bordeaux,Ready-to-Wear,Women,Bottoms,Trousers,MV,Maison Voss,100,20,A800,MV SOHO New York,60647.76,21623.8,143,76607.96,72898.33,25988.72,153,81965.16,458,440,18,534,352,0
MV-23238,Women Knitwear Essential,BRG,Bordeaux,Ready-to-Wear,Women,Tops,Knitwear,MV,Maison Voss,100,20,A800,MV SOHO New York,43532.12,15691.4,143,52947.19,38751.68,12286.13,123,45541.99,349,339,10,320,224,0
MV-59015,Unisex Baseball Caps Relaxed,BEG,Beige,Accessories,Unisex,Hats,Baseball Caps,MV,Maison Voss,100,30,A800,MV SOHO New York,146503.25,49686.48,325,186499.81,143494.37,39446.89,358,205436.71,363,354,9,368,331,0
MV-76542,Men Suit Sets Modern,IVR,Ivoire,Ready-to-Wear,Men,Suits,Suit Sets,MVS,MV Signature,100,20,A800,MV SOHO New York,18301.88,5527.22,38,23509.85,13417.97,3610.4,27,16704.37,140,90,50,107,83,0
MV-95191,Women Coats Signature,ECR,Ecru,Ready-to-Wear,Women,Outerwear,Coats,MV,Maison Voss,100,50,A800,MV SOHO New York,77882.23,22527.41,152,98464.36,89490.79,27568.34,177,114659.15,158,96,62,151,106,0
MV-54942,Men Square Frames Relaxed,ROG,Rouge,Accessories,Men,Sunglasses,Square Frames,MV,Maison Voss,100,70,A800,MV SOHO New York,75859.9,20595.13,128,100088.74,100089.06,27300.67,165,129020.64,217,189,28,275,168,0
MV-73532,Women Midi Dresses Modern,ANT,Anthracite,Ready-to-Wear,Women,Dresses,Midi Dresses,MVS,MV Signature,100,20,A800,MV SOHO New York,122601.08,44035.8,207,162994.56,100894.54,36328.02,151,118899.42,208,128,80,176,175,0
MV-98188,Women Knee High Heritage,CRM,Creme,Footwear,Women,Boots,Knee High,MV,Maison Voss,100,20,A800,MV SOHO New York,365673.24,114593.4,1760,524162.32,432178.97,161695.56,1813,539946.75,5479,4124,1355,6233,6119,0
MV-78146,Men Day Dresses,TRP,Taupe,Ready-to-Wear,Men,Dresses,Day Dresses,MV,Maison Voss,100,30,A800,MV SOHO New York,137022.59,42588.67,334,176959.61,105769.11,29664.87,252,133514.43,438,437,1,331,264,0
MV-15958,Men Pumps Heritage,CRM,Cognac,Footwear,Men,Heels,Pumps,MVS,MV Signature,100,70,A800,MV SOHO New York,38492.11,11079.29,115,50087.78,50930.76,17201.2,144,62718.61,188,157,31,216,201,0
MV-69473,Women Chain Belts Heritage,IVR,Ivoire,Leather Goods,Women,Belts,Chain Belts,MVS,MV Signature,100,50,A800,MV SOHO New York,436034.02,151132.7,400,521500.11,489722.48,179822.49,505,658393.89,845,720,125,920,751,0
MV-33647,Men Coats Heritage,CRM,Cognac,Ready-to-Wear,Men,Outerwear,Coats,MVS,MV Signature,100,50,A800,MV SOHO New York,15357.62,4070.68,42,18570.66,15493.53,4779.5,45,19897.14,57,56,1,53,33,0
MV-18163,Men Blazers Slim,NOI,Noir,Ready-to-Wear,Men,Suits,Blazers,MV,Maison Voss,100,20,A800,MV SOHO New York,2791.1,804.55,7,3836.18,2399.09,677.06,6,3288.16,6,5,1,5,3,0
MV-71057,Women Boots,TAN,Tan,Footwear,Women,Heels,Boots,MVS,MV Signature,100,20,A800,MV SOHO New York,31571.68,9907.96,52,40680.9,31822.22,8470.45,52,40680.9,98,83,15,99,92,0
MV-78937,Men Carry-On Luxe,ROG,Rouge,Leather Goods,Men,Luggage,Carry-On,MVS,MV Signature,100,20,A800,MV SOHO New York,29151.17,8118.15,94,35302.03,26213.08,8858.19,81,30419.83,47,45,2,41,28,0
MV-41358,Men Chelsea Boots Heritage,GRG,Greige,Footwear,Men,Boots,Chelsea Boots,MV,Maison Voss,100,50,A800,MV SOHO New York,83318.71,21027.37,162,117824.94,100758.93,35785.84,189,137462.43,430,291,139,557,385,0
MV-26074,Women Fedoras Slim,NOI,Noir,Accessories,Women,Hats,Fedoras,MVS,MV Signature,100,20,A800,MV SOHO New York,69418.97,18341.41,217,89108.38,88991.09,33026.41,259,106355.17,542,497,45,526,478,0
MV-76039,Women Boots Relaxed,BEG,Beige,Footwear,Women,Heels,Boots,MVS,MV Signature,100,50,A800,MV SOHO New York,312936.36,98519.62,550,470159.34,379330.74,112830.94,626,535126.81,1906,1575,331,1935,1698,0
MV-93746,Women Blazers Essential,CRM,Cognac,Ready-to-Wear,Women,Suits,Blazers,MV,Maison Voss,100,20,A800,MV SOHO New York,93228.84,34003.46,162,128706.76,103695.37,35367.58,173,137446.11,407,332,75,386,320,0
MV-26299,Men High Top Luxe,CRM,Creme,Footwear,Men,Sneakers,High Top,MVS,MV Signature,100,20,A800,MV SOHO New York,37317.64,13733.4,158,53326.27,48008.99,16797.83,189,63789.02,379,356,23,468,451,0
MV-49139,Men Wool Scarves Essential,RSE,Rose Poudre,Accessories,Men,Scarves,Wool Scarves,MV,Maison Voss,100,20,A800,MV SOHO New York,4203.08,1273.13,11,5473.65,3807.1,1384.0,10,4976.05,15,13,2,14,9,0
MV-97782,Women Leather Belts Signature,TRP,Taupe,Leather Goods,Women,Belts,Leather Belts,MV,Maison Voss,100,20,A800,MV SOHO New York,3063.99,899.13,8,3773.07,2090.6,647.5,6,2829.8,4,2,2,3,1,0
MV-84177,Men Leather Belts Classic,ANT,Anthracite,Leather Goods,Men,Belts,Leather Belts,MV,Maison Voss,100,20,A800,MV SOHO New York,121041.66,37740.94,182,156322.93,107203.03,40404.53,151,129696.5,602,477,125,584,437,0
MV-99173,Women Card Holders Modern,GRG,Greige,Leather Goods,Women,Small Leather Goods,Card Holders,MV,Maison Voss,100,50,A800,MV SOHO New York,128926.59,43407.29,131,156532.41,158901.51,44711.68,152,181625.39,462,406,56,479,300,0
MV-72722,Women Midi Dresses Slim,IVR,Ivoire,Ready-to-Wear,Women,Dresses,Midi Dresses,MVS,MV Signature,100,20,A800,MV SOHO New York,252969.69,82406.3,416,339919.06,235164.59,62822.06,395,322759.68,849,546,303,830,730,0
MV-39389,Women Mules Modern,ARG,Argent,Footwear,Women,Heels,Mules,MVS,MV Signature,100,20,A800,MV SOHO New York,13376.76,4920.41,39,18375.9,15587.46,4477.29,49,23087.67,123,76,47,148,120,0
MV-59672,Women Shoulder Bags Classic,RSE,Rose Poudre,Leather Goods,Women,Handbags,Shoulder Bags,MV,Maison Voss,100,50,A800,MV SOHO New York,3577.3,1217.55,5,4681.41,3285.41,1144.52,5,4681.41,9,5,4,8,5,0
MV-80282,Unisex Baseball Caps Signature,ANT,Anthracite,Accessories,Unisex,Hats,Baseball Caps,MV,Maison Voss,100,20,A800,MV SOHO New York,34457.35,12708.91,135,46771.2,30443.4,11526.88,120,41574.4,497,315,182,358,219,0
MV-83975,Unisex Baseball Caps Classic,ANT,Anthracite,Accessories,Unisex,Hats,Baseball Caps,MVS,MV Signature,100,20,A800,MV SOHO New York,37796.29,11456.84,61,44968.36,40771.35,12718.94,73,53814.6,83,69,14,99,88,0
MV-74866,Women Wool Scarves Luxe,VRT,Vert,Accessories,Women,Scarves,Wool Scarves,MV,Maison Voss,100,70,A800,MV SOHO New York,2736.2,923.82,11,3281.27,2557.09,692.76,11,3281.27,42,29,13,38,28,0
MV-44959,Women Blazers Modern,TRP,Taupe,Ready-to-Wear,Women,Outerwear,Blazers,MVS,MV Signature,100,50,A800,MV SOHO New York,91394.35,28721.36,294,120227.98,93669.88,30720.12,290,118592.23,326,232,94,314,273,0
MV-58566,Men Leather Belts Relaxed,CHP,Champagne,Leather Goods,Men,Belts,Leather Belts,MVS,MV Signature,100,70,A800,MV SOHO New York,8967.16,2904.45,26,11584.8,8179.51,2659.33,24,10693.66,36,34,2,36,27,0
MV-48504,Women Slides Signature,VRT,Vert,Footwear,Women,Flats,Slides,MVS,MV Signature,100,20,A800,MV SOHO New York,123286.96,39809.84,213,165119.64,90668.27,26405.26,170,131785.63,643,606,37,583,397,0
MV-25396,Women Clutches Slim,NOI,Noir,Leather Goods,Women,Handbags,Clutches,MVS,MV Signature,100,20,A800,MV SOHO New York,53194.63,20094.76,75,73358.26,50576.51,13802.5,77,75314.48,59,39,20,58,42,0
MV-21164,Men Shorts Relaxed,BEG,Beige,Ready-to-Wear,Men,Bottoms,Shorts,MV,Maison Voss,100,20,A800,MV SOHO New York,17767.06,6080.24,43,20813.7,12616.0,4393.81,34,16457.34,132,111,21,93,71,0
MV-99381,Women Fedoras Signature,ROG,Rouge,Accessories,Women,Hats,Fedoras,MVS,MV Signature,100,50,A800,MV SOHO New York,31749.58,10001.31,108,41795.37,27424.25,6956.11,87,33668.49,392,371,21,299,262,0
MV-16265,Women Chain Belts Signature,CRM,Creme,Leather Goods,Women,Belts,Chain Belts,MVS,MV Signature,100,20,A800,MV SOHO New York,179007.89,59871.93,368,216010.97,229647.03,61993.82,474,278231.52,804,681,123,1101,850,0
MV-11214,Men Coats Heritage,CHP,Champagne,Ready-to-Wear,Men,Outerwear,Coats,MVS,MV Signature,100,20,A800,MV SOHO New York,22020.27,7265.68,113,31468.2,20606.77,5730.46,112,31189.72,448,331,117,394,301,0
MV-30866,Women Loafers Modern,BEG,Beige,Footwear,Women,Flats,Loafers,MVS,MV Signature,100,70,A800,MV SOHO New York,112482.14,33688.77,316,143867.54,136007.84,43962.76,360,163899.72,1107,1093,14,1292,1195,0
MV-47196,Women Wallets,NVY,Navy,Leather Goods,Women,Small Leather Goods,Wallets,MVS,MV Signature,100,30,A800,MV SOHO New York,8814.61,2489.83,30,12021.84,7150.67,2264.4,25,10018.2,24,19,5,16,15,0
MV-89299,Men Bracelets Luxe,BEG,Beige,Accessories,Men,Jewelry,Bracelets,MV,Maison Voss,100,20,A800,MV SOHO New York,163728.62,42092.32,337,214949.19,204852.98,74623.76,420,267889.2,223,174,49,318,260,0
MV-93746,Women Blazers Essential,SBL,Sable,Ready-to-Wear,Women,Suits,Blazers,MV,Maison Voss,100,30,A800,MV SOHO New York,15956.19,5455.25,61,22654.99,20571.78,5269.48,75,27854.5,224,164,60,248,220,0
MV-40005,Men Silk Scarves Classic,GRG,Greige,Accessories,Men,Scarves,Silk Scarves,MVS,MV Signature,100,50,A800,MV SOHO New York,142283.04,48101.4,257,179591.87,152662.32,49479.84,253,176796.66,457,331,126,362,315,0
MV-14705,Men Baseball Caps Modern,CHP,Champagne,Accessories,Men,Hats,Baseball Caps,MVS,MV Signature,100,30,A800,MV SOHO New York,77214.26,21689.76,190,99336.73,89415.19,26714.68,222,116067.13,538,434,104,644,633,0
MV-72722,Women Midi Dresses Slim,ECR,Ecru,Ready-to-Wear,Women,Dresses,Midi Dresses,MVS,MV Signature,100,50,A800,MV SOHO New York,223906.91,74067.88,603,308965.6,228557.89,66021.58,567,290519.9,1586,1318,268,1704,1048,0
MV-49618,Men Square Frames Classic,VRT,Vert,Accessories,Men,Sunglasses,Square Frames,MV,Maison Voss,100,20,A800,MV SOHO New York,24785.32,6244.71,111,33568.8,26652.29,8048.87,125,37802.7,166,143,23,177,123,0
MV-63843,Women Midi Dresses Essential,BRG,Bordeaux,Ready-to-Wear,Women,Dresses,Midi Dresses,MVS,MV Signature,100,30,A800,MV SOHO New York,9087.6,3154.94,15,12915.06,8817.62,2526.26,13,11193.05,23,22,1,19,12,0
MV-57052,Men Day Dresses Signature,CAM,Camel,Ready-to-Wear,Men,Dresses,Day Dresses,MV,Maison Voss,100,20,A800,MV SOHO New York,2306.46,646.81,4,3299.8,1277.85,378.69,2,1649.9,2,1,1,1,0,0
MV-44959,Women Blazers Modern,ROG,Rouge,Ready-to-Wear,Women,Outerwear,Blazers,MVS,MV Signature,100,30,A800,MV SOHO New York,112180.63,31737.49,399,148555.9,133228.81,49996.33,500,186160.28,862,745,117,1209,852,0
MV-82924,Women Low Top Classic,ECR,Ecru,Footwear,Women,Sneakers,Low Top,MV,Maison Voss,100,50,A800,MV SOHO New York,46847.22,17007.67,169,60984.62,37619.98,13709.07,137,49437.24,104,90,14,76,57,0
MV-94058,Women Chain Belts,NVY,Navy,Leather Goods,Women,Belts,Chain Belts,MVS,MV Signature,100,50,A800,MV SOHO New York,159597.13,46865.22,340,227754.01,199441.22,63538.75,436,292061.03,1016,855,161,1231,903,0
MV-12128,Women Cat Eye Signature,ECR,Ecru,Accessories,Women,Sunglasses,Cat Eye,MV,Maison Voss,100,20,A800,MV SOHO New York,22571.51,5881.5,60,30359.58,22160.11,7589.24,59,29853.59,138,85,53,130,82,0
MV-35272,Men Check-In Modern,CRM,Cognac,Leather Goods,Men,Luggage,Check-In,MV,Maison Voss,100,20,A800,MV SOHO New York,86537.57,23818.46,96,113192.7,85110.33,23276.81,92,108476.34,207,161,46,200,145,0
MV-41358,Men Chelsea Boots Heritage,ECR,Ecru,Footwear,Men,Boots,Chelsea Boots,MV,Maison Voss,100,20,A800,MV SOHO New York,4472.73,1488.99,6,6466.83,3781.89,1113.55,5,5389.03,10,8,2,10,7,0
MV-71537,Women Trousers Heritage,TRP,Taupe,Ready-to-Wear,Women,Bottoms,Trousers,MVS,MV Signature,100,50,A800,MV SOHO New York,230807.43,68658.86,742,342875.36,198807.74,51829.0,622,287423.82,2863,2549,314,2230,1662,0
MV-38903,Men Coats Essential,ANT,Anthracite,Ready-to-Wear,Men,Outerwear,Coats,MV,Maison Voss,100,20,A800,MV SOHO New York,166928.85,50189.91,251,228974.79,141161.22,51581.3,227,207080.79,673,548,125,619,574,0
MV-72031,Women Blazers,CAM,Camel,Ready-to-Wear,Women,Suits,Blazers,MV,Maison Voss,100,20,A800,MV SOHO New York,353405.34,125860.18,616,445048.43,255674.72,77957.24,447,322949.1,1950,1386,564,1538,1174,0
MV-53228,Women Shoulder Bags Essential,IVR,Ivoire,Leather Goods,Women,Handbags,Shoulder Bags,MV,Maison Voss,100,70,A800,MV SOHO New York,44207.32,12975.51,70,54491.5,46787.34,15921.18,81,63054.45,166,133,33,170,156,0
MV-84177,Men Leather Belts Classic,BLU,Bleu Marine,Leather Goods,Men,Belts,Leather Belts,MV,Maison Voss,100,50,A800,MV SOHO New York,110991.41,41181.82,215,135348.89,84975.39,28819.6,170,107020.05,485,472,13,404,362,0
MV-15513,Unisex Shorts Heritage,IVR,Ivoire,Ready-to-Wear,Unisex,Bottoms,Shorts,MVS,MV Signature,100,20,A800,MV SOHO New York,91621.63,23321.87,258,111242.37,98799.07,24972.96,275,118572.29,265,215,50,235,144,0
MV-30866,Women Loafers Modern,VRT,Vert,Footwear,Women,Flats,Loafers,MVS,MV Signature,100,50,A800,MV SOHO New York,57618.1,19779.07,87,75143.6,62978.09,22498.89,105,90690.55,285,206,79,361,318,0
MV-16175,Unisex Day Dresses Modern,NVY,Navy,Ready-to-Wear,Unisex,Dresses,Day Dresses,MV,Maison Voss,100,20,A800,MV SOHO New York,294076.89,79166.49,429,411537.62,309605.79,106875.1,479,459502.38,1360,1324,36,1313,820,0
MV-64524,Women Check-In Modern,NVY,Navy,Leather Goods,Women,Luggage,Check-In,MV,Maison Voss,100,20,A800,MV SOHO New York,609941.55,178469.25,670,844668.82,541918.17,176727.01,614,774069.64,2426,2402,24,1844,1543,0
MV-51704,Women Fedoras Luxe,IVR,Ivoire,Accessories,Women,Hats,Fedoras,MV,Maison Voss,100,50,A800,MV SOHO New York,283722.89,78772.3,492,363282.66,258826.82,65543.87,429,316764.76,1658,1026,632,1593,1518,0
MV-69473,Women Chain Belts Heritage,CRM,Creme,Leather Goods,Women,Belts,Chain Belts,MVS,MV Signature,100,20,A800,MV SOHO New York,198887.36,57375.5,306,287284.4,177396.14,57243.21,268,251608.56,554,459,95,482,351,0
MV-82512,Women Shorts Heritage,CHP,Champagne,Ready-to-Wear,Women,Bottoms,Shorts,MV,Maison Voss,100,20,A800,MV SOHO New York,47077.87,17013.15,74,56281.88,53423.47,19285.33,93,70732.64,95,79,16,113,72,0
MV-85965,Men Fedoras Signature,ANT,Anthracite,Accessories,Men,Hats,Fedoras,MV,Maison Voss,100,20,A800,MV SOHO New York,32757.64,9459.16,75,47510.04,41824.5,12521.0,96,60812.86,184,164,20,253,205,0
MV-53228,Women Shoulder Bags Essential,CRM,Cognac,Leather Goods,Women,Handbags,Shoulder Bags,MV,Maison Voss,100,30,A800,MV SOHO New York,783761.95,293070.42,753,960947.04,936452.31,250019.91,851,1086010.54,1771,1085,686,2252,1612,0
MV-19869,Women Wool Scarves Slim,SBL,Sable,Accessories,Women,Scarves,Wool Scarves,MVS,MV Signature,100,70,A800,MV SOHO New York,1010.66,340.22,2,1335.01,994.8,250.87,2,1335.01,1,0,1,1,0,0
MV-71474,Men Loafers Relaxed,NVY,Navy,Footwear,Men,Flats,Loafers,MV,Maison Voss,100,20,A800,MV SOHO New York,175342.58,51514.69,287,246140.4,174188.01,51819.6,260,222984.34,1091,691,400,1020,760,0
MV-78146,Men Day Dresses,CRM,Cognac,Ready-to-Wear,Men,Dresses,Day Dresses,MV,Maison Voss,100,50,A800,MV SOHO New York,57097.87,19306.88,279,81529.53,59455.84,19404.18,299,87373.95,237,171,66,282,177,0
MV-70521,Men Mules Luxe,CAM,Camel,Footwear,Men,Heels,Mules,MV,Maison Voss,100,20,A800,MV SOHO New York,141900.76,40029.63,222,198043.65,162568.73,56402.45,244,217669.6,444,416,28,574,359,0
MV-62196,Women Blazers,GRG,Greige,Ready-to-Wear,Women,Outerwear,Blazers,MV,Maison Voss,100,50,A800,MV SOHO New York,194692.48,50719.71,1052,244902.79,191582.18,70258.18,1078,250955.52,2463,2020,443,2336,1565,0
MV-69446,Unisex Evening Dresses Modern,ECR,Ecru,Ready-to-Wear,Unisex,Dresses,Evening Dresses,MV,Maison Voss,100,50,A800,MV SOHO New York,53539.03,20015.85,85,73500.99,66576.88,22212.45,100,86471.75,282,201,81,280,177,0
MV-46421,Women Knee High Slim,TRP,Taupe,Footwear,Women,Boots,Knee High,MVS,MV Signature,100,70,A800,MV SOHO New York,42394.15,15053.49,94,52519.15,49572.93,15045.07,107,59782.44,235,144,91,320,298,0
MV-24316,Women Low Top Relaxed,RSE,Rose Poudre,Footwear,Women,Sneakers,Low Top,MV,Maison Voss,100,50,A800,MV SOHO New York,11147.29,4223.17,18,13424.35,9893.95,3448.74,15,11186.96,20,16,4,19,16,0
MV-95191,Women Coats Signature,ECR,Ecru,Ready-to-Wear,Women,Outerwear,Coats,MV,Maison Voss,100,20,A800,MV SOHO New York,81937.46,23745.63,133,111741.47,54252.15,14941.03,97,81495.66,69,67,2,48,37,0
MV-20350,Women Card Holders Essential,BLU,Bleu Marine,Leather Goods,Women,Small Leather Goods,Card Holders,MVS,MV Signature,100,50,A800,MV SOHO New York,40619.22,13103.97,68,49222.51,29983.92,8104.0,54,39088.47,228,206,22,156,101,0
MV-16265,Women Chain Belts Signature,CRM,Creme,Leather Goods,Women,Belts,Chain Belts,MVS,MV Signature,100,20,A800,MV SOHO New York,84671.34,29314.6,95,110976.15,74928.4,27453.72,78,91117.26,124,74,50,92,90,0
MV-76249,Men Clutches Luxe,RSE,Rose Poudre,Leather Goods,Men,Handbags,Clutches,MV,Maison Voss,100,20,A800,MV SOHO New York,238015.57,89760.67,410,330956.78,180163.95,62364.43,294,237320.22,1495,947,548,994,662,0
MV-19862,Men Pumps Slim,VRT,Vert,Footwear,Men,Heels,Pumps,MV,Maison Voss,100,30,A800,MV SOHO New York,177487.46,61806.5,624,210868.61,195249.45,54304.6,774,261558.19,390,353,37,500,310,0
MV-78937,Men Carry-On Luxe,CRM,Cognac,Leather Goods,Men,Luggage,Carry-On,MVS,MV Signature,100,30,A800,MV SOHO New York,43130.19,10893.19,46,60117.02,30136.57,10390.43,33,43127.43,171,162,9,119,85,0
MV-83975,Unisex Baseball Caps Classic,ROG,Rouge,Accessories,Unisex,Hats,Baseball Caps,MVS,MV Signature,100,20,A800,MV SOHO New York,32300.11,9921.94,106,44841.45,27798.31,8838.03,84,35534.74,226,168,58,174,157,0
MV-69829,Men Ballet Flats Slim,TAN,Tan,Footwear,Men,Flats,Ballet Flats,MV,Maison Voss,100,20,A800,MV SOHO New York,172231.0,46336.28,601,224959.09,183661.22,54500.11,598,223836.17,1789,1663,126,1648,1172,0
MV-26505,Men Leather Belts Relaxed,BRG,Bordeaux,Leather Goods,Men,Belts,Leather Belts,MV,Maison Voss,100,50,A800,MV SOHO New York,6245.76,1716.44,14,7798.12,4141.27,1461.72,10,5570.08,54,45,9,38,33,0
MV-12180,Men High Top Signature,BRG,Bordeaux,Footwear,Men,Sneakers,High Top,MVS,MV Signature,100,50,A800,MV SOHO New York,14340.83,4746.34,22,19806.29,15708.87,4172.7,24,21606.87,30,21,9,29,21,0
MV-79329,Men Suit Trousers Classic,VRT,Vert,Ready-to-Wear,Men,Suits,Suit Trousers,MVS,MV Signature,100,20,A800,MV SOHO New York,21926.91,6103.4,40,32288.1,27031.1,8398.69,50,40360.13,108,104,4,161,138,0
MV-75308,Men Ballet Flats,VRT,Vert,Footwear,Men,Flats,Ballet Flats,MVS,MV Signature,100,20,A800,MV SOHO New York,140669.42,43470.37,206,201631.39,124742.57,44221.44,183,179119.14,817,588,229,819,751,0
MV-79942,Men Blazers Essential,SBL,Sable,Ready-to-Wear,Men,Outerwear,Blazers,MVS,MV Signature,100,30,A800,MV SOHO New York,7970.29,2022.14,37,10835.22,9085.41,2560.54,45,13177.97,82,65,17,93,75,0
MV-92203,Men Clutches,GRG,Greige,Leather Goods,Men,Handbags,Clutches,MV,Maison Voss,100,70,A800,MV SOHO New York,634269.41,236439.84,785,885020.49,849874.4,270363.93,962,1084572.88,2345,1789,556,2837,1832,0
MV-62521,Women Silk Scarves Luxe,NOI,Noir,Accessories,Women,Scarves,Silk Scarves,MVS,MV Signature,100,20,A800,MV SOHO New York,23631.06,6992.36,134,30044.96,18994.79,6732.15,101,22645.83,87,84,3,74,62,0
MV-87993,Women Fedoras Modern,GRG,Greige,Accessories,Women,Hats,Fedoras,MVS,MV Signature,100,30,A800,MV SOHO New York,56224.16,18111.22,158,75185.48,60658.86,19960.57,193,91840.49,114,71,43,139,129,0
MV-38683,Men Tops Slim,CRM,Cognac,Ready-to-Wear,Men,Tops,Tops,MVS,MV Signature,100,20,A800,MV SOHO New York,11670.46,3094.93,64,14358.16,8843.06,3082.54,51,11441.66,69,65,4,48,36,0
MV-95918,Women Suit Sets Modern,TRP,Taupe,Ready-to-Wear,Women,Suits,Suit Sets,MV,Maison Voss,100,30,A800,MV SOHO New York,99557.86,32785.73,145,135207.72,90601.76,26693.87,136,126815.52,197,178,19,211,200,0
MV-56019,Men Shorts Slim,CAM,Camel,Ready-to-Wear,Men,Bottoms,Shorts,MV,Maison Voss,100,50,A800,MV SOHO New York,143179.92,49462.08,247,189473.91,158216.8,53796.43,304,233198.66,699,467,232,931,570,0
MV-38760,Unisex Rings Heritage,ANT,Anthracite,Accessories,Unisex,Jewelry,Rings,MV,Maison Voss,100,50,A800,MV SOHO New York,71629.12,19592.18,317,99662.15,58811.21,20908.87,291,91487.97,1053,717,336,890,752,0
MV-23238,Women Knitwear Essential,CRM,Creme,Ready-to-Wear,Women,Tops,Knitwear,MV,Maison Voss,100,20,A800,MV SOHO New York,179169.56,47999.13,319,246199.29,128780.99,48020.95,262,202207.57,982,842,140,736,731,0
MV-90209,Men Suit Sets Modern,VRT,Vert,Ready-to-Wear,Men,Suits,Suit Sets,MV,Maison Voss,100,50,A800,MV SOHO New York,42909.71,15589.15,196,50921.05,48650.16,16285.81,218,56636.68,486,387,99,637,435,0
MV-66349,Women Crossbody Bags Modern,NOI,Noir,Leather Goods,Women,Handbags,Crossbody Bags,MV,Maison Voss,100,50,A800,MV SOHO New York,271816.28,102316.54,535,360317.5,279124.34,75174.14,573,385910.14,814,632,182,1032,857,0
MV-70521,Men Mules Luxe,ANT,Anthracite,Footwear,Men,Heels,Mules,MV,Maison Voss,100,20,A800,MV SOHO New York,282989.71,80985.71,387,345860.42,325463.0,81632.36,422,377139.78,1410,1078,332,1692,1341,0
MV-90356,Women Loafers Signature,BEG,Beige,Footwear,Women,Flats,Loafers,MV,Maison Voss,100,50,A800,MV SOHO New York,139421.63,36860.9,322,177296.56,152461.75,39862.57,338,186106.33,1150,1106,44,1424,1283,0
MV-90301,Men High Top,TAN,Tan,Footwear,Men,Sneakers,High Top,MVS,MV Signature,100,30,A800,MV SOHO New York,2735.82,955.85,13,3784.1,2354.6,848.9,10,2910.85,39,28,11,36,25,0
MV-46655,Women Cat Eye Heritage,BEG,Beige,Accessories,Women,Sunglasses,Cat Eye,MV,Maison Voss,100,20,A800,MV SOHO New York,253.14,67.55,1,299.62,250.54,80.68,1,299.62,0,0,0,0,0,0
MV-83975,Unisex Baseball Caps Classic,BRG,Bordeaux,Accessories,Unisex,Hats,Baseball Caps,MVS,MV Signature,100,20,A800,MV SOHO New York,13082.97,4782.46,54,18531.4,15168.07,4034.4,64,21963.14,179,110,69,207,148,0
MV-15958,Men Pumps Heritage,CAM,Camel,Footwear,Men,Heels,Pumps,MVS,MV Signature,100,20,A800,MV SOHO New York,172258.3,59272.83,248,251072.74,223354.11,64411.48,317,320927.66,848,674,174,876,760,0
MV-13396,Women Wallets Slim,RSE,Rose Poudre,Leather Goods,Women,Small Leather Goods,Wallets,MVS,MV Signature,100,20,A800,MV SOHO New York,75439.45,23373.08,120,106695.87,73823.17,20742.75,108,96026.28,148,104,44,153,99,0
MV-76542,Men Suit Sets Modern,TAN,Tan,Ready-to-Wear,Men,Suits,Suit Sets,MVS,MV Signature,100,70,A800,MV SOHO New York,47702.8,17756.56,117,61765.97,46963.6,12924.32,117,61765.97,124,90,34,142,129,0
MV-96761,Men Jackets Essential,ECR,Ecru,Ready-to-Wear,Men,Outerwear,Jackets,MVS,MV Signature,100,20,A800,MV SOHO New York,316284.73,102882.67,492,403550.87,399775.84,109946.37,620,508539.72,1137,906,231,1209,1174,0
MV-69634,Women Day Dresses Signature,NOI,Noir,Ready-to-Wear,Women,Dresses,Day Dresses,MVS,MV Signature,100,20,A800,MV SOHO New York,327046.08,89517.54,515,454023.27,334203.64,87135.54,580,511327.18,1488,1265,223,1449,1288,0
MV-86556,Women Evening Dresses Classic,CRM,Creme,Ready-to-Wear,Women,Dresses,Evening Dresses,MV,Maison Voss,100,20,A800,MV SOHO New York,190200.58,70527.8,546,246768.02,139335.76,35689.54,452,204284.14,705,656,49,579,396,0
MV-99181,Women Blazers Modern,TAN,Tan,Ready-to-Wear,Women,Outerwear,Blazers,MVS,MV Signature,100,20,A800,MV SOHO New York,49355.8,14352.83,85,60055.92,53224.26,18340.26,102,72067.1,113,76,37,129,106,0
MV-48462,Women Ankle Boots Relaxed,VRT,Vert,Footwear,Women,Boots,Ankle Boots,MVS,MV Signature,100,20,A800,MV SOHO New York,109760.28,35673.22,267,144845.48,109627.61,35131.36,286,155152.84,951,894,57,863,593,0
MV-54725,Women Suit Trousers Classic,TAN,Tan,Ready-to-Wear,Women,Suits,Suit Trousers,MV,Maison Voss,100,20,A800,MV SOHO New York,24541.48,6741.19,72,31117.44,26996.96,9744.55,80,34574.93,182,172,10,175,119,0
MV-27892,Men Suit Trousers Modern,ROG,Rouge,Ready-to-Wear,Men,Suits,Suit Trousers,MV,Maison Voss,100,30,A800,MV SOHO New York,21075.73,7497.88,48,27590.37,18842.91,5163.34,45,25865.97,110,67,43,85,62,0
MV-69459,Women Rings Signature,GRG,Greige,Accessories,Women,Jewelry,Rings,MV,Maison Voss,100,20,A800,MV SOHO New York,10472.67,3961.11,46,14888.71,10467.88,3524.46,45,14565.04,41,39,2,47,33,0
MV-33703,Men Earrings Slim,CRM,Creme,Accessories,Men,Jewelry,Earrings,MVS,MV Signature,100,70,A800,MV SOHO New York,33365.52,9128.64,95,45875.82,39793.99,15107.16,122,58914.22,207,177,30,283,200,0
MV-99181,Women Blazers Modern,SBL,Sable,Ready-to-Wear,Women,Outerwear,Blazers,MVS,MV Signature,100,50,A800,MV SOHO New York,50784.48,18875.76,128,73339.49,45056.67,13684.61,116,66463.91,432,296,136,361,303,0
MV-38903,Men Coats Essential,ARG,Argent,Ready-to-Wear,Men,Outerwear,Coats,MV,Maison Voss,100,50,A800,MV SOHO New York,96835.15,34857.22,405,130293.53,80750.66,26422.43,320,102947.98,1602,1273,329,1033,854,0
MV-80143,Men Knitwear Classic,CHP,Champagne,Ready-to-Wear,Men,Tops,Knitwear,MVS,MV Signature,100,20,A800,MV SOHO New York,15280.06,5638.28,29,20583.45,17319.74,5868.66,33,23422.55,37,35,2,38,27,0
MV-85156,Women Chain Belts Essential,ANT,Anthracite,Leather Goods,Women,Belts,Chain Belts,MV,Maison Voss,100,50,A800,MV SOHO New York,282137.38,84164.81,302,391127.42,337901.4,91723.65,345,446817.75,801,739,62,967,666,0
MV-16175,Unisex Day Dresses Modern,ANT,Anthracite,Ready-to-Wear,Unisex,Dresses,Day Dresses,MV,Maison Voss,100,70,A800,MV SOHO New York,96847.84,27040.86,172,130219.98,105075.78,36657.87,188,142333.47,134,101,33,156,119,0
MV-60052,Unisex Evening Dresses,RSE,Rose Poudre,Ready-to-Wear,Unisex,Dresses,Evening Dresses,MVS,MV Signature,100,50,A800,MV SOHO New York,23856.92,7361.1,77,33730.51,24445.65,6528.22,78,34168.57,161,130,31,194,147,0
MV-21542,Women Clutches Signature,RSE,Rose Poudre,Leather Goods,Women,Handbags,Clutches,MVS,MV Signature,100,20,A800,MV SOHO New York,59954.69,22404.15,154,78190.47,45927.86,11972.24,121,61435.37,462,363,99,298,192,0
MV-99181,Women Blazers Modern,BLU,Bleu Marine,Ready-to-Wear,Women,Outerwear,Blazers,MVS,MV Signature,100,50,A800,MV SOHO New York,35324.79,9185.92,81,48810.68,49071.59,12679.92,102,61465.3,269,243,26,353,313,0
MV-79924,Unisex Blazers Modern,SBL,Sable,Ready-to-Wear,Unisex,Outerwear,Blazers,MV,Maison Voss,100,20,A800,MV SOHO New York,72773.96,21887.64,206,97621.98,80563.66,23403.38,248,117525.49,205,159,46,200,148,0
MV-15513,Unisex Shorts Heritage,BRG,Bordeaux,Ready-to-Wear,Unisex,Bottoms,Shorts,MVS,MV Signature,100,50,A800,MV SOHO New York,58729.92,20616.83,129,73100.18,69398.87,19322.44,155,87833.55,272,224,48,268,186,0
MV-30257,Women Weekender Relaxed,CHP,Champagne,Leather Goods,Women,Luggage,Weekender,MV,Maison Voss,100,50,A800,MV SOHO New York,17964.69,5999.81,40,22824.97,17346.48,5649.94,41,23395.6,45,34,11,53,34,0
MV-19862,Men Pumps Slim,CAM,Camel,Footwear,Men,Heels,Pumps,MV,Maison Voss,100,20,A800,MV SOHO New York,12348.35,3821.62,28,16505.53,13646.15,3728.54,29,17095.01,89,61,28,98,60,0
MV-51704,Women Fedoras Luxe,NVY,Navy,Accessories,Women,Hats,Fedoras,MV,Maison Voss,100,20,A800,MV SOHO New York,67138.35,23219.9,180,84375.95,49422.36,14662.35,131,61406.94,522,438,84,454,330,0
MV-29080,Men Jackets Relaxed,CRM,Creme,Ready-to-Wear,Men,Outerwear,Jackets,MV,Maison Voss,100,50,A800,MV SOHO New York,191290.82,61959.8,530,245071.69,231202.54,72854.37,578,267266.86,1764,1413,351,1914,1874,0
MV-31798,Women Shoulder Bags Essential,NVY,Navy,Leather Goods,Women,Handbags,Shoulder Bags,MV,Maison Voss,100,20,A800,MV SOHO New York,89254.15,23193.79,96,113202.08,111914.41,30535.18,111,130889.91,97,69,28,107,79,0
MV-78937,Men Carry-On Luxe,VRT,Vert,Leather Goods,Men,Luggage,Carry-On,MVS,MV Signature,100,50,A800,MV SOHO New York,94229.03,26869.14,301,125754.51,87804.47,32951.53,294,122829.99,371,235,136,326,319,0
MV-14705,Men Baseball Caps Modern,ROG,Rouge,Accessories,Men,Hats,Baseball Caps,MVS,MV Signature,100,50,A800,MV SOHO New York,94616.03,25642.92,245,119660.79,93712.08,30988.49,218,106473.68,362,323,39,376,301,0
MV-23979,Women Check-In Relaxed,CRM,Creme,Leather Goods,Women,Luggage,Check-In,MV,Maison Voss,100,50,A800,MV SOHO New York,197035.9,56419.39,611,263804.3,193641.61,54573.15,578,249556.28,2026,1630,396,2220,1644,0
MV-38047,Women Round Frames Relaxed,CRM,Creme,Accessories,Women,Sunglasses,Round Frames,MVS,MV Signature,100,20,A800,MV SOHO New York,211072.89,74310.67,392,272717.35,210074.29,66903.01,404,281065.84,652,582,70,621,484,0
MV-54313,Women Wallets Classic,ECR,Ecru,Leather Goods,Women,Small Leather Goods,Wallets,MV,Maison Voss,100,50,A800,MV SOHO New York,154312.37,50025.9,190,179027.55,172388.66,47770.77,206,194103.55,346,210,136,418,405,0
MV-99181,Women Blazers Modern,IVR,Ivoire,Ready-to-Wear,Women,Outerwear,Blazers,MVS,MV Signature,100,70,A800,MV SOHO New York,124116.97,33166.68,243,166434.45,141518.25,53255.77,298,204104.8,926,625,301,1087,739,0
MV-85914,Women Wallets,ROG,Rouge,Leather Goods,Women,Small Leather Goods,Wallets,MV,Maison Voss,100,20,A800,MV SOHO New York,239548.91,76843.64,521,294185.16,180499.0,55827.21,387,218521.42,2003,1829,174,1602,986,0
MV-57943,Women Shorts Essential,ARG,Argent,Ready-to-Wear,Women,Bottoms,Shorts,MV,Maison Voss,100,20,A800,MV SOHO New York,40579.44,11251.42,116,50946.66,38922.95,10717.58,108,47433.09,344,298,46,271,261,0
MV-22097,Men Leather Belts Essential,CAM,Camel,Leather Goods,Men,Belts,Leather Belts,MV,Maison Voss,100,50,A800,MV SOHO New York,80580.28,28058.38,90,119809.69,66325.68,17416.4,74,98510.19,117,98,19,114,94,0
MV-24530,Women Day Dresses Luxe,BRG,Bordeaux,Ready-to-Wear,Women,Dresses,Day Dresses,MVS,MV Signature,100,70,A800,MV SOHO New York,676.57,232.74,2,883.61,624.48,230.44,2,883.61,1,0,1,0,0,0
MV-26683,Women Blazers Relaxed,CRM,Cognac,Ready-to-Wear,Women,Outerwear,Blazers,MV,Maison Voss,100,50,A800,MV SOHO New York,224977.81,56444.51,399,305244.32,230243.15,62910.4,430,328960.04,380,354,26,429,363,0
MV-47880,Women Shorts Relaxed,NOI,Noir,Ready-to-Wear,Women,Bottoms,Shorts,MV,Maison Voss,100,20,A800,MV SOHO New York,108734.77,37268.94,368,126043.08,98023.93,32942.7,320,109602.68,1328,823,505,1261,994,0
MV-96341,Women Card Holders Signature,TAN,Tan,Leather Goods,Women,Small Leather Goods,Card Holders,MVS,MV Signature,100,30,A800,MV SOHO New York,8856.72,2440.2,25,12641.31,11306.45,4271.45,32,16180.87,63,56,7,85,69,0
MV-38683,Men Tops Slim,CAM,Camel,Ready-to-Wear,Men,Tops,Tops,MVS,MV Signature,100,50,A800,MV SOHO New York,91948.83,25594.29,196,110281.13,96523.31,27264.61,201,113094.43,233,161,72,233,182,0
MV-30253,Men Weekender Essential,VRT,Vert,Leather Goods,Men,Luggage,Weekender,MVS,MV Signature,100,70,A800,MV SOHO New York,84979.64,22090.53,142,110724.77,113281.93,32569.87,179,139575.6,252,242,10,266,230,0
MV-85965,Men Fedoras Signature,ECR,Ecru,Accessories,Men,Hats,Fedoras,MV,Maison Voss,100,20,A800,MV SOHO New York,11117.98,3196.41,28,14838.96,7558.87,2772.25,19,10069.29,92,88,4,67,44,0
MV-76542,Men Suit Sets Modern,BLU,Bleu Marine,Ready-to-Wear,Men,Suits,Suit Sets,MVS,MV Signature,100,20,A800,MV SOHO New York,458327.18,154892.57,898,610051.89,446326.22,169021.42,940,638584.39,1110,954,156,949,913,0
MV-35203,Men Blazers Modern,CRM,Creme,Ready-to-Wear,Men,Outerwear,Blazers,MVS,MV Signature,100,70,A800,MV SOHO New York,26345.86,7373.09,55,35360.84,27938.25,9626.2,61,39218.38,54,51,3,68,65,0
MV-32527,Women Mules Luxe,ANT,Anthracite,Footwear,Women,Heels,Mules,MV,Maison Voss,100,20,A800,MV SOHO New York,9497.95,2756.0,15,13168.55,12099.72,3219.38,17,14924.36,34,27,7,37,36,0
MV-63225,Unisex Key Holders,RSE,Rose Poudre,Leather Goods,Unisex,Small Leather Goods,Key Holders,MVS,MV Signature,100,20,A800,MV SOHO New York,102311.19,32173.88,205,126955.35,78642.68,23050.28,176,108995.81,291,261,30,204,139,0
MV-79822,Unisex Fedoras Slim,CAM,Camel,Accessories,Unisex,Hats,Fedoras,MV,Maison Voss,100,20,A800,MV SOHO New York,135991.34,44555.13,306,168078.3,157864.07,41389.32,324,177965.26,465,323,142,512,464,0
MV-94675,Women Trousers Essential,BRG,Bordeaux,Ready-to-Wear,Women,Bottoms,Trousers,MVS,MV Signature,100,70,A800,MV SOHO New York,2135.01,806.61,7,2682.15,1609.08,465.19,5,1915.82,12,8,4,9,6,0
MV-65444,Women Berets,CRM,Creme,Accessories,Women,Hats,Berets,MVS,MV Signature,100,70,A800,MV SOHO New York,121061.72,38892.47,245,161630.25,116718.4,41216.29,253,166907.97,523,404,119,579,472,0
MV-27892,Men Suit Trousers Modern,ARG,Argent,Ready-to-Wear,Men,Suits,Suit Trousers,MV,Maison Voss,100,20,A800,MV SOHO New York,73158.93,22256.08,173,93719.83,73873.86,25420.3,176,95345.03,98,65,33,103,76,0
MV-42541,Women Blazers Slim,BEG,Beige,Ready-to-Wear,Women,Suits,Blazers,MVS,MV Signature,100,30,A800,MV SOHO New York,4920.53,1248.72,24,6137.11,5702.52,1964.92,30,7671.38,24,23,1,32,21,0
MV-20993,Men Wool Scarves Slim,IVR,Ivoire,Accessories,Men,Scarves,Wool Scarves,MV,Maison Voss,100,20,A800,MV SOHO New York,9518.98,2775.71,43,12000.1,7856.51,2119.36,34,9488.45,141,113,28,91,56,0
MV-27892,Men Suit Trousers Modern,SBL,Sable,Ready-to-Wear,Men,Suits,Suit Trousers,MV,Maison Voss,100,70,A800,MV SOHO New York,125100.9,31975.83,191,174781.37,104666.06,30256.24,165,150989.14,525,470,55,482,305,0
MV-46559,Men Ballet Flats Luxe,NOI,Noir,Footwear,Men,Flats,Ballet Flats,MV,Maison Voss,100,70,A800,MV SOHO New York,22642.04,7202.06,80,28269.64,18187.44,5587.22,69,24382.56,192,149,43,195,147,0
MV-89928,Men Suit Trousers Slim,BRG,Bordeaux,Ready-to-Wear,Men,Suits,Suit Trousers,MVS,MV Signature,100,20,A800,MV SOHO New York,342509.6,99947.05,635,499063.42,319715.39,107032.68,557,437761.14,2232,1949,283,1624,1114,0
MV-53228,Women Shoulder Bags Essential,ANT,Anthracite,Leather Goods,Women,Handbags,Shoulder Bags,MV,Maison Voss,100,20,A800,MV SOHO New York,150575.57,54452.57,389,219682.74,134235.01,33968.54,346,195399.04,431,312,119,319,294,0
MV-59015,Unisex Baseball Caps Relaxed,TRP,Taupe,Accessories,Unisex,Hats,Baseball Caps,MV,Maison Voss,100,20,A800,MV SOHO New York,179585.74,56744.86,936,231006.55,198845.53,59874.46,1137,280613.73,585,373,212,597,411,0
MV-14877,Women Necklaces Heritage,RSE,Rose Poudre,Accessories,Women,Jewelry,Necklaces,MV,Maison Voss,100,20,A800,MV SOHO New York,33671.37,10923.06,68,44213.43,26145.82,9393.72,52,33810.27,230,199,31,173,123,0
MV-64524,Women Check-In Modern,ARG,Argent,Leather Goods,Women,Luggage,Check-In,MV,Maison Voss,100,30,A800,MV SOHO New York,675041.42,247776.74,797,862753.38,522932.69,133730.89,668,723110.74,2253,2179,74,1767,1609,0
MV-28191,Women Chelsea Boots Luxe,ROG,Rouge,Footwear,Women,Boots,Chelsea Boots,MV,Maison Voss,100,20,A800,MV SOHO New York,74637.15,19876.33,128,113597.33,70552.09,19032.12,107,94960.26,490,398,92,335,301,0
MV-93746,Women Blazers Essential,SBL,Sable,Ready-to-Wear,Women,Suits,Blazers,MV,Maison Voss,100,20,A800,MV SOHO New York,20006.13,7432.7,97,27539.67,23460.33,6591.58,117,33217.95,71,65,6,97,92,0
MV-18163,Men Blazers Slim,ROG,Rouge,Ready-to-Wear,Men,Suits,Blazers,MV,Maison Voss,100,20,A800,MV SOHO New York,6743.87,1737.95,11,8643.1,6547.83,1770.03,10,7857.36,10,8,2,7,4,0
MV-37535,Men Shirts Relaxed,TAN,Tan,Ready-to-Wear,Men,Tops,Shirts,MVS,MV Signature,100,50,A800,MV SOHO New York,8036.27,2395.17,12,10786.6,7802.84,2166.11,12,10786.6,13,11,2,12,8,0
MV-29597,Women Leather Belts,BEG,Beige,Leather Goods,Women,Belts,Leather Belts,MV,Maison Voss,100,20,A800,MV SOHO New York,155429.67,39758.3,268,224434.37,121572.71,41933.08,203,170000.66,172,134,38,151,146,0
MV-43681,Men Low Top Luxe,RSE,Rose Poudre,Footwear,Men,Sneakers,Low Top,MV,Maison Voss,100,20,A800,MV SOHO New York,68795.96,17734.77,139,88545.86,49251.26,17025.1,103,65613.12,342,315,27,226,145,0
MV-30866,Women Loafers Modern,CHP,Champagne,Footwear,Women,Flats,Loafers,MVS,MV Signature,100,50,A800,MV SOHO New York,22589.54,6702.82,58,31469.61,22134.79,7405.58,60,32554.77,77,65,12,78,75,0
MV-29080,Men Jackets Relaxed,VRT,Vert,Ready-to-Wear,Men,Outerwear,Jackets,MV,Maison Voss,100,20,A800,MV SOHO New York,150346.24,53141.46,217,179514.96,183214.86,68081.04,280,231632.21,228,227,1,341,292,0
MV-54185,Men Trousers Heritage,CRM,Creme,Ready-to-Wear,Men,Bottoms,Trousers,MVS,MV Signature,100,20,A800,MV SOHO New York,21833.66,6971.39,66,27737.58,26786.14,7893.22,79,33201.04,180,121,59,221,216,0
MV-59834,Women Skirts,RSE,Rose Poudre,Ready-to-Wear,Women,Bottoms,Skirts,MVS,MV Signature,100,20,A800,MV SOHO New York,102501.28,32511.79,196,136178.21,101745.37,28891.02,180,125061.62,191,132,59,146,120,0
MV-79615,Women Midi Dresses Slim,CRM,Creme,Ready-to-Wear,Women,Dresses,Midi Dresses,MV,Maison Voss,100,50,A800,MV SOHO New York,26621.8,9672.08,101,34366.16,21423.58,7330.8,81,27560.98,155,117,38,111,106,0
MV-85965,Men Fedoras Signature,RSE,Rose Poudre,Accessories,Men,Hats,Fedoras,MV,Maison Voss,100,50,A800,MV SOHO New York,151073.82,49790.32,395,206147.71,194608.3,69887.2,496,258858.89,1225,832,393,1646,1527,0
MV-95918,Women Suit Sets Modern,NOI,Noir,Ready-to-Wear,Women,Suits,Suit Sets,MV,Maison Voss,100,20,A800,MV SOHO New York,237985.71,83946.36,391,327424.4,272092.74,96777.33,461,386042.58,1382,933,449,1787,1080,0
MV-99181,Women Blazers Modern,BLU,Bleu Marine,Ready-to-Wear,Women,Outerwear,Blazers,MVS,MV Signature,100,20,A800,MV SOHO New York,46774.98,12563.27,147,57079.34,57685.59,17339.73,182,70669.66,315,225,90,350,278,0
MV-56955,Women Ballet Flats Relaxed,VRT,Vert,Footwear,Women,Flats,Ballet Flats,MVS,MV Signature,100,20,A800,MV SOHO New York,34887.01,8951.47,98,52445.28,31145.83,8216.74,76,40671.85,284,171,113,232,145,0
MV-51704,Women Fedoras Luxe,TAN,Tan,Accessories,Women,Hats,Fedoras,MV,Maison Voss,100,20,A800,MV SOHO New York,33275.06,12003.77,102,46669.59,29591.89,10884.39,100,45754.5,141,101,40,151,107,0
MV-50213,Women Tops Slim,CRM,Creme,Ready-to-Wear,Women,Tops,Tops,MV,Maison Voss,100,20,A800,MV SOHO New York,128277.42,46952.51,373,156003.31,155216.78,39229.02,429,179424.72,858,822,36,1009,818,0
MV-14705,Men Baseball Caps Modern,BEG,Beige,Accessories,Men,Hats,Baseball Caps,MVS,MV Signature,100,30,A800,MV SOHO New York,52806.93,15447.17,90,63456.36,66951.33,21223.71,114,80378.05,314,192,122,354,329,0
MV-71669,Men Silk Scarves,CAM,Camel,Accessories,Men,Scarves,Silk Scarves,MV,Maison Voss,100,70,A800,MV SOHO New York,11260.09,3451.48,53,14890.61,10482.96,3329.07,48,13485.84,103,93,10,98,94,0
MV-14852,Men Loafers Slim,BEG,Beige,Footwear,Men,Flats,Loafers,MV,Maison Voss,100,20,A800,MV SOHO New York,4963.39,1726.13,20,7125.93,4170.08,1303.52,16,5700.74,31,21,10,28,18,0
MV-32527,Women Mules Luxe,TAN,Tan,Footwear,Women,Heels,Mules,MV,Maison Voss,100,20,A800,MV SOHO New York,61443.34,22764.89,143,81605.37,54866.51,14897.06,127,72474.69,432,302,130,313,200,0
MV-93283,Unisex Wallets Luxe,TRP,Taupe,Leather Goods,Unisex,Small Leather Goods,Wallets,MV,Maison Voss,100,30,A800,MV SOHO New York,132887.23,37595.19,150,179293.25,162738.68,54634.87,178,212761.32,349,233,116,369,315,0
MV-76263,Women High Top Essential,RSE,Rose Poudre,Footwear,Women,Sneakers,High Top,MV,Maison Voss,100,70,A800,MV SOHO New York,102074.86,37029.99,419,137153.75,102479.03,37742.66,458,149919.85,1349,1320,29,1219,829,0
MV-49251,Men Slides Classic,CAM,Camel,Footwear,Men,Flats,Slides,MV,Maison Voss,100,20,A800,MV SOHO New York,13325.37,3733.86,57,16851.71,9852.0,2912.67,42,12417.05,115,105,10,76,47,0
MV-80468,Men Blouses Relaxed,ECR,Ecru,Ready-to-Wear,Men,Tops,Blouses,MVS,MV Signature,100,20,A800,MV SOHO New York,59492.4,21844.32,109,84311.34,56860.19,15061.99,101,78123.35,389,288,101,433,374,0
MV-14705,Men Baseball Caps Modern,BEG,Beige,Accessories,Men,Hats,Baseball Caps,MVS,MV Signature,100,20,A800,MV SOHO New York,140515.32,53169.01,376,173106.83,109920.06,30173.6,293,134894.42,1295,991,304,864,737,0
MV-40595,Women Day Dresses Heritage,GRG,Greige,Ready-to-Wear,Women,Dresses,Day Dresses,MVS,MV Signature,100,30,A800,MV SOHO New York,95972.78,29580.09,395,110524.06,112013.39,32620.95,456,127592.33,823,616,207,892,852,0
MV-37535,Men Shirts Relaxed,SBL,Sable,Ready-to-Wear,Men,Tops,Shirts,MVS,MV Signature,100,20,A800,MV SOHO New York,42172.44,14323.93,110,53181.0,48761.57,13651.88,134,64784.12,166,151,15,192,187,0
MV-36143,Unisex Weekender Heritage,ANT,Anthracite,Leather Goods,Unisex,Luggage,Weekender,MVS,MV Signature,100,20,A800,MV SOHO New York,49049.21,16137.61,140,66623.23,40101.5,11738.65,102,48539.78,171,104,67,108,97,0
MV-69634,Women Day Dresses Signature,BEG,Beige,Ready-to-Wear,Women,Dresses,Day Dresses,MVS,MV Signature,100,70,A800,MV SOHO New York,29858.2,8705.87,82,38176.23,21939.64,8329.62,60,27933.83,121,85,36,82,55,0
MV-91490,Women Midi Dresses,IVR,Ivoire,Ready-to-Wear,Women,Dresses,Midi Dresses,MV,Maison Voss,100,20,A800,MV SOHO New York,210948.82,57316.55,614,260190.24,189838.24,68020.07,577,244511.02,1579,1455,124,1650,1397,0
MV-99353,Women Tote Bags,CRM,Cognac,Leather Goods,Women,Handbags,Tote Bags,MV,Maison Voss,100,20,A800,MV SOHO New York,28133.52,9919.3,28,38491.01,34368.52,12778.59,34,46739.09,49,41,8,67,49,0
MV-99173,Women Card Holders Modern,IVR,Ivoire,Leather Goods,Women,Small Leather Goods,Card Holders,MV,Maison Voss,100,20,A800,MV SOHO New York,236955.49,71981.81,618,294658.55,168301.35,60568.21,488,232675.36,2374,1935,439,2120,2028,0
MV-65851,Women Midi Dresses Slim,ARG,Argent,Ready-to-Wear,Women,Dresses,Midi Dresses,MV,Maison Voss,100,50,A800,MV SOHO New York,52966.63,14748.13,262,69140.35,39760.15,14033.74,193,50931.63,241,215,26,175,158,0
MV-53025,Men Loafers Heritage,CHP,Champagne,Footwear,Men,Flats,Loafers,MV,Maison Voss,100,70,A800,MV SOHO New York,97878.27,24776.48,172,137492.08,90123.0,25812.08,151,120705.26,221,152,69,229,204,0
MV-27486,Women Mules Classic,IVR,Ivoire,Footwear,Women,Heels,Mules,MVS,MV Signature,100,30,A800,MV SOHO New York,5291.69,1867.83,7,7409.92,5379.5,1535.95,7,7409.92,17,14,3,15,11,0
MV-47196,Women Wallets,CRM,Creme,Leather Goods,Women,Small Leather Goods,Wallets,MVS,MV Signature,100,20,A800,MV SOHO New York,94265.36,33019.05,147,129405.04,115889.51,39930.74,186,163736.99,372,234,138,472,425,0
MV-14852,Men Loafers Slim,TRP,Taupe,Footwear,Men,Flats,Loafers,MV,Maison Voss,100,50,A800,MV SOHO New York,43347.91,15085.04,119,51699.93,32066.06,11108.79,91,39535.24,118,101,17,103,83,0
MV-80798,Men Chain Belts Modern,CHP,Champagne,Leather Goods,Men,Belts,Chain Belts,MV,Maison Voss,100,20,A800,MV SOHO New York,36408.28,12119.14,40,43264.26,27030.31,8381.94,29,31366.59,61,55,6,42,30,0
MV-31632,Women Weekender Luxe,NOI,Noir,Leather Goods,Women,Luggage,Weekender,MV,Maison Voss,100,20,A800,MV SOHO New York,130444.91,42656.77,243,172206.6,114577.98,37364.32,208,147403.18,846,642,204,868,815,0
MV-69634,Women Day Dresses Signature,GRG,Greige,Ready-to-Wear,Women,Dresses,Day Dresses,MVS,MV Signature,100,20,A800,MV SOHO New York,326369.64,104699.78,808,386076.95,386520.39,125444.3,920,439592.57,2890,2392,498,3342,3184,0
MV-93746,Women Blazers Essential,BLU,Bleu Marine,Ready-to-Wear,Women,Suits,Blazers,MV,Maison Voss,100,30,A800,MV SOHO New York,120585.42,36027.48,188,161487.96,109294.3,30595.73,186,159770.0,338,267,71,322,195,0
MV-75308,Men Ballet Flats,CHP,Champagne,Footwear,Men,Flats,Ballet Flats,MVS,MV Signature,100,20,A800,MV SOHO New York,61237.01,19372.17,286,76576.98,61909.81,21761.77,296,79254.49,717,458,259,730,705,0
MV-12128,Women Cat Eye Signature,BEG,Beige,Accessories,Women,Sunglasses,Cat Eye,MV,Maison Voss,100,30,A800,MV SOHO New York,2649.71,828.93,16,3795.62,3058.82,1019.74,17,4032.84,40,32,8,47,40,0
MV-11214,Men Coats Heritage,GRG,Greige,Ready-to-Wear,Men,Outerwear,Coats,MVS,MV Signature,100,70,A800,MV SOHO New York,32609.99,8877.82,123,42824.38,22069.59,7355.87,91,31683.08,117,113,4,70,46,0
MV-26551,Women Mules Luxe,BRG,Bordeaux,Footwear,Women,Heels,Mules,MV,Maison Voss,100,50,A800,MV SOHO New York,11206.29,3490.61,28,14254.21,7955.45,2844.76,21,10690.66,69,52,17,61,57,0
MV-13761,Women Evening Dresses Luxe,TRP,Taupe,Ready-to-Wear,Women,Dresses,Evening Dresses,MVS,MV Signature,100,70,A800,MV SOHO New York,130793.59,45521.15,216,161668.06,98821.94,26960.95,179,133974.92,853,741,112,715,436,0
MV-93717,Women Leather Belts Heritage,CRM,Cognac,Leather Goods,Women,Belts,Leather Belts,MVS,MV Signature,100,50,A800,MV SOHO New York,276753.34,89911.96,635,361078.18,309861.53,92182.31,672,382117.38,1305,1243,62,1198,819,0
MV-54589,Women Carry-On Slim,ECR,Ecru,Leather Goods,Women,Luggage,Carry-On,MV,Maison Voss,100,30,A800,MV SOHO New York,264534.67,67022.04,247,373614.2,308951.5,109871.11,273,412942.02,401,315,86,363,307,0
MV-23133,Men Trousers Essential,ARG,Argent,Ready-to-Wear,Men,Bottoms,Trousers,MV,Maison Voss,100,20,A800,MV SOHO New York,11207.31,3846.23,18,15243.09,12736.24,4545.81,21,17783.6,65,41,24,80,77,0
MV-76039,Women Boots Relaxed,ARG,Argent,Footwear,Women,Heels,Boots,MVS,MV Signature,100,20,A800,MV SOHO New York,24511.38,9074.23,99,30155.23,24434.58,9023.45,111,33810.4,246,193,53,264,228,0
MV-63843,Women Midi Dresses Essential,CRM,Creme,Ready-to-Wear,Women,Dresses,Midi Dresses,MVS,MV Signature,100,20,A800,MV SOHO New York,34690.19,9262.15,182,46323.3,27671.59,8758.37,154,39196.64,177,130,47,131,80,0
MV-69473,Women Chain Belts Heritage,TAN,Tan,Leather Goods,Women,Belts,Chain Belts,MVS,MV Signature,100,20,A800,MV SOHO New York,125330.63,33102.23,117,182646.01,141062.09,48850.52,127,198256.78,424,283,141,418,386,0
MV-78937,Men Carry-On Luxe,NOI,Noir,Leather Goods,Men,Luggage,Carry-On,MVS,MV Signature,100,30,A800,MV SOHO New York,150594.11,40766.73,408,216097.35,150482.4,51207.7,424,224571.75,343,312,31,331,293,0
MV-48504,Women Slides Signature,BEG,Beige,Footwear,Women,Flats,Slides,MVS,MV Signature,100,20,A800,MV SOHO New York,157818.45,43080.98,384,206353.26,140706.0,37874.82,343,184320.75,1438,1328,110,1219,1205,0
MV-94058,Women Chain Belts,CAM,Camel,Leather Goods,Women,Belts,Chain Belts,MVS,MV Signature,100,20,A800,MV SOHO New York,179855.49,64958.92,215,258855.1,219008.93,66292.68,242,291362.49,332,306,26,375,367,0
MV-79942,Men Blazers Essential,ROG,Rouge,Ready-to-Wear,Men,Outerwear,Blazers,MVS,MV Signature,100,30,A800,MV SOHO New York,35531.33,11643.61,106,41679.02,34092.8,11754.72,116,45611.01,255,209,46,237,216,0
MV-23238,Women Knitwear Essential,ANT,Anthracite,Ready-to-Wear,Women,Tops,Knitwear,MV,Maison Voss,100,20,A800,MV SOHO New York,21022.78,6409.59,67,27831.15,19261.94,5876.96,66,27415.76,257,159,98,303,267,0
MV-14705,Men Baseball Caps Modern,ROG,Rouge,Accessories,Men,Hats,Baseball Caps,MVS,MV Signature,100,20,A800,MV SOHO New York,7280.82,2256.17,25,10860.0,6242.32,2248.16,20,8688.0,66,40,26,47,40,0
MV-95918,Women Suit Sets Modern,ANT,Anthracite,Ready-to-Wear,Women,Suits,Suit Sets,MV,Maison Voss,100,20,A800,MV SOHO New York,52556.87,14858.97,99,70858.22,66587.09,18209.33,118,84457.28,339,264,75,480,332,0
MV-54185,Men Trousers Heritage,CHP,Champagne,Ready-to-Wear,Men,Bottoms,Trousers,MVS,MV Signature,100,50,A800,MV SOHO New York,65846.86,24206.59,121,86664.43,79387.04,22490.72,153,109583.94,464,314,150,623,598,0
MV-28776,Women Sandals Essential,ARG,Argent,Footwear,Women,Heels,Sandals,MV,Maison Voss,100,50,A800,MV SOHO New York,151297.42,54000.82,256,208805.44,144691.32,50574.46,227,185151.7,973,900,73,1012,620,0
MV-71057,Women Boots,BEG,Beige,Footwear,Women,Heels,Boots,MVS,MV Signature,100,70,A800,MV SOHO New York,108091.83,30669.98,244,137184.43,128572.57,40263.74,272,152926.9,179,123,56,228,218,0
MV-65444,Women Berets,NVY,Navy,Accessories,Women,Hats,Berets,MVS,MV Signature,100,50,A800,MV SOHO New York,5951.08,1618.49,16,7300.37,5371.51,1564.03,15,6844.09,47,32,15,43,33,0
MV-56438,Men Boots Essential,CHP,Champagne,Footwear,Men,Heels,Boots,MV,Maison Voss,100,70,A800,MV SOHO New York,80540.63,26128.66,114,104227.67,70932.33,19151.7,95,86856.39,448,414,34,404,402,0
MV-15958,Men Pumps Heritage,CHP,Champagne,Footwear,Men,Heels,Pumps,MVS,MV Signature,100,20,A800,MV SOHO New York,15152.55,5580.43,45,21593.66,13765.7,4373.26,37,17754.78,65,61,4,46,31,0
MV-54089,Unisex Blazers,CRM,Creme,Ready-to-Wear,Unisex,Outerwear,Blazers,MVS,MV Signature,100,20,A800,MV SOHO New York,21862.33,5983.0,38,30066.83,22330.06,6145.48,34,26901.9,113,109,4,116,112,0
MV-84177,Men Leather Belts Classic,ECR,Ecru,Leather Goods,Men,Belts,Leather Belts,MV,Maison Voss,100,70,A800,MV SOHO New York,409873.9,129343.96,400,544076.28,407779.49,104321.15,433,588962.57,412,259,153,397,377,0
MV-68991,Unisex Pouches Heritage,NOI,Noir,Leather Goods,Unisex,Small Leather Goods,Pouches,MV,Maison Voss,100,20,A800,MV SOHO New York,5154.17,1299.31,9,6750.98,3749.65,1017.53,7,5250.76,13,7,6,9,7,0
MV-15014,Women Bracelets Modern,RSE,Rose Poudre,Accessories,Women,Jewelry,Bracelets,MVS,MV Signature,100,20,A800,MV SOHO New York,27415.58,7373.87,123,35636.86,21850.86,7540.66,94,27234.68,204,153,51,164,114,0
MV-21542,Women Clutches Signature,IVR,Ivoire,Leather Goods,Women,Handbags,Clutches,MVS,MV Signature,100,70,A800,MV SOHO New York,13008.98,4464.49,41,18823.92,13988.41,4469.62,40,18364.8,83,63,20,94,83,0
MV-35995,Unisex Check-In Modern,GRG,Greige,Leather Goods,Unisex,Luggage,Check-In,MVS,MV Signature,100,20,A800,MV SOHO New York,467739.52,173479.09,482,670197.73,628733.35,221290.81,607,844004.19,507,329,178,520,483,0
MV-54657,Women Evening Dresses Slim,ECR,Ecru,Ready-to-Wear,Women,Dresses,Evening Dresses,MV,Maison Voss,100,20,A800,MV SOHO New York,69321.77,23502.5,185,86031.95,67597.34,22289.46,171,79521.42,580,396,184,446,445,0
MV-50213,Women Tops Slim,CAM,Camel,Ready-to-Wear,Women,Tops,Tops,MV,Maison Voss,100,30,A800,MV SOHO New York,28294.41,7854.96,60,40801.44,27784.14,9220.96,60,40801.44,98,65,33,97,73,0
MV-69446,Unisex Evening Dresses Modern,TRP,Taupe,Ready-to-Wear,Unisex,Dresses,Evening Dresses,MV,Maison Voss,100,20,A800,MV SOHO New York,55520.75,16304.64,159,79716.44,50976.93,16152.28,142,71193.3,536,525,11,504,442,0
MV-62034,Women Necklaces Luxe,CRM,Creme,Accessories,Women,Jewelry,Necklaces,MVS,MV Signature,100,20,A800,MV SOHO New York,55068.29,20640.31,299,69563.81,64799.83,21073.36,349,81196.55,451,386,65,537,513,0
MV-68991,Unisex Pouches Heritage,RSE,Rose Poudre,Leather Goods,Unisex,Small Leather Goods,Pouches,MV,Maison Voss,100,50,A800,MV SOHO New York,448228.63,149101.31,723,540410.39,369528.27,121019.28,674,503785.07,484,421,63,385,381,0
MV-73736,Women Key Holders Relaxed,ROG,Rouge,Leather Goods,Women,Small Leather Goods,Key Holders,MV,Maison Voss,100,30,A800,MV SOHO New York,16950.71,4350.24,56,24224.49,19675.9,7363.28,65,28117.71,126,80,46,132,87,0
MV-49472,Men Square Frames Modern,CRM,Cognac,Accessories,Men,Sunglasses,Square Frames,MV,Maison Voss,100,20,A800,MV SOHO New York,124730.88,40333.84,495,162588.82,150957.83,49087.74,615,202004.3,859,701,158,897,817,0
MV-59015,Unisex Baseball Caps Relaxed,CHP,Champagne,Accessories,Unisex,Hats,Baseball Caps,MV,Maison Voss,100,30,A800,MV SOHO New York,134896.84,39993.35,620,162593.34,111015.63,38680.9,573,150267.72,1415,996,419,1383,1374,0
MV-30257,Women Weekender Relaxed,NOI,Noir,Leather Goods,Women,Luggage,Weekender,MV,Maison Voss,100,20,A800,MV SOHO New York,191218.33,68357.65,565,246673.71,158650.35,41483.99,488,213056.23,1943,1815,128,1564,1345,0
MV-28191,Women Chelsea Boots Luxe,TAN,Tan,Footwear,Women,Boots,Chelsea Boots,MV,Maison Voss,100,30,A800,MV SOHO New York,118220.44,30679.86,230,155352.09,93192.05,31520.38,181,122255.34,171,159,12,112,67,0
MV-42087,Men Slides Slim,GRG,Greige,Footwear,Men,Flats,Slides,MV,Maison Voss,100,20,A800,MV SOHO New York,114061.4,37706.24,226,156377.57,124083.11,41195.01,272,188206.64,856,755,101,1089,996,0
MV-44335,Women Slides Slim,NOI,Noir,Footwear,Women,Flats,Slides,MV,Maison Voss,100,20,A800,MV SOHO New York,83803.93,28304.54,117,106911.04,70843.55,20458.64,103,94118.26,174,168,6,129,81,0
MV-23133,Men Trousers Essential,BEG,Beige,Ready-to-Wear,Men,Bottoms,Trousers,MV,Maison Voss,100,20,A800,MV SOHO New York,129420.66,45082.02,318,171805.35,145774.97,40233.6,344,185852.32,236,173,63,288,182,0
MV-96760,Women Blouses Signature,SBL,Sable,Ready-to-Wear,Women,Tops,Blouses,MV,Maison Voss,100,20,A800,MV SOHO New York,51162.81,15636.49,172,73543.18,55971.01,17184.33,174,74398.33,316,240,76,335,309,0
MV-79942,Men Blazers Essential,ROG,Rouge,Ready-to-Wear,Men,Outerwear,Blazers,MVS,MV Signature,100,50,A800,MV SOHO New York,69600.8,22131.65,257,90908.61,84488.48,22161.23,297,105057.81,584,433,151,564,469,0
MV-62196,Women Blazers,CRM,Cognac,Ready-to-Wear,Women,Outerwear,Blazers,MV,Maison Voss,100,50,A800,MV SOHO New York,23685.13,6858.3,127,30575.12,26595.23,7039.58,161,38760.58,292,278,14,304,258,0
MV-82910,Men Shirts Signature,BRG,Bordeaux,Ready-to-Wear,Men,Tops,Shirts,MV,Maison Voss,100,20,A800,MV SOHO New York,181953.08,63948.32,299,251309.46,136025.69,35582.95,232,194995.97,1163,1061,102,824,604,0
MV-50768,Men Knitwear Modern,NOI,Noir,Ready-to-Wear,Men,Tops,Knitwear,MVS,MV Signature,100,20,A800,MV SOHO New York,169611.7,51463.28,396,216068.21,127771.98,41431.88,310,169144.3,1378,1225,153,1286,1116,0
MV-56346,Women Clutches Essential,ANT,Anthracite,Leather Goods,Women,Handbags,Clutches,MV,Maison Voss,100,20,A800,MV SOHO New York,15206.94,4127.29,36,19375.88,12725.13,3455.38,30,16146.56,28,19,9,22,13,0
MV-28776,Women Sandals Essential,IVR,Ivoire,Footwear,Women,Heels,Sandals,MV,Maison Voss,100,20,A800,MV SOHO New York,177359.58,63086.48,407,252173.39,159123.2,42873.88,355,219954.68,841,815,26,595,444,0
MV-15958,Men Pumps Heritage,ARG,Argent,Footwear,Men,Heels,Pumps,MVS,MV Signature,100,30,A800,MV SOHO New York,112870.87,36772.17,177,135364.15,80134.91,22114.1,132,100949.53,687,584,103,519,467,0
MV-72722,Women Midi Dresses Slim,CAM,Camel,Ready-to-Wear,Women,Dresses,Midi Dresses,MVS,MV Signature,100,50,A800,MV SOHO New York,193012.05,59354.63,424,236439.67,159457.28,49717.56,378,210788.2,282,251,31,207,136,0
MV-12128,Women Cat Eye Signature,GRG,Greige,Accessories,Women,Sunglasses,Cat Eye,MV,Maison Voss,100,20,A800,MV SOHO New York,60177.94,15473.23,128,79093.22,60057.38,18167.62,118,72914.06,174,165,9,130,86,0
MV-70443,Women Card Holders Heritage,CHP,Champagne,Leather Goods,Women,Small Leather Goods,Card Holders,MVS,MV Signature,100,50,A800,MV SOHO New York,112791.67,31392.99,108,156233.4,80388.96,28879.72,76,109942.02,287,227,60,205,160,0
MV-62383,Men Berets Relaxed,ANT,Anthracite,Accessories,Men,Hats,Berets,MVS,MV Signature,100,20,A800,MV SOHO New York,290847.15,102510.71,562,393968.19,242489.33,70241.09,469,328774.17,1747,1673,74,1264,1016,0
MV-33703,Men Earrings Slim,NVY,Navy,Accessories,Men,Jewelry,Earrings,MVS,MV Signature,100,20,A800,MV SOHO New York,27392.66,7324.02,65,34779.13,26078.57,9015.09,61,32638.88,65,64,1,53,49,0
MV-23979,Women Check-In Relaxed,CRM,Cognac,Leather Goods,Women,Luggage,Check-In,MV,Maison Voss,100,30,A800,MV SOHO New York,409879.34,155254.83,423,533797.66,413283.38,148518.76,450,567869.86,319,231,88,388,295,0
MV-84531,Women Check-In Classic,BEG,Beige,Leather Goods,Women,Luggage,Check-In,MVS,MV Signature,100,20,A800,MV SOHO New York,148061.55,37724.04,150,186355.33,176825.91,53985.06,191,237292.45,512,345,167,608,491,0
MV-58566,Men Leather Belts Relaxed,IVR,Ivoire,Leather Goods,Men,Belts,Leather Belts,MVS,MV Signature,100,20,A800,MV SOHO New York,79352.19,29557.55,164,100050.02,75529.86,22684.13,152,92729.29,607,513,94,591,533,0
MV-59015,Unisex Baseball Caps Relaxed,BEG,Beige,Accessories,Unisex,Hats,Baseball Caps,MV,Maison Voss,100,50,A800,MV SOHO New York,46572.03,16435.23,84,57640.01,34825.73,10980.63,67,45974.77,256,204,52,238,171,0
MV-69048,Women Tops Luxe,ANT,Anthracite,Ready-to-Wear,Women,Tops,Tops,MV,Maison Voss,100,20,A800,MV SOHO New York,78866.29,21264.27,194,101829.58,105891.17,29768.32,252,132273.47,355,282,73,374,279,0
MV-15014,Women Bracelets Modern,BLU,Bleu Marine,Accessories,Women,Jewelry,Bracelets,MVS,MV Signature,100,50,A800,MV SOHO New York,17015.49,4558.24,89,24284.79,17297.32,4777.8,91,24830.52,136,93,43,147,92,0
MV-44718,Women Day Dresses Slim,CRM,Cognac,Ready-to-Wear,Women,Dresses,Day Dresses,MVS,MV Signature,100,70,A800,MV SOHO New York,2995.87,886.84,9,4037.27,3147.0,1033.46,9,4037.27,15,10,5,17,12,0
MV-90356,Women Loafers Signature,CRM,Creme,Footwear,Women,Flats,Loafers,MV,Maison Voss,100,20,A800,MV SOHO New York,53608.35,17880.64,72,71687.43,61151.82,21362.46,82,81644.01,39,32,7,36,26,0
MV-13396,Women Wallets Slim,BRG,Bordeaux,Leather Goods,Women,Small Leather Goods,Wallets,MVS,MV Signature,100,30,A800,MV SOHO New York,437.96,145.13,1,621.37,502.1,141.59,1,621.37,1,0,1,1,0,0
MV-63225,Unisex Key Holders,GRG,Greige,Leather Goods,Unisex,Small Leather Goods,Key Holders,MVS,MV Signature,100,20,A800,MV SOHO New York,739143.11,243328.6,873,1007326.42,904927.12,336857.63,959,1106559.04,992,943,49,912,771,0
MV-70258,Men Platform Slim,SBL,Sable,Footwear,Men,Sneakers,Platform,MV,Maison Voss,100,20,A800,MV SOHO New York,332832.46,114090.02,769,428615.53,329147.26,105903.41,841,468745.98,2954,2877,77,3777,3763,0
MV-40005,Men Silk Scarves Classic,BEG,Beige,Accessories,Men,Scarves,Silk Scarves,MVS,MV Signature,100,50,A800,MV SOHO New York,65102.82,18141.2,114,95303.58,73570.19,27464.46,130,108679.52,212,181,31,269,192,0
MV-99224,Men Day Dresses Relaxed,VRT,Vert,Ready-to-Wear,Men,Dresses,Day Dresses,MVS,MV Signature,100,20,A800,MV SOHO New York,159800.07,59536.7,297,198065.34,130241.97,41826.24,249,166054.78,955,883,72,898,694,0
MV-80282,Unisex Baseball Caps Signature,NVY,Navy,Accessories,Unisex,Hats,Baseball Caps,MV,Maison Voss,100,20,A800,MV SOHO New York,28509.8,7139.87,96,38328.1,30140.58,11375.41,99,39525.85,151,94,57,152,121,0
MV-74451,Unisex Weekender Modern,ARG,Argent,Leather Goods,Unisex,Luggage,Weekender,MV,Maison Voss,100,20,A800,MV SOHO New York,237006.58,88527.5,253,314190.77,157251.64,47098.74,188,233469.82,211,198,13,173,136,0
MV-70443,Women Card Holders Heritage,NOI,Noir,Leather Goods,Women,Small Leather Goods,Card Holders,MVS,MV Signature,100,20,A800,MV SOHO New York,386002.2,131620.06,373,527427.78,315180.05,117508.08,294,415720.56,1364,928,436,909,758,0
MV-98188,Women Knee High Heritage,SBL,Sable,Footwear,Women,Boots,Knee High,MV,Maison Voss,100,20,A800,MV SOHO New York,455068.19,122788.77,668,620482.22,456329.63,142273.79,626,581469.87,2379,2048,331,2063,1718,0
MV-20682,Men Loafers Slim,BEG,Beige,Footwear,Men,Flats,Loafers,MVS,MV Signature,100,20,A800,MV SOHO New York,39914.14,13551.58,116,51724.49,42723.23,10806.06,120,53508.1,217,175,42,189,136,0
MV-52415,Men Jeans Relaxed,CHP,Champagne,Ready-to-Wear,Men,Bottoms,Jeans,MV,Maison Voss,100,50,A800,MV SOHO New York,128665.34,39768.33,348,159798.49,150122.65,48321.41,397,182298.85,253,215,38,313,260,0
MV-62383,Men Berets Relaxed,SBL,Sable,Accessories,Men,Hats,Berets,MVS,MV Signature,100,70,A800,MV SOHO New York,31361.27,7927.3,70,42102.64,26666.13,10095.13,63,37892.38,188,177,11,189,179,0
MV-43681,Men Low Top Luxe,IVR,Ivoire,Footwear,Men,Sneakers,Low Top,MV,Maison Voss,100,20,A800,MV SOHO New York,805482.26,253659.21,1057,1033626.57,906307.7,341097.48,1140,1114791.19,3570,2785,785,3888,3390,0
MV-38683,Men Tops Slim,IVR,Ivoire,Ready-to-Wear,Men,Tops,Tops,MVS,MV Signature,100,20,A800,MV SOHO New York,3044.87,792.96,5,4036.46,4023.13,1494.61,6,4843.75,8,5,3,7,5,0
MV-62044,Women Low Top Classic,CRM,Cognac,Footwear,Women,Sneakers,Low Top,MVS,MV Signature,100,70,A800,MV SOHO New York,118420.48,34470.85,210,171598.98,156787.64,58572.78,252,205918.78,708,504,204,776,593,0
MV-26912,Men Suit Sets Essential,CAM,Camel,Ready-to-Wear,Men,Suits,Suit Sets,MVS,MV Signature,100,20,A800,MV SOHO New York,120424.38,36607.92,245,165146.59,136140.86,51050.35,291,196153.7,914,607,307,1205,1102,0
MV-52415,Men Jeans Relaxed,ROG,Rouge,Ready-to-Wear,Men,Bottoms,Jeans,MV,Maison Voss,100,50,A800,MV SOHO New York,162957.71,45145.27,265,199098.29,123968.5,38923.24,213,160029.95,192,146,46,155,111,0
MV-46559,Men Ballet Flats Luxe,ARG,Argent,Footwear,Men,Flats,Ballet Flats,MV,Maison Voss,100,30,A800,MV SOHO New York,21684.97,7361.81,29,31548.05,27270.43,8408.48,35,38075.23,57,36,21,66,50,0
MV-70931,Men Chain Belts Essential,NVY,Navy,Leather Goods,Men,Belts,Chain Belts,MVS,MV Signature,100,30,A800,MV SOHO New York,527329.27,196747.49,635,725571.73,721117.73,200096.54,812,927817.7,1818,1517,301,2577,2253,0
MV-64524,Women Check-In Modern,TAN,Tan,Leather Goods,Women,Luggage,Check-In,MV,Maison Voss,100,20,A800,MV SOHO New York,41903.83,10482.26,45,52202.53,28383.98,9457.2,32,37121.8,129,95,34,80,58,0
MV-76249,Men Clutches Luxe,VRT,Vert,Leather Goods,Men,Handbags,Clutches,MV,Maison Voss,100,20,A800,MV SOHO New York,110275.66,39935.73,222,142523.93,120131.5,35273.68,247,158573.92,252,166,86,239,214,0
MV-42087,Men Slides Slim,CRM,Creme,Footwear,Men,Flats,Slides,MV,Maison Voss,100,20,A800,MV SOHO New York,25790.23,7962.26,57,35628.44,28478.85,9495.45,64,40003.86,87,56,31,81,65,0
MV-96200,Women Suit Sets,NOI,Noir,Ready-to-Wear,Women,Suits,Suit Sets,MVS,MV Signature,100,20,A800,MV SOHO New York,28114.74,8736.34,83,33095.91,32583.84,12053.61,93,37083.37,61,48,13,62,55,0
MV-36143,Unisex Weekender Heritage,ARG,Argent,Leather Goods,Unisex,Luggage,Weekender,MVS,MV Signature,100,20,A800,MV SOHO New York,123535.13,39845.58,180,167589.34,164472.49,58210.92,229,213210.89,474,311,163,503,389,0
MV-12665,Women Suit Trousers Essential,GRG,Greige,Ready-to-Wear,Women,Suits,Suit Trousers,MV,Maison Voss,100,20,A800,MV SOHO New York,23968.95,8505.42,123,31973.36,23940.59,7864.56,111,28854.01,293,263,30,283,251,0
MV-65851,Women Midi Dresses Slim,ARG,Argent,Ready-to-Wear,Women,Dresses,Midi Dresses,MV,Maison Voss,100,50,A800,MV SOHO New York,13614.83,4647.08,39,19657.77,11032.05,2997.65,29,14617.32,150,147,3,130,80,0
MV-54589,Women Carry-On Slim,IVR,Ivoire,Leather Goods,Women,Luggage,Carry-On,MV,Maison Voss,100,50,A800,MV SOHO New York,33425.27,8462.75,42,43351.91,30415.42,9861.06,35,36126.59,76,52,24,65,51,0
MV-72722,Women Midi Dresses Slim,VRT,Vert,Ready-to-Wear,Women,Dresses,Midi Dresses,MVS,MV Signature,100,50,A800,MV SOHO New York,52013.28,18096.72,123,66639.82,48315.62,12992.49,105,56887.66,361,260,101,371,292,0
MV-68138,Women Tops Modern,TAN,Tan,Ready-to-Wear,Women,Tops,Tops,MV,Maison Voss,100,70,A800,MV SOHO New York,113077.78,33805.82,322,137286.75,88184.12,31765.01,247,105310.02,261,257,4,192,121,0
MV-85156,Women Chain Belts Essential,BRG,Bordeaux,Leather Goods,Women,Belts,Chain Belts,MV,Maison Voss,100,70,A800,MV SOHO New York,235716.48,88079.22,520,355436.92,287642.98,93870.78,557,380727.62,1734,1097,637,2055,1343,0
MV-17816,Women Trousers Slim,GRG,Greige,Ready-to-Wear,Women,Bottoms,Trousers,MV,Maison Voss,100,20,A800,MV SOHO New York,12180.45,4104.31,20,16055.79,7885.21,2666.99,14,11239.05,71,52,19,41,26,0
MV-71474,Men Loafers Relaxed,BLU,Bleu Marine,Footwear,Men,Flats,Loafers,MV,Maison Voss,100,50,A800,MV SOHO New York,57769.53,18276.89,113,86939.89,43166.69,13006.35,83,63858.5,410,383,27,314,198,0
MV-35203,Men Blazers Modern,BLU,Bleu Marine,Ready-to-Wear,Men,Outerwear,Blazers,MVS,MV Signature,100,20,A800,MV SOHO New York,5905.13,2068.8,24,8488.44,4477.3,1212.5,18,6366.33,31,19,12,23,21,0
MV-80468,Men Blouses Relaxed,TRP,Taupe,Ready-to-Wear,Men,Tops,Blouses,MVS,MV Signature,100,50,A800,MV SOHO New York,1233.07,362.02,3,1591.58,832.48,210.68,2,1061.05,4,3,1,3,1,0
MV-93717,Women Leather Belts Heritage,CRM,Cognac,Leather Goods,Women,Belts,Leather Belts,MVS,MV Signature,100,20,A800,MV SOHO New York,237388.47,77410.53,247,354748.54,247094.33,83956.49,266,382036.89,358,328,30,349,309,0
MV-35995,Unisex Check-In Modern,IVR,Ivoire,Leather Goods,Unisex,Luggage,Check-In,MVS,MV Signature,100,20,A800,MV SOHO New York,215172.04,57549.06,210,259456.8,199624.51,72631.48,190,234746.63,465,350,115,451,418,0
MV-96761,Men Jackets Essential,IVR,Ivoire,Ready-to-Wear,Men,Outerwear,Jackets,MVS,MV Signature,100,20,A800,MV SOHO New York,11295.3,3687.24,40,15725.59,8484.85,2446.2,32,12580.47,44,27,17,29,22,0
MV-68929,Women Crossbody Bags Relaxed,RSE,Rose Poudre,Leather Goods,Women,Handbags,Crossbody Bags,MV,Maison Voss,100,20,A800,MV SOHO New York,50896.69,12977.32,60,73385.55,38788.15,11784.17,44,53816.07,199,155,44,149,120,0
MV-12128,Women Cat Eye Signature,GRG,Greige,Accessories,Women,Sunglasses,Cat Eye,MV,Maison Voss,100,20,A800,MV SOHO New York,1361.49,387.3,5,1746.93,977.46,359.52,4,1397.55,18,15,3,15,9,0
MV-40007,Women Tote Bags Modern,BLU,Bleu Marine,Leather Goods,Women,Handbags,Tote Bags,MV,Maison Voss,100,20,A800,MV SOHO New York,303952.65,83371.73,410,394025.96,246295.59,89906.24,332,319064.93,1413,1267,146,990,594,0
MV-71057,Women Boots,RSE,Rose Poudre,Footwear,Women,Heels,Boots,MVS,MV Signature,100,50,A800,MV SOHO New York,570294.67,147908.49,838,799745.06,630571.73,230237.37,895,854142.99,2858,2547,311,2619,1661,0
MV-38760,Unisex Rings Heritage,BLU,Bleu Marine,Accessories,Unisex,Jewelry,Rings,MV,Maison Voss,100,20,A800,MV SOHO New York,8026.19,2726.84,33,10507.89,5710.6,1561.94,24,7642.1,73,48,25,59,37,0
MV-49139,Men Wool Scarves Essential,BRG,Bordeaux,Accessories,Men,Scarves,Wool Scarves,MV,Maison Voss,100,20,A800,MV SOHO New York,11990.63,4188.92,60,16474.54,8105.31,3042.33,42,11532.18,151,108,43,95,61,0
MV-26683,Women Blazers Relaxed,CRM,Cognac,Ready-to-Wear,Women,Outerwear,Blazers,MV,Maison Voss,100,20,A800,MV SOHO New York,277336.98,78272.44,462,384255.89,344780.78,90246.6,557,463269.55,341,324,17,426,294,0
MV-72722,Women Midi Dresses Slim,ANT,Anthracite,Ready-to-Wear,Women,Dresses,Midi Dresses,MVS,MV Signature,100,50,A800,MV SOHO New York,131338.64,35900.88,595,176195.42,102086.24,31499.24,467,138291.2,1258,860,398,1163,1045,0
MV-62044,Women Low Top Classic,TAN,Tan,Footwear,Women,Sneakers,Low Top,MVS,MV Signature,100,20,A800,MV SOHO New York,45822.98,11496.73,124,58058.41,43223.82,14971.03,116,54312.7,272,236,36,251,193,0
MV-60432,Women Suit Sets Essential,BRG,Bordeaux,Ready-to-Wear,Women,Suits,Suit Sets,MVS,MV Signature,100,50,A800,MV SOHO New York,6773.73,1824.8,11,9412.03,7183.96,2025.6,11,9412.03,42,35,7,53,35,0
MV-33647,Men Coats Heritage,ROG,Rouge,Ready-to-Wear,Men,Outerwear,Coats,MVS,MV Signature,100,20,A800,MV SOHO New York,3072.25,872.37,9,3660.3,2056.02,657.58,6,2440.2,24,22,2,15,12,0
MV-23979,Women Check-In Relaxed,RSE,Rose Poudre,Leather Goods,Women,Luggage,Check-In,MV,Maison Voss,100,20,A800,MV SOHO New York,78550.3,25319.37,194,103378.3,68654.13,21681.98,166,88457.72,343,251,92,242,196,0
MV-90356,Women Loafers Signature,SBL,Sable,Footwear,Women,Flats,Loafers,MV,Maison Voss,100,20,A800,MV SOHO New York,82834.05,23653.08,113,104493.07,106373.17,31088.99,146,135008.74,88,73,15,120,109,0
MV-30730,Men High Top Luxe,SBL,Sable,Footwear,Men,Sneakers,High Top,MV,Maison Voss,100,20,A800,MV SOHO New York,3814.59,1362.46,6,4837.27,2571.72,756.17,4,3224.85,13,10,3,9,6,0
MV-64524,Women Check-In Modern,ROG,Rouge,Leather Goods,Women,Luggage,Check-In,MV,Maison Voss,100,50,A800,MV SOHO New York,144927.93,38669.57,199,200155.76,165328.17,51467.4,234,235359.03,155,145,10,154,144,0
MV-49363,Unisex Cashmere Scarves,GRG,Greige,Accessories,Unisex,Scarves,Cashmere Scarves,MVS,MV Signature,100,50,A800,MV SOHO New York,477.07,167.7,2,664.12,458.23,131.53,2,664.12,5,4,1,4,3,0
MV-23979,Women Check-In Relaxed,NVY,Navy,Leather Goods,Women,Luggage,Check-In,MV,Maison Voss,100,50,A800,MV SOHO New York,352926.99,116488.7,352,488692.96,307322.55,105328.24,319,442878.0,199,123,76,163,115,0
MV-76249,Men Clutches Luxe,GRG,Greige,Leather Goods,Men,Handbags,Clutches,MV,Maison Voss,100,30,A800,MV SOHO New York,47640.8,16212.77,83,68875.58,53872.32,16449.92,101,83812.45,288,281,7,283,223,0
MV-71953,Women Suit Trousers Relaxed,RSE,Rose Poudre,Ready-to-Wear,Women,Suits,Suit Trousers,MVS,MV Signature,100,50,A800,MV SOHO New York,6210.58,2245.65,9,8403.51,4301.07,1546.79,7,6536.06,33,21,12,25,18,0
MV-47880,Women Shorts Relaxed,TAN,Tan,Ready-to-Wear,Women,Bottoms,Shorts,MV,Maison Voss,100,50,A800,MV SOHO New York,87923.34,24182.57,202,106984.48,89052.53,28439.04,211,111751.12,499,340,159,570,561,0
MV-63225,Unisex Key Holders,ECR,Ecru,Leather Goods,Unisex,Small Leather Goods,Key Holders,MVS,MV Signature,100,50,A800,MV SOHO New York,123402.97,32670.74,115,163595.74,168102.92,46194.76,149,211963.18,85,75,10,106,88,0
MV-44664,Women Shoulder Bags Modern,RSE,Rose Poudre,Leather Goods,Women,Handbags,Shoulder Bags,MVS,MV Signature,100,20,A800,MV SOHO New York,395527.26,130613.84,830,509515.0,386031.42,124190.91,863,529772.82,2715,2342,373,2820,2621,0
MV-23579,Men Cat Eye,ANT,Anthracite,Accessories,Men,Sunglasses,Cat Eye,MVS,MV Signature,100,50,A800,MV SOHO New York,94708.25,29858.21,179,115215.01,120946.72,38864.99,224,144179.67,260,204,56,275,206,0
MV-19869,Women Wool Scarves Slim,SBL,Sable,Accessories,Women,Scarves,Wool Scarves,MVS,MV Signature,100,20,A800,MV SOHO New York,24780.81,9401.11,73,36523.6,23511.79,7470.26,66,33021.33,41,27,14,34,26,0
MV-56346,Women Clutches Essential,SBL,Sable,Leather Goods,Women,Handbags,Clutches,MV,Maison Voss,100,20,A800,MV SOHO New York,242747.85,77025.87,281,339986.27,305861.61,100085.61,353,427100.19,856,564,292,954,769,0
MV-90209,Men Suit Sets Modern,IVR,Ivoire,Ready-to-Wear,Men,Suits,Suit Sets,MV,Maison Voss,100,30,A800,MV SOHO New York,12594.83,4517.06,72,17845.56,13920.73,4365.76,74,18341.27,64,43,21,67,45,0
MV-82910,Men Shirts Signature,NOI,Noir,Ready-to-Wear,Men,Tops,Shirts,MV,Maison Voss,100,70,A800,MV SOHO New York,104916.48,32331.66,534,127582.95,99204.44,35455.08,487,116353.74,1511,1231,280,1470,1121,0
MV-31581,Men Key Holders Slim,CRM,Creme,Leather Goods,Men,Small Leather Goods,Key Holders,MVS,MV Signature,100,20,A800,MV SOHO New York,104697.19,36632.43,107,123126.75,83333.2,30873.55,81,93208.1,336,334,2,249,176,0
MV-44718,Women Day Dresses Slim,CRM,Creme,Ready-to-Wear,Women,Dresses,Day Dresses,MVS,MV Signature,100,50,A800,MV SOHO New York,90225.97,23439.99,181,123839.57,64956.06,23155.21,130,88945.55,119,102,17,99,68,0
MV-69048,Women Tops Luxe,CRM,Creme,Ready-to-Wear,Women,Tops,Tops,MV,Maison Voss,100,20,A800,MV SOHO New York,2634.61,791.48,11,3693.43,2074.77,567.93,9,3021.9,43,31,12,36,34,0
MV-23434,Women Card Holders,BLU,Bleu Marine,Leather Goods,Women,Small Leather Goods,Card Holders,MV,Maison Voss,100,50,A800,MV SOHO New York,60461.55,22005.85,126,77448.34,78282.29,21840.66,152,93429.74,127,121,6,171,136,0
MV-70648,Women Tops,CRM,Cognac,Ready-to-Wear,Women,Tops,Tops,MV,Maison Voss,100,50,A800,MV SOHO New York,267694.37,69338.63,407,339353.4,337492.35,85573.16,493,411059.52,1201,756,445,1254,795,0
MV-48504,Women Slides Signature,NOI,Noir,Footwear,Women,Flats,Slides,MVS,MV Signature,100,20,A800,MV SOHO New York,232264.1,78227.94,373,273746.89,221295.84,75696.79,363,266407.83,678,472,206,768,471,0
MV-54185,Men Trousers Heritage,RSE,Rose Poudre,Ready-to-Wear,Men,Bottoms,Trousers,MVS,MV Signature,100,20,A800,MV SOHO New York,32784.09,11290.7,57,43201.6,30435.39,8390.19,55,41685.76,186,140,46,206,146,0
MV-38903,Men Coats Essential,ROG,Rouge,Ready-to-Wear,Men,Outerwear,Coats,MV,Maison Voss,100,20,A800,MV SOHO New York,20566.99,5805.62,58,25808.81,16004.28,5950.82,47,20914.04,37,32,5,27,17,0
MV-38047,Women Round Frames Relaxed,IVR,Ivoire,Accessories,Women,Sunglasses,Round Frames,MVS,MV Signature,100,50,A800,MV SOHO New York,87897.06,31471.94,387,113244.3,101906.31,38483.02,422,123486.03,1424,1215,209,1745,1608,0
MV-92345,Women Leather Belts Modern,CRM,Cognac,Leather Goods,Women,Belts,Leather Belts,MVS,MV Signature,100,20,A800,MV SOHO New York,531570.75,178762.9,607,662658.9,383858.75,121049.48,474,517463.45,1440,1286,154,1031,743,0
MV-27892,Men Suit Trousers Modern,TRP,Taupe,Ready-to-Wear,Men,Suits,Suit Trousers,MV,Maison Voss,100,20,A800,MV SOHO New York,8157.8,2771.49,22,10769.91,5552.93,1850.41,15,7343.12,47,42,5,33,24,0
MV-52176,Women Check-In Relaxed,RSE,Rose Poudre,Leather Goods,Women,Luggage,Check-In,MVS,MV Signature,100,20,A800,MV SOHO New York,140266.8,37364.66,136,203302.58,136191.6,46105.61,123,183869.25,489,352,137,492,374,0
MV-50213,Women Tops Slim,CRM,Creme,Ready-to-Wear,Women,Tops,Tops,MV,Maison Voss,100,20,A800,MV SOHO New York,39687.5,14638.24,93,54962.6,49436.01,12945.3,115,67964.5,96,61,35,106,87,0
MV-76542,Men Suit Sets Modern,TRP,Taupe,Ready-to-Wear,Men,Suits,Suit Sets,MVS,MV Signature,100,20,A800,MV SOHO New York,109839.34,28283.71,466,148568.85,93964.59,35140.21,429,136772.61,1859,1712,147,1601,965,0
MV-59834,Women Skirts,RSE,Rose Poudre,Ready-to-Wear,Women,Bottoms,Skirts,MVS,MV Signature,100,20,A800,MV SOHO New York,6796.14,2318.41,19,9470.52,7111.38,2301.16,20,9968.97,40,31,9,40,38,0
MV-40005,Men Silk Scarves Classic,NVY,Navy,Accessories,Men,Scarves,Silk Scarves,MVS,MV Signature,100,20,A800,MV SOHO New York,16150.16,5323.22,54,19184.22,10871.27,3964.77,40,14210.53,31,19,12,18,13,0
MV-17331,Women Key Holders Relaxed,CRM,Cognac,Leather Goods,Women,Small Leather Goods,Key Holders,MVS,MV Signature,100,50,A800,MV SOHO New York,154086.33,42236.49,318,193354.84,116903.59,38224.3,250,152008.52,406,271,135,259,251,0
MV-69829,Men Ballet Flats Slim,TAN,Tan,Footwear,Men,Flats,Ballet Flats,MV,Maison Voss,100,70,A800,MV SOHO New York,9631.9,3049.16,12,13367.23,9682.37,2686.19,12,13367.23,10,8,2,12,7,0
MV-46559,Men Ballet Flats Luxe,CRM,Creme,Footwear,Men,Flats,Ballet Flats,MV,Maison Voss,100,50,A800,MV SOHO New York,73312.7,23104.34,154,96536.45,59538.76,18494.27,116,72715.77,388,312,76,335,249,0
MV-94058,Women Chain Belts,TRP,Taupe,Leather Goods,Women,Belts,Chain Belts,MVS,MV Signature,100,70,A800,MV SOHO New York,57371.26,19838.65,133,74207.0,65396.99,21199.77,162,90387.47,122,86,36,176,123,0
MV-42087,Men Slides Slim,CRM,Creme,Footwear,Men,Flats,Slides,MV,Maison Voss,100,20,A800,MV SOHO New York,47606.14,13722.08,92,61712.26,43918.44,15300.4,80,53662.84,281,216,65,221,143,0
MV-68929,Women Crossbody Bags Relaxed,TAN,Tan,Leather Goods,Women,Handbags,Crossbody Bags,MV,Maison Voss,100,20,A800,MV SOHO New York,44784.56,13418.41,114,65026.41,61814.82,16997.45,140,79856.99,368,269,99,450,392,0
MV-72031,Women Blazers,GRG,Greige,Ready-to-Wear,Women,Suits,Blazers,MV,Maison Voss,100,20,A800,MV SOHO New York,63795.12,18766.51,172,74094.84,59210.64,17021.7,176,75817.97,249,150,99,237,209,0
MV-52415,Men Jeans Relaxed,BRG,Bordeaux,Ready-to-Wear,Men,Bottoms,Jeans,MV,Maison Voss,100,70,A800,MV SOHO New York,19928.2,6210.32,40,24769.74,20358.86,7009.81,39,24150.5,144,121,23,134,126,0
