plm_style_code,style_description,color_code,colorway_short_description,gmh_sector_text,gmh_gender_text,gmh_category_text,gmh_sub_category_text,gmh_sub_brand_code,gmh_sub_brand_text,company_code,distribution_channel_code,site_number,site_text,netslsamt_cy,netslscstmerch_cy,netslsqty_cy,netmsrpamt_cy,netslsamt_ly,netslscstmerch_ly,netslsqty_ly,netmsrpamt_ly,eohttlqty_cy,eohstrqty_cy,intranqty_cy,eohttlqty_ly,eohstrqty_ly,intranqty_ly
MV-64377,Women Trousers Essential,BEG,Beige,Ready-to-Wear,Women,Bottoms,Trousers,MVS,MV Signature,300,50,EU_F07M,MV Flagship Paris,20934.43,6701.53,56,27257.82,22441.34,7132.86,61,29691.55,68,43,25,75,52,0
MV-79942,Men Blazers Essential,VRT,Vert,Ready-to-Wear,Men,Outerwear,Blazers,MVS,MV Signature,300,20,EU_F07M,MV Flagship Paris,4234.53,1217.62,17,6306.84,4086.86,1379.28,16,5935.85,47,36,11,51,30,0
MV-70648,Women Tops,BEG,Beige,Ready-to-Wear,Women,Tops,Tops,MV,Maison Voss,300,50,EU_F07M,MV Flagship Paris,11220.11,3025.25,29,13450.78,13185.99,4486.85,36,16697.53,113,80,33,129,88,0
MV-86556,Women Evening Dresses Classic,CHP,Champagne,Ready-to-Wear,Women,Dresses,Evening Dresses,MV,Maison Voss,300,20,EU_F07M,MV Flagship Paris,6738.74,2129.14,13,8329.98,5720.86,1965.17,10,6407.67,32,30,2,25,15,0
MV-47243,Men Boots Heritage,SBL,Sable,Footwear,Men,Heels,Boots,MV,Maison Voss,300,20,EU_F07M,MV Flagship Paris,15195.38,4197.37,23,19175.22,12274.58,4260.58,18,15006.7,66,49,17,57,51,0
MV-74866,Women Wool Scarves Luxe,BLU,Bleu Marine,Accessories,Women,Scarves,Wool Scarves,MV,Maison Voss,300,20,EU_F07M,MV Flagship Paris,4071.25,1163.0,9,5616.45,4939.17,1630.18,10,6240.5,30,18,12,40,34,0
MV-99173,Women Card Holders Modern,TAN,Tan,Leather Goods,Women,Small Leather Goods,Card Holders,MV,Maison Voss,300,50,EU_F07M,MV Flagship Paris,8352.4,2435.32,8,11951.88,7020.14,1946.56,6,8963.91,30,21,9,24,17,0
MV-19862,Men Pumps Slim,TRP,Taupe,Footwear,Men,Heels,Pumps,MV,Maison Voss,300,50,EU_F07M,MV Flagship Paris,14393.53,5354.33,20,19717.05,11998.64,3403.09,17,16759.49,40,34,6,30,28,0
MV-75308,Men Ballet Flats,GRG,Greige,Footwear,Men,Flats,Ballet Flats,MVS,MV Signature,300,70,EU_F07M,MV Flagship Paris,4526.94,1171.66,15,5711.79,3610.41,1090.71,12,4569.43,32,26,6,29,19,0
MV-20993,Men Wool Scarves Slim,TRP,Taupe,Accessories,Men,Scarves,Wool Scarves,MV,Maison Voss,300,50,EU_F07M,MV Flagship Paris,7917.32,2013.9,20,11072.47,6963.15,1810.24,19,10518.85,56,33,23,54,53,0
MV-23979,Women Check-In Relaxed,NVY,Navy,Leather Goods,Women,Luggage,Check-In,MV,Maison Voss,300,50,EU_F07M,MV Flagship Paris,4508.83,1662.21,7,5850.78,3582.58,934.28,6,5014.96,7,5,2,6,5,0
MV-99224,Men Day Dresses Relaxed,BLU,Bleu Marine,Ready-to-Wear,Men,Dresses,Day Dresses,MVS,MV Signature,300,30,EU_F07M,MV Flagship Paris,4406.85,1637.17,10,5836.18,3102.5,1095.02,8,4668.94,11,10,1,8,6,0
MV-23238,Women Knitwear Essential,ECR,Ecru,Ready-to-Wear,Women,Tops,Knitwear,MV,Maison Voss,300,70,EU_F07M,MV Flagship Paris,1011.26,281.66,2,1232.38,1111.1,330.89,2,1232.38,7,5,2,10,8,0
MV-43681,Men Low Top Luxe,IVR,Ivoire,Footwear,Men,Sneakers,Low Top,MV,Maison Voss,300,20,EU_F07M,MV Flagship Paris,444.4,156.6,1,594.35,433.95,160.33,1,594.35,0,0,0,0,0,0
MV-59834,Women Skirts,BEG,Beige,Ready-to-Wear,Women,Bottoms,Skirts,MVS,MV Signature,300,30,EU_F07M,MV Flagship Paris,4071.61,1085.51,6,5648.19,4972.42,1597.4,7,6589.55,19,15,4,21,19,0
MV-69446,Unisex Evening Dresses Modern,VRT,Vert,Ready-to-Wear,Unisex,Dresses,Evening Dresses,MV,Maison Voss,300,70,EU_F07M,MV Flagship Paris,388.77,109.35,1,548.38,400.39,116.84,1,548.38,2,1,1,1,0,0
MV-53228,Women Shoulder Bags Essential,CRM,Creme,Leather Goods,Women,Handbags,Shoulder Bags,MV,Maison Voss,300,20,EU_F07M,MV Flagship Paris,1499.19,482.84,2,1938.41,1483.27,447.88,2,1938.41,6,5,1,5,4,0
MV-17816,Women Trousers Slim,NOI,Noir,Ready-to-Wear,Women,Bottoms,Trousers,MV,Maison Voss,300,20,EU_F07M,MV Flagship Paris,16756.32,5045.0,38,21483.66,18374.72,6956.19,43,24310.46,76,52,24,100,86,0
MV-20543,Men Check-In Classic,NOI,Noir,Leather Goods,Men,Luggage,Check-In,MVS,MV Signature,300,20,EU_F07M,MV Flagship Paris,456.77,138.05,1,641.92,0.0,0.0,0,0.0,3,2,1,2,1,0
MV-84341,Men Sandals Signature,CHP,Champagne,Footwear,Men,Heels,Sandals,MV,Maison Voss,300,70,EU_F07M,MV Flagship Paris,15301.69,4517.51,24,20511.4,11389.35,3797.44,20,17092.83,92,66,26,84,81,0
MV-20682,Men Loafers Slim,BLU,Bleu Marine,Footwear,Men,Flats,Loafers,MVS,MV Signature,300,30,EU_F07M,MV Flagship Paris,1939.5,647.42,7,2522.17,1726.15,597.04,6,2161.86,11,10,1,11,8,0
MV-82135,Women Trousers Slim,BEG,Beige,Ready-to-Wear,Women,Bottoms,Trousers,MVS,MV Signature,300,50,EU_F07M,MV Flagship Paris,16226.71,5827.49,47,21086.18,11416.22,3441.75,33,14805.19,48,30,18,32,26,0
MV-82512,Women Shorts Heritage,BRG,Bordeaux,Ready-to-Wear,Women,Bottoms,Shorts,MV,Maison Voss,300,20,EU_F07M,MV Flagship Paris,5746.07,2064.18,15,7849.75,4840.88,1535.71,13,6803.12,49,37,12,38,28,0
MV-69829,Men Ballet Flats Slim,TAN,Tan,Footwear,Men,Flats,Ballet Flats,MV,Maison Voss,300,50,EU_F07M,MV Flagship Paris,1899.81,572.68,8,2301.57,1702.17,499.79,8,2301.57,25,20,5,29,24,0
MV-23579,Men Cat Eye,BRG,Bordeaux,Accessories,Men,Sunglasses,Cat Eye,MVS,MV Signature,300,20,EU_F07M,MV Flagship Paris,9420.95,3344.32,16,12779.52,8287.59,2582.0,15,11980.8,46,33,13,38,26,0
MV-48504,Women Slides Signature,IVR,Ivoire,Footwear,Women,Flats,Slides,MVS,MV Signature,300,50,EU_F07M,MV Flagship Paris,6990.11,2542.24,11,9610.94,7508.23,2353.42,13,11358.38,22,21,1,24,23,0
MV-64377,Women Trousers Essential,BRG,Bordeaux,Ready-to-Wear,Women,Bottoms,Trousers,MVS,MV Signature,300,20,EU_F07M,MV Flagship Paris,3664.69,1357.04,19,5074.54,3055.89,857.39,17,4540.37,38,29,9,34,26,0
MV-85965,Men Fedoras Signature,VRT,Vert,Accessories,Men,Hats,Fedoras,MV,Maison Voss,300,20,EU_F07M,MV Flagship Paris,528.07,200.54,2,686.34,523.71,139.93,2,686.34,2,1,1,2,1,0
MV-27139,Men Jackets Signature,NOI,Noir,Ready-to-Wear,Men,Outerwear,Jackets,MVS,MV Signature,300,50,EU_F07M,MV Flagship Paris,84154.42,21169.23,134,113863.64,70635.89,23809.0,117,99418.26,161,139,22,140,88,0
MV-73532,Women Midi Dresses Modern,ECR,Ecru,Ready-to-Wear,Women,Dresses,Midi Dresses,MVS,MV Signature,300,70,EU_F07M,MV Flagship Paris,4723.16,1599.53,12,6450.88,5369.95,1596.24,13,6988.45,7,5,2,7,4,0
MV-81364,Unisex Crossbody Bags Signature,ARG,Argent,Leather Goods,Unisex,Handbags,Crossbody Bags,MVS,MV Signature,300,50,EU_F07M,MV Flagship Paris,3796.6,1389.97,9,5397.44,3154.57,1063.49,8,4797.72,34,22,12,38,28,0
MV-90301,Men High Top,IVR,Ivoire,Footwear,Men,Sneakers,High Top,MVS,MV Signature,300,20,EU_F07M,MV Flagship Paris,10329.07,2790.53,28,15391.79,9004.88,2638.19,22,12093.55,48,40,8,45,35,0
MV-86484,Men Blazers Essential,CAM,Camel,Ready-to-Wear,Men,Suits,Blazers,MV,Maison Voss,300,20,EU_F07M,MV Flagship Paris,5560.83,2090.41,10,7504.2,5101.95,1611.92,10,7504.2,26,18,8,30,28,0
MV-97782,Women Leather Belts Signature,CHP,Champagne,Leather Goods,Women,Belts,Leather Belts,MV,Maison Voss,300,20,EU_F07M,MV Flagship Paris,32856.3,8770.1,41,44359.8,40702.88,12213.3,52,56261.21,29,24,5,35,21,0
MV-99381,Women Fedoras Signature,ANT,Anthracite,Accessories,Women,Hats,Fedoras,MVS,MV Signature,300,70,EU_F07M,MV Flagship Paris,5484.69,1886.82,14,6536.75,5347.68,1476.45,15,7003.67,55,47,8,73,55,0
MV-53025,Men Loafers Heritage,NOI,Noir,Footwear,Men,Flats,Loafers,MV,Maison Voss,300,30,EU_F07M,MV Flagship Paris,20944.89,5449.04,29,27875.19,24976.17,7381.62,36,34603.69,56,52,4,83,68,0
MV-71537,Women Trousers Heritage,ANT,Anthracite,Ready-to-Wear,Women,Bottoms,Trousers,MVS,MV Signature,300,20,EU_F07M,MV Flagship Paris,1248.75,379.37,2,1732.82,546.09,200.75,1,866.41,1,0,1,0,0,0
MV-20682,Men Loafers Slim,NVY,Navy,Footwear,Men,Flats,Loafers,MVS,MV Signature,300,20,EU_F07M,MV Flagship Paris,21343.35,7347.55,43,30620.74,15552.99,3963.54,31,22075.42,126,115,11,101,100,0
MV-88222,Men Suit Trousers Heritage,CRM,Cognac,Ready-to-Wear,Men,Suits,Suit Trousers,MV,Maison Voss,300,20,EU_F07M,MV Flagship Paris,12051.83,3504.19,30,16491.14,8386.45,2338.76,21,11543.8,19,11,8,15,10,0
MV-66531,Unisex Key Holders Modern,NVY,Navy,Leather Goods,Unisex,Small Leather Goods,Key Holders,MVS,MV Signature,300,30,EU_F07M,MV Flagship Paris,3872.9,1448.38,5,5253.18,2060.43,611.94,3,3151.91,14,11,3,12,8,0
MV-39389,Women Mules Modern,GRG,Greige,Footwear,Women,Heels,Mules,MVS,MV Signature,300,50,EU_F07M,MV Flagship Paris,1593.15,480.59,3,2124.77,1468.32,367.49,3,2124.77,1,0,1,1,0,0
MV-51441,Women Jackets Modern,CRM,Creme,Ready-to-Wear,Women,Outerwear,Jackets,MVS,MV Signature,300,20,EU_F07M,MV Flagship Paris,2178.56,646.69,8,3050.96,1675.33,599.46,6,2288.22,22,15,7,20,15,0
MV-64377,Women Trousers Essential,ANT,Anthracite,Ready-to-Wear,Women,Bottoms,Trousers,MVS,MV Signature,300,30,EU_F07M,MV Flagship Paris,16211.39,5075.47,86,23058.73,19215.58,5127.72,97,26008.1,256,183,73,262,186,0
MV-27486,Women Mules Classic,GRG,Greige,Footwear,Women,Heels,Mules,MVS,MV Signature,300,50,EU_F07M,MV Flagship Paris,1773.96,485.82,6,2144.55,1666.79,441.32,6,2144.55,16,10,6,17,14,0
MV-21542,Women Clutches Signature,ECR,Ecru,Leather Goods,Women,Handbags,Clutches,MVS,MV Signature,300,50,EU_F07M,MV Flagship Paris,5488.35,1477.25,14,7319.12,5108.12,1352.01,14,7319.12,33,22,11,30,20,0
MV-94323,Women Round Frames Classic,TAN,Tan,Accessories,Women,Sunglasses,Round Frames,MVS,MV Signature,300,20,EU_F07M,MV Flagship Paris,395.8,129.37,1,520.86,384.68,136.97,1,520.86,3,2,1,2,1,0
MV-96341,Women Card Holders Signature,RSE,Rose Poudre,Leather Goods,Women,Small Leather Goods,Card Holders,MVS,MV Signature,300,20,EU_F07M,MV Flagship Paris,8444.98,2661.32,11,12572.8,8433.32,2871.53,11,12572.8,41,39,2,47,40,0
MV-67104,Men Sandals Essential,BLU,Bleu Marine,Footwear,Men,Heels,Sandals,MV,Maison Voss,300,20,EU_F07M,MV Flagship Paris,15640.07,4893.21,19,18576.52,16647.53,5374.69,20,19554.23,24,18,6,29,23,0
MV-18799,Women Jeans Modern,IVR,Ivoire,Ready-to-Wear,Women,Bottoms,Jeans,MV,Maison Voss,300,70,EU_F07M,MV Flagship Paris,42859.34,12591.44,70,59645.86,49033.49,13250.29,81,69018.79,279,207,72,274,258,0
MV-36318,Women Ankle Boots Slim,CRM,Creme,Footwear,Women,Boots,Ankle Boots,MV,Maison Voss,300,50,EU_F07M,MV Flagship Paris,12538.22,3959.49,16,14494.16,15120.99,5254.85,20,18117.7,31,25,6,40,28,0
MV-83975,Unisex Baseball Caps Classic,GRG,Greige,Accessories,Unisex,Hats,Baseball Caps,MVS,MV Signature,300,20,EU_F07M,MV Flagship Paris,16263.2,4609.01,39,21369.93,13288.24,4286.15,33,18082.25,115,76,39,78,61,0
MV-76039,Women Boots Relaxed,VRT,Vert,Footwear,Women,Heels,Boots,MVS,MV Signature,300,50,EU_F07M,MV Flagship Paris,5198.02,1671.69,18,6456.42,4473.39,1176.36,15,5380.35,30,28,2,24,18,0
MV-28191,Women Chelsea Boots Luxe,CHP,Champagne,Footwear,Women,Boots,Chelsea Boots,MV,Maison Voss,300,20,EU_F07M,MV Flagship Paris,477.83,178.47,1,683.84,507.36,139.89,1,683.84,1,0,1,1,0,0
MV-53025,Men Loafers Heritage,NVY,Navy,Footwear,Men,Flats,Loafers,MV,Maison Voss,300,20,EU_F07M,MV Flagship Paris,5894.48,2035.05,8,7272.74,6377.32,1647.62,9,8181.83,23,17,6,32,23,0
MV-43491,Women Earrings Heritage,VRT,Vert,Accessories,Women,Jewelry,Earrings,MV,Maison Voss,300,20,EU_F07M,MV Flagship Paris,9514.46,3470.09,19,11873.67,13165.71,4661.03,24,14998.32,31,29,2,38,26,0
MV-83975,Unisex Baseball Caps Classic,TAN,Tan,Accessories,Unisex,Hats,Baseball Caps,MVS,MV Signature,300,20,EU_F07M,MV Flagship Paris,29431.17,8325.67,69,34677.45,21685.56,7362.14,51,25631.16,40,31,9,28,17,0
MV-50213,Women Tops Slim,TAN,Tan,Ready-to-Wear,Women,Tops,Tops,MV,Maison Voss,300,50,EU_F07M,MV Flagship Paris,24232.22,8560.6,45,32891.78,25277.19,8120.96,47,34353.63,146,108,38,122,95,0
MV-28776,Women Sandals Essential,TAN,Tan,Footwear,Women,Heels,Sandals,MV,Maison Voss,300,20,EU_F07M,MV Flagship Paris,3701.2,1232.98,6,4455.7,2553.93,731.12,4,2970.47,5,4,1,3,2,0
MV-13761,Women Evening Dresses Luxe,NVY,Navy,Ready-to-Wear,Women,Dresses,Evening Dresses,MVS,MV Signature,300,20,EU_F07M,MV Flagship Paris,3365.89,1119.19,5,4727.51,4293.18,1603.63,6,5673.02,5,4,1,5,4,0
MV-49251,Men Slides Classic,ANT,Anthracite,Footwear,Men,Flats,Slides,MV,Maison Voss,300,20,EU_F07M,MV Flagship Paris,1228.95,399.34,5,1661.76,1362.99,426.94,5,1661.76,6,5,1,8,7,0
MV-64524,Women Check-In Modern,CAM,Camel,Leather Goods,Women,Luggage,Check-In,MV,Maison Voss,300,70,EU_F07M,MV Flagship Paris,48921.18,15331.87,59,73582.91,44757.93,15464.98,50,62358.39,175,159,16,124,102,0
MV-68929,Women Crossbody Bags Relaxed,ANT,Anthracite,Leather Goods,Women,Handbags,Crossbody Bags,MV,Maison Voss,300,20,EU_F07M,MV Flagship Paris,41524.31,15241.63,44,51814.43,49262.21,17355.3,52,61235.23,36,35,1,42,35,0
MV-80807,Men Ballet Flats Heritage,TRP,Taupe,Footwear,Men,Flats,Ballet Flats,MV,Maison Voss,300,20,EU_F07M,MV Flagship Paris,17530.8,5428.48,34,22664.9,21078.67,6716.88,37,24664.74,60,41,19,68,45,0
MV-71953,Women Suit Trousers Relaxed,ARG,Argent,Ready-to-Wear,Women,Suits,Suit Trousers,MVS,MV Signature,300,20,EU_F07M,MV Flagship Paris,3048.74,879.42,11,3726.27,3551.4,1313.09,12,4065.02,36,25,11,41,36,0
MV-27961,Women Blouses Signature,ECR,Ecru,Ready-to-Wear,Women,Tops,Blouses,MV,Maison Voss,300,20,EU_F07M,MV Flagship Paris,9456.13,2584.11,16,10992.32,6775.0,1773.43,11,7557.22,13,11,2,9,6,0
MV-82135,Women Trousers Slim,RSE,Rose Poudre,Ready-to-Wear,Women,Bottoms,Trousers,MVS,MV Signature,300,50,EU_F07M,MV Flagship Paris,3964.84,1484.84,14,4896.35,3215.15,1093.51,12,4196.88,39,36,3,27,21,0
MV-23133,Men Trousers Essential,ECR,Ecru,Ready-to-Wear,Men,Bottoms,Trousers,MV,Maison Voss,300,20,EU_F07M,MV Flagship Paris,1392.81,423.28,6,1833.5,886.8,225.25,4,1222.34,15,12,3,13,9,0
MV-16895,Women Leather Belts Slim,RSE,Rose Poudre,Leather Goods,Women,Belts,Leather Belts,MV,Maison Voss,300,20,EU_F07M,MV Flagship Paris,13934.79,4404.83,16,18364.54,11885.59,4429.66,14,16068.98,51,32,19,41,40,0
MV-96341,Women Card Holders Signature,VRT,Vert,Leather Goods,Women,Small Leather Goods,Card Holders,MVS,MV Signature,300,20,EU_F07M,MV Flagship Paris,1085.07,296.49,1,1435.24,0.0,0.0,0,0.0,1,0,1,1,0,0
MV-79615,Women Midi Dresses Slim,TRP,Taupe,Ready-to-Wear,Women,Dresses,Midi Dresses,MV,Maison Voss,300,70,EU_F07M,MV Flagship Paris,1525.98,512.18,3,2306.92,1740.08,659.48,3,2306.92,4,2,2,4,3,0
MV-73736,Women Key Holders Relaxed,TRP,Taupe,Leather Goods,Women,Small Leather Goods,Key Holders,MV,Maison Voss,300,20,EU_F07M,MV Flagship Paris,47836.28,13481.62,50,60728.9,57309.85,18303.67,63,76518.41,109,81,28,132,121,0
MV-69634,Women Day Dresses Signature,BLU,Bleu Marine,Ready-to-Wear,Women,Dresses,Day Dresses,MVS,MV Signature,300,20,EU_F07M,MV Flagship Paris,14238.21,4249.8,32,18780.38,12924.02,4182.65,27,15845.95,87,73,14,88,82,0
MV-80143,Men Knitwear Classic,ECR,Ecru,Ready-to-Wear,Men,Tops,Knitwear,MVS,MV Signature,300,70,EU_F07M,MV Flagship Paris,8158.69,2983.05,12,10715.13,7290.99,2494.19,10,8929.28,11,7,4,10,6,0
MV-96761,Men Jackets Essential,VRT,Vert,Ready-to-Wear,Men,Outerwear,Jackets,MVS,MV Signature,300,20,EU_F07M,MV Flagship Paris,3334.59,984.83,16,4278.45,2692.28,836.77,14,3743.64,61,52,9,57,35,0
MV-39389,Women Mules Modern,CRM,Creme,Footwear,Women,Heels,Mules,MVS,MV Signature,300,50,EU_F07M,MV Flagship Paris,3073.89,1018.17,10,4299.65,2742.7,871.11,8,3439.72,29,26,3,23,19,0
MV-21164,Men Shorts Relaxed,VRT,Vert,Ready-to-Wear,Men,Bottoms,Shorts,MV,Maison Voss,300,50,EU_F07M,MV Flagship Paris,20364.86,6238.62,31,26965.73,15062.74,5627.55,23,20006.83,65,53,12,41,30,0
MV-20336,Men Blazers Heritage,TRP,Taupe,Ready-to-Wear,Men,Suits,Blazers,MV,Maison Voss,300,50,EU_F07M,MV Flagship Paris,11758.15,3648.89,35,15140.44,11497.17,4121.81,35,15140.44,102,73,29,101,79,0
MV-36318,Women Ankle Boots Slim,GRG,Greige,Footwear,Women,Boots,Ankle Boots,MV,Maison Voss,300,70,EU_F07M,MV Flagship Paris,10268.64,3472.42,33,14035.55,10155.72,2848.14,33,14035.55,97,94,3,111,88,0
MV-62034,Women Necklaces Luxe,GRG,Greige,Accessories,Women,Jewelry,Necklaces,MVS,MV Signature,300,20,EU_F07M,MV Flagship Paris,13083.09,4749.02,29,19426.8,10111.24,2698.07,24,16077.35,30,24,6,27,25,0
MV-78494,Men Suit Sets Essential,CHP,Champagne,Ready-to-Wear,Men,Suits,Suit Sets,MVS,MV Signature,300,20,EU_F07M,MV Flagship Paris,2768.1,982.61,5,4009.46,2334.06,851.76,4,3207.57,4,3,1,2,1,0
MV-87993,Women Fedoras Modern,CAM,Camel,Accessories,Women,Hats,Fedoras,MVS,MV Signature,300,20,EU_F07M,MV Flagship Paris,2814.45,1000.76,9,3496.91,3143.48,1108.87,10,3885.46,11,9,2,14,10,0
MV-87993,Women Fedoras Modern,ECR,Ecru,Accessories,Women,Hats,Fedoras,MVS,MV Signature,300,20,EU_F07M,MV Flagship Paris,3246.42,1220.87,14,3776.34,3607.14,1296.26,16,4315.82,50,37,13,57,48,0
MV-20328,Men Clutches,NOI,Noir,Leather Goods,Men,Handbags,Clutches,MVS,MV Signature,300,50,EU_F07M,MV Flagship Paris,7947.52,2625.63,9,11264.22,6075.86,2100.77,7,8761.06,28,17,11,27,18,0
MV-80798,Men Chain Belts Modern,TRP,Taupe,Leather Goods,Men,Belts,Chain Belts,MV,Maison Voss,300,50,EU_F07M,MV Flagship Paris,34733.54,9986.27,32,45786.88,48135.9,17547.48,40,57233.6,37,32,5,43,31,0
MV-23133,Men Trousers Essential,CRM,Creme,Ready-to-Wear,Men,Bottoms,Trousers,MV,Maison Voss,300,20,EU_F07M,MV Flagship Paris,4019.7,1161.28,9,5081.34,3965.73,1345.28,8,4516.74,23,15,8,19,17,0
MV-13761,Women Evening Dresses Luxe,ARG,Argent,Ready-to-Wear,Women,Dresses,Evening Dresses,MVS,MV Signature,300,50,EU_F07M,MV Flagship Paris,1857.31,667.09,3,2264.96,1799.28,608.8,3,2264.96,8,5,3,7,5,0
MV-19862,Men Pumps Slim,ECR,Ecru,Footwear,Men,Heels,Pumps,MV,Maison Voss,300,20,EU_F07M,MV Flagship Paris,5024.39,1530.83,11,6916.84,6480.07,1937.98,14,8803.25,5,4,1,7,5,0
MV-28714,Men Trousers Luxe,ECR,Ecru,Ready-to-Wear,Men,Bottoms,Trousers,MV,Maison Voss,300,20,EU_F07M,MV Flagship Paris,40452.7,13628.8,90,51277.32,38095.79,14208.86,86,48998.32,292,267,25,287,265,0
MV-32527,Women Mules Luxe,CHP,Champagne,Footwear,Women,Heels,Mules,MV,Maison Voss,300,20,EU_F07M,MV Flagship Paris,1304.17,446.2,5,1858.45,1092.22,403.84,4,1486.76,10,9,1,10,9,0
MV-26704,Men Pouches Classic,BLU,Bleu Marine,Leather Goods,Men,Small Leather Goods,Pouches,MVS,MV Signature,300,20,EU_F07M,MV Flagship Paris,6968.87,2115.25,21,9740.95,8048.84,2149.08,23,10668.66,68,57,11,87,74,0
MV-24316,Women Low Top Relaxed,ARG,Argent,Footwear,Women,Sneakers,Low Top,MV,Maison Voss,300,20,EU_F07M,MV Flagship Paris,8049.17,2868.45,13,9681.94,5299.68,1834.55,9,6702.88,6,4,2,4,3,0
MV-47243,Men Boots Heritage,BRG,Bordeaux,Footwear,Men,Heels,Boots,MV,Maison Voss,300,20,EU_F07M,MV Flagship Paris,247.0,66.83,1,357.15,0.0,0.0,0,0.0,3,1,2,1,0,0
MV-78955,Women Pouches Modern,BLU,Bleu Marine,Leather Goods,Women,Small Leather Goods,Pouches,MV,Maison Voss,300,20,EU_F07M,MV Flagship Paris,13601.26,3514.43,15,17416.14,15728.76,5848.5,17,19738.29,49,34,15,48,29,0
MV-92345,Women Leather Belts Modern,BRG,Bordeaux,Leather Goods,Women,Belts,Leather Belts,MVS,MV Signature,300,70,EU_F07M,MV Flagship Paris,19299.07,5131.08,28,23514.91,17112.21,5996.49,28,23514.91,106,86,20,117,77,0
MV-48177,Women Card Holders Essential,BRG,Bordeaux,Leather Goods,Women,Small Leather Goods,Card Holders,MV,Maison Voss,300,50,EU_F07M,MV Flagship Paris,14077.79,4062.99,16,19841.16,12599.88,4446.41,13,16120.95,22,16,6,17,16,0
MV-77538,Men Check-In Signature,RSE,Rose Poudre,Leather Goods,Men,Luggage,Check-In,MV,Maison Voss,300,50,EU_F07M,MV Flagship Paris,27716.66,9922.87,47,33123.33,26747.08,9527.56,51,35942.34,182,180,2,163,150,0
MV-85156,Women Chain Belts Essential,ANT,Anthracite,Leather Goods,Women,Belts,Chain Belts,MV,Maison Voss,300,20,EU_F07M,MV Flagship Paris,3839.21,1303.25,7,5435.6,4016.7,1235.65,7,5435.6,7,6,1,8,4,0
MV-41358,Men Chelsea Boots Heritage,NOI,Noir,Footwear,Men,Boots,Chelsea Boots,MV,Maison Voss,300,20,EU_F07M,MV Flagship Paris,592.5,204.7,2,776.52,314.45,112.29,1,388.26,4,2,2,3,2,0
MV-57943,Women Shorts Essential,VRT,Vert,Ready-to-Wear,Women,Bottoms,Shorts,MV,Maison Voss,300,30,EU_F07M,MV Flagship Paris,30249.64,9851.31,63,37287.12,27783.5,7899.37,55,32552.24,138,111,27,138,88,0
MV-96870,Women Day Dresses Relaxed,CHP,Champagne,Ready-to-Wear,Women,Dresses,Day Dresses,MVS,MV Signature,300,70,EU_F07M,MV Flagship Paris,5286.69,1548.01,11,6981.68,5189.09,1674.97,11,6981.68,8,7,1,8,7,0
MV-73736,Women Key Holders Relaxed,TRP,Taupe,Leather Goods,Women,Small Leather Goods,Key Holders,MV,Maison Voss,300,20,EU_F07M,MV Flagship Paris,13789.53,3601.34,19,17271.69,17142.0,5992.03,23,20907.84,32,21,11,37,33,0
MV-39389,Women Mules Modern,CHP,Champagne,Footwear,Women,Heels,Mules,MVS,MV Signature,300,50,EU_F07M,MV Flagship Paris,24809.05,6993.4,36,33922.46,20850.8,6819.01,33,31095.58,103,63,40,84,58,0
MV-85965,Men Fedoras Signature,CAM,Camel,Accessories,Men,Hats,Fedoras,MV,Maison Voss,300,20,EU_F07M,MV Flagship Paris,2840.29,958.39,9,3640.86,2097.54,699.42,7,2831.78,13,9,4,9,7,0
MV-77033,Women Weekender Modern,ARG,Argent,Leather Goods,Women,Luggage,Weekender,MVS,MV Signature,300,20,EU_F07M,MV Flagship Paris,13516.86,3731.26,29,17212.19,10722.36,3928.83,25,14838.1,73,64,9,74,72,0
MV-81364,Unisex Crossbody Bags Signature,ROG,Rouge,Leather Goods,Unisex,Handbags,Crossbody Bags,MVS,MV Signature,300,50,EU_F07M,MV Flagship Paris,2234.07,604.97,3,2788.07,2224.28,765.0,3,2788.07,2,1,1,2,1,0
MV-44664,Women Shoulder Bags Modern,ECR,Ecru,Leather Goods,Women,Handbags,Shoulder Bags,MVS,MV Signature,300,30,EU_F07M,MV Flagship Paris,3286.16,1195.79,7,4620.52,3188.37,978.98,6,3960.45,26,22,4,28,24,0
MV-12671,Men Ballet Flats Slim,TAN,Tan,Footwear,Men,Flats,Ballet Flats,MVS,MV Signature,300,20,EU_F07M,MV Flagship Paris,1579.33,402.21,3,1994.64,1072.65,368.36,2,1329.76,9,7,2,7,6,0
MV-37535,Men Shirts Relaxed,CAM,Camel,Ready-to-Wear,Men,Tops,Shirts,MVS,MV Signature,300,70,EU_F07M,MV Flagship Paris,18012.59,5098.1,38,25878.29,19275.58,4831.62,43,29283.33,56,51,5,75,69,0
MV-54185,Men Trousers Heritage,NOI,Noir,Ready-to-Wear,Men,Bottoms,Trousers,MVS,MV Signature,300,20,EU_F07M,MV Flagship Paris,2820.34,758.52,5,3829.95,2304.89,795.87,4,3063.96,18,14,4,19,11,0
MV-24530,Women Day Dresses Luxe,VRT,Vert,Ready-to-Wear,Women,Dresses,Day Dresses,MVS,MV Signature,300,20,EU_F07M,MV Flagship Paris,14076.88,4789.72,29,16691.97,11526.22,3416.5,27,15540.8,68,66,2,64,45,0
MV-23238,Women Knitwear Essential,CHP,Champagne,Ready-to-Wear,Women,Tops,Knitwear,MV,Maison Voss,300,20,EU_F07M,MV Flagship Paris,26220.96,6660.05,66,33230.82,24012.11,9120.08,63,31720.33,128,86,42,135,124,0
MV-74038,Women Pouches,TRP,Taupe,Leather Goods,Women,Small Leather Goods,Pouches,MV,Maison Voss,300,20,EU_F07M,MV Flagship Paris,18590.45,5548.62,17,23936.46,23149.3,7506.05,19,26752.52,56,41,15,65,47,0
MV-96275,Women Coats Essential,BRG,Bordeaux,Ready-to-Wear,Women,Outerwear,Coats,MV,Maison Voss,300,20,EU_F07M,MV Flagship Paris,10541.93,3018.19,18,12358.77,12306.25,4538.3,21,14418.57,67,54,13,73,44,0
MV-63843,Women Midi Dresses Essential,TRP,Taupe,Ready-to-Wear,Women,Dresses,Midi Dresses,MVS,MV Signature,300,20,EU_F07M,MV Flagship Paris,8925.81,2362.0,14,11477.88,9679.61,3030.01,15,12297.73,34,28,6,38,28,0
MV-89963,Women Cat Eye Luxe,CHP,Champagne,Accessories,Women,Sunglasses,Cat Eye,MV,Maison Voss,300,20,EU_F07M,MV Flagship Paris,2561.0,680.66,9,3206.48,1949.29,585.19,7,2493.93,8,7,1,7,5,0
MV-26505,Men Leather Belts Relaxed,CHP,Champagne,Leather Goods,Men,Belts,Leather Belts,MV,Maison Voss,300,20,EU_F07M,MV Flagship Paris,13450.03,4382.67,14,18931.94,11504.77,4161.74,12,16227.38,21,13,8,17,12,0
MV-65296,Women Ankle Boots Slim,NOI,Noir,Footwear,Women,Boots,Ankle Boots,MV,Maison Voss,300,30,EU_F07M,MV Flagship Paris,12519.79,3965.44,21,16870.81,8842.07,2918.47,15,12050.58,22,18,4,17,11,0
MV-26704,Men Pouches Classic,CAM,Camel,Leather Goods,Men,Small Leather Goods,Pouches,MVS,MV Signature,300,50,EU_F07M,MV Flagship Paris,96013.24,24623.76,98,133808.74,124580.11,44769.48,120,163847.43,125,114,11,178,144,0
MV-55830,Women Jeans Heritage,NVY,Navy,Ready-to-Wear,Women,Bottoms,Jeans,MV,Maison Voss,300,20,EU_F07M,MV Flagship Paris,37960.85,12099.49,64,53668.39,30121.66,8558.19,52,43605.57,197,133,64,180,118,0
MV-69048,Women Tops Luxe,RSE,Rose Poudre,Ready-to-Wear,Women,Tops,Tops,MV,Maison Voss,300,20,EU_F07M,MV Flagship Paris,8634.89,2684.36,45,11293.3,8575.18,2531.25,44,11042.33,157,112,45,174,111,0
MV-51441,Women Jackets Modern,ECR,Ecru,Ready-to-Wear,Women,Outerwear,Jackets,MVS,MV Signature,300,70,EU_F07M,MV Flagship Paris,18106.16,6699.23,50,24961.22,15778.45,4966.91,41,20468.2,52,44,8,43,31,0
MV-66881,Men Trousers Modern,CHP,Champagne,Ready-to-Wear,Men,Bottoms,Trousers,MV,Maison Voss,300,20,EU_F07M,MV Flagship Paris,4645.31,1633.56,14,6248.49,5098.78,1350.95,15,6694.81,41,25,16,41,38,0
MV-38683,Men Tops Slim,CRM,Cognac,Ready-to-Wear,Men,Tops,Tops,MVS,MV Signature,300,20,EU_F07M,MV Flagship Paris,9781.31,3607.05,24,13804.56,6712.13,2020.16,17,9778.23,17,14,3,11,9,0
MV-65296,Women Ankle Boots Slim,CRM,Cognac,Footwear,Women,Boots,Ankle Boots,MV,Maison Voss,300,20,EU_F07M,MV Flagship Paris,24869.3,6772.04,52,30118.12,22398.13,7869.48,44,25484.56,140,107,33,118,111,0
MV-38183,Men Suit Trousers Essential,ROG,Rouge,Ready-to-Wear,Men,Suits,Suit Trousers,MVS,MV Signature,300,20,EU_F07M,MV Flagship Paris,2802.46,1043.23,11,3443.55,2678.54,727.03,10,3130.5,27,16,11,21,20,0
MV-72031,Women Blazers,GRG,Greige,Ready-to-Wear,Women,Suits,Blazers,MV,Maison Voss,300,20,EU_F07M,MV Flagship Paris,51302.85,14420.39,75,68944.74,47287.47,14949.12,70,64348.43,83,75,8,82,74,0
MV-25396,Women Clutches Slim,BLU,Bleu Marine,Leather Goods,Women,Handbags,Clutches,MVS,MV Signature,300,70,EU_F07M,MV Flagship Paris,12505.12,4204.26,12,16356.73,13694.65,4358.73,14,19082.85,13,12,1,12,9,0
MV-79822,Unisex Fedoras Slim,TAN,Tan,Accessories,Unisex,Hats,Fedoras,MV,Maison Voss,300,20,EU_F07M,MV Flagship Paris,6989.56,2127.89,21,10058.2,9235.24,2396.24,26,12453.01,37,32,5,49,47,0
MV-16839,Unisex Key Holders Luxe,CRM,Creme,Leather Goods,Unisex,Small Leather Goods,Key Holders,MVS,MV Signature,300,20,EU_F07M,MV Flagship Paris,30465.71,10285.42,28,42289.09,22248.98,5883.26,22,33227.14,44,35,9,37,29,0
MV-59015,Unisex Baseball Caps Relaxed,CAM,Camel,Accessories,Unisex,Hats,Baseball Caps,MV,Maison Voss,300,70,EU_F07M,MV Flagship Paris,21950.79,7971.62,69,32072.26,16854.42,4599.24,51,23705.59,258,175,83,213,158,0
MV-72031,Women Blazers,CAM,Camel,Ready-to-Wear,Women,Suits,Blazers,MV,Maison Voss,300,20,EU_F07M,MV Flagship Paris,1861.88,505.13,6,2365.79,2000.83,668.44,7,2760.09,11,8,3,14,13,0
MV-79615,Women Midi Dresses Slim,CRM,Creme,Ready-to-Wear,Women,Dresses,Midi Dresses,MV,Maison Voss,300,20,EU_F07M,MV Flagship Paris,6651.47,2364.95,31,8183.2,4530.15,1584.61,23,6071.41,106,105,1,67,65,0
MV-68493,Women Chain Belts Relaxed,ECR,Ecru,Leather Goods,Women,Belts,Chain Belts,MV,Maison Voss,300,20,EU_F07M,MV Flagship Paris,5967.52,1889.16,17,8115.24,4031.9,1495.89,12,5728.41,42,31,11,25,24,0
MV-83975,Unisex Baseball Caps Classic,ECR,Ecru,Accessories,Unisex,Hats,Baseball Caps,MVS,MV Signature,300,20,EU_F07M,MV Flagship Paris,1980.65,710.72,7,2724.12,1412.78,504.0,5,1945.8,6,5,1,4,3,0
MV-46421,Women Knee High Slim,TRP,Taupe,Footwear,Women,Boots,Knee High,MVS,MV Signature,300,50,EU_F07M,MV Flagship Paris,18848.42,5334.69,34,25123.42,20730.03,7047.01,41,30295.88,101,94,7,140,101,0
MV-19869,Women Wool Scarves Slim,VRT,Vert,Accessories,Women,Scarves,Wool Scarves,MVS,MV Signature,300,20,EU_F07M,MV Flagship Paris,3702.4,1000.81,18,4882.04,2776.2,1042.0,13,3525.92,18,17,1,15,10,0
MV-44335,Women Slides Slim,SBL,Sable,Footwear,Women,Flats,Slides,MV,Maison Voss,300,20,EU_F07M,MV Flagship Paris,7837.39,2143.66,25,10461.33,9320.87,3111.43,28,11716.69,80,63,17,73,45,0
MV-79942,Men Blazers Essential,ARG,Argent,Ready-to-Wear,Men,Outerwear,Blazers,MVS,MV Signature,300,20,EU_F07M,MV Flagship Paris,2484.32,693.9,9,3587.55,2791.43,698.51,9,3587.55,9,6,3,9,6,0
MV-43586,Women Jeans Signature,VRT,Vert,Ready-to-Wear,Women,Bottoms,Jeans,MV,Maison Voss,300,20,EU_F07M,MV Flagship Paris,5441.44,1420.3,15,7521.78,6008.06,1863.89,18,9026.13,33,21,12,37,28,0
MV-28191,Women Chelsea Boots Luxe,ECR,Ecru,Footwear,Women,Boots,Chelsea Boots,MV,Maison Voss,300,50,EU_F07M,MV Flagship Paris,14132.81,4233.94,22,20933.47,12071.63,4183.15,19,18078.91,48,40,8,45,32,0
MV-45986,Women Chain Belts Classic,NOI,Noir,Leather Goods,Women,Belts,Chain Belts,MV,Maison Voss,300,20,EU_F07M,MV Flagship Paris,8055.84,2054.34,12,10431.17,7970.96,2067.97,12,10431.17,33,21,12,42,40,0
MV-64377,Women Trousers Essential,SBL,Sable,Ready-to-Wear,Women,Bottoms,Trousers,MVS,MV Signature,300,20,EU_F07M,MV Flagship Paris,1672.61,432.24,5,2024.39,1052.1,341.67,3,1214.64,5,4,1,3,1,0
MV-54089,Unisex Blazers,NVY,Navy,Ready-to-Wear,Unisex,Outerwear,Blazers,MVS,MV Signature,300,20,EU_F07M,MV Flagship Paris,16754.61,5633.25,75,23872.34,17752.68,5373.49,84,26737.02,246,176,70,274,260,0
MV-26505,Men Leather Belts Relaxed,TAN,Tan,Leather Goods,Men,Belts,Leather Belts,MV,Maison Voss,300,20,EU_F07M,MV Flagship Paris,8794.68,3044.52,16,11879.15,9285.14,3292.87,19,14106.49,10,9,1,10,9,0
MV-62196,Women Blazers,BLU,Bleu Marine,Ready-to-Wear,Women,Outerwear,Blazers,MV,Maison Voss,300,50,EU_F07M,MV Flagship Paris,13590.36,4123.87,30,18483.1,18860.16,5632.0,38,23411.93,102,77,25,134,122,0
MV-48462,Women Ankle Boots Relaxed,NVY,Navy,Footwear,Women,Boots,Ankle Boots,MVS,MV Signature,300,20,EU_F07M,MV Flagship Paris,8009.0,3029.64,12,10872.4,8085.9,3033.11,13,11778.43,35,33,2,37,36,0
MV-37460,Men Jackets Heritage,ECR,Ecru,Ready-to-Wear,Men,Outerwear,Jackets,MV,Maison Voss,300,20,EU_F07M,MV Flagship Paris,4303.8,1515.66,10,5527.9,4354.7,1247.6,10,5527.9,32,24,8,29,18,0
MV-70931,Men Chain Belts Essential,TRP,Taupe,Leather Goods,Men,Belts,Chain Belts,MVS,MV Signature,300,20,EU_F07M,MV Flagship Paris,6602.36,1944.46,12,9205.12,5351.09,1941.82,10,7670.93,11,10,1,9,5,0
MV-44718,Women Day Dresses Slim,BEG,Beige,Ready-to-Wear,Women,Dresses,Day Dresses,MVS,MV Signature,300,50,EU_F07M,MV Flagship Paris,5789.29,1988.86,12,7257.31,6233.92,2293.06,14,8466.87,28,18,10,29,18,0
MV-14705,Men Baseball Caps Modern,SBL,Sable,Accessories,Men,Hats,Baseball Caps,MVS,MV Signature,300,30,EU_F07M,MV Flagship Paris,7120.88,2215.73,18,9524.07,8467.14,2453.35,20,10582.3,23,20,3,28,27,0
MV-98188,Women Knee High Heritage,CRM,Cognac,Footwear,Women,Boots,Knee High,MV,Maison Voss,300,30,EU_F07M,MV Flagship Paris,4520.02,1602.95,18,5610.25,5805.95,2201.47,22,6856.98,24,21,3,23,19,0
MV-57942,Women Chelsea Boots Modern,IVR,Ivoire,Footwear,Women,Boots,Chelsea Boots,MVS,MV Signature,300,20,EU_F07M,MV Flagship Paris,9640.79,2791.83,15,12958.22,9577.88,3018.64,15,12958.22,38,33,5,34,33,0
MV-82910,Men Shirts Signature,CRM,Creme,Ready-to-Wear,Men,Tops,Shirts,MV,Maison Voss,300,50,EU_F07M,MV Flagship Paris,648.52,202.73,3,860.3,647.38,168.94,3,860.3,5,4,1,6,4,0
MV-64524,Women Check-In Modern,TAN,Tan,Leather Goods,Women,Luggage,Check-In,MV,Maison Voss,300,20,EU_F07M,MV Flagship Paris,9830.68,2680.94,15,14692.13,6819.23,2471.81,10,9794.75,18,17,1,10,7,0
MV-84177,Men Leather Belts Classic,BEG,Beige,Leather Goods,Men,Belts,Leather Belts,MV,Maison Voss,300,20,EU_F07M,MV Flagship Paris,2583.62,763.96,4,3674.49,2832.84,905.62,4,3674.49,15,12,3,15,12,0
MV-32527,Women Mules Luxe,IVR,Ivoire,Footwear,Women,Heels,Mules,MV,Maison Voss,300,20,EU_F07M,MV Flagship Paris,1008.91,381.21,3,1453.33,1017.11,319.45,3,1453.33,6,4,2,7,6,0
MV-53228,Women Shoulder Bags Essential,GRG,Greige,Leather Goods,Women,Handbags,Shoulder Bags,MV,Maison Voss,300,50,EU_F07M,MV Flagship Paris,37661.95,10619.17,62,51462.61,35012.49,12477.97,56,46482.36,221,158,63,236,171,0
MV-59015,Unisex Baseball Caps Relaxed,CHP,Champagne,Accessories,Unisex,Hats,Baseball Caps,MV,Maison Voss,300,20,EU_F07M,MV Flagship Paris,7956.38,2760.49,21,11178.99,7623.65,2260.6,18,9581.99,82,71,11,58,56,0
MV-96275,Women Coats Essential,CAM,Camel,Ready-to-Wear,Women,Outerwear,Coats,MV,Maison Voss,300,20,EU_F07M,MV Flagship Paris,11693.15,3666.0,24,15532.52,9593.8,3116.84,20,12943.77,69,45,24,47,37,0
MV-20350,Women Card Holders Essential,VRT,Vert,Leather Goods,Women,Small Leather Goods,Card Holders,MVS,MV Signature,300,20,EU_F07M,MV Flagship Paris,5526.92,1857.16,11,7535.93,6080.58,1874.5,13,8906.09,7,4,3,7,5,0
MV-45986,Women Chain Belts Classic,ANT,Anthracite,Leather Goods,Women,Belts,Chain Belts,MV,Maison Voss,300,50,EU_F07M,MV Flagship Paris,55810.17,16656.2,55,78104.82,38364.62,13492.25,41,58223.6,105,87,18,75,53,0
MV-23979,Women Check-In Relaxed,GRG,Greige,Leather Goods,Women,Luggage,Check-In,MV,Maison Voss,300,70,EU_F07M,MV Flagship Paris,24783.93,8847.56,23,32334.68,19116.77,5457.58,16,22493.69,86,59,27,71,68,0
MV-76039,Women Boots Relaxed,BEG,Beige,Footwear,Women,Heels,Boots,MVS,MV Signature,300,20,EU_F07M,MV Flagship Paris,27340.24,8664.4,33,31785.79,19896.74,6735.48,25,24080.15,35,21,14,22,20,0
MV-74451,Unisex Weekender Modern,NVY,Navy,Leather Goods,Unisex,Luggage,Weekender,MV,Maison Voss,300,50,EU_F07M,MV Flagship Paris,8258.5,2139.14,10,10053.62,6781.37,2250.23,8,8042.89,17,15,2,16,11,0
MV-54589,Women Carry-On Slim,BRG,Bordeaux,Leather Goods,Women,Luggage,Carry-On,MV,Maison Voss,300,20,EU_F07M,MV Flagship Paris,48525.55,16597.0,74,66793.08,60925.03,20647.26,90,81234.83,162,149,13,184,171,0
MV-90301,Men High Top,CRM,Creme,Footwear,Men,Sneakers,High Top,MVS,MV Signature,300,20,EU_F07M,MV Flagship Paris,31336.46,10164.44,39,41851.55,32402.94,8597.41,38,40778.44,63,59,4,71,49,0
MV-79822,Unisex Fedoras Slim,VRT,Vert,Accessories,Unisex,Hats,Fedoras,MV,Maison Voss,300,50,EU_F07M,MV Flagship Paris,15011.66,4798.07,44,18817.38,18210.09,5924.55,51,21811.06,59,54,5,67,45,0
MV-67939,Women Weekender Classic,TRP,Taupe,Leather Goods,Women,Luggage,Weekender,MV,Maison Voss,300,50,EU_F07M,MV Flagship Paris,3550.52,1281.65,4,4264.0,3093.7,1042.42,4,4264.0,6,5,1,5,4,0
MV-71474,Men Loafers Relaxed,BRG,Bordeaux,Footwear,Men,Flats,Loafers,MV,Maison Voss,300,30,EU_F07M,MV Flagship Paris,2677.99,1007.66,7,3353.34,2996.41,1062.65,8,3832.39,25,23,2,36,22,0
MV-12671,Men Ballet Flats Slim,BRG,Bordeaux,Footwear,Men,Flats,Ballet Flats,MVS,MV Signature,300,20,EU_F07M,MV Flagship Paris,5415.65,1669.11,7,7906.67,3197.34,1201.28,4,4518.09,24,15,9,16,12,0
MV-69829,Men Ballet Flats Slim,CRM,Creme,Footwear,Men,Flats,Ballet Flats,MV,Maison Voss,300,20,EU_F07M,MV Flagship Paris,4064.08,1452.91,7,5146.83,2599.13,982.48,5,3676.31,25,16,9,17,15,0
MV-47512,Men Tops Relaxed,BEG,Beige,Ready-to-Wear,Men,Tops,Tops,MVS,MV Signature,300,20,EU_F07M,MV Flagship Paris,20510.82,6923.76,44,27103.64,19208.82,5935.9,39,24023.68,133,129,4,100,79,0
MV-99381,Women Fedoras Signature,CAM,Camel,Accessories,Women,Hats,Fedoras,MVS,MV Signature,300,20,EU_F07M,MV Flagship Paris,183.87,64.64,1,226.21,0.0,0.0,0,0.0,0,0,0,0,0,0
MV-94323,Women Round Frames Classic,RSE,Rose Poudre,Accessories,Women,Sunglasses,Round Frames,MVS,MV Signature,300,50,EU_F07M,MV Flagship Paris,267.79,70.72,1,346.17,0.0,0.0,0,0.0,3,2,1,2,1,0
MV-71537,Women Trousers Heritage,CRM,Creme,Ready-to-Wear,Women,Bottoms,Trousers,MVS,MV Signature,300,20,EU_F07M,MV Flagship Paris,4464.76,1243.56,7,6351.27,4293.19,1353.39,7,6351.27,6,4,2,7,5,0
MV-31798,Women Shoulder Bags Essential,IVR,Ivoire,Leather Goods,Women,Handbags,Shoulder Bags,MV,Maison Voss,300,20,EU_F07M,MV Flagship Paris,4865.57,1705.12,5,6285.84,2895.08,854.04,3,3771.5,9,7,2,7,4,0
MV-56019,Men Shorts Slim,CRM,Creme,Ready-to-Wear,Men,Bottoms,Shorts,MV,Maison Voss,300,20,EU_F07M,MV Flagship Paris,1936.32,634.16,6,2421.63,1478.16,543.28,5,2018.03,8,6,2,7,5,0
MV-57942,Women Chelsea Boots Modern,RSE,Rose Poudre,Footwear,Women,Boots,Chelsea Boots,MVS,MV Signature,300,20,EU_F07M,MV Flagship Paris,26516.09,7669.52,37,37383.57,29878.48,8445.59,46,46476.86,88,56,32,116,115,0
MV-29597,Women Leather Belts,BLU,Bleu Marine,Leather Goods,Women,Belts,Leather Belts,MV,Maison Voss,300,20,EU_F07M,MV Flagship Paris,12365.36,3305.18,19,17570.76,8808.4,2252.91,15,13871.65,38,36,2,29,26,0
MV-12665,Women Suit Trousers Essential,CRM,Creme,Ready-to-Wear,Women,Suits,Suit Trousers,MV,Maison Voss,300,20,EU_F07M,MV Flagship Paris,405.19,117.78,1,544.99,0.0,0.0,0,0.0,2,1,1,1,0,0
MV-49363,Unisex Cashmere Scarves,GRG,Greige,Accessories,Unisex,Scarves,Cashmere Scarves,MVS,MV Signature,300,30,EU_F07M,MV Flagship Paris,5973.27,1522.88,13,7800.1,4952.25,1855.67,10,6000.08,28,24,4,23,20,0
MV-12260,Men Knee High Modern,CRM,Cognac,Footwear,Men,Boots,Knee High,MVS,MV Signature,300,30,EU_F07M,MV Flagship Paris,6613.45,2112.28,12,8147.12,6882.18,2332.37,13,8826.05,13,12,1,14,9,0
MV-39389,Women Mules Modern,ROG,Rouge,Footwear,Women,Heels,Mules,MVS,MV Signature,300,20,EU_F07M,MV Flagship Paris,679.11,222.32,2,841.42,713.5,192.64,2,841.42,1,0,1,1,0,0
MV-20745,Unisex Mini Bags Essential,NOI,Noir,Leather Goods,Unisex,Handbags,Mini Bags,MVS,MV Signature,300,50,EU_F07M,MV Flagship Paris,11885.98,3076.56,26,17187.0,12944.7,4021.28,30,19831.16,67,63,4,69,60,0
MV-94675,Women Trousers Essential,BLU,Bleu Marine,Ready-to-Wear,Women,Bottoms,Trousers,MVS,MV Signature,300,20,EU_F07M,MV Flagship Paris,15232.13,4826.12,28,19308.14,16833.01,5858.33,33,22756.02,90,70,20,93,56,0
MV-44335,Women Slides Slim,NVY,Navy,Footwear,Women,Flats,Slides,MV,Maison Voss,300,20,EU_F07M,MV Flagship Paris,22598.97,6222.02,29,33541.89,21278.79,6549.48,27,31228.65,61,50,11,68,54,0
MV-31581,Men Key Holders Slim,CAM,Camel,Leather Goods,Men,Small Leather Goods,Key Holders,MVS,MV Signature,300,20,EU_F07M,MV Flagship Paris,22554.53,7462.04,30,28239.97,29650.23,10715.19,37,34829.29,99,70,29,108,104,0
MV-67961,Men Wool Scarves Heritage,BLU,Bleu Marine,Accessories,Men,Scarves,Wool Scarves,MV,Maison Voss,300,70,EU_F07M,MV Flagship Paris,590.06,211.57,1,776.73,0.0,0.0,0,0.0,3,2,1,2,1,0
MV-28714,Men Trousers Luxe,ARG,Argent,Ready-to-Wear,Men,Bottoms,Trousers,MV,Maison Voss,300,20,EU_F07M,MV Flagship Paris,15629.91,4145.04,71,19159.15,19716.93,6868.16,89,24016.39,158,148,10,228,205,0
MV-87993,Women Fedoras Modern,ANT,Anthracite,Accessories,Women,Hats,Fedoras,MVS,MV Signature,300,50,EU_F07M,MV Flagship Paris,17325.73,4678.59,39,25548.41,25452.52,9380.74,50,32754.37,85,53,32,95,86,0
MV-52487,Men Mini Bags Luxe,ECR,Ecru,Leather Goods,Men,Handbags,Mini Bags,MV,Maison Voss,300,50,EU_F07M,MV Flagship Paris,51632.05,13887.07,54,73132.49,49215.26,15941.32,56,75841.1,45,34,11,55,49,0
MV-65444,Women Berets,CAM,Camel,Accessories,Women,Hats,Berets,MVS,MV Signature,300,30,EU_F07M,MV Flagship Paris,585.73,176.36,1,791.6,0.0,0.0,0,0.0,3,2,1,2,1,0
MV-96761,Men Jackets Essential,CRM,Cognac,Ready-to-Wear,Men,Outerwear,Jackets,MVS,MV Signature,300,50,EU_F07M,MV Flagship Paris,32817.68,8545.8,62,43648.58,27756.2,9239.85,58,40832.54,33,30,3,34,30,0
MV-46559,Men Ballet Flats Luxe,ANT,Anthracite,Footwear,Men,Flats,Ballet Flats,MV,Maison Voss,300,20,EU_F07M,MV Flagship Paris,28914.76,7949.39,38,36551.37,21324.47,7346.49,30,28856.34,58,52,6,45,35,0
MV-65255,Women Evening Dresses Heritage,CAM,Camel,Ready-to-Wear,Women,Dresses,Evening Dresses,MV,Maison Voss,300,20,EU_F07M,MV Flagship Paris,18830.44,6012.6,42,26003.14,21071.39,7123.51,47,29098.76,107,92,15,130,79,0
MV-88222,Men Suit Trousers Heritage,GRG,Greige,Ready-to-Wear,Men,Suits,Suit Trousers,MV,Maison Voss,300,50,EU_F07M,MV Flagship Paris,1085.91,352.75,2,1460.79,1081.07,287.34,2,1460.79,3,2,1,3,1,0
MV-33647,Men Coats Heritage,SBL,Sable,Ready-to-Wear,Men,Outerwear,Coats,MVS,MV Signature,300,20,EU_F07M,MV Flagship Paris,5739.43,2180.07,31,8125.38,5959.4,2199.64,28,7339.05,106,103,3,99,66,0
MV-62383,Men Berets Relaxed,BLU,Bleu Marine,Accessories,Men,Hats,Berets,MVS,MV Signature,300,50,EU_F07M,MV Flagship Paris,13783.21,5136.81,74,16970.35,12328.34,3890.35,67,15365.05,216,182,34,217,205,0
MV-33647,Men Coats Heritage,BLU,Bleu Marine,Ready-to-Wear,Men,Outerwear,Coats,MVS,MV Signature,300,20,EU_F07M,MV Flagship Paris,10848.64,3251.04,26,15429.96,6986.48,1970.23,18,10682.28,30,25,5,24,22,0
MV-62196,Women Blazers,TAN,Tan,Ready-to-Wear,Women,Outerwear,Blazers,MV,Maison Voss,300,30,EU_F07M,MV Flagship Paris,12502.57,3224.44,19,16596.34,8560.54,3105.89,14,12228.89,12,11,1,9,7,0
MV-67939,Women Weekender Classic,ROG,Rouge,Leather Goods,Women,Luggage,Weekender,MV,Maison Voss,300,20,EU_F07M,MV Flagship Paris,64179.03,22620.86,67,74510.01,64973.27,24433.67,68,75622.1,243,198,45,283,279,0
MV-57942,Women Chelsea Boots Modern,ROG,Rouge,Footwear,Women,Boots,Chelsea Boots,MVS,MV Signature,300,50,EU_F07M,MV Flagship Paris,8862.23,2845.18,13,10934.33,6812.35,2306.91,10,8411.02,27,22,5,25,17,0
MV-54089,Unisex Blazers,SBL,Sable,Ready-to-Wear,Unisex,Outerwear,Blazers,MVS,MV Signature,300,20,EU_F07M,MV Flagship Paris,12577.33,4229.13,21,18043.66,10848.99,3901.93,19,16325.22,23,18,5,24,14,0
MV-35272,Men Check-In Modern,CRM,Creme,Leather Goods,Men,Luggage,Check-In,MV,Maison Voss,300,20,EU_F07M,MV Flagship Paris,14571.27,4365.34,14,19856.93,14776.64,5070.32,14,19856.93,27,23,4,30,28,0
MV-52487,Men Mini Bags Luxe,CHP,Champagne,Leather Goods,Men,Handbags,Mini Bags,MV,Maison Voss,300,20,EU_F07M,MV Flagship Paris,46321.23,14927.6,62,57763.69,58335.65,15423.09,76,70807.1,150,128,22,174,135,0
MV-44099,Women Trousers Essential,TAN,Tan,Ready-to-Wear,Women,Bottoms,Trousers,MVS,MV Signature,300,50,EU_F07M,MV Flagship Paris,650.06,231.47,1,894.12,0.0,0.0,0,0.0,2,1,1,1,0,0
MV-79822,Unisex Fedoras Slim,IVR,Ivoire,Accessories,Unisex,Hats,Fedoras,MV,Maison Voss,300,20,EU_F07M,MV Flagship Paris,10123.9,3420.43,16,12421.72,7800.67,2457.4,12,9316.29,55,37,18,34,27,0
MV-64377,Women Trousers Essential,BEG,Beige,Ready-to-Wear,Women,Bottoms,Trousers,MVS,MV Signature,300,50,EU_F07M,MV Flagship Paris,5299.62,1691.58,26,6924.3,4558.25,1625.26,20,5326.39,103,74,29,72,45,0
MV-30730,Men High Top Luxe,NVY,Navy,Footwear,Men,Sneakers,High Top,MV,Maison Voss,300,50,EU_F07M,MV Flagship Paris,29276.23,8590.31,36,40085.25,21823.57,7384.48,28,31177.41,116,99,17,86,77,0
MV-32527,Women Mules Luxe,GRG,Greige,Footwear,Women,Heels,Mules,MV,Maison Voss,300,70,EU_F07M,MV Flagship Paris,4669.32,1171.45,20,6959.3,5157.25,1408.09,20,6959.3,78,76,2,91,88,0
MV-59672,Women Shoulder Bags Classic,NOI,Noir,Leather Goods,Women,Handbags,Shoulder Bags,MV,Maison Voss,300,20,EU_F07M,MV Flagship Paris,48993.87,13763.89,55,60555.06,42594.94,16064.38,47,51747.06,124,80,44,89,71,0
MV-15958,Men Pumps Heritage,ANT,Anthracite,Footwear,Men,Heels,Pumps,MVS,MV Signature,300,20,EU_F07M,MV Flagship Paris,41102.2,12351.79,66,47410.68,38909.59,10808.01,63,45255.65,67,43,24,56,44,0
MV-73532,Women Midi Dresses Modern,TAN,Tan,Ready-to-Wear,Women,Dresses,Midi Dresses,MVS,MV Signature,300,30,EU_F07M,MV Flagship Paris,319.62,82.78,1,419.16,0.0,0.0,0,0.0,2,1,1,1,0,0
MV-74866,Women Wool Scarves Luxe,CRM,Cognac,Accessories,Women,Scarves,Wool Scarves,MV,Maison Voss,300,50,EU_F07M,MV Flagship Paris,2448.08,844.51,11,3198.56,3002.08,855.29,14,4070.9,16,11,5,21,13,0
MV-78494,Men Suit Sets Essential,BEG,Beige,Ready-to-Wear,Men,Suits,Suit Sets,MVS,MV Signature,300,20,EU_F07M,MV Flagship Paris,419.4,137.41,1,568.71,0.0,0.0,0,0.0,3,2,1,2,1,0
MV-70521,Men Mules Luxe,BRG,Bordeaux,Footwear,Men,Heels,Mules,MV,Maison Voss,300,30,EU_F07M,MV Flagship Paris,5873.36,1560.33,9,8083.57,4820.9,1808.18,7,6287.22,23,14,9,19,13,0
MV-80807,Men Ballet Flats Heritage,TAN,Tan,Footwear,Men,Flats,Ballet Flats,MV,Maison Voss,300,20,EU_F07M,MV Flagship Paris,9078.38,2756.81,17,11150.75,7910.21,2872.57,14,9182.97,51,36,15,44,27,0
MV-15958,Men Pumps Heritage,TRP,Taupe,Footwear,Men,Heels,Pumps,MVS,MV Signature,300,20,EU_F07M,MV Flagship Paris,20131.25,6999.64,56,24959.1,21873.03,7745.51,58,25850.5,119,75,44,109,68,0
MV-31581,Men Key Holders Slim,TAN,Tan,Leather Goods,Men,Small Leather Goods,Key Holders,MVS,MV Signature,300,20,EU_F07M,MV Flagship Paris,40835.58,13014.07,43,59647.25,46673.09,14247.57,51,70744.41,170,126,44,201,150,0
MV-69048,Women Tops Luxe,CRM,Creme,Ready-to-Wear,Women,Tops,Tops,MV,Maison Voss,300,20,EU_F07M,MV Flagship Paris,1618.16,465.42,3,2205.07,1135.94,349.63,2,1470.05,8,5,3,7,5,0
MV-22833,Women Midi Dresses Classic,ARG,Argent,Ready-to-Wear,Women,Dresses,Midi Dresses,MVS,MV Signature,300,20,EU_F07M,MV Flagship Paris,577.67,180.14,2,776.66,604.69,223.29,2,776.66,3,2,1,3,2,0
MV-68529,Men Ankle Boots,ARG,Argent,Footwear,Men,Boots,Ankle Boots,MVS,MV Signature,300,50,EU_F07M,MV Flagship Paris,11079.95,4170.42,20,15382.33,14020.12,3712.24,23,17689.68,61,43,18,60,50,0
MV-93283,Unisex Wallets Luxe,ECR,Ecru,Leather Goods,Unisex,Small Leather Goods,Wallets,MV,Maison Voss,300,20,EU_F07M,MV Flagship Paris,9042.56,3178.06,17,11650.19,8233.04,2703.78,17,11650.19,46,36,10,55,51,0
MV-69473,Women Chain Belts Heritage,CHP,Champagne,Leather Goods,Women,Belts,Chain Belts,MVS,MV Signature,300,20,EU_F07M,MV Flagship Paris,7287.26,2258.46,7,8715.17,8872.16,2277.41,8,9960.2,21,19,2,19,17,0
MV-15513,Unisex Shorts Heritage,BEG,Beige,Ready-to-Wear,Unisex,Bottoms,Shorts,MVS,MV Signature,300,20,EU_F07M,MV Flagship Paris,19959.2,7356.07,53,28938.26,19847.61,5493.22,53,28938.26,96,72,24,80,55,0
MV-90209,Men Suit Sets Modern,BLU,Bleu Marine,Ready-to-Wear,Men,Suits,Suit Sets,MV,Maison Voss,300,20,EU_F07M,MV Flagship Paris,34580.84,9336.11,60,43917.42,41612.54,10432.24,74,54164.82,200,192,8,236,162,0
MV-44687,Men Card Holders Modern,GRG,Greige,Leather Goods,Men,Small Leather Goods,Card Holders,MVS,MV Signature,300,20,EU_F07M,MV Flagship Paris,5246.97,1706.46,11,7088.98,5529.27,1508.81,12,7733.44,9,8,1,10,8,0
MV-74038,Women Pouches,ROG,Rouge,Leather Goods,Women,Small Leather Goods,Pouches,MV,Maison Voss,300,20,EU_F07M,MV Flagship Paris,48239.02,12978.62,51,62933.97,51143.11,17404.55,52,64167.97,181,177,4,219,203,0
MV-16265,Women Chain Belts Signature,CHP,Champagne,Leather Goods,Women,Belts,Chain Belts,MVS,MV Signature,300,20,EU_F07M,MV Flagship Paris,10265.63,3000.64,11,12541.03,7674.63,2192.17,9,10260.84,43,33,10,32,28,0
MV-44099,Women Trousers Essential,NVY,Navy,Ready-to-Wear,Women,Bottoms,Trousers,MVS,MV Signature,300,20,EU_F07M,MV Flagship Paris,11300.5,3939.87,30,14168.09,13892.87,4417.06,37,17473.97,109,96,13,144,119,0
MV-54942,Men Square Frames Relaxed,ROG,Rouge,Accessories,Men,Sunglasses,Square Frames,MV,Maison Voss,300,20,EU_F07M,MV Flagship Paris,6579.6,2458.06,14,8581.84,8441.78,2905.02,17,10420.81,38,31,7,53,34,0
MV-48462,Women Ankle Boots Relaxed,BLU,Bleu Marine,Footwear,Women,Boots,Ankle Boots,MVS,MV Signature,300,20,EU_F07M,MV Flagship Paris,2084.97,600.0,3,3092.31,1465.85,367.18,2,2061.54,1,0,1,0,0,0
MV-60181,Women Jackets Classic,BLU,Bleu Marine,Ready-to-Wear,Women,Outerwear,Jackets,MVS,MV Signature,300,30,EU_F07M,MV Flagship Paris,25336.38,6564.06,60,31807.84,24049.43,7150.82,54,28627.05,101,93,8,96,92,0
MV-27892,Men Suit Trousers Modern,RSE,Rose Poudre,Ready-to-Wear,Men,Suits,Suit Trousers,MV,Maison Voss,300,20,EU_F07M,MV Flagship Paris,6797.61,1729.28,14,8057.01,8267.44,2478.31,16,9208.01,46,37,9,55,41,0
MV-98501,Women Blouses Relaxed,ECR,Ecru,Ready-to-Wear,Women,Tops,Blouses,MVS,MV Signature,300,20,EU_F07M,MV Flagship Paris,12273.11,4638.69,30,15256.77,9495.71,2586.7,24,12205.41,32,19,13,23,16,0
MV-12665,Women Suit Trousers Essential,ROG,Rouge,Ready-to-Wear,Women,Suits,Suit Trousers,MV,Maison Voss,300,50,EU_F07M,MV Flagship Paris,5395.15,1644.82,10,6698.95,6267.95,2321.86,11,7368.85,31,24,7,29,20,0
MV-96341,Women Card Holders Signature,RSE,Rose Poudre,Leather Goods,Women,Small Leather Goods,Card Holders,MVS,MV Signature,300,50,EU_F07M,MV Flagship Paris,330.73,91.53,1,464.37,0.0,0.0,0,0.0,3,2,1,2,1,0
MV-80468,Men Blouses Relaxed,NOI,Noir,Ready-to-Wear,Men,Tops,Blouses,MVS,MV Signature,300,20,EU_F07M,MV Flagship Paris,1187.23,317.33,2,1552.68,668.16,206.97,1,776.34,6,5,1,3,2,0
MV-96341,Women Card Holders Signature,CRM,Creme,Leather Goods,Women,Small Leather Goods,Card Holders,MVS,MV Signature,300,50,EU_F07M,MV Flagship Paris,13198.01,4478.08,15,16904.19,13878.22,4406.52,16,18031.14,29,20,9,32,25,0
MV-37535,Men Shirts Relaxed,GRG,Greige,Ready-to-Wear,Men,Tops,Shirts,MVS,MV Signature,300,50,EU_F07M,MV Flagship Paris,15224.02,4559.9,27,21603.47,17961.83,5476.91,30,24003.86,107,68,39,125,116,0
MV-95918,Women Suit Sets Modern,GRG,Greige,Ready-to-Wear,Women,Suits,Suit Sets,MV,Maison Voss,300,20,EU_F07M,MV Flagship Paris,3354.56,929.14,9,4549.8,3543.37,1263.03,10,5055.34,35,30,5,44,37,0
MV-26299,Men High Top Luxe,NVY,Navy,Footwear,Men,Sneakers,High Top,MVS,MV Signature,300,70,EU_F07M,MV Flagship Paris,13050.41,4794.85,27,16762.83,12904.27,3708.52,27,16762.83,77,53,24,81,69,0
MV-40595,Women Day Dresses Heritage,ROG,Rouge,Ready-to-Wear,Women,Dresses,Day Dresses,MVS,MV Signature,300,50,EU_F07M,MV Flagship Paris,9949.24,2994.69,27,14194.6,6634.09,2232.3,20,10514.52,13,11,2,10,6,0
MV-47196,Women Wallets,CRM,Cognac,Leather Goods,Women,Small Leather Goods,Wallets,MVS,MV Signature,300,30,EU_F07M,MV Flagship Paris,9599.76,3283.13,28,13947.22,10125.98,3305.52,32,15939.68,31,25,6,38,34,0
MV-78494,Men Suit Sets Essential,GRG,Greige,Ready-to-Wear,Men,Suits,Suit Sets,MVS,MV Signature,300,50,EU_F07M,MV Flagship Paris,7365.42,2662.42,15,9657.84,8477.51,2998.58,18,11589.4,25,17,8,34,23,0
MV-94058,Women Chain Belts,NVY,Navy,Leather Goods,Women,Belts,Chain Belts,MVS,MV Signature,300,20,EU_F07M,MV Flagship Paris,24463.75,8286.04,57,32668.91,26461.58,8798.33,64,36680.88,188,159,29,253,239,0
MV-64377,Women Trousers Essential,BRG,Bordeaux,Ready-to-Wear,Women,Bottoms,Trousers,MVS,MV Signature,300,50,EU_F07M,MV Flagship Paris,4148.79,1393.54,15,5393.05,4787.34,1746.79,16,5752.58,46,32,14,59,51,0
MV-30257,Women Weekender Relaxed,NVY,Navy,Leather Goods,Women,Luggage,Weekender,MV,Maison Voss,300,20,EU_F07M,MV Flagship Paris,14775.63,4763.56,13,17895.64,14309.59,5178.46,12,16519.05,7,5,2,6,5,0
MV-49363,Unisex Cashmere Scarves,ARG,Argent,Accessories,Unisex,Scarves,Cashmere Scarves,MVS,MV Signature,300,20,EU_F07M,MV Flagship Paris,1541.28,396.18,5,2156.72,1276.5,402.98,4,1725.37,9,6,3,9,6,0
MV-69829,Men Ballet Flats Slim,TRP,Taupe,Footwear,Men,Flats,Ballet Flats,MV,Maison Voss,300,20,EU_F07M,MV Flagship Paris,3265.28,911.2,8,4021.3,3807.62,1164.77,9,4523.97,26,22,4,26,18,0
MV-47243,Men Boots Heritage,BEG,Beige,Footwear,Men,Heels,Boots,MV,Maison Voss,300,20,EU_F07M,MV Flagship Paris,542.06,149.86,1,722.97,0.0,0.0,0,0.0,3,2,1,1,0,0
MV-23579,Men Cat Eye,CRM,Creme,Accessories,Men,Sunglasses,Cat Eye,MVS,MV Signature,300,20,EU_F07M,MV Flagship Paris,4534.75,1381.1,23,6134.03,3985.52,1323.94,19,5067.24,44,43,1,42,36,0
MV-46421,Women Knee High Slim,CRM,Creme,Footwear,Women,Boots,Knee High,MVS,MV Signature,300,30,EU_F07M,MV Flagship Paris,4181.92,1055.49,6,5013.88,4499.9,1677.66,7,5849.52,15,9,6,20,12,0
MV-41029,Women Ballet Flats Luxe,BRG,Bordeaux,Footwear,Women,Flats,Ballet Flats,MV,Maison Voss,300,20,EU_F07M,MV Flagship Paris,6514.2,1817.39,8,8807.56,3631.42,1220.76,5,5504.73,23,18,5,18,16,0
MV-40005,Men Silk Scarves Classic,BEG,Beige,Accessories,Men,Scarves,Silk Scarves,MVS,MV Signature,300,20,EU_F07M,MV Flagship Paris,18384.43,5254.83,34,25843.74,22433.27,6500.03,37,28124.07,116,86,30,121,82,0
MV-68529,Men Ankle Boots,RSE,Rose Poudre,Footwear,Men,Boots,Ankle Boots,MVS,MV Signature,300,20,EU_F07M,MV Flagship Paris,6980.43,2155.81,9,8750.45,8988.76,3292.6,11,10694.99,9,7,2,13,10,0
MV-48462,Women Ankle Boots Relaxed,RSE,Rose Poudre,Footwear,Women,Boots,Ankle Boots,MVS,MV Signature,300,70,EU_F07M,MV Flagship Paris,4388.58,1478.85,6,6346.86,3710.2,1081.97,5,5289.05,11,7,4,10,7,0
MV-38183,Men Suit Trousers Essential,BRG,Bordeaux,Ready-to-Wear,Men,Suits,Suit Trousers,MVS,MV Signature,300,50,EU_F07M,MV Flagship Paris,1978.7,591.37,4,2589.65,2052.72,535.37,4,2589.65,9,7,2,7,5,0
MV-78937,Men Carry-On Luxe,BLU,Bleu Marine,Leather Goods,Men,Luggage,Carry-On,MVS,MV Signature,300,20,EU_F07M,MV Flagship Paris,23114.84,6627.42,34,29565.32,21106.35,7309.18,31,26956.61,52,51,1,55,41,0
MV-67939,Women Weekender Classic,RSE,Rose Poudre,Leather Goods,Women,Luggage,Weekender,MV,Maison Voss,300,20,EU_F07M,MV Flagship Paris,1778.79,557.22,3,2463.32,1633.98,565.1,3,2463.32,10,9,1,10,9,0
MV-38183,Men Suit Trousers Essential,ROG,Rouge,Ready-to-Wear,Men,Suits,Suit Trousers,MVS,MV Signature,300,70,EU_F07M,MV Flagship Paris,8630.47,2643.82,14,11176.61,9404.7,2918.49,16,12773.27,18,16,2,24,22,0
MV-30644,Men Chain Belts Slim,TAN,Tan,Leather Goods,Men,Belts,Chain Belts,MV,Maison Voss,300,30,EU_F07M,MV Flagship Paris,14950.47,5477.62,16,19322.05,14050.54,4971.15,14,16906.8,27,21,6,22,13,0
MV-64524,Women Check-In Modern,NVY,Navy,Leather Goods,Women,Luggage,Check-In,MV,Maison Voss,300,50,EU_F07M,MV Flagship Paris,16159.95,5701.65,26,22894.84,15223.79,5063.16,23,20253.13,53,36,17,43,38,0
MV-56019,Men Shorts Slim,ECR,Ecru,Ready-to-Wear,Men,Bottoms,Shorts,MV,Maison Voss,300,50,EU_F07M,MV Flagship Paris,12806.86,4532.63,23,15705.9,11740.21,4116.76,21,14340.17,55,35,20,54,51,0
MV-13396,Women Wallets Slim,SBL,Sable,Leather Goods,Women,Small Leather Goods,Wallets,MVS,MV Signature,300,50,EU_F07M,MV Flagship Paris,35333.81,11296.85,38,51360.21,40743.75,14695.59,43,58118.13,137,135,2,128,115,0
MV-39102,Men Day Dresses Luxe,SBL,Sable,Ready-to-Wear,Men,Dresses,Day Dresses,MV,Maison Voss,300,20,EU_F07M,MV Flagship Paris,302.22,111.14,1,409.34,0.0,0.0,0,0.0,1,0,1,1,0,0
MV-44664,Women Shoulder Bags Modern,ECR,Ecru,Leather Goods,Women,Handbags,Shoulder Bags,MVS,MV Signature,300,50,EU_F07M,MV Flagship Paris,8698.07,2285.65,8,12840.01,7037.81,2557.06,6,9630.01,22,13,9,14,11,0
MV-79615,Women Midi Dresses Slim,SBL,Sable,Ready-to-Wear,Women,Dresses,Midi Dresses,MV,Maison Voss,300,50,EU_F07M,MV Flagship Paris,1385.12,479.47,7,1994.8,1620.48,599.78,8,2279.77,4,2,2,5,3,0
MV-57920,Women Blazers Slim,GRG,Greige,Ready-to-Wear,Women,Outerwear,Blazers,MV,Maison Voss,300,30,EU_F07M,MV Flagship Paris,1275.77,467.35,3,1563.92,1245.16,406.3,3,1563.92,6,5,1,7,6,0
MV-40595,Women Day Dresses Heritage,ECR,Ecru,Ready-to-Wear,Women,Dresses,Day Dresses,MVS,MV Signature,300,20,EU_F07M,MV Flagship Paris,2602.87,793.26,7,3395.36,2016.96,616.04,5,2425.25,18,11,7,11,7,0
MV-62383,Men Berets Relaxed,ANT,Anthracite,Accessories,Men,Hats,Berets,MVS,MV Signature,300,20,EU_F07M,MV Flagship Paris,4503.12,1348.45,8,5692.19,3771.25,1184.05,7,4980.67,27,25,2,31,26,0
MV-21164,Men Shorts Relaxed,BRG,Bordeaux,Ready-to-Wear,Men,Bottoms,Shorts,MV,Maison Voss,300,20,EU_F07M,MV Flagship Paris,10859.6,2777.68,17,16484.84,10622.05,3323.68,17,16484.84,53,42,11,52,42,0
MV-82135,Women Trousers Slim,CRM,Cognac,Ready-to-Wear,Women,Bottoms,Trousers,MVS,MV Signature,300,30,EU_F07M,MV Flagship Paris,5356.3,2005.32,25,7080.01,4134.17,1537.34,21,5947.21,31,27,4,25,21,0
MV-59015,Unisex Baseball Caps Relaxed,BRG,Bordeaux,Accessories,Unisex,Hats,Baseball Caps,MV,Maison Voss,300,20,EU_F07M,MV Flagship Paris,2954.89,796.21,11,3746.52,3496.59,1225.67,13,4427.7,29,26,3,34,29,0
MV-20336,Men Blazers Heritage,SBL,Sable,Ready-to-Wear,Men,Suits,Blazers,MV,Maison Voss,300,30,EU_F07M,MV Flagship Paris,13392.17,3678.79,29,17973.13,10179.07,2607.37,23,14254.55,28,19,9,25,18,0
MV-24316,Women Low Top Relaxed,CHP,Champagne,Footwear,Women,Sneakers,Low Top,MV,Maison Voss,300,20,EU_F07M,MV Flagship Paris,5006.53,1512.4,9,6089.41,3374.94,1048.65,7,4736.21,19,11,8,18,12,0
MV-68991,Unisex Pouches Heritage,CHP,Champagne,Leather Goods,Unisex,Small Leather Goods,Pouches,MV,Maison Voss,300,50,EU_F07M,MV Flagship Paris,3525.89,889.67,7,4540.39,2638.58,899.76,5,3243.14,12,9,3,7,6,0
MV-88222,Men Suit Trousers Heritage,CAM,Camel,Ready-to-Wear,Men,Suits,Suit Trousers,MV,Maison Voss,300,30,EU_F07M,MV Flagship Paris,7902.65,2558.87,18,9939.56,7815.66,2506.49,18,9939.56,9,7,2,8,7,0
MV-65255,Women Evening Dresses Heritage,ROG,Rouge,Ready-to-Wear,Women,Dresses,Evening Dresses,MV,Maison Voss,300,30,EU_F07M,MV Flagship Paris,505.15,190.41,1,662.33,0.0,0.0,0,0.0,1,0,1,0,0,0
MV-44959,Women Blazers Modern,VRT,Vert,Ready-to-Wear,Women,Outerwear,Blazers,MVS,MV Signature,300,20,EU_F07M,MV Flagship Paris,430.52,158.16,1,541.93,443.42,156.9,1,541.93,1,0,1,1,0,0
MV-79822,Unisex Fedoras Slim,CHP,Champagne,Accessories,Unisex,Hats,Fedoras,MV,Maison Voss,300,50,EU_F07M,MV Flagship Paris,6871.84,1946.23,12,9916.12,4945.76,1757.27,8,6610.75,35,23,12,23,22,0
MV-15014,Women Bracelets Modern,NOI,Noir,Accessories,Women,Jewelry,Bracelets,MVS,MV Signature,300,20,EU_F07M,MV Flagship Paris,12429.8,4338.53,66,16074.17,14404.09,4996.32,82,19970.94,96,84,12,112,90,0
MV-76237,Women Skirts Classic,GRG,Greige,Ready-to-Wear,Women,Bottoms,Skirts,MV,Maison Voss,300,50,EU_F07M,MV Flagship Paris,11778.74,3735.68,29,15359.42,13064.39,4164.9,35,18537.23,87,62,25,118,107,0
MV-86483,Women Wallets Luxe,BLU,Bleu Marine,Leather Goods,Women,Small Leather Goods,Wallets,MVS,MV Signature,300,20,EU_F07M,MV Flagship Paris,736.53,235.39,2,960.07,708.12,197.94,2,960.07,5,4,1,6,4,0
MV-96870,Women Day Dresses Relaxed,BLU,Bleu Marine,Ready-to-Wear,Women,Dresses,Day Dresses,MVS,MV Signature,300,20,EU_F07M,MV Flagship Paris,12246.66,4150.46,43,14737.94,15451.77,5490.15,54,18508.11,23,15,8,24,21,0
MV-69048,Women Tops Luxe,VRT,Vert,Ready-to-Wear,Women,Tops,Tops,MV,Maison Voss,300,20,EU_F07M,MV Flagship Paris,19007.41,7060.14,30,24458.42,17331.56,6556.34,25,20382.01,40,33,7,36,35,0
MV-49363,Unisex Cashmere Scarves,TAN,Tan,Accessories,Unisex,Scarves,Cashmere Scarves,MVS,MV Signature,300,50,EU_F07M,MV Flagship Paris,7141.82,1930.28,21,9888.49,6701.23,1813.6,19,8946.73,56,44,12,50,47,0
MV-64524,Women Check-In Modern,BRG,Bordeaux,Leather Goods,Women,Luggage,Check-In,MV,Maison Voss,300,50,EU_F07M,MV Flagship Paris,33495.74,11965.52,39,45424.26,39195.29,13241.51,45,52412.61,41,36,5,51,34,0
MV-79615,Women Midi Dresses Slim,BLU,Bleu Marine,Ready-to-Wear,Women,Dresses,Midi Dresses,MV,Maison Voss,300,50,EU_F07M,MV Flagship Paris,7307.91,2193.29,12,9483.77,5263.1,1635.85,9,7112.83,6,4,2,5,3,0
MV-16265,Women Chain Belts Signature,IVR,Ivoire,Leather Goods,Women,Belts,Chain Belts,MVS,MV Signature,300,30,EU_F07M,MV Flagship Paris,4653.66,1601.48,5,6500.31,4561.15,1303.36,5,6500.31,18,11,7,23,20,0
MV-74038,Women Pouches,NOI,Noir,Leather Goods,Women,Small Leather Goods,Pouches,MV,Maison Voss,300,20,EU_F07M,MV Flagship Paris,5441.2,1592.87,16,7963.78,4385.45,1133.08,13,6470.57,27,26,1,26,22,0
MV-89299,Men Bracelets Luxe,ARG,Argent,Accessories,Men,Jewelry,Bracelets,MV,Maison Voss,300,70,EU_F07M,MV Flagship Paris,7967.12,2794.89,18,10096.26,5890.93,1873.94,14,7852.64,29,24,5,23,20,0
MV-15513,Unisex Shorts Heritage,IVR,Ivoire,Ready-to-Wear,Unisex,Bottoms,Shorts,MVS,MV Signature,300,20,EU_F07M,MV Flagship Paris,3648.96,1229.26,17,4595.51,2581.55,778.85,12,3243.89,56,47,9,34,31,0
MV-67961,Men Wool Scarves Heritage,CHP,Champagne,Accessories,Men,Scarves,Wool Scarves,MV,Maison Voss,300,20,EU_F07M,MV Flagship Paris,10807.33,3994.22,19,14911.2,10021.54,2853.35,17,13341.6,21,19,2,19,13,0
MV-78955,Women Pouches Modern,CAM,Camel,Leather Goods,Women,Small Leather Goods,Pouches,MV,Maison Voss,300,20,EU_F07M,MV Flagship Paris,31626.96,10699.76,68,39512.5,25354.53,7135.41,50,29053.31,260,182,78,204,190,0
MV-67637,Men Midi Dresses Essential,ARG,Argent,Ready-to-Wear,Men,Dresses,Midi Dresses,MV,Maison Voss,300,20,EU_F07M,MV Flagship Paris,22268.37,7836.0,53,27136.4,24925.75,8570.35,61,31232.46,208,182,26,211,184,0
MV-52176,Women Check-In Relaxed,RSE,Rose Poudre,Leather Goods,Women,Luggage,Check-In,MVS,MV Signature,300,50,EU_F07M,MV Flagship Paris,45793.59,12930.05,48,59093.35,55006.86,16031.84,58,71404.46,41,36,5,41,36,0
MV-44959,Women Blazers Modern,NOI,Noir,Ready-to-Wear,Women,Outerwear,Blazers,MVS,MV Signature,300,20,EU_F07M,MV Flagship Paris,19311.15,7037.11,37,25942.19,21931.92,7292.35,46,32252.46,132,87,45,147,95,0
MV-41029,Women Ballet Flats Luxe,GRG,Greige,Footwear,Women,Flats,Ballet Flats,MV,Maison Voss,300,20,EU_F07M,MV Flagship Paris,30310.6,11514.15,66,39642.49,39611.82,14235.04,82,49252.79,48,34,14,61,43,0
MV-79615,Women Midi Dresses Slim,CAM,Camel,Ready-to-Wear,Women,Dresses,Midi Dresses,MV,Maison Voss,300,50,EU_F07M,MV Flagship Paris,406.62,127.63,2,568.4,219.18,81.46,1,284.2,1,0,1,0,0,0
MV-20745,Unisex Mini Bags Essential,BLU,Bleu Marine,Leather Goods,Unisex,Handbags,Mini Bags,MVS,MV Signature,300,20,EU_F07M,MV Flagship Paris,2397.35,734.63,7,3162.31,1857.99,694.92,5,2258.79,14,9,5,9,5,0
MV-30644,Men Chain Belts Slim,ARG,Argent,Leather Goods,Men,Belts,Chain Belts,MV,Maison Voss,300,20,EU_F07M,MV Flagship Paris,5324.04,1387.64,15,6417.38,5335.38,1662.1,15,6417.38,34,29,5,33,30,0
MV-68838,Men Suit Trousers Signature,CAM,Camel,Ready-to-Wear,Men,Suits,Suit Trousers,MV,Maison Voss,300,20,EU_F07M,MV Flagship Paris,22968.83,6129.85,43,32492.5,21994.55,7260.78,41,30981.22,120,87,33,102,87,0
MV-60432,Women Suit Sets Essential,BLU,Bleu Marine,Ready-to-Wear,Women,Suits,Suit Sets,MVS,MV Signature,300,20,EU_F07M,MV Flagship Paris,7174.35,2549.1,16,8917.8,6863.27,2167.36,15,8360.43,23,19,4,21,19,0
MV-53228,Women Shoulder Bags Essential,GRG,Greige,Leather Goods,Women,Handbags,Shoulder Bags,MV,Maison Voss,300,20,EU_F07M,MV Flagship Paris,28551.22,8022.91,31,38709.59,30194.68,8265.43,34,42455.68,21,15,6,22,14,0
MV-25396,Women Clutches Slim,CRM,Creme,Leather Goods,Women,Handbags,Clutches,MVS,MV Signature,300,50,EU_F07M,MV Flagship Paris,2207.0,563.88,3,3179.64,2292.22,842.72,3,3179.64,7,5,2,8,5,0
MV-63225,Unisex Key Holders,TRP,Taupe,Leather Goods,Unisex,Small Leather Goods,Key Holders,MVS,MV Signature,300,20,EU_F07M,MV Flagship Paris,5284.89,1458.88,6,6526.67,4783.86,1648.65,5,5438.89,5,3,2,5,4,0
MV-63225,Unisex Key Holders,ANT,Anthracite,Leather Goods,Unisex,Small Leather Goods,Key Holders,MVS,MV Signature,300,20,EU_F07M,MV Flagship Paris,30466.83,8744.58,30,39385.7,24457.81,8045.05,23,30195.7,64,62,2,56,45,0
MV-20328,Men Clutches,ANT,Anthracite,Leather Goods,Men,Handbags,Clutches,MVS,MV Signature,300,20,EU_F07M,MV Flagship Paris,1945.15,614.78,4,2608.82,1507.34,566.11,3,1956.61,3,2,1,3,2,0
MV-83975,Unisex Baseball Caps Classic,TRP,Taupe,Accessories,Unisex,Hats,Baseball Caps,MVS,MV Signature,300,20,EU_F07M,MV Flagship Paris,3675.47,1153.38,10,5518.98,4521.31,1339.44,11,6070.88,15,9,6,14,11,0
MV-64524,Women Check-In Modern,GRG,Greige,Leather Goods,Women,Luggage,Check-In,MV,Maison Voss,300,50,EU_F07M,MV Flagship Paris,6551.85,2338.98,7,8464.69,6150.3,1572.04,7,8464.69,10,7,3,10,7,0
MV-35995,Unisex Check-In Modern,ARG,Argent,Leather Goods,Unisex,Luggage,Check-In,MVS,MV Signature,300,20,EU_F07M,MV Flagship Paris,6239.96,2053.61,9,7692.67,6479.2,2373.3,9,7692.67,8,5,3,9,6,0
MV-77538,Men Check-In Signature,CAM,Camel,Leather Goods,Men,Luggage,Check-In,MV,Maison Voss,300,30,EU_F07M,MV Flagship Paris,9649.31,3585.96,28,13006.97,9234.43,3183.53,31,14400.57,29,17,12,37,36,0
MV-26505,Men Leather Belts Relaxed,IVR,Ivoire,Leather Goods,Men,Belts,Leather Belts,MV,Maison Voss,300,20,EU_F07M,MV Flagship Paris,9955.19,3049.88,10,13967.44,6976.32,2645.07,8,11173.95,21,14,7,18,13,0
MV-14705,Men Baseball Caps Modern,BLU,Bleu Marine,Accessories,Men,Hats,Baseball Caps,MVS,MV Signature,300,50,EU_F07M,MV Flagship Paris,11230.2,2883.45,18,14982.34,9118.79,3001.75,15,12485.28,33,24,9,29,26,0
MV-99181,Women Blazers Modern,CAM,Camel,Ready-to-Wear,Women,Outerwear,Blazers,MVS,MV Signature,300,30,EU_F07M,MV Flagship Paris,882.74,235.06,2,1145.61,930.9,328.98,2,1145.61,3,2,1,3,2,0
MV-85965,Men Fedoras Signature,TRP,Taupe,Accessories,Men,Hats,Fedoras,MV,Maison Voss,300,50,EU_F07M,MV Flagship Paris,22364.75,6916.98,37,27210.58,23417.7,7486.68,38,27946.0,39,28,11,36,29,0
MV-38760,Unisex Rings Heritage,ECR,Ecru,Accessories,Unisex,Jewelry,Rings,MV,Maison Voss,300,20,EU_F07M,MV Flagship Paris,2591.85,836.87,10,3231.98,3063.9,918.46,12,3878.38,16,10,6,22,20,0
MV-20682,Men Loafers Slim,ANT,Anthracite,Footwear,Men,Flats,Loafers,MVS,MV Signature,300,20,EU_F07M,MV Flagship Paris,15957.24,4518.41,24,21594.94,18327.69,6390.91,25,22494.73,82,78,4,99,78,0
MV-18163,Men Blazers Slim,TRP,Taupe,Ready-to-Wear,Men,Suits,Blazers,MV,Maison Voss,300,20,EU_F07M,MV Flagship Paris,17793.41,5582.39,29,22196.88,14995.41,4844.85,25,19135.24,58,53,5,46,34,0
MV-86483,Women Wallets Luxe,TRP,Taupe,Leather Goods,Women,Small Leather Goods,Wallets,MVS,MV Signature,300,50,EU_F07M,MV Flagship Paris,4958.56,1352.78,5,6605.36,3738.24,1151.99,4,5284.28,7,4,3,5,4,0
MV-46421,Women Knee High Slim,NOI,Noir,Footwear,Women,Boots,Knee High,MVS,MV Signature,300,20,EU_F07M,MV Flagship Paris,19649.41,6320.12,50,24570.22,23462.25,7823.44,62,30467.07,30,19,11,34,30,0
MV-82199,Men Shorts Classic,ECR,Ecru,Ready-to-Wear,Men,Bottoms,Shorts,MVS,MV Signature,300,20,EU_F07M,MV Flagship Paris,4937.56,1405.38,22,6789.64,5966.19,1697.76,27,8332.74,47,37,10,55,40,0
MV-39444,Men Key Holders Relaxed,CHP,Champagne,Leather Goods,Men,Small Leather Goods,Key Holders,MV,Maison Voss,300,20,EU_F07M,MV Flagship Paris,11951.22,3784.05,12,15297.97,13120.17,4306.45,12,15297.97,7,4,3,6,4,0
MV-48177,Women Card Holders Essential,TRP,Taupe,Leather Goods,Women,Small Leather Goods,Card Holders,MV,Maison Voss,300,30,EU_F07M,MV Flagship Paris,3882.55,1425.3,4,5436.15,3050.76,908.21,3,4077.11,12,10,2,10,8,0
MV-67939,Women Weekender Classic,SBL,Sable,Leather Goods,Women,Luggage,Weekender,MV,Maison Voss,300,20,EU_F07M,MV Flagship Paris,58730.73,18487.39,66,77811.63,38814.08,9825.74,46,54232.35,192,117,75,145,96,0
MV-26912,Men Suit Sets Essential,CRM,Cognac,Ready-to-Wear,Men,Suits,Suit Sets,MVS,MV Signature,300,50,EU_F07M,MV Flagship Paris,16329.56,4328.33,32,22082.26,12363.77,3185.53,25,17251.77,37,34,3,27,24,0
MV-80807,Men Ballet Flats Heritage,NOI,Noir,Footwear,Men,Flats,Ballet Flats,MV,Maison Voss,300,20,EU_F07M,MV Flagship Paris,2104.44,580.28,5,2616.21,2528.27,866.82,6,3139.46,11,8,3,11,7,0
MV-68991,Unisex Pouches Heritage,BEG,Beige,Leather Goods,Unisex,Small Leather Goods,Pouches,MV,Maison Voss,300,50,EU_F07M,MV Flagship Paris,3638.53,1375.16,9,4369.26,2323.16,803.69,6,2912.84,18,12,6,14,12,0
MV-72722,Women Midi Dresses Slim,TRP,Taupe,Ready-to-Wear,Women,Dresses,Midi Dresses,MVS,MV Signature,300,50,EU_F07M,MV Flagship Paris,20018.16,6662.13,38,27652.78,21202.62,7924.34,41,29835.9,141,92,49,165,154,0
MV-92203,Men Clutches,ROG,Rouge,Leather Goods,Men,Handbags,Clutches,MV,Maison Voss,300,20,EU_F07M,MV Flagship Paris,22541.53,7847.6,27,28468.71,22130.99,5753.38,29,30577.51,46,29,17,59,48,0
MV-68138,Women Tops Modern,TRP,Taupe,Ready-to-Wear,Women,Tops,Tops,MV,Maison Voss,300,70,EU_F07M,MV Flagship Paris,10702.7,3826.48,33,14191.73,7059.1,2200.25,24,10321.25,46,32,14,31,23,0
MV-62521,Women Silk Scarves Luxe,BLU,Bleu Marine,Accessories,Women,Scarves,Silk Scarves,MVS,MV Signature,300,20,EU_F07M,MV Flagship Paris,3993.14,1000.68,13,5718.57,3526.24,1006.43,12,5278.68,44,29,15,47,30,0
MV-54657,Women Evening Dresses Slim,VRT,Vert,Ready-to-Wear,Women,Dresses,Evening Dresses,MV,Maison Voss,300,20,EU_F07M,MV Flagship Paris,16857.88,5196.7,29,23433.01,18925.85,5856.24,32,25857.12,64,45,19,60,47,0
MV-20543,Men Check-In Classic,BLU,Bleu Marine,Leather Goods,Men,Luggage,Check-In,MVS,MV Signature,300,20,EU_F07M,MV Flagship Paris,10535.63,3645.63,11,12980.62,12328.85,3801.11,13,15340.73,43,35,8,59,39,0
MV-70258,Men Platform Slim,ECR,Ecru,Footwear,Men,Sneakers,Platform,MV,Maison Voss,300,20,EU_F07M,MV Flagship Paris,2235.43,761.24,5,2724.6,2340.32,805.57,5,2724.6,4,2,2,3,2,0
MV-59834,Women Skirts,ECR,Ecru,Ready-to-Wear,Women,Bottoms,Skirts,MVS,MV Signature,300,30,EU_F07M,MV Flagship Paris,12919.64,3745.23,23,16328.33,15231.13,4663.07,25,17748.19,48,35,13,56,39,0
MV-71537,Women Trousers Heritage,CAM,Camel,Ready-to-Wear,Women,Bottoms,Trousers,MVS,MV Signature,300,50,EU_F07M,MV Flagship Paris,51083.81,16995.98,86,74550.57,52260.4,13998.58,83,71949.97,308,253,55,244,224,0
MV-20745,Unisex Mini Bags Essential,VRT,Vert,Leather Goods,Unisex,Handbags,Mini Bags,MVS,MV Signature,300,20,EU_F07M,MV Flagship Paris,5693.64,1504.09,8,7001.59,6760.76,2291.39,9,7876.78,24,17,7,31,24,0
MV-88366,Men Blazers Classic,SBL,Sable,Ready-to-Wear,Men,Outerwear,Blazers,MV,Maison Voss,300,30,EU_F07M,MV Flagship Paris,5550.36,1497.15,14,7750.99,3468.99,873.83,9,4982.78,39,23,16,30,24,0
MV-71057,Women Boots,CRM,Cognac,Footwear,Women,Heels,Boots,MVS,MV Signature,300,70,EU_F07M,MV Flagship Paris,10678.77,3176.03,25,12965.98,12422.0,3918.42,31,16077.81,45,37,8,52,50,0
MV-68529,Men Ankle Boots,GRG,Greige,Footwear,Men,Boots,Ankle Boots,MVS,MV Signature,300,20,EU_F07M,MV Flagship Paris,11011.19,3997.95,18,15228.0,11603.97,3187.62,18,15228.0,13,11,2,12,7,0
MV-54657,Women Evening Dresses Slim,VRT,Vert,Ready-to-Wear,Women,Dresses,Evening Dresses,MV,Maison Voss,300,50,EU_F07M,MV Flagship Paris,17921.79,4499.38,42,21847.59,17040.2,4578.89,41,21327.41,100,95,5,84,71,0
MV-29080,Men Jackets Relaxed,BLU,Bleu Marine,Ready-to-Wear,Men,Outerwear,Jackets,MV,Maison Voss,300,20,EU_F07M,MV Flagship Paris,13155.08,4954.15,33,18192.48,13162.71,4238.85,33,18192.48,69,62,7,56,50,0
MV-89299,Men Bracelets Luxe,NOI,Noir,Accessories,Men,Jewelry,Bracelets,MV,Maison Voss,300,20,EU_F07M,MV Flagship Paris,202.48,51.56,1,267.61,0.0,0.0,0,0.0,1,0,1,1,0,0
MV-42541,Women Blazers Slim,CRM,Cognac,Ready-to-Wear,Women,Suits,Blazers,MVS,MV Signature,300,70,EU_F07M,MV Flagship Paris,44635.93,16650.27,149,61609.42,49336.64,12707.55,172,71119.6,231,150,81,254,248,0
MV-90356,Women Loafers Signature,TAN,Tan,Footwear,Women,Flats,Loafers,MV,Maison Voss,300,70,EU_F07M,MV Flagship Paris,14326.61,4722.49,32,17475.74,9790.73,2897.09,23,12560.69,127,124,3,106,93,0
MV-50768,Men Knitwear Modern,VRT,Vert,Ready-to-Wear,Men,Tops,Knitwear,MVS,MV Signature,300,20,EU_F07M,MV Flagship Paris,10169.62,3545.51,46,14526.25,13084.78,4468.6,52,16420.98,102,88,14,99,68,0
MV-72722,Women Midi Dresses Slim,IVR,Ivoire,Ready-to-Wear,Women,Dresses,Midi Dresses,MVS,MV Signature,300,50,EU_F07M,MV Flagship Paris,7447.76,2411.71,24,10414.5,8279.75,2508.7,29,12584.19,70,66,4,75,67,0
MV-26505,Men Leather Belts Relaxed,SBL,Sable,Leather Goods,Men,Belts,Leather Belts,MV,Maison Voss,300,20,EU_F07M,MV Flagship Paris,35063.05,11994.58,44,47217.0,28587.51,8857.43,37,39705.21,172,135,37,118,105,0
MV-15014,Women Bracelets Modern,BLU,Bleu Marine,Accessories,Women,Jewelry,Bracelets,MVS,MV Signature,300,70,EU_F07M,MV Flagship Paris,580.62,168.8,2,784.55,547.83,176.86,2,784.55,4,3,1,6,5,0
MV-39389,Women Mules Modern,RSE,Rose Poudre,Footwear,Women,Heels,Mules,MVS,MV Signature,300,50,EU_F07M,MV Flagship Paris,7686.3,2885.99,9,10571.94,4696.27,1566.17,6,7047.96,23,17,6,20,13,0
MV-13761,Women Evening Dresses Luxe,TRP,Taupe,Ready-to-Wear,Women,Dresses,Evening Dresses,MVS,MV Signature,300,20,EU_F07M,MV Flagship Paris,23850.42,8890.51,48,34107.32,23487.66,7463.05,47,33396.75,46,42,4,36,22,0
MV-57943,Women Shorts Essential,IVR,Ivoire,Ready-to-Wear,Women,Bottoms,Shorts,MV,Maison Voss,300,30,EU_F07M,MV Flagship Paris,3279.63,1054.67,5,4662.96,2554.24,926.46,4,3730.37,12,7,5,9,7,0
MV-91830,Women Bracelets,ARG,Argent,Accessories,Women,Jewelry,Bracelets,MV,Maison Voss,300,20,EU_F07M,MV Flagship Paris,468.44,156.37,1,653.66,0.0,0.0,0,0.0,1,0,1,0,0,0
MV-47243,Men Boots Heritage,ROG,Rouge,Footwear,Men,Heels,Boots,MV,Maison Voss,300,20,EU_F07M,MV Flagship Paris,17826.71,5897.64,35,20905.44,18399.69,6783.87,36,21502.73,52,34,18,46,42,0
MV-62521,Women Silk Scarves Luxe,VRT,Vert,Accessories,Women,Scarves,Silk Scarves,MVS,MV Signature,300,20,EU_F07M,MV Flagship Paris,21176.35,5620.52,41,30700.32,16643.15,4578.84,31,23212.44,21,15,6,17,16,0
MV-53228,Women Shoulder Bags Essential,BEG,Beige,Leather Goods,Women,Handbags,Shoulder Bags,MV,Maison Voss,300,20,EU_F07M,MV Flagship Paris,2592.92,709.07,4,3408.34,2544.5,897.45,4,3408.34,12,10,2,9,8,0
MV-27892,Men Suit Trousers Modern,GRG,Greige,Ready-to-Wear,Men,Suits,Suit Trousers,MV,Maison Voss,300,20,EU_F07M,MV Flagship Paris,10433.88,2722.9,44,14250.6,9441.98,2836.84,44,14250.6,106,85,21,114,85,0
MV-17816,Women Trousers Slim,CHP,Champagne,Ready-to-Wear,Women,Bottoms,Trousers,MV,Maison Voss,300,30,EU_F07M,MV Flagship Paris,15986.91,5187.07,26,21109.82,11153.01,3264.09,19,15426.41,79,48,31,63,55,0
MV-78937,Men Carry-On Luxe,ARG,Argent,Leather Goods,Men,Luggage,Carry-On,MVS,MV Signature,300,20,EU_F07M,MV Flagship Paris,5993.05,1875.19,17,7512.23,5563.1,1862.24,16,7070.34,42,33,9,33,25,0
MV-47512,Men Tops Relaxed,CHP,Champagne,Ready-to-Wear,Men,Tops,Tops,MVS,MV Signature,300,70,EU_F07M,MV Flagship Paris,10851.8,2951.5,41,13610.39,12410.46,3810.68,45,14938.23,162,105,57,179,119,0
MV-93717,Women Leather Belts Heritage,TAN,Tan,Leather Goods,Women,Belts,Leather Belts,MVS,MV Signature,300,50,EU_F07M,MV Flagship Paris,6696.3,2213.42,12,9434.48,7125.06,2059.35,14,11006.9,22,20,2,23,14,0
MV-74866,Women Wool Scarves Luxe,ARG,Argent,Accessories,Women,Scarves,Wool Scarves,MV,Maison Voss,300,50,EU_F07M,MV Flagship Paris,1521.0,571.2,4,1821.19,1405.67,532.98,4,1821.19,4,3,1,3,2,0
MV-16265,Women Chain Belts Signature,ARG,Argent,Leather Goods,Women,Belts,Chain Belts,MVS,MV Signature,300,50,EU_F07M,MV Flagship Paris,6427.77,1706.58,7,9238.47,4530.13,1674.82,5,6598.91,8,7,1,5,4,0
MV-44687,Men Card Holders Modern,VRT,Vert,Leather Goods,Men,Small Leather Goods,Card Holders,MVS,MV Signature,300,20,EU_F07M,MV Flagship Paris,6965.2,1895.29,16,9081.93,7912.39,2112.47,20,11352.42,34,25,9,37,26,0
MV-66881,Men Trousers Modern,TAN,Tan,Ready-to-Wear,Men,Bottoms,Trousers,MV,Maison Voss,300,50,EU_F07M,MV Flagship Paris,8452.51,2294.77,17,12466.16,6517.01,1838.21,13,9532.95,44,33,11,31,30,0
MV-52176,Women Check-In Relaxed,CRM,Cognac,Leather Goods,Women,Luggage,Check-In,MVS,MV Signature,300,20,EU_F07M,MV Flagship Paris,21456.28,6648.6,37,25705.47,22922.33,6197.97,45,31263.41,56,53,3,81,65,0
MV-51116,Unisex Tops Essential,TRP,Taupe,Ready-to-Wear,Unisex,Tops,Tops,MV,Maison Voss,300,20,EU_F07M,MV Flagship Paris,11671.73,4143.69,36,15709.89,10907.28,3469.78,36,15709.89,41,32,9,38,30,0
MV-69473,Women Chain Belts Heritage,NOI,Noir,Leather Goods,Women,Belts,Chain Belts,MVS,MV Signature,300,20,EU_F07M,MV Flagship Paris,21145.69,7235.18,20,28700.99,22625.24,7056.86,23,33006.14,16,15,1,17,16,0
MV-94675,Women Trousers Essential,NVY,Navy,Ready-to-Wear,Women,Bottoms,Trousers,MVS,MV Signature,300,50,EU_F07M,MV Flagship Paris,6936.56,2312.13,35,9395.85,5533.82,1857.45,28,7516.68,45,39,6,34,29,0
MV-65296,Women Ankle Boots Slim,CAM,Camel,Footwear,Women,Boots,Ankle Boots,MV,Maison Voss,300,20,EU_F07M,MV Flagship Paris,1058.78,296.41,4,1489.69,1386.12,381.11,5,1862.11,3,2,1,4,3,0
MV-79822,Unisex Fedoras Slim,TAN,Tan,Accessories,Unisex,Hats,Fedoras,MV,Maison Voss,300,50,EU_F07M,MV Flagship Paris,461.95,175.21,1,651.07,483.6,131.39,1,651.07,1,0,1,1,0,0
MV-71057,Women Boots,CRM,Creme,Footwear,Women,Heels,Boots,MVS,MV Signature,300,50,EU_F07M,MV Flagship Paris,16083.77,4570.33,47,20321.76,12192.54,3152.12,37,15997.98,174,158,16,159,129,0
MV-28191,Women Chelsea Boots Luxe,CRM,Creme,Footwear,Women,Boots,Chelsea Boots,MV,Maison Voss,300,50,EU_F07M,MV Flagship Paris,752.77,284.68,1,1008.95,0.0,0.0,0,0.0,1,0,1,1,0,0
MV-79615,Women Midi Dresses Slim,SBL,Sable,Ready-to-Wear,Women,Dresses,Midi Dresses,MV,Maison Voss,300,70,EU_F07M,MV Flagship Paris,2578.69,830.78,6,3309.27,2768.94,737.77,6,3309.27,14,10,4,12,9,0
MV-54942,Men Square Frames Relaxed,ARG,Argent,Accessories,Men,Sunglasses,Square Frames,MV,Maison Voss,300,50,EU_F07M,MV Flagship Paris,7091.49,2266.4,27,9270.75,5473.02,1612.54,20,6867.22,42,26,16,31,22,0
MV-54725,Women Suit Trousers Classic,NOI,Noir,Ready-to-Wear,Women,Suits,Suit Trousers,MV,Maison Voss,300,20,EU_F07M,MV Flagship Paris,5682.44,2015.58,12,7955.01,4928.38,1304.24,11,7292.1,39,31,8,37,23,0
MV-44959,Women Blazers Modern,ARG,Argent,Ready-to-Wear,Women,Outerwear,Blazers,MVS,MV Signature,300,20,EU_F07M,MV Flagship Paris,22198.22,5572.8,48,27741.0,26264.64,9301.19,52,30052.76,122,94,28,143,103,0
MV-62196,Women Blazers,ECR,Ecru,Ready-to-Wear,Women,Outerwear,Blazers,MV,Maison Voss,300,20,EU_F07M,MV Flagship Paris,4378.66,1448.49,8,6284.63,5545.13,1973.29,9,7070.21,29,21,8,36,23,0
MV-38047,Women Round Frames Relaxed,BRG,Bordeaux,Accessories,Women,Sunglasses,Round Frames,MVS,MV Signature,300,20,EU_F07M,MV Flagship Paris,392.65,114.25,1,526.94,411.55,124.73,1,526.94,2,1,1,2,1,0
MV-99381,Women Fedoras Signature,ANT,Anthracite,Accessories,Women,Hats,Fedoras,MVS,MV Signature,300,20,EU_F07M,MV Flagship Paris,5097.01,1604.28,8,6849.34,4034.2,1153.17,6,5137.01,23,17,6,19,16,0
MV-56955,Women Ballet Flats Relaxed,BEG,Beige,Footwear,Women,Flats,Ballet Flats,MVS,MV Signature,300,70,EU_F07M,MV Flagship Paris,12871.98,3417.31,20,16283.87,9932.86,2801.08,17,13841.29,48,32,16,49,33,0
MV-68991,Unisex Pouches Heritage,BEG,Beige,Leather Goods,Unisex,Small Leather Goods,Pouches,MV,Maison Voss,300,20,EU_F07M,MV Flagship Paris,7279.09,1879.57,10,10882.87,5607.75,1632.94,8,8706.29,11,9,2,10,8,0
MV-80143,Men Knitwear Classic,ECR,Ecru,Ready-to-Wear,Men,Tops,Knitwear,MVS,MV Signature,300,50,EU_F07M,MV Flagship Paris,7815.51,2954.48,17,9277.84,8018.17,2017.85,20,10915.1,10,6,4,14,11,0
MV-17331,Women Key Holders Relaxed,BLU,Bleu Marine,Leather Goods,Women,Small Leather Goods,Key Holders,MVS,MV Signature,300,70,EU_F07M,MV Flagship Paris,43718.1,14841.72,48,65358.43,53794.31,14959.76,60,81698.04,37,31,6,50,44,0
MV-74038,Women Pouches,CRM,Creme,Leather Goods,Women,Small Leather Goods,Pouches,MV,Maison Voss,300,50,EU_F07M,MV Flagship Paris,45360.81,16186.14,56,66551.27,49318.74,16056.78,61,72493.35,194,156,38,236,227,0
MV-44099,Women Trousers Essential,TAN,Tan,Ready-to-Wear,Women,Bottoms,Trousers,MVS,MV Signature,300,20,EU_F07M,MV Flagship Paris,1409.61,467.86,7,1792.53,1473.84,382.74,8,2048.61,4,3,1,4,3,0
MV-28714,Men Trousers Luxe,ROG,Rouge,Ready-to-Wear,Men,Bottoms,Trousers,MV,Maison Voss,300,70,EU_F07M,MV Flagship Paris,7766.57,2585.59,14,10376.62,6184.69,1625.14,11,8153.06,39,35,4,34,28,0
MV-12128,Women Cat Eye Signature,NVY,Navy,Accessories,Women,Sunglasses,Cat Eye,MV,Maison Voss,300,20,EU_F07M,MV Flagship Paris,10140.33,3404.02,18,14045.78,10564.56,3288.41,18,14045.78,12,8,4,10,7,0
MV-85156,Women Chain Belts Essential,BLU,Bleu Marine,Leather Goods,Women,Belts,Chain Belts,MV,Maison Voss,300,20,EU_F07M,MV Flagship Paris,64514.86,19977.73,69,75986.7,71582.54,24605.96,80,88100.52,199,175,24,206,182,0
MV-44959,Women Blazers Modern,ANT,Anthracite,Ready-to-Wear,Women,Outerwear,Blazers,MVS,MV Signature,300,70,EU_F07M,MV Flagship Paris,35491.46,12637.1,152,43788.78,37421.55,13921.83,155,44653.03,511,334,177,544,454,0
MV-43586,Women Jeans Signature,BRG,Bordeaux,Ready-to-Wear,Women,Bottoms,Jeans,MV,Maison Voss,300,30,EU_F07M,MV Flagship Paris,2648.33,975.78,6,3387.66,2441.52,703.66,6,3387.66,9,7,2,12,11,0
MV-47512,Men Tops Relaxed,TRP,Taupe,Ready-to-Wear,Men,Tops,Tops,MVS,MV Signature,300,20,EU_F07M,MV Flagship Paris,9407.76,2572.06,30,13312.68,12529.68,3673.82,36,15975.21,36,28,8,41,26,0
MV-99224,Men Day Dresses Relaxed,BRG,Bordeaux,Ready-to-Wear,Men,Dresses,Day Dresses,MVS,MV Signature,300,20,EU_F07M,MV Flagship Paris,6477.15,1658.74,11,8294.59,7724.42,2168.75,13,9802.7,32,28,4,39,38,0
MV-10336,Men Blazers Heritage,BLU,Bleu Marine,Ready-to-Wear,Men,Suits,Blazers,MV,Maison Voss,300,20,EU_F07M,MV Flagship Paris,293.73,96.95,1,428.18,326.3,91.92,1,428.18,1,0,1,1,0,0
MV-33647,Men Coats Heritage,CRM,Cognac,Ready-to-Wear,Men,Outerwear,Coats,MVS,MV Signature,300,20,EU_F07M,MV Flagship Paris,515.67,165.81,1,707.13,0.0,0.0,0,0.0,3,1,2,2,1,0
MV-51704,Women Fedoras Luxe,BRG,Bordeaux,Accessories,Women,Hats,Fedoras,MV,Maison Voss,300,50,EU_F07M,MV Flagship Paris,5585.44,1753.06,14,7955.7,3968.26,1015.38,9,5114.38,21,12,9,16,13,0
MV-90031,Women Loafers Heritage,ARG,Argent,Footwear,Women,Flats,Loafers,MV,Maison Voss,300,20,EU_F07M,MV Flagship Paris,7348.98,1840.31,15,9339.17,5125.51,1822.01,11,6848.73,28,24,4,20,15,0
MV-38047,Women Round Frames Relaxed,BLU,Bleu Marine,Accessories,Women,Sunglasses,Round Frames,MVS,MV Signature,300,30,EU_F07M,MV Flagship Paris,202.56,64.27,1,272.27,188.42,48.79,1,272.27,1,0,1,1,0,0
MV-69446,Unisex Evening Dresses Modern,CHP,Champagne,Ready-to-Wear,Unisex,Dresses,Evening Dresses,MV,Maison Voss,300,50,EU_F07M,MV Flagship Paris,17177.39,6216.67,26,21079.42,14915.83,5625.61,23,18647.18,72,65,7,62,42,0
MV-33509,Unisex Fedoras Signature,NVY,Navy,Accessories,Unisex,Hats,Fedoras,MVS,MV Signature,300,30,EU_F07M,MV Flagship Paris,2287.48,670.73,8,2779.72,1775.6,465.98,6,2084.79,22,17,5,22,13,0
MV-84341,Men Sandals Signature,ECR,Ecru,Footwear,Men,Heels,Sandals,MV,Maison Voss,300,20,EU_F07M,MV Flagship Paris,11573.22,3476.02,19,14397.41,12373.64,4324.62,21,15912.93,40,33,7,39,29,0
MV-21164,Men Shorts Relaxed,NOI,Noir,Ready-to-Wear,Men,Bottoms,Shorts,MV,Maison Voss,300,70,EU_F07M,MV Flagship Paris,3832.88,1029.33,8,4466.58,3684.73,1177.68,8,4466.58,8,7,1,7,4,0
MV-52415,Men Jeans Relaxed,IVR,Ivoire,Ready-to-Wear,Men,Bottoms,Jeans,MV,Maison Voss,300,50,EU_F07M,MV Flagship Paris,2097.46,743.87,4,2715.84,2122.58,761.77,4,2715.84,13,10,3,13,11,0
MV-81364,Unisex Crossbody Bags Signature,ECR,Ecru,Leather Goods,Unisex,Handbags,Crossbody Bags,MVS,MV Signature,300,20,EU_F07M,MV Flagship Paris,10071.62,3469.65,12,14189.81,12159.62,3309.85,15,17737.27,25,22,3,35,26,0
MV-85156,Women Chain Belts Essential,VRT,Vert,Leather Goods,Women,Belts,Chain Belts,MV,Maison Voss,300,50,EU_F07M,MV Flagship Paris,6269.05,1789.27,6,7999.11,6591.16,1892.22,7,9332.29,7,4,3,9,8,0
MV-79615,Women Midi Dresses Slim,BLU,Bleu Marine,Ready-to-Wear,Women,Dresses,Midi Dresses,MV,Maison Voss,300,20,EU_F07M,MV Flagship Paris,3942.52,1044.44,17,5069.7,2802.27,741.05,13,3876.83,20,14,6,15,12,0
MV-64377,Women Trousers Essential,CRM,Creme,Ready-to-Wear,Women,Bottoms,Trousers,MVS,MV Signature,300,50,EU_F07M,MV Flagship Paris,2813.36,940.23,5,3714.81,3108.19,1132.91,5,3714.81,6,5,1,7,4,0
MV-99353,Women Tote Bags,ROG,Rouge,Leather Goods,Women,Handbags,Tote Bags,MV,Maison Voss,300,50,EU_F07M,MV Flagship Paris,11490.5,3784.82,16,16289.72,11930.03,4062.61,15,15271.61,28,25,3,22,20,0
MV-99173,Women Card Holders Modern,BRG,Bordeaux,Leather Goods,Women,Small Leather Goods,Card Holders,MV,Maison Voss,300,50,EU_F07M,MV Flagship Paris,3061.18,944.55,3,3708.92,2101.87,650.85,2,2472.62,4,3,1,3,2,0
MV-62296,Unisex Bracelets Signature,SBL,Sable,Accessories,Unisex,Jewelry,Bracelets,MVS,MV Signature,300,50,EU_F07M,MV Flagship Paris,12841.66,3695.33,25,18781.28,11129.46,2967.0,21,15776.28,99,83,16,91,58,0
MV-27486,Women Mules Classic,ANT,Anthracite,Footwear,Women,Heels,Mules,MVS,MV Signature,300,20,EU_F07M,MV Flagship Paris,18914.13,6116.57,32,23938.38,18542.93,5779.48,33,24686.45,46,32,14,49,48,0
MV-76039,Women Boots Relaxed,ARG,Argent,Footwear,Women,Heels,Boots,MVS,MV Signature,300,20,EU_F07M,MV Flagship Paris,1447.44,505.03,2,1908.74,689.76,179.81,1,954.37,7,4,3,6,4,0
MV-79329,Men Suit Trousers Classic,ROG,Rouge,Ready-to-Wear,Men,Suits,Suit Trousers,MVS,MV Signature,300,30,EU_F07M,MV Flagship Paris,8893.22,3122.79,14,12097.72,10598.66,2766.46,17,14690.09,10,9,1,14,9,0
MV-33509,Unisex Fedoras Signature,RSE,Rose Poudre,Accessories,Unisex,Hats,Fedoras,MVS,MV Signature,300,20,EU_F07M,MV Flagship Paris,533.87,171.26,1,704.64,0.0,0.0,0,0.0,1,0,1,1,0,0
MV-90031,Women Loafers Heritage,BEG,Beige,Footwear,Women,Flats,Loafers,MV,Maison Voss,300,70,EU_F07M,MV Flagship Paris,9146.83,2645.68,21,12297.79,9026.84,2518.74,23,13469.0,41,39,2,40,29,0
MV-67637,Men Midi Dresses Essential,IVR,Ivoire,Ready-to-Wear,Men,Dresses,Midi Dresses,MV,Maison Voss,300,20,EU_F07M,MV Flagship Paris,1374.32,486.98,7,1915.59,1499.65,400.22,7,1915.59,8,5,3,8,6,0
MV-30253,Men Weekender Essential,IVR,Ivoire,Leather Goods,Men,Luggage,Weekender,MVS,MV Signature,300,20,EU_F07M,MV Flagship Paris,8476.3,2803.78,17,10735.77,6285.29,1806.28,12,7578.19,12,9,3,8,5,0
MV-71953,Women Suit Trousers Relaxed,ANT,Anthracite,Ready-to-Wear,Women,Suits,Suit Trousers,MVS,MV Signature,300,20,EU_F07M,MV Flagship Paris,5088.16,1721.19,16,7531.84,3509.56,958.61,11,5178.14,23,21,2,18,16,0
MV-50213,Women Tops Slim,CHP,Champagne,Ready-to-Wear,Women,Tops,Tops,MV,Maison Voss,300,70,EU_F07M,MV Flagship Paris,24632.53,6697.09,59,31681.5,27489.5,9465.37,63,33829.4,45,35,10,43,29,0
MV-98501,Women Blouses Relaxed,VRT,Vert,Ready-to-Wear,Women,Tops,Blouses,MVS,MV Signature,300,50,EU_F07M,MV Flagship Paris,11550.06,3379.46,18,16336.19,8463.36,3027.54,14,12705.93,38,30,8,32,30,0
MV-39102,Men Day Dresses Luxe,IVR,Ivoire,Ready-to-Wear,Men,Dresses,Day Dresses,MV,Maison Voss,300,20,EU_F07M,MV Flagship Paris,8236.01,2348.04,20,11913.59,8566.17,2788.71,19,11317.91,54,53,1,51,32,0
MV-83975,Unisex Baseball Caps Classic,NVY,Navy,Accessories,Unisex,Hats,Baseball Caps,MVS,MV Signature,300,50,EU_F07M,MV Flagship Paris,4085.59,1023.49,11,5774.05,4881.99,1262.56,12,6298.97,11,9,2,14,13,0
MV-31581,Men Key Holders Slim,SBL,Sable,Leather Goods,Men,Small Leather Goods,Key Holders,MVS,MV Signature,300,20,EU_F07M,MV Flagship Paris,57504.46,14482.4,69,81421.42,69637.56,19441.41,84,99121.73,57,38,19,69,68,0
MV-15014,Women Bracelets Modern,ROG,Rouge,Accessories,Women,Jewelry,Bracelets,MVS,MV Signature,300,30,EU_F07M,MV Flagship Paris,16417.25,5466.29,34,22366.15,11274.76,3471.67,25,16445.7,132,107,25,105,93,0
MV-90301,Men High Top,SBL,Sable,Footwear,Men,Sneakers,High Top,MVS,MV Signature,300,70,EU_F07M,MV Flagship Paris,2870.12,865.35,7,4272.6,2269.01,781.61,5,3051.86,19,13,6,14,12,0
MV-73532,Women Midi Dresses Modern,GRG,Greige,Ready-to-Wear,Women,Dresses,Midi Dresses,MVS,MV Signature,300,20,EU_F07M,MV Flagship Paris,12888.39,4701.86,43,17241.21,13848.73,4270.91,48,19246.01,120,74,46,141,89,0
MV-75308,Men Ballet Flats,BRG,Bordeaux,Footwear,Men,Flats,Ballet Flats,MVS,MV Signature,300,50,EU_F07M,MV Flagship Paris,10933.52,2748.85,13,15047.7,7601.73,2595.95,10,11575.16,46,44,2,37,35,0
MV-56346,Women Clutches Essential,SBL,Sable,Leather Goods,Women,Handbags,Clutches,MV,Maison Voss,300,50,EU_F07M,MV Flagship Paris,18767.32,4927.23,40,26805.32,19798.23,5601.77,40,26805.32,115,76,39,113,88,0
MV-71057,Women Boots,NOI,Noir,Footwear,Women,Heels,Boots,MVS,MV Signature,300,20,EU_F07M,MV Flagship Paris,11800.76,4232.22,40,14477.44,13880.23,3514.23,45,16287.12,70,67,3,68,42,0
MV-64377,Women Trousers Essential,GRG,Greige,Ready-to-Wear,Women,Bottoms,Trousers,MVS,MV Signature,300,50,EU_F07M,MV Flagship Paris,1518.65,541.51,4,2076.91,1077.25,370.51,3,1557.68,9,8,1,9,7,0
MV-51704,Women Fedoras Luxe,SBL,Sable,Accessories,Women,Hats,Fedoras,MV,Maison Voss,300,70,EU_F07M,MV Flagship Paris,10493.76,3897.14,28,14263.67,10599.03,2890.17,26,13244.84,74,72,2,60,39,0
MV-17816,Women Trousers Slim,TRP,Taupe,Ready-to-Wear,Women,Bottoms,Trousers,MV,Maison Voss,300,50,EU_F07M,MV Flagship Paris,2620.62,967.87,7,3747.31,2946.57,827.11,8,4282.64,4,3,1,5,4,0
MV-82512,Women Shorts Heritage,RSE,Rose Poudre,Ready-to-Wear,Women,Bottoms,Shorts,MV,Maison Voss,300,50,EU_F07M,MV Flagship Paris,3685.35,1335.85,8,4751.39,3087.58,822.28,7,4157.47,28,22,6,31,19,0
MV-40007,Women Tote Bags Modern,CAM,Camel,Leather Goods,Women,Handbags,Tote Bags,MV,Maison Voss,300,20,EU_F07M,MV Flagship Paris,5586.17,1753.29,8,8201.55,5643.7,1769.03,8,8201.55,29,20,9,32,21,0
MV-27961,Women Blouses Signature,GRG,Greige,Ready-to-Wear,Women,Tops,Blouses,MV,Maison Voss,300,20,EU_F07M,MV Flagship Paris,19299.34,5729.62,29,25014.37,20235.86,7539.05,32,27602.06,97,63,34,111,109,0
MV-96760,Women Blouses Signature,TAN,Tan,Ready-to-Wear,Women,Tops,Blouses,MV,Maison Voss,300,50,EU_F07M,MV Flagship Paris,1533.76,389.45,6,2248.33,1631.98,527.53,7,2623.05,11,10,1,16,14,0
MV-76249,Men Clutches Luxe,CRM,Cognac,Leather Goods,Men,Handbags,Clutches,MV,Maison Voss,300,50,EU_F07M,MV Flagship Paris,922.06,283.9,1,1281.83,830.94,266.59,1,1281.83,2,1,1,2,1,0
MV-17331,Women Key Holders Relaxed,ANT,Anthracite,Leather Goods,Women,Small Leather Goods,Key Holders,MVS,MV Signature,300,20,EU_F07M,MV Flagship Paris,25094.07,7799.35,29,32723.56,34005.62,9020.26,37,41750.75,33,24,9,42,34,0
MV-37460,Men Jackets Heritage,TAN,Tan,Ready-to-Wear,Men,Outerwear,Jackets,MV,Maison Voss,300,50,EU_F07M,MV Flagship Paris,830.72,250.24,4,1215.26,690.85,237.0,3,911.44,10,9,1,8,5,0
MV-15513,Unisex Shorts Heritage,ROG,Rouge,Ready-to-Wear,Unisex,Bottoms,Shorts,MVS,MV Signature,300,30,EU_F07M,MV Flagship Paris,1174.11,320.51,2,1650.54,1187.75,393.8,2,1650.54,3,2,1,3,2,0
MV-28191,Women Chelsea Boots Luxe,ROG,Rouge,Footwear,Women,Boots,Chelsea Boots,MV,Maison Voss,300,20,EU_F07M,MV Flagship Paris,4165.36,1215.53,6,5808.84,4315.79,1602.51,6,5808.84,12,8,4,14,12,0
MV-20993,Men Wool Scarves Slim,CRM,Cognac,Accessories,Men,Scarves,Wool Scarves,MV,Maison Voss,300,20,EU_F07M,MV Flagship Paris,3563.32,907.96,11,4850.45,3973.31,1434.48,12,5291.4,31,21,10,33,22,0
MV-93717,Women Leather Belts Heritage,GRG,Greige,Leather Goods,Women,Belts,Leather Belts,MVS,MV Signature,300,30,EU_F07M,MV Flagship Paris,9618.29,3618.53,14,13300.76,9393.08,2945.57,14,13300.76,15,11,4,16,15,0
MV-57942,Women Chelsea Boots Modern,ARG,Argent,Footwear,Women,Boots,Chelsea Boots,MVS,MV Signature,300,70,EU_F07M,MV Flagship Paris,544.43,202.66,1,783.79,0.0,0.0,0,0.0,3,2,1,2,1,0
MV-33703,Men Earrings Slim,RSE,Rose Poudre,Accessories,Men,Jewelry,Earrings,MVS,MV Signature,300,20,EU_F07M,MV Flagship Paris,42587.63,16127.68,81,55529.83,49196.47,17261.33,95,65127.58,121,77,44,126,77,0
MV-14877,Women Necklaces Heritage,ARG,Argent,Accessories,Women,Jewelry,Necklaces,MV,Maison Voss,300,20,EU_F07M,MV Flagship Paris,14393.39,4040.89,29,18156.01,15425.91,5020.49,32,20034.21,30,21,9,36,31,0
MV-12180,Men High Top Signature,RSE,Rose Poudre,Footwear,Men,Sneakers,High Top,MVS,MV Signature,300,50,EU_F07M,MV Flagship Paris,6325.35,1918.84,9,8401.1,6227.33,1901.08,8,7467.64,13,11,2,11,9,0
MV-66881,Men Trousers Modern,CAM,Camel,Ready-to-Wear,Men,Bottoms,Trousers,MV,Maison Voss,300,20,EU_F07M,MV Flagship Paris,2156.3,760.61,8,2863.13,1485.72,544.94,6,2147.35,7,5,2,5,3,0
MV-82924,Women Low Top Classic,GRG,Greige,Footwear,Women,Sneakers,Low Top,MV,Maison Voss,300,50,EU_F07M,MV Flagship Paris,6318.59,2094.67,13,8330.71,4732.3,1303.83,11,7049.06,39,25,14,39,35,0
MV-73532,Women Midi Dresses Modern,BLU,Bleu Marine,Ready-to-Wear,Women,Dresses,Midi Dresses,MVS,MV Signature,300,20,EU_F07M,MV Flagship Paris,8919.03,2775.63,22,11836.21,9605.77,3581.07,21,11298.2,29,24,5,23,22,0
MV-27139,Men Jackets Signature,SBL,Sable,Ready-to-Wear,Men,Outerwear,Jackets,MVS,MV Signature,300,50,EU_F07M,MV Flagship Paris,1716.79,650.48,3,2354.77,1631.13,513.4,3,2354.77,8,6,2,10,6,0
MV-33647,Men Coats Heritage,NOI,Noir,Ready-to-Wear,Men,Outerwear,Coats,MVS,MV Signature,300,50,EU_F07M,MV Flagship Paris,1971.02,604.4,4,2776.03,2001.48,530.37,4,2776.03,3,2,1,2,1,0
MV-38183,Men Suit Trousers Essential,ARG,Argent,Ready-to-Wear,Men,Suits,Suit Trousers,MVS,MV Signature,300,20,EU_F07M,MV Flagship Paris,26349.1,8034.07,45,33682.84,31551.62,10198.45,52,38922.39,36,30,6,35,29,0
MV-20543,Men Check-In Classic,ANT,Anthracite,Leather Goods,Men,Luggage,Check-In,MVS,MV Signature,300,20,EU_F07M,MV Flagship Paris,4396.56,1618.77,6,5937.8,3593.99,921.9,5,4948.17,14,11,3,14,10,0
MV-57943,Women Shorts Essential,GRG,Greige,Ready-to-Wear,Women,Bottoms,Shorts,MV,Maison Voss,300,20,EU_F07M,MV Flagship Paris,7823.1,1986.37,11,9823.29,4566.01,1670.16,7,6251.18,10,6,4,8,5,0
MV-30253,Men Weekender Essential,ARG,Argent,Leather Goods,Men,Luggage,Weekender,MVS,MV Signature,300,50,EU_F07M,MV Flagship Paris,41092.82,10723.13,47,53319.82,54448.78,16504.04,57,64664.46,133,82,51,147,114,0
MV-53655,Women Leather Belts Slim,BRG,Bordeaux,Leather Goods,Women,Belts,Leather Belts,MV,Maison Voss,300,70,EU_F07M,MV Flagship Paris,9704.79,2912.51,25,13054.65,9888.22,2519.7,27,14099.03,18,16,2,18,12,0
MV-92203,Men Clutches,VRT,Vert,Leather Goods,Men,Handbags,Clutches,MV,Maison Voss,300,20,EU_F07M,MV Flagship Paris,6328.41,1976.76,9,9315.0,5225.04,1877.76,7,7245.0,11,6,5,8,5,0
MV-13396,Women Wallets Slim,ECR,Ecru,Leather Goods,Women,Small Leather Goods,Wallets,MVS,MV Signature,300,20,EU_F07M,MV Flagship Paris,7740.98,1959.03,26,9781.28,7434.91,2613.56,22,8276.47,40,26,14,33,32,0
MV-65851,Women Midi Dresses Slim,ANT,Anthracite,Ready-to-Wear,Women,Dresses,Midi Dresses,MV,Maison Voss,300,20,EU_F07M,MV Flagship Paris,438.56,140.2,1,662.03,469.81,176.15,1,662.03,2,1,1,1,0,0
MV-89928,Men Suit Trousers Slim,CRM,Cognac,Ready-to-Wear,Men,Suits,Suit Trousers,MVS,MV Signature,300,50,EU_F07M,MV Flagship Paris,16486.41,4483.27,30,20891.54,13895.13,3596.98,26,18106.0,41,31,10,35,30,0
MV-16839,Unisex Key Holders Luxe,GRG,Greige,Leather Goods,Unisex,Small Leather Goods,Key Holders,MVS,MV Signature,300,20,EU_F07M,MV Flagship Paris,6086.1,1753.6,15,8168.83,5874.46,1624.04,14,7624.24,17,14,3,15,10,0
MV-89963,Women Cat Eye Luxe,BRG,Bordeaux,Accessories,Women,Sunglasses,Cat Eye,MV,Maison Voss,300,20,EU_F07M,MV Flagship Paris,15116.07,5648.68,38,20794.41,14857.89,5607.41,38,20794.41,134,107,27,134,118,0
MV-49618,Men Square Frames Classic,BLU,Bleu Marine,Accessories,Men,Sunglasses,Square Frames,MV,Maison Voss,300,20,EU_F07M,MV Flagship Paris,40690.92,12140.09,71,57531.25,47879.9,17305.27,83,67254.84,187,186,1,206,196,0
MV-50768,Men Knitwear Modern,VRT,Vert,Ready-to-Wear,Men,Tops,Knitwear,MVS,MV Signature,300,20,EU_F07M,MV Flagship Paris,15664.2,4682.77,60,19669.55,19974.65,5802.7,72,23603.46,34,23,11,47,37,0
MV-26299,Men High Top Luxe,NVY,Navy,Footwear,Men,Sneakers,High Top,MVS,MV Signature,300,20,EU_F07M,MV Flagship Paris,31780.94,10664.16,55,44131.07,40076.41,13759.3,65,52154.9,76,69,7,77,58,0
MV-90031,Women Loafers Heritage,GRG,Greige,Footwear,Women,Flats,Loafers,MV,Maison Voss,300,20,EU_F07M,MV Flagship Paris,11541.81,4055.33,16,14500.18,9464.68,3009.08,13,11781.4,26,16,10,21,19,0
MV-27486,Women Mules Classic,SBL,Sable,Footwear,Women,Heels,Mules,MVS,MV Signature,300,50,EU_F07M,MV Flagship Paris,6203.76,1864.01,10,7916.55,4822.05,1430.27,7,5541.59,34,21,13,27,16,0
MV-78146,Men Day Dresses,CRM,Cognac,Ready-to-Wear,Men,Dresses,Day Dresses,MV,Maison Voss,300,20,EU_F07M,MV Flagship Paris,9675.31,3601.13,14,11867.21,7549.51,2520.32,12,10171.89,21,17,4,18,12,0
MV-27486,Women Mules Classic,SBL,Sable,Footwear,Women,Heels,Mules,MVS,MV Signature,300,70,EU_F07M,MV Flagship Paris,13570.81,4667.64,27,18358.94,10362.68,3107.28,22,14959.13,41,33,8,37,34,0
MV-69634,Women Day Dresses Signature,SBL,Sable,Ready-to-Wear,Women,Dresses,Day Dresses,MVS,MV Signature,300,50,EU_F07M,MV Flagship Paris,22605.78,7860.09,49,28362.44,16296.52,5009.96,35,20258.88,158,102,56,97,86,0
MV-93283,Unisex Wallets Luxe,BRG,Bordeaux,Leather Goods,Unisex,Small Leather Goods,Wallets,MV,Maison Voss,300,20,EU_F07M,MV Flagship Paris,4336.3,1118.19,5,5598.09,3496.04,1293.61,4,4478.47,16,15,1,16,15,0
MV-89299,Men Bracelets Luxe,ARG,Argent,Accessories,Men,Jewelry,Bracelets,MV,Maison Voss,300,70,EU_F07M,MV Flagship Paris,32251.6,11753.36,58,38758.89,34406.84,9457.54,64,42768.43,165,144,21,217,161,0
MV-99381,Women Fedoras Signature,BLU,Bleu Marine,Accessories,Women,Hats,Fedoras,MVS,MV Signature,300,50,EU_F07M,MV Flagship Paris,23690.17,5984.87,39,30287.44,24228.74,9036.68,40,31064.05,79,53,26,90,60,0
MV-69459,Women Rings Signature,NOI,Noir,Accessories,Women,Jewelry,Rings,MV,Maison Voss,300,20,EU_F07M,MV Flagship Paris,44536.9,16676.88,89,54160.37,38094.37,12243.81,80,48683.48,157,132,25,156,98,0
MV-98815,Men Check-In,RSE,Rose Poudre,Leather Goods,Men,Luggage,Check-In,MVS,MV Signature,300,20,EU_F07M,MV Flagship Paris,27933.76,9258.79,49,37520.79,20515.89,7673.44,36,27566.29,127,84,43,84,68,0
MV-79924,Unisex Blazers Modern,ROG,Rouge,Ready-to-Wear,Unisex,Outerwear,Blazers,MV,Maison Voss,300,50,EU_F07M,MV Flagship Paris,3562.99,1160.25,7,5076.4,2458.81,632.02,5,3626.0,17,11,6,16,13,0
MV-42087,Men Slides Slim,BLU,Bleu Marine,Footwear,Men,Flats,Slides,MV,Maison Voss,300,20,EU_F07M,MV Flagship Paris,1014.22,376.77,2,1418.26,1081.71,367.77,2,1418.26,2,1,1,2,1,0
MV-91830,Women Bracelets,IVR,Ivoire,Accessories,Women,Jewelry,Bracelets,MV,Maison Voss,300,20,EU_F07M,MV Flagship Paris,1285.38,472.95,2,1594.72,570.48,201.04,1,797.36,2,1,1,1,0,0
MV-59391,Women Weekender Signature,ROG,Rouge,Leather Goods,Women,Luggage,Weekender,MVS,MV Signature,300,20,EU_F07M,MV Flagship Paris,3802.76,1207.98,7,5020.94,2716.0,839.42,5,3586.38,18,14,4,14,9,0
MV-96870,Women Day Dresses Relaxed,BEG,Beige,Ready-to-Wear,Women,Dresses,Day Dresses,MVS,MV Signature,300,70,EU_F07M,MV Flagship Paris,12230.98,4154.06,22,16117.86,11406.0,3309.26,20,14652.6,41,32,9,31,24,0
MV-16839,Unisex Key Holders Luxe,ARG,Argent,Leather Goods,Unisex,Small Leather Goods,Key Holders,MVS,MV Signature,300,20,EU_F07M,MV Flagship Paris,15137.87,5151.14,37,19589.85,17508.78,4975.42,40,21178.21,49,40,9,51,40,0
MV-20993,Men Wool Scarves Slim,BEG,Beige,Accessories,Men,Scarves,Wool Scarves,MV,Maison Voss,300,20,EU_F07M,MV Flagship Paris,24342.99,7365.21,53,34614.26,20155.44,5176.4,44,28736.37,107,69,38,79,74,0
MV-32527,Women Mules Luxe,BEG,Beige,Footwear,Women,Heels,Mules,MV,Maison Voss,300,50,EU_F07M,MV Flagship Paris,9662.45,2629.7,22,14552.51,8783.8,2240.6,19,12568.08,42,37,5,32,26,0
MV-66531,Unisex Key Holders Modern,BEG,Beige,Leather Goods,Unisex,Small Leather Goods,Key Holders,MVS,MV Signature,300,20,EU_F07M,MV Flagship Paris,721.67,252.14,1,1002.81,0.0,0.0,0,0.0,2,1,1,1,0,0
MV-15513,Unisex Shorts Heritage,CRM,Cognac,Ready-to-Wear,Unisex,Bottoms,Shorts,MVS,MV Signature,300,50,EU_F07M,MV Flagship Paris,753.85,278.81,4,1014.98,405.83,143.47,2,507.49,4,3,1,2,1,0
MV-67637,Men Midi Dresses Essential,RSE,Rose Poudre,Ready-to-Wear,Men,Dresses,Midi Dresses,MV,Maison Voss,300,50,EU_F07M,MV Flagship Paris,394.81,148.15,2,532.3,198.83,71.22,1,266.15,3,2,1,2,1,0
MV-62196,Women Blazers,TAN,Tan,Ready-to-Wear,Women,Outerwear,Blazers,MV,Maison Voss,300,20,EU_F07M,MV Flagship Paris,2491.97,881.27,10,3637.87,2456.25,901.34,9,3274.09,23,14,9,20,17,0
MV-40595,Women Day Dresses Heritage,BRG,Bordeaux,Ready-to-Wear,Women,Dresses,Day Dresses,MVS,MV Signature,300,50,EU_F07M,MV Flagship Paris,9779.86,3103.19,16,12391.52,10789.09,3242.72,17,13165.99,57,42,15,74,59,0
MV-70443,Women Card Holders Heritage,CRM,Creme,Leather Goods,Women,Small Leather Goods,Card Holders,MVS,MV Signature,300,70,EU_F07M,MV Flagship Paris,852.99,233.7,1,1138.3,887.04,245.98,1,1138.3,3,2,1,3,2,0
MV-84177,Men Leather Belts Classic,VRT,Vert,Leather Goods,Men,Belts,Leather Belts,MV,Maison Voss,300,20,EU_F07M,MV Flagship Paris,8975.23,2848.45,9,12518.78,9530.48,2667.4,10,13909.76,25,19,6,27,18,0
MV-19869,Women Wool Scarves Slim,IVR,Ivoire,Accessories,Women,Scarves,Wool Scarves,MVS,MV Signature,300,20,EU_F07M,MV Flagship Paris,859.17,287.73,4,1116.99,1097.25,353.92,5,1396.24,13,9,4,13,9,0
MV-68991,Unisex Pouches Heritage,IVR,Ivoire,Leather Goods,Unisex,Small Leather Goods,Pouches,MV,Maison Voss,300,20,EU_F07M,MV Flagship Paris,15136.86,4261.72,24,21038.61,18052.84,6432.67,27,23668.44,83,63,20,99,92,0
MV-69829,Men Ballet Flats Slim,NVY,Navy,Footwear,Men,Flats,Ballet Flats,MV,Maison Voss,300,20,EU_F07M,MV Flagship Paris,5375.19,1559.11,14,7853.99,6190.91,2242.91,15,8414.99,36,22,14,46,43,0
MV-26299,Men High Top Luxe,NVY,Navy,Footwear,Men,Sneakers,High Top,MVS,MV Signature,300,20,EU_F07M,MV Flagship Paris,5784.19,1587.33,15,7801.95,4844.35,1668.99,13,6761.69,7,5,2,6,5,0
MV-96870,Women Day Dresses Relaxed,TRP,Taupe,Ready-to-Wear,Women,Dresses,Day Dresses,MVS,MV Signature,300,30,EU_F07M,MV Flagship Paris,4810.34,1456.88,12,5898.46,4514.33,1283.29,11,5406.92,36,26,10,31,25,0
MV-89928,Men Suit Trousers Slim,BRG,Bordeaux,Ready-to-Wear,Men,Suits,Suit Trousers,MVS,MV Signature,300,50,EU_F07M,MV Flagship Paris,16840.97,4668.57,72,22816.74,21364.09,7140.96,91,28837.82,136,84,52,180,125,0
MV-19869,Women Wool Scarves Slim,BEG,Beige,Accessories,Women,Scarves,Wool Scarves,MVS,MV Signature,300,20,EU_F07M,MV Flagship Paris,1531.79,575.97,5,1979.23,1553.89,410.14,5,1979.23,14,11,3,14,9,0
MV-68878,Men Carry-On Heritage,ARG,Argent,Leather Goods,Men,Luggage,Carry-On,MVS,MV Signature,300,50,EU_F07M,MV Flagship Paris,14397.49,3744.42,16,20799.26,18872.77,5393.47,20,25999.07,60,57,3,86,58,0
MV-35203,Men Blazers Modern,BRG,Bordeaux,Ready-to-Wear,Men,Outerwear,Blazers,MVS,MV Signature,300,20,EU_F07M,MV Flagship Paris,19987.37,6953.18,30,24587.19,23712.06,8012.51,35,28685.06,106,73,33,137,88,0
MV-30730,Men High Top Luxe,BRG,Bordeaux,Footwear,Men,Sneakers,High Top,MV,Maison Voss,300,50,EU_F07M,MV Flagship Paris,12759.87,3874.87,18,18222.81,9043.63,2460.76,13,13160.92,19,12,7,16,10,0
MV-73736,Women Key Holders Relaxed,BLU,Bleu Marine,Leather Goods,Women,Small Leather Goods,Key Holders,MV,Maison Voss,300,20,EU_F07M,MV Flagship Paris,53467.4,14663.58,61,74496.89,39604.18,11055.57,43,52514.2,163,153,10,108,91,0
MV-30866,Women Loafers Modern,TRP,Taupe,Footwear,Women,Flats,Loafers,MVS,MV Signature,300,50,EU_F07M,MV Flagship Paris,5541.42,1528.4,11,7252.66,4074.63,1038.66,8,5274.66,11,9,2,6,5,0
MV-70443,Women Card Holders Heritage,CRM,Creme,Leather Goods,Women,Small Leather Goods,Card Holders,MVS,MV Signature,300,20,EU_F07M,MV Flagship Paris,11442.08,3724.54,14,15566.67,9234.43,3364.61,11,12230.96,53,38,15,45,34,0
MV-79822,Unisex Fedoras Slim,NVY,Navy,Accessories,Unisex,Hats,Fedoras,MV,Maison Voss,300,20,EU_F07M,MV Flagship Paris,812.02,272.51,2,1014.61,838.02,282.35,2,1014.61,1,0,1,0,0,0
MV-31798,Women Shoulder Bags Essential,BRG,Bordeaux,Leather Goods,Women,Handbags,Shoulder Bags,MV,Maison Voss,300,50,EU_F07M,MV Flagship Paris,22061.45,7995.9,21,29713.24,15895.43,4426.86,16,22638.66,36,24,12,28,16,0
MV-68138,Women Tops Modern,ROG,Rouge,Ready-to-Wear,Women,Tops,Tops,MV,Maison Voss,300,20,EU_F07M,MV Flagship Paris,4041.36,1403.67,7,5220.71,3279.14,1176.62,6,4474.89,4,3,1,3,2,0
MV-54313,Women Wallets Classic,SBL,Sable,Leather Goods,Women,Small Leather Goods,Wallets,MV,Maison Voss,300,70,EU_F07M,MV Flagship Paris,3774.76,945.63,4,5629.81,4004.66,1252.58,4,5629.81,9,8,1,7,6,0
MV-53064,Men Skirts Slim,ANT,Anthracite,Ready-to-Wear,Men,Bottoms,Skirts,MV,Maison Voss,300,20,EU_F07M,MV Flagship Paris,8711.31,3047.32,18,10791.47,11140.53,3777.98,21,12590.05,58,49,9,79,78,0
MV-30257,Women Weekender Relaxed,CRM,Cognac,Leather Goods,Women,Luggage,Weekender,MV,Maison Voss,300,50,EU_F07M,MV Flagship Paris,7495.88,2518.88,17,11071.49,6285.65,2272.52,15,9768.96,23,20,3,19,14,0
MV-67637,Men Midi Dresses Essential,CRM,Creme,Ready-to-Wear,Men,Dresses,Midi Dresses,MV,Maison Voss,300,20,EU_F07M,MV Flagship Paris,433.99,118.38,1,582.86,0.0,0.0,0,0.0,2,1,1,1,0,0
MV-78955,Women Pouches Modern,RSE,Rose Poudre,Leather Goods,Women,Small Leather Goods,Pouches,MV,Maison Voss,300,70,EU_F07M,MV Flagship Paris,21184.91,6069.37,27,31066.42,19803.57,4968.77,25,28765.2,50,30,20,47,41,0
MV-50768,Men Knitwear Modern,CAM,Camel,Ready-to-Wear,Men,Tops,Knitwear,MVS,MV Signature,300,20,EU_F07M,MV Flagship Paris,10535.93,3232.68,22,13690.25,12530.68,3982.79,27,16801.67,18,15,3,20,18,0
MV-99224,Men Day Dresses Relaxed,CRM,Cognac,Ready-to-Wear,Men,Dresses,Day Dresses,MVS,MV Signature,300,70,EU_F07M,MV Flagship Paris,1954.28,731.17,4,2825.04,1911.93,707.99,4,2825.04,6,4,2,6,3,0
MV-22097,Men Leather Belts Essential,ROG,Rouge,Leather Goods,Men,Belts,Leather Belts,MV,Maison Voss,300,20,EU_F07M,MV Flagship Paris,13139.05,3871.81,14,17648.54,11707.55,3953.84,12,15127.32,24,18,6,25,22,0
MV-20682,Men Loafers Slim,CHP,Champagne,Footwear,Men,Flats,Loafers,MVS,MV Signature,300,50,EU_F07M,MV Flagship Paris,16465.39,5792.17,29,20582.68,11563.93,3843.41,22,15614.45,60,49,11,46,40,0
MV-67905,Women High Top Luxe,CHP,Champagne,Footwear,Women,Sneakers,High Top,MV,Maison Voss,300,20,EU_F07M,MV Flagship Paris,11464.16,3783.9,17,16856.99,12178.63,3136.58,18,17848.58,35,31,4,31,27,0
MV-47196,Women Wallets,BEG,Beige,Leather Goods,Women,Small Leather Goods,Wallets,MVS,MV Signature,300,20,EU_F07M,MV Flagship Paris,5024.2,1854.02,11,6989.59,5597.96,1604.05,13,8260.42,10,9,1,10,7,0
MV-74866,Women Wool Scarves Luxe,ROG,Rouge,Accessories,Women,Scarves,Wool Scarves,MV,Maison Voss,300,20,EU_F07M,MV Flagship Paris,3827.47,1159.18,9,5344.16,3733.4,1104.99,8,4750.36,4,2,2,3,2,0
MV-38183,Men Suit Trousers Essential,BLU,Bleu Marine,Ready-to-Wear,Men,Suits,Suit Trousers,MVS,MV Signature,300,20,EU_F07M,MV Flagship Paris,7285.99,2585.89,21,9541.51,8588.98,3096.43,23,10450.23,44,39,5,59,41,0
MV-85914,Women Wallets,GRG,Greige,Leather Goods,Women,Small Leather Goods,Wallets,MV,Maison Voss,300,70,EU_F07M,MV Flagship Paris,53635.23,17626.87,64,70808.73,57482.22,16818.48,71,78553.43,44,35,9,53,49,0
MV-47512,Men Tops Relaxed,TRP,Taupe,Ready-to-Wear,Men,Tops,Tops,MVS,MV Signature,300,20,EU_F07M,MV Flagship Paris,10139.63,3084.13,25,12079.06,9340.49,3042.68,24,11595.89,70,45,25,60,37,0
MV-99173,Women Card Holders Modern,ARG,Argent,Leather Goods,Women,Small Leather Goods,Card Holders,MV,Maison Voss,300,20,EU_F07M,MV Flagship Paris,972.91,315.91,1,1280.7,1012.44,321.96,1,1280.7,3,2,1,2,1,0
MV-80282,Unisex Baseball Caps Signature,TAN,Tan,Accessories,Unisex,Hats,Baseball Caps,MV,Maison Voss,300,70,EU_F07M,MV Flagship Paris,4906.3,1339.19,14,6402.9,3561.84,1250.08,11,5030.85,13,11,2,10,7,0
MV-67939,Women Weekender Classic,BEG,Beige,Leather Goods,Women,Luggage,Weekender,MV,Maison Voss,300,50,EU_F07M,MV Flagship Paris,19050.19,7140.3,51,25962.72,23231.78,8377.53,59,30035.31,107,94,13,128,81,0
MV-59015,Unisex Baseball Caps Relaxed,ROG,Rouge,Accessories,Unisex,Hats,Baseball Caps,MV,Maison Voss,300,20,EU_F07M,MV Flagship Paris,652.36,176.69,2,848.42,646.31,184.24,2,848.42,3,2,1,3,2,0
MV-56019,Men Shorts Slim,SBL,Sable,Ready-to-Wear,Men,Bottoms,Shorts,MV,Maison Voss,300,20,EU_F07M,MV Flagship Paris,60896.94,16467.11,104,81404.09,67035.15,24844.15,112,87665.94,165,101,64,164,146,0
MV-91490,Women Midi Dresses,NOI,Noir,Ready-to-Wear,Women,Dresses,Midi Dresses,MV,Maison Voss,300,20,EU_F07M,MV Flagship Paris,37281.77,12044.29,69,49948.58,36075.12,9681.21,58,41985.76,226,197,29,170,117,0
MV-83975,Unisex Baseball Caps Classic,GRG,Greige,Accessories,Unisex,Hats,Baseball Caps,MVS,MV Signature,300,50,EU_F07M,MV Flagship Paris,376.2,130.02,1,472.53,0.0,0.0,0,0.0,2,1,1,1,0,0
MV-54942,Men Square Frames Relaxed,ECR,Ecru,Accessories,Men,Sunglasses,Square Frames,MV,Maison Voss,300,20,EU_F07M,MV Flagship Paris,26042.11,6927.33,62,34243.64,17828.67,4512.37,49,27063.52,100,70,30,84,72,0
MV-80468,Men Blouses Relaxed,GRG,Greige,Ready-to-Wear,Men,Tops,Blouses,MVS,MV Signature,300,20,EU_F07M,MV Flagship Paris,2369.44,714.5,10,3136.6,1863.44,478.18,8,2509.28,5,4,1,4,2,0
MV-22833,Women Midi Dresses Classic,ANT,Anthracite,Ready-to-Wear,Women,Dresses,Midi Dresses,MVS,MV Signature,300,20,EU_F07M,MV Flagship Paris,18002.11,4694.87,43,21844.54,19427.36,5913.36,48,24384.6,130,102,28,118,104,0
MV-50213,Women Tops Slim,TAN,Tan,Ready-to-Wear,Women,Tops,Tops,MV,Maison Voss,300,50,EU_F07M,MV Flagship Paris,6517.14,2337.41,12,8939.3,5251.63,1832.23,10,7449.41,26,22,4,23,15,0
MV-78614,Women Trousers Signature,SBL,Sable,Ready-to-Wear,Women,Bottoms,Trousers,MV,Maison Voss,300,20,EU_F07M,MV Flagship Paris,3824.54,1143.7,13,5524.12,3780.63,1160.83,12,5099.19,19,14,5,18,16,0
MV-79942,Men Blazers Essential,ECR,Ecru,Ready-to-Wear,Men,Outerwear,Blazers,MVS,MV Signature,300,50,EU_F07M,MV Flagship Paris,14253.7,4434.07,23,21574.03,12902.7,4550.26,20,18760.03,49,44,5,35,33,0
MV-62044,Women Low Top Classic,ROG,Rouge,Footwear,Women,Sneakers,Low Top,MVS,MV Signature,300,20,EU_F07M,MV Flagship Paris,16066.82,4599.65,34,19181.64,14776.47,3707.69,33,18617.47,107,71,36,107,94,0
MV-66531,Unisex Key Holders Modern,ROG,Rouge,Leather Goods,Unisex,Small Leather Goods,Key Holders,MVS,MV Signature,300,30,EU_F07M,MV Flagship Paris,580.48,163.58,1,808.41,608.43,159.85,1,808.41,1,0,1,1,0,0
MV-20328,Men Clutches,ARG,Argent,Leather Goods,Men,Handbags,Clutches,MVS,MV Signature,300,20,EU_F07M,MV Flagship Paris,19571.55,5514.64,20,27337.2,16983.75,4907.64,16,21869.76,79,75,4,63,50,0
MV-21542,Women Clutches Signature,NOI,Noir,Leather Goods,Women,Handbags,Clutches,MVS,MV Signature,300,50,EU_F07M,MV Flagship Paris,2978.51,960.5,4,4264.23,3212.74,1068.04,4,4264.23,10,6,4,13,8,0
MV-84341,Men Sandals Signature,ARG,Argent,Footwear,Men,Heels,Sandals,MV,Maison Voss,300,20,EU_F07M,MV Flagship Paris,3108.66,1019.53,9,3950.01,2372.93,849.4,6,2633.34,24,21,3,16,14,0
MV-94058,Women Chain Belts,TAN,Tan,Leather Goods,Women,Belts,Chain Belts,MVS,MV Signature,300,20,EU_F07M,MV Flagship Paris,9122.81,3143.43,9,11526.99,7498.44,2734.7,7,8965.44,6,3,3,3,2,0
MV-42087,Men Slides Slim,SBL,Sable,Footwear,Men,Flats,Slides,MV,Maison Voss,300,20,EU_F07M,MV Flagship Paris,8601.66,3155.42,14,11286.5,6984.59,2273.96,12,9674.15,39,23,16,28,27,0
MV-30730,Men High Top Luxe,BRG,Bordeaux,Footwear,Men,Sneakers,High Top,MV,Maison Voss,300,20,EU_F07M,MV Flagship Paris,6258.77,2194.66,9,8623.54,5601.69,1743.28,9,8623.54,18,16,2,15,14,0
MV-44687,Men Card Holders Modern,GRG,Greige,Leather Goods,Men,Small Leather Goods,Card Holders,MVS,MV Signature,300,30,EU_F07M,MV Flagship Paris,2109.86,674.99,2,2757.45,1112.13,386.0,1,1378.72,4,3,1,3,1,0
MV-68838,Men Suit Trousers Signature,ROG,Rouge,Ready-to-Wear,Men,Suits,Suit Trousers,MV,Maison Voss,300,20,EU_F07M,MV Flagship Paris,1374.89,452.41,3,1729.86,1290.41,451.17,3,1729.86,7,5,2,9,8,0
MV-38183,Men Suit Trousers Essential,NOI,Noir,Ready-to-Wear,Men,Suits,Suit Trousers,MVS,MV Signature,300,30,EU_F07M,MV Flagship Paris,383.77,103.16,1,518.61,0.0,0.0,0,0.0,2,1,1,1,0,0
MV-51704,Women Fedoras Luxe,ECR,Ecru,Accessories,Women,Hats,Fedoras,MV,Maison Voss,300,20,EU_F07M,MV Flagship Paris,6223.17,1993.13,14,8057.56,5642.75,1806.51,13,7482.02,31,26,5,30,26,0
MV-17331,Women Key Holders Relaxed,ECR,Ecru,Leather Goods,Women,Small Leather Goods,Key Holders,MVS,MV Signature,300,20,EU_F07M,MV Flagship Paris,46215.88,13084.95,71,64597.05,45475.68,11565.21,73,66416.69,61,46,15,62,61,0
MV-70443,Women Card Holders Heritage,IVR,Ivoire,Leather Goods,Women,Small Leather Goods,Card Holders,MVS,MV Signature,300,50,EU_F07M,MV Flagship Paris,1779.77,591.32,2,2411.09,1679.36,575.43,2,2411.09,3,2,1,3,2,0
MV-30253,Men Weekender Essential,ANT,Anthracite,Leather Goods,Men,Luggage,Weekender,MVS,MV Signature,300,50,EU_F07M,MV Flagship Paris,69080.48,21609.07,67,91874.21,72075.4,20719.25,64,87760.44,228,217,11,226,147,0
MV-69048,Women Tops Luxe,RSE,Rose Poudre,Ready-to-Wear,Women,Tops,Tops,MV,Maison Voss,300,50,EU_F07M,MV Flagship Paris,13686.36,4127.79,30,18864.24,12055.17,3387.93,27,16977.82,73,56,17,57,49,0
MV-16265,Women Chain Belts Signature,BRG,Bordeaux,Leather Goods,Women,Belts,Chain Belts,MVS,MV Signature,300,50,EU_F07M,MV Flagship Paris,13307.2,4810.99,23,17973.08,13268.17,3630.63,22,17191.64,63,50,13,58,35,0
MV-46655,Women Cat Eye Heritage,CRM,Cognac,Accessories,Women,Sunglasses,Cat Eye,MV,Maison Voss,300,50,EU_F07M,MV Flagship Paris,12405.59,4545.39,24,16257.35,12055.05,4026.38,25,16934.74,52,48,4,46,39,0
MV-15014,Women Bracelets Modern,RSE,Rose Poudre,Accessories,Women,Jewelry,Bracelets,MVS,MV Signature,300,20,EU_F07M,MV Flagship Paris,19490.04,7387.26,40,27162.4,25713.3,8280.8,50,33953.0,31,28,3,44,37,0
MV-31632,Women Weekender Luxe,ECR,Ecru,Leather Goods,Women,Luggage,Weekender,MV,Maison Voss,300,50,EU_F07M,MV Flagship Paris,845.6,286.81,2,1180.47,445.62,121.46,1,590.23,1,0,1,0,0,0
MV-20682,Men Loafers Slim,CRM,Creme,Footwear,Men,Flats,Loafers,MVS,MV Signature,300,20,EU_F07M,MV Flagship Paris,8113.75,2902.42,16,11034.97,9798.62,3049.49,19,13104.03,38,36,2,53,44,0
MV-93717,Women Leather Belts Heritage,VRT,Vert,Leather Goods,Women,Belts,Leather Belts,MVS,MV Signature,300,50,EU_F07M,MV Flagship Paris,27607.5,8666.84,27,40280.81,30253.71,9979.17,28,41772.69,98,92,6,112,108,0
MV-14705,Men Baseball Caps Modern,TRP,Taupe,Accessories,Men,Hats,Baseball Caps,MVS,MV Signature,300,50,EU_F07M,MV Flagship Paris,4418.39,1597.39,20,6162.98,5941.98,2115.66,25,7703.72,37,29,8,55,47,0
MV-47512,Men Tops Relaxed,BRG,Bordeaux,Ready-to-Wear,Men,Tops,Tops,MVS,MV Signature,300,20,EU_F07M,MV Flagship Paris,18794.9,6729.58,41,27865.78,20521.66,6236.01,43,29225.08,26,23,3,28,20,0
MV-42087,Men Slides Slim,VRT,Vert,Footwear,Men,Flats,Slides,MV,Maison Voss,300,20,EU_F07M,MV Flagship Paris,773.43,229.47,1,1096.15,784.48,205.96,1,1096.15,3,2,1,3,2,0
MV-39102,Men Day Dresses Luxe,ARG,Argent,Ready-to-Wear,Men,Dresses,Day Dresses,MV,Maison Voss,300,20,EU_F07M,MV Flagship Paris,17811.31,6055.39,27,26091.82,21279.7,6089.55,34,32856.36,85,64,21,116,86,0
MV-68138,Women Tops Modern,IVR,Ivoire,Ready-to-Wear,Women,Tops,Tops,MV,Maison Voss,300,20,EU_F07M,MV Flagship Paris,5804.21,1683.31,17,7599.25,4414.4,1306.05,15,6705.22,39,33,6,38,30,0
MV-29597,Women Leather Belts,BLU,Bleu Marine,Leather Goods,Women,Belts,Leather Belts,MV,Maison Voss,300,20,EU_F07M,MV Flagship Paris,11140.4,3870.24,11,14722.45,10566.7,3446.41,11,14722.45,28,27,1,32,30,0
MV-68878,Men Carry-On Heritage,NOI,Noir,Leather Goods,Men,Luggage,Carry-On,MVS,MV Signature,300,20,EU_F07M,MV Flagship Paris,3755.97,1055.65,9,5281.46,2366.16,748.19,6,3520.97,8,7,1,5,3,0
MV-70648,Women Tops,TRP,Taupe,Ready-to-Wear,Women,Tops,Tops,MV,Maison Voss,300,20,EU_F07M,MV Flagship Paris,4676.01,1573.13,22,5942.51,3999.72,1259.63,19,5132.16,76,74,2,63,48,0
MV-67905,Women High Top Luxe,CRM,Creme,Footwear,Women,Sneakers,High Top,MV,Maison Voss,300,70,EU_F07M,MV Flagship Paris,25289.07,8976.46,51,36008.85,23027.53,8575.03,46,32478.57,176,172,4,183,169,0
MV-82199,Men Shorts Classic,NVY,Navy,Ready-to-Wear,Men,Bottoms,Shorts,MVS,MV Signature,300,20,EU_F07M,MV Flagship Paris,3410.23,898.27,15,4376.49,3215.95,880.68,16,4668.25,15,12,3,14,12,0
MV-56955,Women Ballet Flats Relaxed,NVY,Navy,Footwear,Women,Flats,Ballet Flats,MVS,MV Signature,300,50,EU_F07M,MV Flagship Paris,25198.12,7170.13,40,32678.63,26069.85,9326.67,42,34312.56,124,95,29,119,86,0
MV-89299,Men Bracelets Luxe,CRM,Cognac,Accessories,Men,Jewelry,Bracelets,MV,Maison Voss,300,20,EU_F07M,MV Flagship Paris,3778.5,1360.11,11,5449.71,3730.5,1145.06,10,4954.28,21,17,4,18,14,0
MV-94323,Women Round Frames Classic,NOI,Noir,Accessories,Women,Sunglasses,Round Frames,MVS,MV Signature,300,50,EU_F07M,MV Flagship Paris,534.34,151.52,2,661.06,557.67,181.62,2,661.06,6,4,2,7,4,0
MV-46421,Women Knee High Slim,BLU,Bleu Marine,Footwear,Women,Boots,Knee High,MVS,MV Signature,300,20,EU_F07M,MV Flagship Paris,259.3,70.58,1,363.5,0.0,0.0,0,0.0,3,2,1,2,1,0
MV-20682,Men Loafers Slim,TAN,Tan,Footwear,Men,Flats,Loafers,MVS,MV Signature,300,20,EU_F07M,MV Flagship Paris,311.58,109.2,1,433.08,329.9,125.24,1,433.08,3,2,1,3,2,0
MV-18163,Men Blazers Slim,BEG,Beige,Ready-to-Wear,Men,Suits,Blazers,MV,Maison Voss,300,20,EU_F07M,MV Flagship Paris,6520.02,2029.13,11,9174.7,4907.89,1461.56,9,7506.57,18,10,8,18,13,0
MV-33647,Men Coats Heritage,RSE,Rose Poudre,Ready-to-Wear,Men,Outerwear,Coats,MVS,MV Signature,300,20,EU_F07M,MV Flagship Paris,3173.72,1048.06,9,4313.97,1913.21,618.8,6,2875.98,35,31,4,31,26,0
MV-48504,Women Slides Signature,CRM,Creme,Footwear,Women,Flats,Slides,MVS,MV Signature,300,50,EU_F07M,MV Flagship Paris,22608.1,8205.95,29,30424.98,23654.2,8134.52,33,34621.53,108,84,24,132,105,0
MV-41358,Men Chelsea Boots Heritage,TAN,Tan,Footwear,Men,Boots,Chelsea Boots,MV,Maison Voss,300,30,EU_F07M,MV Flagship Paris,14417.28,4415.08,31,19912.06,11849.58,4262.63,25,16058.11,31,26,5,23,19,0
MV-84177,Men Leather Belts Classic,BEG,Beige,Leather Goods,Men,Belts,Leather Belts,MV,Maison Voss,300,70,EU_F07M,MV Flagship Paris,788.38,216.92,1,1111.21,694.99,209.27,1,1111.21,2,1,1,1,0,0
MV-70443,Women Card Holders Heritage,ARG,Argent,Leather Goods,Women,Small Leather Goods,Card Holders,MVS,MV Signature,300,20,EU_F07M,MV Flagship Paris,3317.26,942.74,5,4515.12,2888.34,1086.09,4,3612.09,6,5,1,5,3,0
MV-64377,Women Trousers Essential,TRP,Taupe,Ready-to-Wear,Women,Bottoms,Trousers,MVS,MV Signature,300,20,EU_F07M,MV Flagship Paris,3800.9,1207.59,7,5518.23,4162.05,1350.02,7,5518.23,21,13,8,17,14,0
MV-35995,Unisex Check-In Modern,RSE,Rose Poudre,Leather Goods,Unisex,Luggage,Check-In,MVS,MV Signature,300,20,EU_F07M,MV Flagship Paris,10174.9,3128.2,18,14191.3,12151.66,4246.35,22,17344.92,65,62,3,85,53,0
MV-44959,Women Blazers Modern,NOI,Noir,Ready-to-Wear,Women,Outerwear,Blazers,MVS,MV Signature,300,20,EU_F07M,MV Flagship Paris,1990.39,718.13,3,2662.64,1208.03,373.75,2,1775.1,2,1,1,2,1,0
MV-68878,Men Carry-On Heritage,BLU,Bleu Marine,Leather Goods,Men,Luggage,Carry-On,MVS,MV Signature,300,50,EU_F07M,MV Flagship Paris,2961.66,777.91,3,4282.57,2801.71,764.98,3,4282.57,10,8,2,12,9,0
MV-54589,Women Carry-On Slim,NVY,Navy,Leather Goods,Women,Luggage,Carry-On,MV,Maison Voss,300,50,EU_F07M,MV Flagship Paris,46381.41,12273.87,66,57987.67,47065.51,16928.93,68,59744.87,162,139,23,171,134,0
MV-68991,Unisex Pouches Heritage,ROG,Rouge,Leather Goods,Unisex,Small Leather Goods,Pouches,MV,Maison Voss,300,30,EU_F07M,MV Flagship Paris,27175.16,9988.46,37,31739.39,26657.2,9303.12,37,31739.39,69,54,15,66,42,0
MV-21164,Men Shorts Relaxed,IVR,Ivoire,Ready-to-Wear,Men,Bottoms,Shorts,MV,Maison Voss,300,30,EU_F07M,MV Flagship Paris,966.87,291.48,4,1150.06,662.54,166.75,3,862.54,9,7,2,9,7,0
MV-14852,Men Loafers Slim,ROG,Rouge,Footwear,Men,Flats,Loafers,MV,Maison Voss,300,50,EU_F07M,MV Flagship Paris,9274.76,2817.64,12,13192.99,8668.6,2468.82,10,10994.16,23,14,9,21,19,0
MV-69692,Women Suit Sets Essential,ANT,Anthracite,Ready-to-Wear,Women,Suits,Suit Sets,MVS,MV Signature,300,20,EU_F07M,MV Flagship Paris,5964.95,1638.89,10,7247.1,4903.1,1596.55,9,6522.39,11,7,4,9,5,0
MV-63225,Unisex Key Holders,ARG,Argent,Leather Goods,Unisex,Small Leather Goods,Key Holders,MVS,MV Signature,300,20,EU_F07M,MV Flagship Paris,38456.92,9762.11,36,53485.16,43106.68,10822.39,46,68342.15,113,110,3,157,149,0
MV-79942,Men Blazers Essential,CAM,Camel,Ready-to-Wear,Men,Outerwear,Blazers,MVS,MV Signature,300,20,EU_F07M,MV Flagship Paris,10664.42,2711.92,16,13649.83,12051.09,4001.83,19,16209.18,41,24,17,40,28,0
MV-12665,Women Suit Trousers Essential,IVR,Ivoire,Ready-to-Wear,Women,Suits,Suit Trousers,MV,Maison Voss,300,50,EU_F07M,MV Flagship Paris,1345.56,434.62,3,1743.8,1013.05,320.94,2,1162.54,6,3,3,5,3,0
MV-25974,Women Chain Belts,BLU,Bleu Marine,Leather Goods,Women,Belts,Chain Belts,MV,Maison Voss,300,50,EU_F07M,MV Flagship Paris,30375.57,7726.95,31,37232.59,26384.11,9701.29,26,31227.33,42,39,3,35,26,0
MV-44099,Women Trousers Essential,CAM,Camel,Ready-to-Wear,Women,Bottoms,Trousers,MVS,MV Signature,300,20,EU_F07M,MV Flagship Paris,5527.36,1667.95,11,7668.85,5915.68,1560.82,12,8366.02,15,14,1,19,13,0
MV-90209,Men Suit Sets Modern,GRG,Greige,Ready-to-Wear,Men,Suits,Suit Sets,MV,Maison Voss,300,50,EU_F07M,MV Flagship Paris,2339.32,668.58,7,3294.79,2181.54,722.21,6,2824.1,7,5,2,7,4,0
MV-33509,Unisex Fedoras Signature,CHP,Champagne,Accessories,Unisex,Hats,Fedoras,MVS,MV Signature,300,50,EU_F07M,MV Flagship Paris,3870.24,1196.56,10,4726.46,4399.82,1582.51,12,5671.75,16,10,6,20,18,0
MV-18163,Men Blazers Slim,ECR,Ecru,Ready-to-Wear,Men,Suits,Blazers,MV,Maison Voss,300,30,EU_F07M,MV Flagship Paris,6655.34,1826.04,15,8971.4,8538.77,3050.08,18,10765.68,37,29,8,47,45,0
MV-49363,Unisex Cashmere Scarves,CAM,Camel,Accessories,Unisex,Scarves,Cashmere Scarves,MVS,MV Signature,300,30,EU_F07M,MV Flagship Paris,4728.96,1295.38,9,6512.13,5812.97,1759.81,10,7235.7,11,10,1,11,10,0
MV-30730,Men High Top Luxe,CRM,Creme,Footwear,Men,Sneakers,High Top,MV,Maison Voss,300,20,EU_F07M,MV Flagship Paris,4495.89,1142.87,6,6311.48,3885.55,1113.91,5,5259.57,22,17,5,19,16,0
MV-80798,Men Chain Belts Modern,BEG,Beige,Leather Goods,Men,Belts,Chain Belts,MV,Maison Voss,300,20,EU_F07M,MV Flagship Paris,9422.01,2612.97,11,11920.2,11048.33,3565.86,13,14087.51,5,3,2,5,3,0
MV-73532,Women Midi Dresses Modern,ANT,Anthracite,Ready-to-Wear,Women,Dresses,Midi Dresses,MVS,MV Signature,300,20,EU_F07M,MV Flagship Paris,294.94,104.59,1,384.03,266.69,93.11,1,384.03,1,0,1,1,0,0
MV-58566,Men Leather Belts Relaxed,ROG,Rouge,Leather Goods,Men,Belts,Leather Belts,MVS,MV Signature,300,20,EU_F07M,MV Flagship Paris,21157.3,7660.64,34,29372.57,24402.22,7668.7,42,36283.77,80,79,1,94,56,0
MV-54657,Women Evening Dresses Slim,ROG,Rouge,Ready-to-Wear,Women,Dresses,Evening Dresses,MV,Maison Voss,300,50,EU_F07M,MV Flagship Paris,1401.07,393.99,4,1717.43,1073.41,283.81,3,1288.07,3,1,2,3,2,0
MV-16175,Unisex Day Dresses Modern,VRT,Vert,Ready-to-Wear,Unisex,Dresses,Day Dresses,MV,Maison Voss,300,50,EU_F07M,MV Flagship Paris,592.12,149.28,1,707.29,584.66,218.93,1,707.29,1,0,1,1,0,0
MV-58566,Men Leather Belts Relaxed,NVY,Navy,Leather Goods,Men,Belts,Leather Belts,MVS,MV Signature,300,20,EU_F07M,MV Flagship Paris,26463.99,6641.29,24,35081.67,22288.29,8122.7,23,33619.94,33,28,5,26,24,0
MV-84341,Men Sandals Signature,GRG,Greige,Footwear,Men,Heels,Sandals,MV,Maison Voss,300,20,EU_F07M,MV Flagship Paris,15503.19,4324.7,34,20724.17,16318.08,4154.92,34,20724.17,37,34,3,34,26,0
MV-80282,Unisex Baseball Caps Signature,ARG,Argent,Accessories,Unisex,Hats,Baseball Caps,MV,Maison Voss,300,20,EU_F07M,MV Flagship Paris,18780.94,6953.2,38,25413.64,17524.75,4991.65,35,23407.3,65,55,10,56,49,0
MV-64377,Women Trousers Essential,NVY,Navy,Ready-to-Wear,Women,Bottoms,Trousers,MVS,MV Signature,300,20,EU_F07M,MV Flagship Paris,6372.18,2399.46,15,7738.77,7028.04,2031.13,16,8254.69,37,22,15,39,23,0
MV-35995,Unisex Check-In Modern,ROG,Rouge,Leather Goods,Unisex,Luggage,Check-In,MVS,MV Signature,300,20,EU_F07M,MV Flagship Paris,1710.48,553.57,5,2269.22,1446.85,395.12,4,1815.38,14,11,3,13,11,0
MV-38903,Men Coats Essential,NVY,Navy,Ready-to-Wear,Men,Outerwear,Coats,MV,Maison Voss,300,20,EU_F07M,MV Flagship Paris,13955.38,3780.12,30,19831.96,12568.84,4293.62,28,18509.83,40,30,10,31,29,0
MV-52176,Women Check-In Relaxed,TAN,Tan,Leather Goods,Women,Luggage,Check-In,MVS,MV Signature,300,20,EU_F07M,MV Flagship Paris,24697.6,7188.61,27,32489.68,18799.95,6557.7,21,25269.75,49,32,17,31,23,0
MV-50213,Women Tops Slim,ROG,Rouge,Ready-to-Wear,Women,Tops,Tops,MV,Maison Voss,300,30,EU_F07M,MV Flagship Paris,2595.25,804.56,6,3572.46,1755.38,448.12,4,2381.64,17,10,7,13,8,0
MV-11214,Men Coats Heritage,NVY,Navy,Ready-to-Wear,Men,Outerwear,Coats,MVS,MV Signature,300,20,EU_F07M,MV Flagship Paris,24947.47,8761.03,54,30139.16,20046.65,5209.38,42,23441.57,96,75,21,67,60,0
MV-74038,Women Pouches,ANT,Anthracite,Leather Goods,Women,Small Leather Goods,Pouches,MV,Maison Voss,300,20,EU_F07M,MV Flagship Paris,929.54,299.97,2,1241.4,422.88,156.81,1,620.7,2,1,1,1,0,0
MV-70648,Women Tops,CHP,Champagne,Ready-to-Wear,Women,Tops,Tops,MV,Maison Voss,300,20,EU_F07M,MV Flagship Paris,45903.97,15440.73,94,62074.58,38813.18,10415.89,89,58772.74,153,124,29,140,139,0
MV-63843,Women Midi Dresses Essential,BLU,Bleu Marine,Ready-to-Wear,Women,Dresses,Midi Dresses,MVS,MV Signature,300,50,EU_F07M,MV Flagship Paris,15693.28,4928.22,45,21415.85,11615.62,4276.3,35,16656.77,93,81,12,65,45,0
MV-68529,Men Ankle Boots,ANT,Anthracite,Footwear,Men,Boots,Ankle Boots,MVS,MV Signature,300,20,EU_F07M,MV Flagship Paris,15785.23,5770.58,26,21346.28,14235.9,5189.3,23,18883.25,80,64,16,70,62,0
MV-62296,Unisex Bracelets Signature,IVR,Ivoire,Accessories,Unisex,Jewelry,Bracelets,MVS,MV Signature,300,30,EU_F07M,MV Flagship Paris,36770.58,12537.87,64,48060.34,26768.66,10009.68,47,35294.31,125,99,26,75,74,0
MV-25043,Men Loafers,BLU,Bleu Marine,Footwear,Men,Flats,Loafers,MVS,MV Signature,300,20,EU_F07M,MV Flagship Paris,11445.66,3703.68,29,15825.71,8879.35,3273.41,23,12551.43,71,58,13,52,45,0
MV-93283,Unisex Wallets Luxe,NOI,Noir,Leather Goods,Unisex,Small Leather Goods,Wallets,MV,Maison Voss,300,70,EU_F07M,MV Flagship Paris,2770.79,1024.59,4,3680.63,2984.47,847.31,4,3680.63,6,5,1,5,3,0
MV-11214,Men Coats Heritage,RSE,Rose Poudre,Ready-to-Wear,Men,Outerwear,Coats,MVS,MV Signature,300,20,EU_F07M,MV Flagship Paris,6925.54,1819.52,13,9406.41,5966.76,1617.34,10,7235.7,13,11,2,11,7,0
MV-59391,Women Weekender Signature,ECR,Ecru,Leather Goods,Women,Luggage,Weekender,MVS,MV Signature,300,30,EU_F07M,MV Flagship Paris,1008.8,374.77,1,1256.33,1083.37,363.13,1,1256.33,1,0,1,1,0,0
MV-96760,Women Blouses Signature,CRM,Creme,Ready-to-Wear,Women,Tops,Blouses,MV,Maison Voss,300,30,EU_F07M,MV Flagship Paris,2709.0,935.12,11,3932.9,3262.51,1190.79,13,4647.97,15,9,6,18,12,0
MV-80143,Men Knitwear Classic,ANT,Anthracite,Ready-to-Wear,Men,Tops,Knitwear,MVS,MV Signature,300,50,EU_F07M,MV Flagship Paris,18925.06,6222.87,31,25146.22,18824.47,6034.06,29,23523.88,120,88,32,119,82,0
MV-67939,Women Weekender Classic,SBL,Sable,Leather Goods,Women,Luggage,Weekender,MV,Maison Voss,300,20,EU_F07M,MV Flagship Paris,6049.21,2203.56,11,7700.24,5618.74,1761.69,10,7000.22,27,22,5,28,19,0
MV-74866,Women Wool Scarves Luxe,GRG,Greige,Accessories,Women,Scarves,Wool Scarves,MV,Maison Voss,300,20,EU_F07M,MV Flagship Paris,4758.6,1595.08,9,6592.94,3917.98,1349.65,7,5127.84,11,6,5,11,9,0
MV-68838,Men Suit Trousers Signature,CRM,Cognac,Ready-to-Wear,Men,Suits,Suit Trousers,MV,Maison Voss,300,50,EU_F07M,MV Flagship Paris,12369.68,3188.71,20,16649.95,9678.89,2573.15,16,13319.96,38,24,14,33,21,0
MV-49139,Men Wool Scarves Essential,SBL,Sable,Accessories,Men,Scarves,Wool Scarves,MV,Maison Voss,300,20,EU_F07M,MV Flagship Paris,23302.11,6969.78,47,32890.02,24652.22,9011.92,48,33589.81,132,82,50,145,107,0
MV-84531,Women Check-In Classic,GRG,Greige,Leather Goods,Women,Luggage,Check-In,MVS,MV Signature,300,20,EU_F07M,MV Flagship Paris,715.01,182.26,1,918.52,0.0,0.0,0,0.0,2,1,1,1,0,0
MV-20077,Men Chain Belts Slim,BRG,Bordeaux,Leather Goods,Men,Belts,Chain Belts,MVS,MV Signature,300,70,EU_F07M,MV Flagship Paris,3394.38,1065.17,11,4748.02,4245.68,1262.96,14,6042.93,5,3,2,6,4,0
MV-51116,Unisex Tops Essential,VRT,Vert,Ready-to-Wear,Unisex,Tops,Tops,MV,Maison Voss,300,70,EU_F07M,MV Flagship Paris,1247.71,412.66,3,1557.91,1207.71,326.72,3,1557.91,9,6,3,9,5,0
MV-96341,Women Card Holders Signature,CHP,Champagne,Leather Goods,Women,Small Leather Goods,Card Holders,MVS,MV Signature,300,30,EU_F07M,MV Flagship Paris,23724.82,8924.54,27,31187.84,28142.3,9411.08,30,34653.16,17,13,4,17,13,0
MV-11214,Men Coats Heritage,TAN,Tan,Ready-to-Wear,Men,Outerwear,Coats,MVS,MV Signature,300,30,EU_F07M,MV Flagship Paris,828.02,208.81,2,1182.81,790.11,242.76,2,1182.81,6,5,1,5,4,0
MV-69829,Men Ballet Flats Slim,BLU,Bleu Marine,Footwear,Men,Flats,Ballet Flats,MV,Maison Voss,300,50,EU_F07M,MV Flagship Paris,6003.96,1736.53,25,7811.14,8487.83,2261.79,32,9998.26,19,15,4,29,22,0
MV-51116,Unisex Tops Essential,CRM,Creme,Ready-to-Wear,Unisex,Tops,Tops,MV,Maison Voss,300,50,EU_F07M,MV Flagship Paris,4011.89,1142.05,7,5689.42,4759.08,1635.58,8,6502.2,10,6,4,10,7,0
MV-88222,Men Suit Trousers Heritage,TAN,Tan,Ready-to-Wear,Men,Suits,Suit Trousers,MV,Maison Voss,300,20,EU_F07M,MV Flagship Paris,3232.19,817.48,5,4181.21,4290.02,1557.56,6,5017.45,11,8,3,15,9,0
MV-47243,Men Boots Heritage,RSE,Rose Poudre,Footwear,Men,Heels,Boots,MV,Maison Voss,300,70,EU_F07M,MV Flagship Paris,14136.89,4671.52,63,18717.74,17220.31,6342.39,79,23471.45,105,70,35,108,73,0
MV-85914,Women Wallets,NVY,Navy,Leather Goods,Women,Small Leather Goods,Wallets,MV,Maison Voss,300,20,EU_F07M,MV Flagship Paris,537.61,178.53,1,716.46,0.0,0.0,0,0.0,2,1,1,1,0,0
MV-56346,Women Clutches Essential,GRG,Greige,Leather Goods,Women,Handbags,Clutches,MV,Maison Voss,300,20,EU_F07M,MV Flagship Paris,8603.16,2491.13,13,11764.93,8581.79,3043.07,14,12669.93,26,25,1,24,18,0
MV-94058,Women Chain Belts,TAN,Tan,Leather Goods,Women,Belts,Chain Belts,MVS,MV Signature,300,50,EU_F07M,MV Flagship Paris,696.46,184.11,1,988.1,0.0,0.0,0,0.0,2,1,1,2,1,0
MV-20543,Men Check-In Classic,TRP,Taupe,Leather Goods,Men,Luggage,Check-In,MVS,MV Signature,300,30,EU_F07M,MV Flagship Paris,9511.9,3201.14,15,12533.61,10459.07,3445.18,18,15040.33,56,42,14,56,45,0
MV-57942,Women Chelsea Boots Modern,BEG,Beige,Footwear,Women,Boots,Chelsea Boots,MVS,MV Signature,300,50,EU_F07M,MV Flagship Paris,11864.71,3982.85,16,16535.57,14073.57,4358.94,18,18602.52,59,35,24,74,50,0
MV-42541,Women Blazers Slim,GRG,Greige,Ready-to-Wear,Women,Suits,Blazers,MVS,MV Signature,300,50,EU_F07M,MV Flagship Paris,2050.02,678.5,8,2548.78,2142.66,751.2,8,2548.78,16,11,5,14,9,0
MV-15513,Unisex Shorts Heritage,CAM,Camel,Ready-to-Wear,Unisex,Bottoms,Shorts,MVS,MV Signature,300,20,EU_F07M,MV Flagship Paris,1607.7,577.26,3,2222.5,1702.81,495.29,3,2222.5,2,1,1,2,1,0
MV-67961,Men Wool Scarves Heritage,NOI,Noir,Accessories,Men,Scarves,Wool Scarves,MV,Maison Voss,300,20,EU_F07M,MV Flagship Paris,2969.48,1008.31,10,4285.24,3478.24,1068.03,11,4713.77,13,9,4,14,9,0
MV-20543,Men Check-In Classic,CRM,Cognac,Leather Goods,Men,Luggage,Check-In,MVS,MV Signature,300,50,EU_F07M,MV Flagship Paris,23292.47,8179.98,25,30375.05,15925.41,5291.58,18,21870.03,56,44,12,42,27,0
MV-98815,Men Check-In,BLU,Bleu Marine,Leather Goods,Men,Luggage,Check-In,MVS,MV Signature,300,50,EU_F07M,MV Flagship Paris,11029.01,4000.15,35,15040.69,8798.89,2454.05,26,11173.09,71,58,13,63,62,0
MV-62044,Women Low Top Classic,GRG,Greige,Footwear,Women,Sneakers,Low Top,MVS,MV Signature,300,20,EU_F07M,MV Flagship Paris,5887.11,1738.75,17,7784.18,4556.0,1660.02,12,5494.72,33,22,11,20,13,0
MV-35203,Men Blazers Modern,BRG,Bordeaux,Ready-to-Wear,Men,Outerwear,Blazers,MVS,MV Signature,300,20,EU_F07M,MV Flagship Paris,13144.06,4048.54,20,16092.04,11545.62,3137.25,18,14482.84,33,27,6,24,19,0
MV-21542,Women Clutches Signature,CAM,Camel,Leather Goods,Women,Handbags,Clutches,MVS,MV Signature,300,20,EU_F07M,MV Flagship Paris,3524.36,1125.27,5,4782.22,3559.79,1204.13,5,4782.22,15,13,2,17,10,0
MV-70648,Women Tops,NVY,Navy,Ready-to-Wear,Women,Tops,Tops,MV,Maison Voss,300,50,EU_F07M,MV Flagship Paris,1352.07,473.67,7,1712.08,1567.64,537.45,9,2201.24,16,12,4,20,13,0
MV-27486,Women Mules Classic,NVY,Navy,Footwear,Women,Heels,Mules,MVS,MV Signature,300,20,EU_F07M,MV Flagship Paris,1100.13,277.34,4,1363.82,1128.72,319.86,4,1363.82,11,7,4,14,13,0
MV-41358,Men Chelsea Boots Heritage,CRM,Creme,Footwear,Men,Boots,Chelsea Boots,MV,Maison Voss,300,50,EU_F07M,MV Flagship Paris,3864.7,1090.41,6,5480.05,3573.27,1087.58,5,4566.71,10,8,2,8,6,0
MV-67961,Men Wool Scarves Heritage,NOI,Noir,Accessories,Men,Scarves,Wool Scarves,MV,Maison Voss,300,50,EU_F07M,MV Flagship Paris,2030.77,540.14,5,2723.65,2235.43,826.02,5,2723.65,12,9,3,11,10,0
MV-98501,Women Blouses Relaxed,TRP,Taupe,Ready-to-Wear,Women,Tops,Blouses,MVS,MV Signature,300,20,EU_F07M,MV Flagship Paris,8782.39,2790.12,16,12119.73,6715.78,1851.32,13,9847.28,24,16,8,15,10,0
MV-44687,Men Card Holders Modern,TAN,Tan,Leather Goods,Men,Small Leather Goods,Card Holders,MVS,MV Signature,300,70,EU_F07M,MV Flagship Paris,20362.1,6524.63,19,26947.72,14817.65,4743.61,15,21274.52,40,29,11,28,26,0
MV-43491,Women Earrings Heritage,TAN,Tan,Accessories,Women,Jewelry,Earrings,MV,Maison Voss,300,50,EU_F07M,MV Flagship Paris,17359.22,5967.98,67,24893.33,14451.15,3639.11,60,22292.53,134,92,42,112,96,0
MV-42087,Men Slides Slim,CRM,Creme,Footwear,Men,Flats,Slides,MV,Maison Voss,300,20,EU_F07M,MV Flagship Paris,3328.37,1135.72,5,4757.37,2758.34,998.01,4,3805.9,14,10,4,10,8,0
MV-78494,Men Suit Sets Essential,GRG,Greige,Ready-to-Wear,Men,Suits,Suit Sets,MVS,MV Signature,300,20,EU_F07M,MV Flagship Paris,4614.59,1506.39,23,5917.82,4227.08,1289.49,21,5403.23,89,73,16,93,63,0
MV-58434,Women Shoulder Bags Heritage,ANT,Anthracite,Leather Goods,Women,Handbags,Shoulder Bags,MV,Maison Voss,300,20,EU_F07M,MV Flagship Paris,12755.83,4717.72,39,15631.17,9995.59,3777.71,32,12825.57,141,118,23,131,123,0
MV-78955,Women Pouches Modern,RSE,Rose Poudre,Leather Goods,Women,Small Leather Goods,Pouches,MV,Maison Voss,300,20,EU_F07M,MV Flagship Paris,14295.25,5091.59,19,20148.42,14580.12,5185.47,20,21208.86,63,39,24,73,51,0
MV-60432,Women Suit Sets Essential,BRG,Bordeaux,Ready-to-Wear,Women,Suits,Suit Sets,MVS,MV Signature,300,20,EU_F07M,MV Flagship Paris,3409.27,1001.19,6,4537.44,3362.12,1210.67,6,4537.44,21,14,7,18,15,0
MV-99173,Women Card Holders Modern,SBL,Sable,Leather Goods,Women,Small Leather Goods,Card Holders,MV,Maison Voss,300,70,EU_F07M,MV Flagship Paris,5115.63,1587.18,7,7066.78,5368.15,2012.02,7,7066.78,21,15,6,19,11,0
MV-50213,Women Tops Slim,CRM,Cognac,Ready-to-Wear,Women,Tops,Tops,MV,Maison Voss,300,70,EU_F07M,MV Flagship Paris,603.91,151.11,1,821.13,648.43,170.46,1,821.13,0,0,0,0,0,0
MV-36143,Unisex Weekender Heritage,CRM,Creme,Leather Goods,Unisex,Luggage,Weekender,MVS,MV Signature,300,70,EU_F07M,MV Flagship Paris,8026.52,2926.46,8,10213.79,9031.87,3188.29,9,11490.51,26,23,3,26,22,0
MV-80807,Men Ballet Flats Heritage,CAM,Camel,Footwear,Men,Flats,Ballet Flats,MV,Maison Voss,300,50,EU_F07M,MV Flagship Paris,10043.24,2749.48,31,12321.5,8219.41,2336.97,25,9936.69,81,50,31,72,61,0
MV-60432,Women Suit Sets Essential,GRG,Greige,Ready-to-Wear,Women,Suits,Suit Sets,MVS,MV Signature,300,20,EU_F07M,MV Flagship Paris,561.6,162.2,1,740.88,529.36,138.97,1,740.88,3,2,1,2,1,0
MV-85965,Men Fedoras Signature,BEG,Beige,Accessories,Men,Hats,Fedoras,MV,Maison Voss,300,20,EU_F07M,MV Flagship Paris,2816.34,812.18,5,3647.69,1717.52,645.99,3,2188.61,8,5,3,5,3,0
MV-98815,Men Check-In,CRM,Cognac,Leather Goods,Men,Luggage,Check-In,MVS,MV Signature,300,50,EU_F07M,MV Flagship Paris,20339.47,5184.9,28,27171.38,23523.35,8862.17,30,29112.19,15,10,5,14,13,0
MV-68991,Unisex Pouches Heritage,VRT,Vert,Leather Goods,Unisex,Small Leather Goods,Pouches,MV,Maison Voss,300,20,EU_F07M,MV Flagship Paris,28631.44,8869.05,35,41042.67,37858.12,10754.16,44,51596.5,26,22,4,35,32,0
MV-79822,Unisex Fedoras Slim,GRG,Greige,Accessories,Unisex,Hats,Fedoras,MV,Maison Voss,300,20,EU_F07M,MV Flagship Paris,2311.73,799.79,14,3185.96,2995.82,816.56,16,3641.09,38,34,4,37,31,0
MV-49576,Women Jackets Classic,CHP,Champagne,Ready-to-Wear,Women,Outerwear,Jackets,MV,Maison Voss,300,20,EU_F07M,MV Flagship Paris,17182.77,5176.64,27,21517.78,14430.63,3984.07,24,19126.92,94,92,2,80,65,0
MV-52176,Women Check-In Relaxed,BRG,Bordeaux,Leather Goods,Women,Luggage,Check-In,MVS,MV Signature,300,70,EU_F07M,MV Flagship Paris,9768.54,2716.32,11,12439.13,12160.36,3759.79,13,14700.79,18,12,6,22,15,0
MV-68991,Unisex Pouches Heritage,SBL,Sable,Leather Goods,Unisex,Small Leather Goods,Pouches,MV,Maison Voss,300,20,EU_F07M,MV Flagship Paris,3317.85,1089.69,4,4346.06,1787.62,517.72,2,2173.03,5,3,2,3,2,0
MV-48504,Women Slides Signature,NVY,Navy,Footwear,Women,Flats,Slides,MVS,MV Signature,300,20,EU_F07M,MV Flagship Paris,2643.94,821.43,11,3675.56,3414.87,1158.93,14,4677.98,37,30,7,48,43,0
MV-96341,Women Card Holders Signature,BEG,Beige,Leather Goods,Women,Small Leather Goods,Card Holders,MVS,MV Signature,300,20,EU_F07M,MV Flagship Paris,8468.52,2190.6,20,12820.62,9667.06,3199.86,20,12820.62,29,20,9,33,21,0
MV-54725,Women Suit Trousers Classic,BRG,Bordeaux,Ready-to-Wear,Women,Suits,Suit Trousers,MV,Maison Voss,300,30,EU_F07M,MV Flagship Paris,37159.87,13709.79,68,51386.18,41078.73,10684.18,68,51386.18,82,55,27,92,91,0
MV-65851,Women Midi Dresses Slim,NOI,Noir,Ready-to-Wear,Women,Dresses,Midi Dresses,MV,Maison Voss,300,20,EU_F07M,MV Flagship Paris,679.1,197.46,1,919.22,0.0,0.0,0,0.0,1,0,1,1,0,0
MV-85914,Women Wallets,SBL,Sable,Leather Goods,Women,Small Leather Goods,Wallets,MV,Maison Voss,300,50,EU_F07M,MV Flagship Paris,13463.23,3860.59,16,18767.82,13341.16,4449.03,16,18767.82,53,33,20,43,37,0
MV-53064,Men Skirts Slim,BEG,Beige,Ready-to-Wear,Men,Bottoms,Skirts,MV,Maison Voss,300,20,EU_F07M,MV Flagship Paris,5602.9,1529.13,9,8056.57,6894.95,2232.59,11,9846.92,21,18,3,24,18,0
MV-46421,Women Knee High Slim,CHP,Champagne,Footwear,Women,Boots,Knee High,MVS,MV Signature,300,20,EU_F07M,MV Flagship Paris,12821.61,4049.09,16,16393.56,9822.79,2795.43,12,12295.17,62,61,1,54,37,0
MV-84341,Men Sandals Signature,NOI,Noir,Footwear,Men,Heels,Sandals,MV,Maison Voss,300,50,EU_F07M,MV Flagship Paris,596.94,163.97,1,820.3,0.0,0.0,0,0.0,1,0,1,0,0,0
MV-93283,Unisex Wallets Luxe,CAM,Camel,Leather Goods,Unisex,Small Leather Goods,Wallets,MV,Maison Voss,300,20,EU_F07M,MV Flagship Paris,9099.72,3232.03,8,12600.66,8444.43,2797.85,8,12600.66,24,23,1,28,20,0
MV-44664,Women Shoulder Bags Modern,NOI,Noir,Leather Goods,Women,Handbags,Shoulder Bags,MVS,MV Signature,300,20,EU_F07M,MV Flagship Paris,35524.64,10814.68,39,43907.41,39338.28,11531.05,39,43907.41,53,35,18,50,49,0
MV-23579,Men Cat Eye,ANT,Anthracite,Accessories,Men,Sunglasses,Cat Eye,MVS,MV Signature,300,20,EU_F07M,MV Flagship Paris,9203.5,2951.12,18,12404.21,7687.75,2787.23,15,10336.84,21,16,5,19,12,0
MV-96760,Women Blouses Signature,BEG,Beige,Ready-to-Wear,Women,Tops,Blouses,MV,Maison Voss,300,50,EU_F07M,MV Flagship Paris,2602.66,963.57,13,3276.71,2870.32,754.0,15,3780.82,31,18,13,29,28,0
MV-33509,Unisex Fedoras Signature,NOI,Noir,Accessories,Unisex,Hats,Fedoras,MVS,MV Signature,300,20,EU_F07M,MV Flagship Paris,2173.95,765.79,7,2700.56,2717.86,725.8,8,3086.36,14,11,3,17,13,0
MV-84531,Women Check-In Classic,NOI,Noir,Leather Goods,Women,Luggage,Check-In,MVS,MV Signature,300,20,EU_F07M,MV Flagship Paris,6003.52,2091.48,8,7884.22,3655.54,1001.01,5,4927.64,10,9,1,6,4,0
MV-26299,Men High Top Luxe,CRM,Cognac,Footwear,Men,Sneakers,High Top,MVS,MV Signature,300,50,EU_F07M,MV Flagship Paris,4507.35,1286.8,11,6678.49,3514.18,1094.65,9,5464.22,35,26,9,23,13,0
MV-15014,Women Bracelets Modern,GRG,Greige,Accessories,Women,Jewelry,Bracelets,MVS,MV Signature,300,20,EU_F07M,MV Flagship Paris,9104.44,2942.63,41,12297.11,7307.5,2209.41,34,10197.6,84,56,28,77,62,0
MV-67637,Men Midi Dresses Essential,ANT,Anthracite,Ready-to-Wear,Men,Dresses,Midi Dresses,MV,Maison Voss,300,20,EU_F07M,MV Flagship Paris,20275.42,7468.66,79,25603.86,20441.08,7245.53,80,25927.96,200,134,66,195,124,0
MV-43681,Men Low Top Luxe,VRT,Vert,Footwear,Men,Sneakers,Low Top,MV,Maison Voss,300,50,EU_F07M,MV Flagship Paris,4562.03,1552.53,13,5826.31,3407.3,1210.75,11,4929.95,47,30,17,40,36,0
MV-22097,Men Leather Belts Essential,ANT,Anthracite,Leather Goods,Men,Belts,Leather Belts,MV,Maison Voss,300,50,EU_F07M,MV Flagship Paris,8113.58,2918.31,11,10945.59,7701.72,2196.88,10,9950.53,33,26,7,32,27,0
MV-80236,Women Coats Slim,TRP,Taupe,Ready-to-Wear,Women,Outerwear,Coats,MVS,MV Signature,300,70,EU_F07M,MV Flagship Paris,11122.46,2908.49,43,15527.95,8531.84,2644.83,31,11194.57,153,122,31,120,77,0
MV-85914,Women Wallets,TRP,Taupe,Leather Goods,Women,Small Leather Goods,Wallets,MV,Maison Voss,300,70,EU_F07M,MV Flagship Paris,6523.43,2232.91,12,8981.17,7133.17,1836.31,13,9729.61,15,13,2,17,11,0
MV-71797,Men Shoulder Bags Classic,BEG,Beige,Leather Goods,Men,Handbags,Shoulder Bags,MVS,MV Signature,300,30,EU_F07M,MV Flagship Paris,5897.81,2098.63,18,8099.01,5542.39,1597.68,16,7199.12,60,49,11,65,55,0
MV-53064,Men Skirts Slim,NOI,Noir,Ready-to-Wear,Men,Bottoms,Skirts,MV,Maison Voss,300,20,EU_F07M,MV Flagship Paris,1888.26,616.54,6,2631.44,1471.26,396.47,5,2192.87,19,15,4,13,11,0
MV-47196,Women Wallets,RSE,Rose Poudre,Leather Goods,Women,Small Leather Goods,Wallets,MVS,MV Signature,300,50,EU_F07M,MV Flagship Paris,23063.11,7938.21,31,33371.21,22557.09,7797.23,28,30141.74,70,60,10,71,65,0
MV-43491,Women Earrings Heritage,BLU,Bleu Marine,Accessories,Women,Jewelry,Earrings,MV,Maison Voss,300,50,EU_F07M,MV Flagship Paris,5652.92,1744.77,17,7023.78,4962.19,1569.09,15,6197.45,30,22,8,24,18,0
MV-77538,Men Check-In Signature,BLU,Bleu Marine,Leather Goods,Men,Luggage,Check-In,MV,Maison Voss,300,20,EU_F07M,MV Flagship Paris,31174.98,8410.68,38,39787.01,25484.93,9188.2,33,34551.88,109,101,8,77,57,0
MV-12128,Women Cat Eye Signature,NOI,Noir,Accessories,Women,Sunglasses,Cat Eye,MV,Maison Voss,300,70,EU_F07M,MV Flagship Paris,7523.13,2598.25,35,10194.4,5429.28,1673.77,27,7864.25,103,93,10,93,57,0
MV-67905,Women High Top Luxe,CRM,Cognac,Footwear,Women,Sneakers,High Top,MV,Maison Voss,300,70,EU_F07M,MV Flagship Paris,1763.79,447.52,5,2478.96,1582.75,526.21,4,1983.17,15,10,5,11,10,0
MV-29080,Men Jackets Relaxed,ARG,Argent,Ready-to-Wear,Men,Outerwear,Jackets,MV,Maison Voss,300,20,EU_F07M,MV Flagship Paris,16288.52,4385.91,29,21419.55,11058.83,2836.84,22,16249.31,68,56,12,51,44,0
MV-12128,Women Cat Eye Signature,CAM,Camel,Accessories,Women,Sunglasses,Cat Eye,MV,Maison Voss,300,30,EU_F07M,MV Flagship Paris,21125.37,6882.04,37,29604.23,17052.73,6196.3,30,24003.43,31,25,6,21,19,0
MV-31798,Women Shoulder Bags Essential,GRG,Greige,Leather Goods,Women,Handbags,Shoulder Bags,MV,Maison Voss,300,50,EU_F07M,MV Flagship Paris,7575.7,2128.39,9,10013.83,10184.07,2594.64,11,12239.12,11,8,3,13,9,0
MV-96200,Women Suit Sets,BEG,Beige,Ready-to-Wear,Women,Suits,Suit Sets,MVS,MV Signature,300,70,EU_F07M,MV Flagship Paris,2106.55,780.53,4,2724.36,2573.71,825.54,5,3405.45,11,9,2,14,13,0
MV-66531,Unisex Key Holders Modern,VRT,Vert,Leather Goods,Unisex,Small Leather Goods,Key Holders,MVS,MV Signature,300,20,EU_F07M,MV Flagship Paris,514.52,145.1,1,679.27,0.0,0.0,0,0.0,2,1,1,2,1,0
MV-20350,Women Card Holders Essential,CRM,Cognac,Leather Goods,Women,Small Leather Goods,Card Holders,MVS,MV Signature,300,20,EU_F07M,MV Flagship Paris,5835.49,1751.98,13,8284.81,4642.0,1178.85,10,6372.93,22,16,6,20,19,0
MV-77538,Men Check-In Signature,CRM,Creme,Leather Goods,Men,Luggage,Check-In,MV,Maison Voss,300,20,EU_F07M,MV Flagship Paris,7362.16,1875.42,10,9283.08,7244.1,2316.07,10,9283.08,30,21,9,34,32,0
MV-39444,Men Key Holders Relaxed,BEG,Beige,Leather Goods,Men,Small Leather Goods,Key Holders,MV,Maison Voss,300,20,EU_F07M,MV Flagship Paris,7719.79,2911.82,18,9620.2,9606.11,3074.86,22,11758.02,20,12,8,24,18,0
MV-20350,Women Card Holders Essential,CRM,Cognac,Leather Goods,Women,Small Leather Goods,Card Holders,MVS,MV Signature,300,70,EU_F07M,MV Flagship Paris,4366.01,1299.62,4,6135.87,3993.43,1105.72,4,6135.87,2,1,1,1,0,0
MV-62034,Women Necklaces Luxe,NVY,Navy,Accessories,Women,Jewelry,Necklaces,MVS,MV Signature,300,20,EU_F07M,MV Flagship Paris,12477.98,3586.16,45,17302.13,12440.29,3672.02,47,18071.11,28,21,7,27,24,0
MV-54185,Men Trousers Heritage,TAN,Tan,Ready-to-Wear,Men,Bottoms,Trousers,MVS,MV Signature,300,20,EU_F07M,MV Flagship Paris,3964.16,1430.38,6,5303.39,2790.26,744.38,4,3535.59,23,18,5,13,8,0
MV-48462,Women Ankle Boots Relaxed,RSE,Rose Poudre,Footwear,Women,Boots,Ankle Boots,MVS,MV Signature,300,20,EU_F07M,MV Flagship Paris,3981.03,1432.06,5,5132.01,3921.92,1446.18,5,5132.01,19,14,5,22,17,0
MV-62772,Men Tote Bags Signature,IVR,Ivoire,Leather Goods,Men,Handbags,Tote Bags,MV,Maison Voss,300,20,EU_F07M,MV Flagship Paris,10267.45,3689.12,15,13630.02,7402.6,2765.35,12,10904.01,8,5,3,5,4,0
MV-38903,Men Coats Essential,CRM,Cognac,Ready-to-Wear,Men,Outerwear,Coats,MV,Maison Voss,300,70,EU_F07M,MV Flagship Paris,3365.36,1103.65,16,4421.18,3176.38,814.69,14,3868.53,18,14,4,13,9,0
MV-41358,Men Chelsea Boots Heritage,ECR,Ecru,Footwear,Men,Boots,Chelsea Boots,MV,Maison Voss,300,50,EU_F07M,MV Flagship Paris,3619.69,1214.55,5,4647.58,4231.51,1520.27,6,5577.1,13,10,3,16,13,0
MV-95918,Women Suit Sets Modern,ARG,Argent,Ready-to-Wear,Women,Suits,Suit Sets,MV,Maison Voss,300,50,EU_F07M,MV Flagship Paris,4676.2,1367.04,7,6255.64,3887.83,1359.87,6,5361.98,22,20,2,20,13,0
MV-89928,Men Suit Trousers Slim,ARG,Argent,Ready-to-Wear,Men,Suits,Suit Trousers,MVS,MV Signature,300,20,EU_F07M,MV Flagship Paris,1946.72,713.03,4,2491.48,1368.5,482.5,3,1868.61,7,6,1,7,4,0
MV-27139,Men Jackets Signature,CHP,Champagne,Ready-to-Wear,Men,Outerwear,Jackets,MVS,MV Signature,300,20,EU_F07M,MV Flagship Paris,9579.79,2732.33,29,12159.39,6959.77,1999.03,20,8385.78,100,99,1,78,52,0
MV-44099,Women Trousers Essential,BLU,Bleu Marine,Ready-to-Wear,Women,Bottoms,Trousers,MVS,MV Signature,300,50,EU_F07M,MV Flagship Paris,18321.24,5923.58,34,23547.3,22505.51,6823.61,37,25625.0,36,34,2,45,35,0
MV-28714,Men Trousers Luxe,BLU,Bleu Marine,Ready-to-Wear,Men,Bottoms,Trousers,MV,Maison Voss,300,20,EU_F07M,MV Flagship Paris,9360.54,3077.51,14,11533.51,9795.11,3376.2,16,13181.15,16,14,2,19,18,0
MV-12180,Men High Top Signature,GRG,Greige,Footwear,Men,Sneakers,High Top,MVS,MV Signature,300,20,EU_F07M,MV Flagship Paris,24449.41,8882.91,29,29206.56,18084.94,5242.15,24,24170.94,49,40,9,38,32,0
MV-84177,Men Leather Belts Classic,CAM,Camel,Leather Goods,Men,Belts,Leather Belts,MV,Maison Voss,300,20,EU_F07M,MV Flagship Paris,11000.34,4171.56,30,15209.71,12660.17,4287.18,34,17237.67,82,80,2,101,86,0
MV-37535,Men Shirts Relaxed,ARG,Argent,Ready-to-Wear,Men,Tops,Shirts,MVS,MV Signature,300,20,EU_F07M,MV Flagship Paris,1745.74,473.5,3,2626.7,1914.35,709.49,3,2626.7,4,3,1,5,4,0
MV-26704,Men Pouches Classic,CAM,Camel,Leather Goods,Men,Small Leather Goods,Pouches,MVS,MV Signature,300,50,EU_F07M,MV Flagship Paris,37471.2,14017.29,78,45860.66,30138.84,9936.06,65,38217.21,304,192,112,285,211,0
MV-43491,Women Earrings Heritage,BRG,Bordeaux,Accessories,Women,Jewelry,Earrings,MV,Maison Voss,300,70,EU_F07M,MV Flagship Paris,16383.64,4964.32,39,24185.13,14882.76,3857.1,37,22944.86,88,62,26,78,70,0
MV-26505,Men Leather Belts Relaxed,TRP,Taupe,Leather Goods,Men,Belts,Leather Belts,MV,Maison Voss,300,20,EU_F07M,MV Flagship Paris,4336.47,1449.77,5,6032.14,4279.69,1622.78,5,6032.14,9,5,4,9,5,0
MV-33509,Unisex Fedoras Signature,TAN,Tan,Accessories,Unisex,Hats,Fedoras,MVS,MV Signature,300,20,EU_F07M,MV Flagship Paris,1478.06,430.59,4,1815.96,963.48,308.88,3,1361.97,11,8,3,9,8,0
MV-59009,Women Earrings Slim,BLU,Bleu Marine,Accessories,Women,Jewelry,Earrings,MVS,MV Signature,300,20,EU_F07M,MV Flagship Paris,1204.24,430.58,3,1547.04,1271.89,350.43,3,1547.04,8,7,1,9,6,0
MV-48504,Women Slides Signature,NOI,Noir,Footwear,Women,Flats,Slides,MVS,MV Signature,300,20,EU_F07M,MV Flagship Paris,1927.26,486.05,3,2416.36,2083.07,694.69,3,2416.36,1,0,1,1,0,0
MV-26683,Women Blazers Relaxed,CRM,Creme,Ready-to-Wear,Women,Outerwear,Blazers,MV,Maison Voss,300,20,EU_F07M,MV Flagship Paris,19099.88,4997.3,31,27238.07,18660.41,6026.15,33,28995.37,38,26,12,41,25,0
MV-47243,Men Boots Heritage,BRG,Bordeaux,Footwear,Men,Heels,Boots,MV,Maison Voss,300,20,EU_F07M,MV Flagship Paris,8893.39,2355.05,14,11266.07,10333.9,3423.69,16,12875.51,50,34,16,68,44,0
MV-14877,Women Necklaces Heritage,NVY,Navy,Accessories,Women,Jewelry,Necklaces,MV,Maison Voss,300,20,EU_F07M,MV Flagship Paris,8064.03,2963.38,35,11340.48,6400.92,2213.95,29,9396.4,89,66,23,78,54,0
MV-48177,Women Card Holders Essential,IVR,Ivoire,Leather Goods,Women,Small Leather Goods,Card Holders,MV,Maison Voss,300,20,EU_F07M,MV Flagship Paris,26522.18,9740.58,31,32468.3,22561.11,7220.44,29,30373.57,16,13,3,17,14,0
MV-20328,Men Clutches,NOI,Noir,Leather Goods,Men,Handbags,Clutches,MVS,MV Signature,300,70,EU_F07M,MV Flagship Paris,14735.83,3703.78,21,20049.67,9867.72,3703.46,15,14321.19,32,20,12,20,14,0
MV-69634,Women Day Dresses Signature,ECR,Ecru,Ready-to-Wear,Women,Dresses,Day Dresses,MVS,MV Signature,300,50,EU_F07M,MV Flagship Paris,6190.44,1642.88,26,9170.54,7715.36,2465.71,29,10228.67,34,25,9,32,26,0
MV-42087,Men Slides Slim,ANT,Anthracite,Footwear,Men,Flats,Slides,MV,Maison Voss,300,70,EU_F07M,MV Flagship Paris,245.87,90.44,1,305.32,0.0,0.0,0,0.0,1,0,1,0,0,0
MV-52176,Women Check-In Relaxed,BRG,Bordeaux,Leather Goods,Women,Luggage,Check-In,MVS,MV Signature,300,20,EU_F07M,MV Flagship Paris,7716.31,2357.19,8,11284.02,5733.66,1835.92,6,8463.01,18,17,1,11,6,0
MV-78494,Men Suit Sets Essential,BRG,Bordeaux,Ready-to-Wear,Men,Suits,Suit Sets,MVS,MV Signature,300,50,EU_F07M,MV Flagship Paris,13056.36,4237.47,23,17746.07,11367.58,3304.04,21,16202.94,65,54,11,71,46,0
MV-82135,Women Trousers Slim,RSE,Rose Poudre,Ready-to-Wear,Women,Bottoms,Trousers,MVS,MV Signature,300,50,EU_F07M,MV Flagship Paris,424.3,125.61,1,566.13,0.0,0.0,0,0.0,3,1,2,2,1,0
MV-95191,Women Coats Signature,CHP,Champagne,Ready-to-Wear,Women,Outerwear,Coats,MV,Maison Voss,300,70,EU_F07M,MV Flagship Paris,354.05,133.31,1,476.04,0.0,0.0,0,0.0,2,1,1,1,0,0
MV-80798,Men Chain Belts Modern,TAN,Tan,Leather Goods,Men,Belts,Chain Belts,MV,Maison Voss,300,20,EU_F07M,MV Flagship Paris,36706.64,9191.92,44,47994.98,41673.91,14794.28,47,51267.37,34,30,4,37,28,0
MV-90301,Men High Top,GRG,Greige,Footwear,Men,Sneakers,High Top,MVS,MV Signature,300,50,EU_F07M,MV Flagship Paris,13924.34,4733.47,26,20189.68,13603.8,4100.64,24,18636.63,28,21,7,31,30,0
MV-63843,Women Midi Dresses Essential,ARG,Argent,Ready-to-Wear,Women,Dresses,Midi Dresses,MVS,MV Signature,300,20,EU_F07M,MV Flagship Paris,3041.88,1118.15,7,4323.84,3829.23,1249.7,8,4941.53,25,15,10,36,30,0
MV-35203,Men Blazers Modern,SBL,Sable,Ready-to-Wear,Men,Outerwear,Blazers,MVS,MV Signature,300,20,EU_F07M,MV Flagship Paris,9115.57,3097.89,27,11080.93,9908.76,2959.02,32,13132.95,97,93,4,132,93,0
MV-20077,Men Chain Belts Slim,TRP,Taupe,Leather Goods,Men,Belts,Chain Belts,MVS,MV Signature,300,30,EU_F07M,MV Flagship Paris,12168.41,4321.14,36,17082.99,10478.78,3933.96,29,13761.3,73,64,9,69,46,0
MV-80468,Men Blouses Relaxed,TRP,Taupe,Ready-to-Wear,Men,Tops,Blouses,MVS,MV Signature,300,20,EU_F07M,MV Flagship Paris,4423.87,1456.71,8,5648.6,4621.45,1733.27,9,6354.67,10,6,4,13,9,0
MV-38683,Men Tops Slim,TRP,Taupe,Ready-to-Wear,Men,Tops,Tops,MVS,MV Signature,300,20,EU_F07M,MV Flagship Paris,654.53,215.68,1,881.02,627.54,172.86,1,881.02,1,0,1,0,0,0
MV-70648,Women Tops,SBL,Sable,Ready-to-Wear,Women,Tops,Tops,MV,Maison Voss,300,20,EU_F07M,MV Flagship Paris,43284.07,13714.47,62,57482.85,52841.69,13511.22,72,66754.28,71,52,19,94,65,0
MV-23979,Women Check-In Relaxed,SBL,Sable,Leather Goods,Women,Luggage,Check-In,MV,Maison Voss,300,70,EU_F07M,MV Flagship Paris,6499.98,2283.36,9,8485.23,6461.74,2314.81,10,9428.04,26,17,9,32,22,0
MV-15014,Women Bracelets Modern,TRP,Taupe,Accessories,Women,Jewelry,Bracelets,MVS,MV Signature,300,20,EU_F07M,MV Flagship Paris,464.2,123.94,2,687.29,229.76,72.81,1,343.65,2,1,1,1,0,0
MV-54185,Men Trousers Heritage,ROG,Rouge,Ready-to-Wear,Men,Bottoms,Trousers,MVS,MV Signature,300,50,EU_F07M,MV Flagship Paris,9008.05,2331.54,15,11480.95,6638.32,2411.88,11,8419.36,32,28,4,21,18,0
MV-47196,Women Wallets,SBL,Sable,Leather Goods,Women,Small Leather Goods,Wallets,MVS,MV Signature,300,20,EU_F07M,MV Flagship Paris,21748.07,6678.55,33,31560.98,22004.39,7694.3,32,30604.58,64,41,23,71,52,0
MV-35203,Men Blazers Modern,CRM,Creme,Ready-to-Wear,Men,Outerwear,Blazers,MVS,MV Signature,300,50,EU_F07M,MV Flagship Paris,1504.34,492.79,5,1843.61,1882.79,697.59,6,2212.33,12,9,3,15,9,0
MV-77538,Men Check-In Signature,BRG,Bordeaux,Leather Goods,Men,Luggage,Check-In,MV,Maison Voss,300,20,EU_F07M,MV Flagship Paris,2916.17,1022.07,7,3482.25,2332.45,623.58,6,2984.79,25,20,5,24,19,0
MV-30257,Women Weekender Relaxed,ECR,Ecru,Leather Goods,Women,Luggage,Weekender,MV,Maison Voss,300,20,EU_F07M,MV Flagship Paris,3267.96,988.47,6,4744.33,3536.92,1289.39,6,4744.33,21,14,7,19,17,0
MV-84531,Women Check-In Classic,BEG,Beige,Leather Goods,Women,Luggage,Check-In,MVS,MV Signature,300,30,EU_F07M,MV Flagship Paris,41967.47,14747.74,111,51537.9,42468.18,14737.54,127,58966.79,123,119,4,130,78,0
MV-26074,Women Fedoras Slim,CRM,Cognac,Accessories,Women,Hats,Fedoras,MVS,MV Signature,300,20,EU_F07M,MV Flagship Paris,1940.87,675.78,5,2711.53,1145.85,387.6,3,1626.92,16,15,1,14,13,0
MV-49472,Men Square Frames Modern,NOI,Noir,Accessories,Men,Sunglasses,Square Frames,MV,Maison Voss,300,20,EU_F07M,MV Flagship Paris,6240.7,1686.78,19,8326.42,6033.72,1646.42,18,7888.18,39,27,12,40,35,0
MV-82512,Women Shorts Heritage,NVY,Navy,Ready-to-Wear,Women,Bottoms,Shorts,MV,Maison Voss,300,70,EU_F07M,MV Flagship Paris,35422.9,12879.82,60,51966.67,29620.85,8986.42,45,38975.0,224,188,36,173,111,0
MV-96275,Women Coats Essential,ECR,Ecru,Ready-to-Wear,Women,Outerwear,Coats,MV,Maison Voss,300,20,EU_F07M,MV Flagship Paris,1374.8,371.88,3,1974.31,1431.13,414.03,3,1974.31,5,3,2,7,5,0
MV-48177,Women Card Holders Essential,BEG,Beige,Leather Goods,Women,Small Leather Goods,Card Holders,MV,Maison Voss,300,70,EU_F07M,MV Flagship Paris,42905.68,15482.43,81,55600.72,55755.25,15385.87,98,67270.01,118,83,35,138,102,0
MV-70931,Men Chain Belts Essential,TRP,Taupe,Leather Goods,Men,Belts,Chain Belts,MVS,MV Signature,300,20,EU_F07M,MV Flagship Paris,69969.3,26228.09,68,95732.32,63993.63,22220.9,71,99955.8,92,59,33,109,94,0
MV-57943,Women Shorts Essential,NOI,Noir,Ready-to-Wear,Women,Bottoms,Shorts,MV,Maison Voss,300,50,EU_F07M,MV Flagship Paris,14762.72,4298.47,50,18265.26,18181.18,5902.59,62,22648.92,156,103,53,177,125,0
MV-50213,Women Tops Slim,VRT,Vert,Ready-to-Wear,Women,Tops,Tops,MV,Maison Voss,300,50,EU_F07M,MV Flagship Paris,2985.77,970.25,5,4423.81,3328.67,910.11,5,4423.81,12,9,3,14,8,0
MV-43586,Women Jeans Signature,ECR,Ecru,Ready-to-Wear,Women,Bottoms,Jeans,MV,Maison Voss,300,30,EU_F07M,MV Flagship Paris,9105.64,2771.97,23,11803.01,6821.13,2547.54,17,8723.96,50,44,6,36,28,0
MV-82512,Women Shorts Heritage,CRM,Cognac,Ready-to-Wear,Women,Bottoms,Shorts,MV,Maison Voss,300,20,EU_F07M,MV Flagship Paris,8880.95,3263.84,33,11476.0,10030.11,3033.09,38,13214.78,113,93,20,125,81,0
MV-26683,Women Blazers Relaxed,RSE,Rose Poudre,Ready-to-Wear,Women,Outerwear,Blazers,MV,Maison Voss,300,20,EU_F07M,MV Flagship Paris,59739.82,17263.11,99,72985.75,48802.48,13285.43,83,61190.08,244,223,21,210,199,0
MV-15014,Women Bracelets Modern,ANT,Anthracite,Accessories,Women,Jewelry,Bracelets,MVS,MV Signature,300,20,EU_F07M,MV Flagship Paris,1398.78,456.11,4,1969.63,1484.01,466.84,4,1969.63,3,2,1,3,2,0
MV-78146,Men Day Dresses,VRT,Vert,Ready-to-Wear,Men,Dresses,Day Dresses,MV,Maison Voss,300,20,EU_F07M,MV Flagship Paris,10957.06,3805.37,33,14285.68,8951.14,3340.63,26,11255.39,85,53,32,58,44,0
MV-80282,Unisex Baseball Caps Signature,TAN,Tan,Accessories,Unisex,Hats,Baseball Caps,MV,Maison Voss,300,20,EU_F07M,MV Flagship Paris,1579.95,431.46,9,2263.03,1855.13,688.37,11,2765.92,11,9,2,15,13,0
MV-84177,Men Leather Belts Classic,TAN,Tan,Leather Goods,Men,Belts,Leather Belts,MV,Maison Voss,300,20,EU_F07M,MV Flagship Paris,3262.26,1216.59,4,3936.47,3361.2,952.91,4,3936.47,9,7,2,13,9,0
MV-49618,Men Square Frames Classic,BLU,Bleu Marine,Accessories,Men,Sunglasses,Square Frames,MV,Maison Voss,300,20,EU_F07M,MV Flagship Paris,4649.54,1516.35,12,6422.82,5068.07,1599.95,14,7493.29,11,6,5,14,12,0
MV-44335,Women Slides Slim,SBL,Sable,Footwear,Women,Flats,Slides,MV,Maison Voss,300,50,EU_F07M,MV Flagship Paris,28199.68,10105.1,36,34960.96,21496.99,7002.84,28,27191.85,80,75,5,59,49,0
MV-79924,Unisex Blazers Modern,BRG,Bordeaux,Ready-to-Wear,Unisex,Outerwear,Blazers,MV,Maison Voss,300,50,EU_F07M,MV Flagship Paris,4197.48,1151.56,14,6155.7,4193.78,1168.61,15,6595.39,32,31,1,35,29,0
MV-31632,Women Weekender Luxe,ARG,Argent,Leather Goods,Women,Luggage,Weekender,MV,Maison Voss,300,20,EU_F07M,MV Flagship Paris,13184.57,4678.98,17,17539.67,16207.4,4282.74,19,19603.16,12,8,4,15,14,0
MV-28776,Women Sandals Essential,CAM,Camel,Footwear,Women,Heels,Sandals,MV,Maison Voss,300,20,EU_F07M,MV Flagship Paris,85347.28,26809.97,123,126382.08,110634.34,32972.9,142,145904.52,322,296,26,437,309,0
MV-96200,Women Suit Sets,BRG,Bordeaux,Ready-to-Wear,Women,Suits,Suit Sets,MVS,MV Signature,300,30,EU_F07M,MV Flagship Paris,7223.12,1858.73,11,9242.92,9031.07,2520.99,13,10923.45,40,28,12,39,34,0
MV-62044,Women Low Top Classic,TRP,Taupe,Footwear,Women,Sneakers,Low Top,MVS,MV Signature,300,70,EU_F07M,MV Flagship Paris,14868.81,4243.21,22,18477.02,13435.33,3818.82,19,15957.43,49,43,6,37,23,0
MV-80807,Men Ballet Flats Heritage,ANT,Anthracite,Footwear,Men,Flats,Ballet Flats,MV,Maison Voss,300,20,EU_F07M,MV Flagship Paris,7031.42,2011.41,10,9406.21,6948.84,2243.18,9,8465.59,33,25,8,28,25,0
MV-85156,Women Chain Belts Essential,ROG,Rouge,Leather Goods,Women,Belts,Chain Belts,MV,Maison Voss,300,20,EU_F07M,MV Flagship Paris,7845.02,2375.9,11,11738.01,8218.7,2784.27,10,10670.92,25,19,6,26,16,0
MV-59015,Unisex Baseball Caps Relaxed,NOI,Noir,Accessories,Unisex,Hats,Baseball Caps,MV,Maison Voss,300,20,EU_F07M,MV Flagship Paris,12046.09,3649.78,27,16133.02,9126.69,2369.19,21,12547.9,74,45,29,67,41,0
MV-30253,Men Weekender Essential,TRP,Taupe,Leather Goods,Men,Luggage,Weekender,MVS,MV Signature,300,50,EU_F07M,MV Flagship Paris,24415.06,7941.81,64,30852.37,24765.95,9123.75,62,29888.23,150,146,4,133,99,0
MV-26299,Men High Top Luxe,TAN,Tan,Footwear,Men,Sneakers,High Top,MVS,MV Signature,300,30,EU_F07M,MV Flagship Paris,9302.44,3298.79,18,13223.63,7825.07,2319.24,16,11754.33,52,31,21,54,43,0
MV-16839,Unisex Key Holders Luxe,VRT,Vert,Leather Goods,Unisex,Small Leather Goods,Key Holders,MVS,MV Signature,300,20,EU_F07M,MV Flagship Paris,15025.98,4145.5,33,19008.99,15303.07,4682.62,33,19008.99,73,56,17,60,53,0
MV-67961,Men Wool Scarves Heritage,IVR,Ivoire,Accessories,Men,Scarves,Wool Scarves,MV,Maison Voss,300,50,EU_F07M,MV Flagship Paris,503.24,136.28,2,708.84,546.93,197.64,2,708.84,7,4,3,7,6,0
MV-20350,Women Card Holders Essential,GRG,Greige,Leather Goods,Women,Small Leather Goods,Card Holders,MVS,MV Signature,300,20,EU_F07M,MV Flagship Paris,4157.77,1367.46,5,5028.45,2902.88,810.77,4,4022.76,14,12,2,11,7,0
MV-15513,Unisex Shorts Heritage,VRT,Vert,Ready-to-Wear,Unisex,Bottoms,Shorts,MVS,MV Signature,300,50,EU_F07M,MV Flagship Paris,6053.45,2038.48,16,8007.3,7408.17,1988.55,19,9508.67,9,5,4,13,11,0
MV-54657,Women Evening Dresses Slim,SBL,Sable,Ready-to-Wear,Women,Dresses,Evening Dresses,MV,Maison Voss,300,20,EU_F07M,MV Flagship Paris,527.94,164.3,1,684.03,516.89,153.62,1,684.03,1,0,1,0,0,0
MV-67104,Men Sandals Essential,IVR,Ivoire,Footwear,Men,Heels,Sandals,MV,Maison Voss,300,50,EU_F07M,MV Flagship Paris,2966.61,785.62,6,3530.94,3023.08,966.57,7,4119.43,18,11,7,20,12,0
MV-66349,Women Crossbody Bags Modern,NOI,Noir,Leather Goods,Women,Handbags,Crossbody Bags,MV,Maison Voss,300,20,EU_F07M,MV Flagship Paris,14182.16,5202.62,16,18692.38,15618.23,4248.57,17,19860.66,59,48,11,75,58,0
MV-11214,Men Coats Heritage,ANT,Anthracite,Ready-to-Wear,Men,Outerwear,Coats,MVS,MV Signature,300,20,EU_F07M,MV Flagship Paris,470.49,126.82,1,645.73,437.07,152.92,1,645.73,1,0,1,0,0,0
MV-35995,Unisex Check-In Modern,CRM,Cognac,Leather Goods,Unisex,Luggage,Check-In,MVS,MV Signature,300,50,EU_F07M,MV Flagship Paris,4913.6,1839.06,7,7125.41,4503.72,1420.89,6,6107.5,27,20,7,24,16,0
MV-30257,Women Weekender Relaxed,CRM,Creme,Leather Goods,Women,Luggage,Weekender,MV,Maison Voss,300,20,EU_F07M,MV Flagship Paris,5434.07,1561.55,16,6754.07,6199.68,1609.79,20,8442.59,37,28,9,52,36,0
MV-26299,Men High Top Luxe,RSE,Rose Poudre,Footwear,Men,Sneakers,High Top,MVS,MV Signature,300,50,EU_F07M,MV Flagship Paris,10249.33,3141.05,19,12494.23,10259.61,3524.56,18,11836.64,31,28,3,31,19,0
MV-38903,Men Coats Essential,IVR,Ivoire,Ready-to-Wear,Men,Outerwear,Coats,MV,Maison Voss,300,20,EU_F07M,MV Flagship Paris,12671.48,3677.84,60,17466.67,14660.17,5391.35,71,20668.89,162,131,31,200,185,0
MV-83975,Unisex Baseball Caps Classic,CHP,Champagne,Accessories,Unisex,Hats,Baseball Caps,MVS,MV Signature,300,20,EU_F07M,MV Flagship Paris,6137.85,1777.83,24,8446.41,8309.58,2513.47,30,10558.01,73,61,12,80,72,0
MV-97684,Unisex Bracelets Luxe,SBL,Sable,Accessories,Unisex,Jewelry,Bracelets,MV,Maison Voss,300,20,EU_F07M,MV Flagship Paris,6713.5,1980.47,12,8630.3,6008.68,2147.62,10,7191.92,17,12,5,17,13,0
MV-59391,Women Weekender Signature,ECR,Ecru,Leather Goods,Women,Luggage,Weekender,MVS,MV Signature,300,20,EU_F07M,MV Flagship Paris,62337.94,23600.67,61,82583.57,59734.27,15241.97,67,90706.54,241,224,17,307,220,0
MV-44664,Women Shoulder Bags Modern,ECR,Ecru,Leather Goods,Women,Handbags,Shoulder Bags,MVS,MV Signature,300,20,EU_F07M,MV Flagship Paris,36426.8,10181.04,35,52231.98,49016.32,17106.44,43,64170.71,50,31,19,70,55,0
MV-62296,Unisex Bracelets Signature,ARG,Argent,Accessories,Unisex,Jewelry,Bracelets,MVS,MV Signature,300,50,EU_F07M,MV Flagship Paris,3050.03,1083.67,5,4105.8,2687.48,912.12,4,3284.64,6,5,1,5,4,0
MV-68838,Men Suit Trousers Signature,RSE,Rose Poudre,Ready-to-Wear,Men,Suits,Suit Trousers,MV,Maison Voss,300,50,EU_F07M,MV Flagship Paris,1781.36,516.77,3,2406.89,1326.15,341.07,2,1604.59,3,1,2,2,1,0
MV-63225,Unisex Key Holders,ARG,Argent,Leather Goods,Unisex,Small Leather Goods,Key Holders,MVS,MV Signature,300,30,EU_F07M,MV Flagship Paris,12230.02,4636.77,26,14105.97,14477.61,5378.73,30,16276.12,89,59,30,114,111,0
MV-59834,Women Skirts,CHP,Champagne,Ready-to-Wear,Women,Bottoms,Skirts,MVS,MV Signature,300,20,EU_F07M,MV Flagship Paris,3732.27,1135.99,19,4616.41,3573.98,1033.2,17,4130.47,60,43,17,50,35,0
MV-18163,Men Blazers Slim,BRG,Bordeaux,Ready-to-Wear,Men,Suits,Blazers,MV,Maison Voss,300,50,EU_F07M,MV Flagship Paris,15256.22,4473.28,36,17618.27,11319.75,3837.25,30,14681.89,30,18,12,26,25,0
MV-59308,Men Knitwear Essential,BLU,Bleu Marine,Ready-to-Wear,Men,Tops,Knitwear,MVS,MV Signature,300,50,EU_F07M,MV Flagship Paris,20260.8,5313.17,31,24589.14,20409.2,5797.53,35,27761.93,78,67,11,95,62,0
MV-14852,Men Loafers Slim,SBL,Sable,Footwear,Men,Flats,Loafers,MV,Maison Voss,300,30,EU_F07M,MV Flagship Paris,14806.69,4438.09,22,18490.14,14710.45,5179.08,24,20171.06,21,13,8,22,18,0
MV-57942,Women Chelsea Boots Modern,ARG,Argent,Footwear,Women,Boots,Chelsea Boots,MVS,MV Signature,300,70,EU_F07M,MV Flagship Paris,71148.25,24793.64,99,96444.66,75715.22,22956.56,104,101315.6,182,129,53,185,131,0
MV-15513,Unisex Shorts Heritage,RSE,Rose Poudre,Ready-to-Wear,Unisex,Bottoms,Shorts,MVS,MV Signature,300,20,EU_F07M,MV Flagship Paris,3719.15,1158.69,17,5283.06,4193.51,1304.28,18,5593.83,59,45,14,63,57,0
MV-44718,Women Day Dresses Slim,CAM,Camel,Ready-to-Wear,Women,Dresses,Day Dresses,MVS,MV Signature,300,20,EU_F07M,MV Flagship Paris,1354.78,513.08,2,1799.43,623.65,229.33,1,899.71,6,4,2,4,3,0
MV-70443,Women Card Holders Heritage,BEG,Beige,Leather Goods,Women,Small Leather Goods,Card Holders,MVS,MV Signature,300,20,EU_F07M,MV Flagship Paris,33790.85,8692.76,40,43108.72,45960.17,14551.26,48,51730.47,46,44,2,58,52,0
MV-11214,Men Coats Heritage,CRM,Creme,Ready-to-Wear,Men,Outerwear,Coats,MVS,MV Signature,300,20,EU_F07M,MV Flagship Paris,3517.86,1160.75,6,4661.43,3951.72,1243.5,7,5438.33,13,11,2,15,14,0
MV-23238,Women Knitwear Essential,ECR,Ecru,Ready-to-Wear,Women,Tops,Knitwear,MV,Maison Voss,300,20,EU_F07M,MV Flagship Paris,24349.8,6615.91,34,31461.51,19589.49,6708.44,29,26834.82,18,12,6,12,11,0
MV-40007,Women Tote Bags Modern,NVY,Navy,Leather Goods,Women,Handbags,Tote Bags,MV,Maison Voss,300,20,EU_F07M,MV Flagship Paris,40324.04,11204.46,73,52216.3,44369.11,15457.26,82,58653.92,165,135,30,218,203,0
MV-95191,Women Coats Signature,BRG,Bordeaux,Ready-to-Wear,Women,Outerwear,Coats,MV,Maison Voss,300,20,EU_F07M,MV Flagship Paris,18633.66,5297.19,27,25719.75,15630.22,5235.7,22,20956.83,17,12,5,12,11,0
MV-68991,Unisex Pouches Heritage,CAM,Camel,Leather Goods,Unisex,Small Leather Goods,Pouches,MV,Maison Voss,300,30,EU_F07M,MV Flagship Paris,22231.45,6678.77,21,30956.39,26348.74,8861.96,24,35378.73,33,32,1,33,30,0
MV-58434,Women Shoulder Bags Heritage,ANT,Anthracite,Leather Goods,Women,Handbags,Shoulder Bags,MV,Maison Voss,300,20,EU_F07M,MV Flagship Paris,5601.44,1940.76,14,6867.45,4614.01,1279.59,11,5395.85,48,40,8,44,43,0
MV-64524,Women Check-In Modern,TRP,Taupe,Leather Goods,Women,Luggage,Check-In,MV,Maison Voss,300,20,EU_F07M,MV Flagship Paris,8007.74,2463.58,10,10404.76,10166.78,2634.18,12,12485.72,18,17,1,23,15,0
MV-35272,Men Check-In Modern,NOI,Noir,Leather Goods,Men,Luggage,Check-In,MV,Maison Voss,300,20,EU_F07M,MV Flagship Paris,4502.27,1599.51,10,6248.61,3742.22,1261.42,8,4998.89,8,5,3,7,5,0
MV-41029,Women Ballet Flats Luxe,ROG,Rouge,Footwear,Women,Flats,Ballet Flats,MV,Maison Voss,300,20,EU_F07M,MV Flagship Paris,9708.04,3070.69,23,13929.9,9645.95,3509.9,22,13324.25,64,52,12,74,57,0
MV-76249,Men Clutches Luxe,CHP,Champagne,Leather Goods,Men,Handbags,Clutches,MV,Maison Voss,300,20,EU_F07M,MV Flagship Paris,14632.27,4819.07,32,20257.39,10326.73,3108.41,23,14560.0,71,44,27,55,34,0
MV-44664,Women Shoulder Bags Modern,BEG,Beige,Leather Goods,Women,Handbags,Shoulder Bags,MVS,MV Signature,300,20,EU_F07M,MV Flagship Paris,17620.22,5274.11,26,26250.52,18413.93,5532.76,29,29279.42,91,55,36,110,104,0
MV-65296,Women Ankle Boots Slim,BLU,Bleu Marine,Footwear,Women,Boots,Ankle Boots,MV,Maison Voss,300,20,EU_F07M,MV Flagship Paris,2276.71,762.99,5,2884.8,2827.59,1028.49,6,3461.76,18,13,5,22,20,0
MV-17331,Women Key Holders Relaxed,NOI,Noir,Leather Goods,Women,Small Leather Goods,Key Holders,MVS,MV Signature,300,50,EU_F07M,MV Flagship Paris,12968.91,4792.53,15,16483.0,15130.92,4859.89,16,17581.86,48,47,1,50,47,0
MV-25043,Men Loafers,CAM,Camel,Footwear,Men,Flats,Loafers,MVS,MV Signature,300,20,EU_F07M,MV Flagship Paris,19885.04,6628.67,36,27462.29,14933.99,5444.61,27,20596.72,133,125,8,105,103,0
MV-82199,Men Shorts Classic,ECR,Ecru,Ready-to-Wear,Men,Bottoms,Shorts,MVS,MV Signature,300,20,EU_F07M,MV Flagship Paris,7249.53,2580.53,14,9144.43,8117.58,2907.63,15,9797.6,16,10,6,20,16,0
MV-78614,Women Trousers Signature,CRM,Cognac,Ready-to-Wear,Women,Bottoms,Trousers,MV,Maison Voss,300,50,EU_F07M,MV Flagship Paris,5745.51,1949.45,17,8134.76,6923.07,1863.83,21,10048.83,23,15,8,24,15,0
MV-82199,Men Shorts Classic,NOI,Noir,Ready-to-Wear,Men,Bottoms,Shorts,MVS,MV Signature,300,20,EU_F07M,MV Flagship Paris,18597.47,4793.17,34,23931.0,16040.25,4480.3,28,19707.88,130,112,18,117,95,0
MV-76237,Women Skirts Classic,GRG,Greige,Ready-to-Wear,Women,Bottoms,Skirts,MV,Maison Voss,300,50,EU_F07M,MV Flagship Paris,15111.21,5277.32,25,20304.76,12535.02,3503.32,20,16243.81,33,19,14,23,20,0
MV-73736,Women Key Holders Relaxed,BLU,Bleu Marine,Leather Goods,Women,Small Leather Goods,Key Holders,MV,Maison Voss,300,50,EU_F07M,MV Flagship Paris,12224.35,3695.0,12,17422.27,14592.11,4122.24,13,18874.12,29,20,9,35,26,0
MV-48177,Women Card Holders Essential,BEG,Beige,Leather Goods,Women,Small Leather Goods,Card Holders,MV,Maison Voss,300,50,EU_F07M,MV Flagship Paris,35962.54,11150.4,52,43408.08,41781.81,10516.34,59,49251.48,139,112,27,170,154,0
MV-20350,Women Card Holders Essential,TRP,Taupe,Leather Goods,Women,Small Leather Goods,Card Holders,MVS,MV Signature,300,30,EU_F07M,MV Flagship Paris,1530.38,406.68,4,1985.51,1150.5,364.17,3,1489.13,12,11,1,12,11,0
MV-89963,Women Cat Eye Luxe,BEG,Beige,Accessories,Women,Sunglasses,Cat Eye,MV,Maison Voss,300,30,EU_F07M,MV Flagship Paris,60502.46,18670.46,125,83648.01,75213.65,21462.36,150,100377.61,162,140,22,185,170,0
MV-20350,Women Card Holders Essential,VRT,Vert,Leather Goods,Women,Small Leather Goods,Card Holders,MVS,MV Signature,300,20,EU_F07M,MV Flagship Paris,2320.68,858.06,2,2994.13,2421.85,700.13,2,2994.13,2,1,1,2,1,0
MV-50768,Men Knitwear Modern,CHP,Champagne,Ready-to-Wear,Men,Tops,Knitwear,MVS,MV Signature,300,50,EU_F07M,MV Flagship Paris,499.16,181.59,1,636.93,0.0,0.0,0,0.0,2,1,1,1,0,0
MV-49576,Women Jackets Classic,NVY,Navy,Ready-to-Wear,Women,Outerwear,Jackets,MV,Maison Voss,300,50,EU_F07M,MV Flagship Paris,21543.4,6582.73,51,26167.96,19245.55,5415.51,42,21550.08,149,108,41,104,94,0
MV-88366,Men Blazers Classic,TAN,Tan,Ready-to-Wear,Men,Outerwear,Blazers,MV,Maison Voss,300,20,EU_F07M,MV Flagship Paris,4219.84,1393.35,6,5359.11,5181.96,1911.14,7,6252.3,18,12,6,19,13,0
MV-65444,Women Berets,VRT,Vert,Accessories,Women,Hats,Berets,MVS,MV Signature,300,20,EU_F07M,MV Flagship Paris,10691.62,2946.97,30,14524.35,8416.21,3076.64,22,10651.19,32,19,13,23,21,0
MV-44335,Women Slides Slim,ANT,Anthracite,Footwear,Women,Flats,Slides,MV,Maison Voss,300,20,EU_F07M,MV Flagship Paris,15096.24,4843.06,38,19279.54,11884.42,3755.6,32,16235.4,136,101,35,95,77,0
MV-68878,Men Carry-On Heritage,BEG,Beige,Leather Goods,Men,Luggage,Carry-On,MVS,MV Signature,300,50,EU_F07M,MV Flagship Paris,27619.0,10248.27,45,38605.87,29385.59,7376.14,50,42895.41,73,72,1,97,66,0
MV-86483,Women Wallets Luxe,GRG,Greige,Leather Goods,Women,Small Leather Goods,Wallets,MVS,MV Signature,300,30,EU_F07M,MV Flagship Paris,56445.85,21126.45,110,77762.97,55142.8,20881.07,102,72107.48,188,176,12,188,162,0
MV-62772,Men Tote Bags Signature,ARG,Argent,Leather Goods,Men,Handbags,Tote Bags,MV,Maison Voss,300,70,EU_F07M,MV Flagship Paris,7351.12,2378.56,8,9865.78,7845.61,2439.71,8,9865.78,14,9,5,18,15,0
MV-99353,Women Tote Bags,SBL,Sable,Leather Goods,Women,Handbags,Tote Bags,MV,Maison Voss,300,20,EU_F07M,MV Flagship Paris,16039.7,4176.46,28,20354.46,15501.47,4351.67,29,21081.41,15,12,3,18,17,0
MV-71537,Women Trousers Heritage,IVR,Ivoire,Ready-to-Wear,Women,Bottoms,Trousers,MVS,MV Signature,300,20,EU_F07M,MV Flagship Paris,754.45,239.87,2,931.22,781.01,290.87,2,931.22,2,1,1,2,1,0
MV-49363,Unisex Cashmere Scarves,CAM,Camel,Accessories,Unisex,Scarves,Cashmere Scarves,MVS,MV Signature,300,50,EU_F07M,MV Flagship Paris,6709.04,1947.98,12,8348.3,4114.87,1371.84,8,5565.53,31,20,11,21,16,0
MV-14877,Women Necklaces Heritage,SBL,Sable,Accessories,Women,Jewelry,Necklaces,MV,Maison Voss,300,50,EU_F07M,MV Flagship Paris,22436.38,6489.28,43,30106.98,23656.9,7906.65,44,30807.14,72,52,20,84,62,0
MV-15014,Women Bracelets Modern,CAM,Camel,Accessories,Women,Jewelry,Bracelets,MVS,MV Signature,300,20,EU_F07M,MV Flagship Paris,5254.82,1356.2,10,6461.28,4276.43,1591.71,8,5169.02,15,12,3,11,10,0
MV-20336,Men Blazers Heritage,CRM,Creme,Ready-to-Wear,Men,Suits,Blazers,MV,Maison Voss,300,30,EU_F07M,MV Flagship Paris,8341.75,2377.08,20,11608.31,9944.1,2781.54,22,12769.14,51,50,1,62,38,0
MV-71797,Men Shoulder Bags Classic,SBL,Sable,Leather Goods,Men,Handbags,Shoulder Bags,MVS,MV Signature,300,20,EU_F07M,MV Flagship Paris,13172.02,4052.0,16,17069.65,11620.23,3836.12,15,16002.8,24,22,2,20,15,0
MV-60052,Unisex Evening Dresses,IVR,Ivoire,Ready-to-Wear,Unisex,Dresses,Evening Dresses,MVS,MV Signature,300,20,EU_F07M,MV Flagship Paris,6360.6,1655.05,24,7862.81,6062.65,1530.12,26,8518.05,40,34,6,49,39,0
MV-30866,Women Loafers Modern,VRT,Vert,Footwear,Women,Flats,Loafers,MVS,MV Signature,300,20,EU_F07M,MV Flagship Paris,24449.27,8017.34,83,34232.65,25431.0,9173.33,77,31758.0,100,75,25,107,103,0
MV-98501,Women Blouses Relaxed,CRM,Creme,Ready-to-Wear,Women,Tops,Blouses,MVS,MV Signature,300,50,EU_F07M,MV Flagship Paris,220.62,74.06,1,321.86,0.0,0.0,0,0.0,2,1,1,1,0,0
MV-86556,Women Evening Dresses Classic,CRM,Creme,Ready-to-Wear,Women,Dresses,Evening Dresses,MV,Maison Voss,300,20,EU_F07M,MV Flagship Paris,12656.9,3322.06,19,16060.39,8717.2,2669.0,13,10988.69,22,18,4,17,13,0
MV-77033,Women Weekender Modern,CRM,Cognac,Leather Goods,Women,Luggage,Weekender,MVS,MV Signature,300,50,EU_F07M,MV Flagship Paris,47813.74,17290.75,46,55708.59,52395.17,14871.26,54,65397.04,44,29,15,61,55,0
MV-12260,Men Knee High Modern,CRM,Cognac,Footwear,Men,Boots,Knee High,MVS,MV Signature,300,50,EU_F07M,MV Flagship Paris,11882.77,3303.83,15,15726.4,12317.72,3939.56,15,15726.4,37,23,14,31,29,0
MV-68991,Unisex Pouches Heritage,NVY,Navy,Leather Goods,Unisex,Small Leather Goods,Pouches,MV,Maison Voss,300,50,EU_F07M,MV Flagship Paris,400.09,127.73,1,565.43,426.55,139.3,1,565.43,1,0,1,1,0,0
MV-10336,Men Blazers Heritage,SBL,Sable,Ready-to-Wear,Men,Suits,Blazers,MV,Maison Voss,300,20,EU_F07M,MV Flagship Paris,8046.67,2720.76,19,9652.69,9363.2,2721.73,22,11176.8,24,22,2,31,28,0
MV-51704,Women Fedoras Luxe,CAM,Camel,Accessories,Women,Hats,Fedoras,MV,Maison Voss,300,20,EU_F07M,MV Flagship Paris,1932.71,615.76,9,2736.21,1643.98,535.35,7,2128.16,20,19,1,15,14,0
MV-68529,Men Ankle Boots,GRG,Greige,Footwear,Men,Boots,Ankle Boots,MVS,MV Signature,300,20,EU_F07M,MV Flagship Paris,1723.11,482.54,3,2163.84,1538.94,427.25,3,2163.84,2,1,1,2,1,0
MV-37535,Men Shirts Relaxed,ROG,Rouge,Ready-to-Wear,Men,Tops,Shirts,MVS,MV Signature,300,50,EU_F07M,MV Flagship Paris,14790.43,4547.85,43,21539.85,14312.38,3998.11,38,19035.22,27,22,5,28,22,0
MV-57920,Women Blazers Slim,ROG,Rouge,Ready-to-Wear,Women,Outerwear,Blazers,MV,Maison Voss,300,30,EU_F07M,MV Flagship Paris,11134.22,3925.51,17,14758.28,7466.08,2180.72,12,10417.61,20,15,5,16,10,0
MV-38047,Women Round Frames Relaxed,ARG,Argent,Accessories,Women,Sunglasses,Round Frames,MVS,MV Signature,300,50,EU_F07M,MV Flagship Paris,28737.76,8751.13,62,36199.48,33756.89,12743.77,74,43205.83,178,172,6,252,220,0
MV-25396,Women Clutches Slim,ECR,Ecru,Leather Goods,Women,Handbags,Clutches,MVS,MV Signature,300,20,EU_F07M,MV Flagship Paris,25111.34,8549.91,38,36377.96,26803.6,9324.42,36,34463.33,125,107,18,118,94,0
MV-54589,Women Carry-On Slim,CAM,Camel,Leather Goods,Women,Luggage,Carry-On,MV,Maison Voss,300,20,EU_F07M,MV Flagship Paris,10394.81,3152.51,27,12864.14,9824.87,3488.0,29,13817.04,39,23,16,44,35,0
MV-63843,Women Midi Dresses Essential,ROG,Rouge,Ready-to-Wear,Women,Dresses,Midi Dresses,MVS,MV Signature,300,50,EU_F07M,MV Flagship Paris,622.11,174.92,1,898.23,678.46,247.84,1,898.23,1,0,1,1,0,0
MV-67961,Men Wool Scarves Heritage,NOI,Noir,Accessories,Men,Scarves,Wool Scarves,MV,Maison Voss,300,20,EU_F07M,MV Flagship Paris,4724.84,1567.11,12,6321.35,4007.01,1278.71,10,5267.79,35,34,1,26,24,0
MV-96200,Women Suit Sets,CRM,Creme,Ready-to-Wear,Women,Suits,Suit Sets,MVS,MV Signature,300,70,EU_F07M,MV Flagship Paris,2218.31,629.89,5,2757.58,2796.48,825.31,6,3309.1,4,2,2,5,4,0
MV-67104,Men Sandals Essential,ARG,Argent,Footwear,Men,Heels,Sandals,MV,Maison Voss,300,20,EU_F07M,MV Flagship Paris,25065.12,8943.13,56,37072.33,19434.66,5759.75,42,27804.25,199,130,69,181,176,0
MV-80143,Men Knitwear Classic,NOI,Noir,Ready-to-Wear,Men,Tops,Knitwear,MVS,MV Signature,300,20,EU_F07M,MV Flagship Paris,1599.06,459.36,4,2290.12,1254.98,471.9,3,1717.59,11,8,3,9,6,0
MV-53025,Men Loafers Heritage,NVY,Navy,Footwear,Men,Flats,Loafers,MV,Maison Voss,300,20,EU_F07M,MV Flagship Paris,2994.03,794.49,7,4012.9,2877.33,954.88,7,4012.9,14,13,1,16,14,0
MV-29080,Men Jackets Relaxed,IVR,Ivoire,Ready-to-Wear,Men,Outerwear,Jackets,MV,Maison Voss,300,20,EU_F07M,MV Flagship Paris,10966.6,2936.55,16,14456.0,8391.65,2295.4,13,11745.5,21,19,2,16,11,0
MV-69473,Women Chain Belts Heritage,GRG,Greige,Leather Goods,Women,Belts,Chain Belts,MVS,MV Signature,300,50,EU_F07M,MV Flagship Paris,7513.56,2242.4,7,9980.22,8310.76,2594.76,8,11405.97,11,10,1,15,13,0
MV-33509,Unisex Fedoras Signature,BLU,Bleu Marine,Accessories,Unisex,Hats,Fedoras,MVS,MV Signature,300,50,EU_F07M,MV Flagship Paris,854.91,224.49,5,1054.51,489.78,151.54,3,632.7,7,5,2,5,3,0
MV-68929,Women Crossbody Bags Relaxed,IVR,Ivoire,Leather Goods,Women,Handbags,Crossbody Bags,MV,Maison Voss,300,20,EU_F07M,MV Flagship Paris,12744.85,4769.59,21,18159.07,11432.31,3738.9,19,16429.64,69,46,23,53,39,0
MV-38760,Unisex Rings Heritage,TAN,Tan,Accessories,Unisex,Jewelry,Rings,MV,Maison Voss,300,20,EU_F07M,MV Flagship Paris,861.13,276.19,2,1054.19,805.7,260.26,2,1054.19,1,0,1,1,0,0
MV-51441,Women Jackets Modern,VRT,Vert,Ready-to-Wear,Women,Outerwear,Jackets,MVS,MV Signature,300,20,EU_F07M,MV Flagship Paris,600.18,156.85,1,736.74,567.93,176.02,1,736.74,3,2,1,3,2,0
MV-64377,Women Trousers Essential,RSE,Rose Poudre,Ready-to-Wear,Women,Bottoms,Trousers,MVS,MV Signature,300,20,EU_F07M,MV Flagship Paris,4864.21,1784.8,10,6476.36,6166.99,2098.48,12,7771.63,20,19,1,29,24,0
MV-71474,Men Loafers Relaxed,NOI,Noir,Footwear,Men,Flats,Loafers,MV,Maison Voss,300,50,EU_F07M,MV Flagship Paris,7813.04,2360.15,29,10786.5,5443.94,1622.85,20,7438.96,75,46,29,58,44,0
MV-66349,Women Crossbody Bags Modern,TAN,Tan,Leather Goods,Women,Handbags,Crossbody Bags,MV,Maison Voss,300,20,EU_F07M,MV Flagship Paris,16271.55,4199.31,18,20331.36,13403.58,4535.09,16,18072.32,45,30,15,43,37,0
MV-69829,Men Ballet Flats Slim,NVY,Navy,Footwear,Men,Flats,Ballet Flats,MV,Maison Voss,300,20,EU_F07M,MV Flagship Paris,3598.26,1113.05,12,4722.28,4988.14,1697.63,15,5902.85,6,4,2,8,5,0
MV-65255,Women Evening Dresses Heritage,TAN,Tan,Ready-to-Wear,Women,Dresses,Evening Dresses,MV,Maison Voss,300,20,EU_F07M,MV Flagship Paris,4327.44,1254.04,19,5398.26,3473.95,1162.36,15,4261.79,51,34,17,36,33,0
MV-16895,Women Leather Belts Slim,BLU,Bleu Marine,Leather Goods,Women,Belts,Leather Belts,MV,Maison Voss,300,20,EU_F07M,MV Flagship Paris,3218.52,1221.13,10,4042.38,2693.6,997.28,9,3638.14,34,30,4,29,26,0
MV-47512,Men Tops Relaxed,ROG,Rouge,Ready-to-Wear,Men,Tops,Tops,MVS,MV Signature,300,50,EU_F07M,MV Flagship Paris,13449.2,3566.94,63,17938.72,13396.16,4036.98,70,19931.91,248,182,66,276,201,0
MV-93283,Unisex Wallets Luxe,ROG,Rouge,Leather Goods,Unisex,Small Leather Goods,Wallets,MV,Maison Voss,300,20,EU_F07M,MV Flagship Paris,412.12,151.71,1,571.43,0.0,0.0,0,0.0,1,0,1,0,0,0
MV-92203,Men Clutches,NOI,Noir,Leather Goods,Men,Handbags,Clutches,MV,Maison Voss,300,20,EU_F07M,MV Flagship Paris,9068.16,2387.07,25,11925.63,10394.88,3107.0,30,14310.75,58,53,5,84,76,0
MV-20350,Women Card Holders Essential,IVR,Ivoire,Leather Goods,Women,Small Leather Goods,Card Holders,MVS,MV Signature,300,20,EU_F07M,MV Flagship Paris,20864.05,6574.33,51,25905.11,16767.73,5676.36,38,19301.85,34,24,10,30,29,0
MV-86484,Men Blazers Essential,GRG,Greige,Ready-to-Wear,Men,Suits,Blazers,MV,Maison Voss,300,50,EU_F07M,MV Flagship Paris,25555.64,7694.33,37,31053.28,23820.5,8757.73,39,32731.83,38,35,3,44,33,0
MV-53064,Men Skirts Slim,CRM,Cognac,Ready-to-Wear,Men,Bottoms,Skirts,MV,Maison Voss,300,20,EU_F07M,MV Flagship Paris,2593.38,668.38,4,3238.6,2532.17,734.32,4,3238.6,6,5,1,7,6,0
MV-15958,Men Pumps Heritage,CAM,Camel,Footwear,Men,Heels,Pumps,MVS,MV Signature,300,20,EU_F07M,MV Flagship Paris,2507.69,796.15,8,3424.08,2439.05,888.85,7,2996.07,18,15,3,14,10,0
MV-96200,Women Suit Sets,TAN,Tan,Ready-to-Wear,Women,Suits,Suit Sets,MVS,MV Signature,300,50,EU_F07M,MV Flagship Paris,6375.35,2036.52,29,9579.32,4821.25,1519.37,21,6936.75,27,24,3,16,14,0
MV-66531,Unisex Key Holders Modern,CRM,Creme,Leather Goods,Unisex,Small Leather Goods,Key Holders,MVS,MV Signature,300,50,EU_F07M,MV Flagship Paris,2072.63,693.52,2,2992.78,1928.04,523.31,2,2992.78,5,4,1,5,3,0
MV-90356,Women Loafers Signature,BRG,Bordeaux,Footwear,Women,Flats,Loafers,MV,Maison Voss,300,70,EU_F07M,MV Flagship Paris,18423.62,6590.22,38,22671.86,19136.44,5784.61,45,26848.25,149,146,3,171,113,0
MV-47512,Men Tops Relaxed,ARG,Argent,Ready-to-Wear,Men,Tops,Tops,MVS,MV Signature,300,50,EU_F07M,MV Flagship Paris,7256.08,2327.59,29,9129.99,8459.41,2888.41,33,10389.3,56,52,4,62,52,0
MV-76039,Women Boots Relaxed,NVY,Navy,Footwear,Women,Heels,Boots,MVS,MV Signature,300,20,EU_F07M,MV Flagship Paris,13469.5,4746.63,30,19930.15,12294.03,4341.48,28,18601.47,42,28,14,35,22,0
MV-30730,Men High Top Luxe,CAM,Camel,Footwear,Men,Sneakers,High Top,MV,Maison Voss,300,50,EU_F07M,MV Flagship Paris,939.92,236.05,2,1184.01,478.65,148.0,1,592.0,5,4,1,3,2,0
MV-54725,Women Suit Trousers Classic,ARG,Argent,Ready-to-Wear,Women,Suits,Suit Trousers,MV,Maison Voss,300,50,EU_F07M,MV Flagship Paris,6395.49,2030.3,29,8290.23,7767.26,2363.29,34,9719.58,15,10,5,18,14,0
MV-19869,Women Wool Scarves Slim,CAM,Camel,Accessories,Women,Scarves,Wool Scarves,MVS,MV Signature,300,20,EU_F07M,MV Flagship Paris,14405.97,4617.64,26,19919.76,12758.99,4505.46,25,19153.62,56,51,5,62,46,0
MV-74866,Women Wool Scarves Luxe,TAN,Tan,Accessories,Women,Scarves,Wool Scarves,MV,Maison Voss,300,50,EU_F07M,MV Flagship Paris,25623.7,9610.1,41,32071.13,28858.08,9855.02,44,34417.8,73,46,27,75,51,0
MV-14877,Women Necklaces Heritage,RSE,Rose Poudre,Accessories,Women,Jewelry,Necklaces,MV,Maison Voss,300,50,EU_F07M,MV Flagship Paris,456.26,169.55,1,601.92,474.88,177.74,1,601.92,2,1,1,2,1,0
MV-44718,Women Day Dresses Slim,SBL,Sable,Ready-to-Wear,Women,Dresses,Day Dresses,MVS,MV Signature,300,20,EU_F07M,MV Flagship Paris,304.5,99.27,1,432.26,0.0,0.0,0,0.0,0,0,0,0,0,0
MV-73532,Women Midi Dresses Modern,TAN,Tan,Ready-to-Wear,Women,Dresses,Midi Dresses,MVS,MV Signature,300,20,EU_F07M,MV Flagship Paris,5661.75,1667.23,10,7221.23,4143.1,1434.55,7,5054.86,5,4,1,2,1,0
MV-71474,Men Loafers Relaxed,BRG,Bordeaux,Footwear,Men,Flats,Loafers,MV,Maison Voss,300,50,EU_F07M,MV Flagship Paris,1483.34,507.07,3,2139.41,1534.36,433.09,3,2139.41,2,1,1,2,1,0
MV-90301,Men High Top,VRT,Vert,Footwear,Men,Sneakers,High Top,MVS,MV Signature,300,20,EU_F07M,MV Flagship Paris,8495.49,3184.71,18,12229.71,10223.06,3730.55,20,13588.56,29,28,1,31,27,0
MV-70443,Women Card Holders Heritage,CRM,Creme,Leather Goods,Women,Small Leather Goods,Card Holders,MVS,MV Signature,300,50,EU_F07M,MV Flagship Paris,54857.12,19367.63,57,73877.12,48412.96,13412.9,52,67396.67,137,84,53,139,120,0
MV-46559,Men Ballet Flats Luxe,SBL,Sable,Footwear,Men,Flats,Ballet Flats,MV,Maison Voss,300,20,EU_F07M,MV Flagship Paris,8390.53,3183.13,11,12539.53,10261.29,3807.95,12,13679.49,29,27,2,38,32,0
MV-68529,Men Ankle Boots,CAM,Camel,Footwear,Men,Boots,Ankle Boots,MVS,MV Signature,300,30,EU_F07M,MV Flagship Paris,30808.03,10281.57,43,40413.19,27723.98,9303.68,41,38533.51,116,108,8,91,81,0
MV-53655,Women Leather Belts Slim,CHP,Champagne,Leather Goods,Women,Belts,Leather Belts,MV,Maison Voss,300,20,EU_F07M,MV Flagship Paris,646.5,217.43,1,864.84,661.4,234.42,1,864.84,3,2,1,2,1,0
MV-76237,Women Skirts Classic,CHP,Champagne,Ready-to-Wear,Women,Bottoms,Skirts,MV,Maison Voss,300,20,EU_F07M,MV Flagship Paris,1061.42,326.58,4,1284.67,1122.98,290.73,4,1284.67,5,3,2,4,3,0
MV-67637,Men Midi Dresses Essential,GRG,Greige,Ready-to-Wear,Men,Dresses,Midi Dresses,MV,Maison Voss,300,50,EU_F07M,MV Flagship Paris,296.75,92.74,1,351.01,285.39,103.41,1,351.01,0,0,0,0,0,0
MV-38183,Men Suit Trousers Essential,ANT,Anthracite,Ready-to-Wear,Men,Suits,Suit Trousers,MVS,MV Signature,300,20,EU_F07M,MV Flagship Paris,5166.19,1400.31,9,7183.56,5007.78,1825.88,8,6385.39,22,15,7,23,14,0
MV-20328,Men Clutches,BRG,Bordeaux,Leather Goods,Men,Handbags,Clutches,MVS,MV Signature,300,50,EU_F07M,MV Flagship Paris,49325.95,18726.87,55,60536.16,62290.32,19254.99,65,71542.73,131,120,11,136,102,0
MV-78955,Women Pouches Modern,TRP,Taupe,Leather Goods,Women,Small Leather Goods,Pouches,MV,Maison Voss,300,20,EU_F07M,MV Flagship Paris,1033.74,307.53,2,1353.33,523.81,180.68,1,676.66,6,4,2,5,3,0
MV-98188,Women Knee High Heritage,ARG,Argent,Footwear,Women,Boots,Knee High,MV,Maison Voss,300,20,EU_F07M,MV Flagship Paris,8878.36,2933.42,21,10988.54,7172.4,2517.43,18,9418.75,67,45,22,69,56,0
MV-75308,Men Ballet Flats,CAM,Camel,Footwear,Men,Flats,Ballet Flats,MVS,MV Signature,300,20,EU_F07M,MV Flagship Paris,7238.61,2485.13,13,8440.21,7071.03,2319.71,13,8440.21,27,21,6,26,17,0
MV-59308,Men Knitwear Essential,TAN,Tan,Ready-to-Wear,Men,Tops,Knitwear,MVS,MV Signature,300,20,EU_F07M,MV Flagship Paris,23786.79,6021.14,64,27820.49,20225.82,6027.4,55,23908.23,236,164,72,196,173,0
MV-38760,Unisex Rings Heritage,ECR,Ecru,Accessories,Unisex,Jewelry,Rings,MV,Maison Voss,300,20,EU_F07M,MV Flagship Paris,1795.82,581.13,3,2488.62,1826.45,584.27,3,2488.62,3,2,1,4,2,0
MV-89507,Women Blazers Essential,CRM,Creme,Ready-to-Wear,Women,Outerwear,Blazers,MV,Maison Voss,300,20,EU_F07M,MV Flagship Paris,1268.04,343.34,5,1551.08,1282.53,340.3,5,1551.08,8,7,1,7,5,0
MV-23579,Men Cat Eye,IVR,Ivoire,Accessories,Men,Sunglasses,Cat Eye,MVS,MV Signature,300,20,EU_F07M,MV Flagship Paris,422.05,138.72,1,497.84,0.0,0.0,0,0.0,3,2,1,2,1,0
MV-97684,Unisex Bracelets Luxe,RSE,Rose Poudre,Accessories,Unisex,Jewelry,Bracelets,MV,Maison Voss,300,50,EU_F07M,MV Flagship Paris,5537.77,1408.31,13,7497.58,4807.28,1328.51,11,6344.11,28,18,10,25,18,0
MV-71669,Men Silk Scarves,ARG,Argent,Accessories,Men,Scarves,Silk Scarves,MV,Maison Voss,300,50,EU_F07M,MV Flagship Paris,4354.99,1369.75,7,5295.92,4671.57,1524.58,8,6052.48,15,13,2,16,9,0
MV-71474,Men Loafers Relaxed,RSE,Rose Poudre,Footwear,Men,Flats,Loafers,MV,Maison Voss,300,30,EU_F07M,MV Flagship Paris,18608.65,5232.81,47,25088.35,17986.14,5419.04,47,25088.35,80,58,22,82,52,0
MV-12260,Men Knee High Modern,CRM,Creme,Footwear,Men,Boots,Knee High,MVS,MV Signature,300,20,EU_F07M,MV Flagship Paris,8347.38,2110.54,21,11246.0,9748.86,2482.75,23,12317.04,34,25,9,36,33,0
MV-24530,Women Day Dresses Luxe,CHP,Champagne,Ready-to-Wear,Women,Dresses,Day Dresses,MVS,MV Signature,300,30,EU_F07M,MV Flagship Paris,4468.03,1591.32,22,6564.27,4424.05,1291.96,22,6564.27,48,40,8,48,32,0
MV-62383,Men Berets Relaxed,NVY,Navy,Accessories,Men,Hats,Berets,MVS,MV Signature,300,20,EU_F07M,MV Flagship Paris,7656.48,2764.69,17,10403.78,9714.34,2882.82,21,12851.73,65,47,18,89,88,0
MV-43681,Men Low Top Luxe,SBL,Sable,Footwear,Men,Sneakers,Low Top,MV,Maison Voss,300,20,EU_F07M,MV Flagship Paris,966.96,361.75,2,1216.89,502.57,146.68,1,608.44,3,2,1,2,1,0
MV-64524,Women Check-In Modern,BLU,Bleu Marine,Leather Goods,Women,Luggage,Check-In,MV,Maison Voss,300,20,EU_F07M,MV Flagship Paris,6729.08,1888.64,13,8208.36,8114.01,2371.02,15,9471.18,45,30,15,50,32,0
MV-49139,Men Wool Scarves Essential,CHP,Champagne,Accessories,Men,Scarves,Wool Scarves,MV,Maison Voss,300,20,EU_F07M,MV Flagship Paris,79548.04,24311.94,176,99050.34,87022.83,28026.05,181,101864.27,601,541,60,698,431,0
MV-65851,Women Midi Dresses Slim,BEG,Beige,Ready-to-Wear,Women,Dresses,Midi Dresses,MV,Maison Voss,300,70,EU_F07M,MV Flagship Paris,19223.73,5153.43,41,25352.52,15470.53,5385.42,31,19168.98,161,158,3,139,111,0
MV-17592,Men Coats Relaxed,ARG,Argent,Ready-to-Wear,Men,Outerwear,Coats,MVS,MV Signature,300,20,EU_F07M,MV Flagship Paris,13133.26,4407.85,51,16821.37,13847.14,4777.76,58,19130.18,139,109,30,128,96,0
MV-93717,Women Leather Belts Heritage,BRG,Bordeaux,Leather Goods,Women,Belts,Leather Belts,MVS,MV Signature,300,20,EU_F07M,MV Flagship Paris,21857.24,5674.92,40,26984.11,19496.38,4913.02,38,25634.9,31,21,10,24,17,0
MV-66531,Unisex Key Holders Modern,CHP,Champagne,Leather Goods,Unisex,Small Leather Goods,Key Holders,MVS,MV Signature,300,50,EU_F07M,MV Flagship Paris,881.59,280.28,2,1083.58,872.07,301.24,2,1083.58,2,1,1,1,0,0
MV-14852,Men Loafers Slim,NOI,Noir,Footwear,Men,Flats,Loafers,MV,Maison Voss,300,50,EU_F07M,MV Flagship Paris,1952.35,666.53,5,2584.4,2315.73,828.44,6,3101.28,7,4,3,8,5,0
MV-35203,Men Blazers Modern,NVY,Navy,Ready-to-Wear,Men,Outerwear,Blazers,MVS,MV Signature,300,50,EU_F07M,MV Flagship Paris,417.94,113.04,1,596.0,449.73,116.76,1,596.0,3,2,1,3,1,0
MV-69634,Women Day Dresses Signature,CAM,Camel,Ready-to-Wear,Women,Dresses,Day Dresses,MVS,MV Signature,300,20,EU_F07M,MV Flagship Paris,3368.33,888.4,8,4298.84,3037.05,1139.16,8,4298.84,5,4,1,6,5,0
MV-89299,Men Bracelets Luxe,TAN,Tan,Accessories,Men,Jewelry,Bracelets,MV,Maison Voss,300,20,EU_F07M,MV Flagship Paris,1017.45,255.7,2,1336.9,946.93,254.32,2,1336.9,7,4,3,9,7,0
MV-67637,Men Midi Dresses Essential,CHP,Champagne,Ready-to-Wear,Men,Dresses,Midi Dresses,MV,Maison Voss,300,70,EU_F07M,MV Flagship Paris,5120.18,1344.03,14,6396.8,5613.36,1713.24,16,7310.63,44,32,12,42,35,0
MV-93717,Women Leather Belts Heritage,NOI,Noir,Leather Goods,Women,Belts,Leather Belts,MVS,MV Signature,300,50,EU_F07M,MV Flagship Paris,14255.9,5286.67,26,20397.68,13358.22,4746.23,25,19613.16,14,10,4,12,9,0
MV-20745,Unisex Mini Bags Essential,ANT,Anthracite,Leather Goods,Unisex,Handbags,Mini Bags,MVS,MV Signature,300,70,EU_F07M,MV Flagship Paris,23703.2,6059.78,48,32562.45,29178.76,10025.62,55,37311.14,152,116,36,140,132,0
MV-92345,Women Leather Belts Modern,TAN,Tan,Leather Goods,Women,Belts,Leather Belts,MVS,MV Signature,300,50,EU_F07M,MV Flagship Paris,27853.3,9419.71,32,38279.7,18295.14,6258.83,22,26317.3,92,84,8,76,50,0
MV-58566,Men Leather Belts Relaxed,ARG,Argent,Leather Goods,Men,Belts,Leather Belts,MVS,MV Signature,300,70,EU_F07M,MV Flagship Paris,72376.5,23723.3,64,96282.37,74314.32,23660.15,76,114335.31,104,98,6,118,106,0
MV-43586,Women Jeans Signature,SBL,Sable,Ready-to-Wear,Women,Bottoms,Jeans,MV,Maison Voss,300,70,EU_F07M,MV Flagship Paris,459.01,168.18,1,654.01,443.75,160.02,1,654.01,1,0,1,0,0,0
MV-12128,Women Cat Eye Signature,NOI,Noir,Accessories,Women,Sunglasses,Cat Eye,MV,Maison Voss,300,50,EU_F07M,MV Flagship Paris,534.73,150.04,1,710.15,0.0,0.0,0,0.0,1,0,1,0,0,0
MV-83975,Unisex Baseball Caps Classic,ANT,Anthracite,Accessories,Unisex,Hats,Baseball Caps,MVS,MV Signature,300,70,EU_F07M,MV Flagship Paris,8114.37,2694.4,25,11139.19,10176.63,3147.87,30,13367.03,67,55,12,83,58,0
MV-56438,Men Boots Essential,ECR,Ecru,Footwear,Men,Heels,Boots,MV,Maison Voss,300,20,EU_F07M,MV Flagship Paris,3677.43,1183.18,7,4653.28,4026.66,1232.34,8,5318.04,5,3,2,5,3,0
MV-58434,Women Shoulder Bags Heritage,ARG,Argent,Leather Goods,Women,Handbags,Shoulder Bags,MV,Maison Voss,300,20,EU_F07M,MV Flagship Paris,2956.64,971.73,6,4113.5,2234.05,654.27,5,3427.92,4,2,2,3,1,0
MV-98501,Women Blouses Relaxed,ARG,Argent,Ready-to-Wear,Women,Tops,Blouses,MVS,MV Signature,300,70,EU_F07M,MV Flagship Paris,4080.39,1510.8,9,5085.52,3660.28,1125.9,8,4520.46,22,18,4,23,17,0
MV-38903,Men Coats Essential,TRP,Taupe,Ready-to-Wear,Men,Outerwear,Coats,MV,Maison Voss,300,20,EU_F07M,MV Flagship Paris,2331.2,881.57,7,2748.63,2748.28,913.7,8,3141.29,21,13,8,29,22,0
MV-76249,Men Clutches Luxe,RSE,Rose Poudre,Leather Goods,Men,Handbags,Clutches,MV,Maison Voss,300,20,EU_F07M,MV Flagship Paris,6977.69,2075.74,16,9537.62,5967.68,2123.67,15,8941.52,44,35,9,38,25,0
MV-17592,Men Coats Relaxed,RSE,Rose Poudre,Ready-to-Wear,Men,Outerwear,Coats,MVS,MV Signature,300,20,EU_F07M,MV Flagship Paris,3970.37,1467.9,13,4861.07,3719.19,1264.39,12,4487.15,26,23,3,27,26,0
MV-66349,Women Crossbody Bags Modern,GRG,Greige,Leather Goods,Women,Handbags,Crossbody Bags,MV,Maison Voss,300,20,EU_F07M,MV Flagship Paris,15611.83,5762.06,16,19725.49,16874.73,5366.82,18,22191.18,33,25,8,39,36,0
MV-78146,Men Day Dresses,NVY,Navy,Ready-to-Wear,Men,Dresses,Day Dresses,MV,Maison Voss,300,20,EU_F07M,MV Flagship Paris,4750.34,1457.05,25,6211.22,3582.55,1317.62,20,4968.98,34,23,11,22,15,0
MV-64524,Women Check-In Modern,NVY,Navy,Leather Goods,Women,Luggage,Check-In,MV,Maison Voss,300,50,EU_F07M,MV Flagship Paris,9149.07,2566.35,11,12033.06,9060.06,3213.45,12,13126.98,13,10,3,13,9,0
MV-93717,Women Leather Belts Heritage,CHP,Champagne,Leather Goods,Women,Belts,Leather Belts,MVS,MV Signature,300,20,EU_F07M,MV Flagship Paris,2615.67,941.44,6,3486.57,2055.37,698.36,5,2905.47,23,17,6,25,16,0
MV-26683,Women Blazers Relaxed,ECR,Ecru,Ready-to-Wear,Women,Outerwear,Blazers,MV,Maison Voss,300,20,EU_F07M,MV Flagship Paris,2148.67,600.65,4,2653.18,2011.28,515.92,4,2653.18,8,6,2,10,6,0
MV-33703,Men Earrings Slim,ANT,Anthracite,Accessories,Men,Jewelry,Earrings,MVS,MV Signature,300,20,EU_F07M,MV Flagship Paris,2820.46,804.77,9,3899.74,2390.53,691.78,7,3033.13,15,11,4,12,9,0
MV-50768,Men Knitwear Modern,VRT,Vert,Ready-to-Wear,Men,Tops,Knitwear,MVS,MV Signature,300,50,EU_F07M,MV Flagship Paris,16196.65,5207.36,31,23288.07,14813.69,4398.57,27,20283.16,34,32,2,33,25,0
MV-41029,Women Ballet Flats Luxe,BLU,Bleu Marine,Footwear,Women,Flats,Ballet Flats,MV,Maison Voss,300,70,EU_F07M,MV Flagship Paris,11142.22,3155.44,32,15457.5,13207.55,4984.41,36,17389.69,53,33,20,57,56,0
MV-98815,Men Check-In,VRT,Vert,Leather Goods,Men,Luggage,Check-In,MVS,MV Signature,300,30,EU_F07M,MV Flagship Paris,19373.74,4996.71,25,25519.62,16560.34,4578.8,22,22457.27,61,53,8,55,54,0
MV-67905,Women High Top Luxe,ARG,Argent,Footwear,Women,Sneakers,High Top,MV,Maison Voss,300,20,EU_F07M,MV Flagship Paris,3423.36,1013.05,6,4929.88,3628.6,1015.54,6,4929.88,20,16,4,21,17,0
MV-23434,Women Card Holders,VRT,Vert,Leather Goods,Women,Small Leather Goods,Card Holders,MV,Maison Voss,300,20,EU_F07M,MV Flagship Paris,14989.06,5315.76,20,20073.77,17058.79,5548.8,23,23084.83,41,35,6,48,39,0
MV-48504,Women Slides Signature,BRG,Bordeaux,Footwear,Women,Flats,Slides,MVS,MV Signature,300,50,EU_F07M,MV Flagship Paris,10958.88,3655.25,19,14335.86,14992.55,4710.03,24,18108.45,19,17,2,28,20,0
MV-46655,Women Cat Eye Heritage,IVR,Ivoire,Accessories,Women,Sunglasses,Cat Eye,MV,Maison Voss,300,20,EU_F07M,MV Flagship Paris,7732.83,2639.69,15,9697.23,9236.16,3233.96,18,11636.67,15,11,4,18,16,0
MV-70443,Women Card Holders Heritage,TRP,Taupe,Leather Goods,Women,Small Leather Goods,Card Holders,MVS,MV Signature,300,50,EU_F07M,MV Flagship Paris,14126.52,5299.99,18,17574.38,13040.68,4860.6,16,15621.67,69,51,18,57,39,0
MV-33509,Unisex Fedoras Signature,CHP,Champagne,Accessories,Unisex,Hats,Fedoras,MVS,MV Signature,300,20,EU_F07M,MV Flagship Paris,3808.14,1389.97,15,4616.18,2799.24,869.96,12,3692.95,33,28,5,27,25,0
MV-66349,Women Crossbody Bags Modern,BLU,Bleu Marine,Leather Goods,Women,Handbags,Crossbody Bags,MV,Maison Voss,300,70,EU_F07M,MV Flagship Paris,14208.16,5096.41,19,20235.36,14182.06,3572.99,20,21300.38,70,49,21,89,64,0
MV-74038,Women Pouches,CRM,Creme,Leather Goods,Women,Small Leather Goods,Pouches,MV,Maison Voss,300,20,EU_F07M,MV Flagship Paris,12573.94,3968.63,29,16816.92,14651.49,3901.15,36,20876.17,90,62,28,106,72,0
MV-97684,Unisex Bracelets Luxe,SBL,Sable,Accessories,Unisex,Jewelry,Bracelets,MV,Maison Voss,300,20,EU_F07M,MV Flagship Paris,1092.77,276.29,2,1499.82,1184.26,383.15,2,1499.82,3,2,1,3,2,0
MV-16175,Unisex Day Dresses Modern,GRG,Greige,Ready-to-Wear,Unisex,Dresses,Day Dresses,MV,Maison Voss,300,20,EU_F07M,MV Flagship Paris,9875.27,3587.28,32,12645.24,7187.65,2589.8,26,10274.26,53,50,3,48,44,0
MV-26074,Women Fedoras Slim,IVR,Ivoire,Accessories,Women,Hats,Fedoras,MVS,MV Signature,300,50,EU_F07M,MV Flagship Paris,1106.58,351.59,3,1570.86,1043.04,312.29,3,1570.86,4,3,1,4,3,0
MV-85965,Men Fedoras Signature,BLU,Bleu Marine,Accessories,Men,Hats,Fedoras,MV,Maison Voss,300,50,EU_F07M,MV Flagship Paris,365.07,120.33,1,546.67,370.76,138.69,1,546.67,2,1,1,2,1,0
MV-73736,Women Key Holders Relaxed,SBL,Sable,Leather Goods,Women,Small Leather Goods,Key Holders,MV,Maison Voss,300,30,EU_F07M,MV Flagship Paris,79998.11,25900.42,86,113297.45,71779.83,24218.28,77,101440.74,213,130,83,228,220,0
MV-40595,Women Day Dresses Heritage,SBL,Sable,Ready-to-Wear,Women,Dresses,Day Dresses,MVS,MV Signature,300,30,EU_F07M,MV Flagship Paris,37307.43,12523.83,72,51478.94,36149.14,12649.67,76,54338.88,240,231,9,301,291,0
MV-79924,Unisex Blazers Modern,ARG,Argent,Ready-to-Wear,Unisex,Outerwear,Blazers,MV,Maison Voss,300,70,EU_F07M,MV Flagship Paris,253.45,65.98,1,306.12,0.0,0.0,0,0.0,2,1,1,1,0,0
MV-70258,Men Platform Slim,NOI,Noir,Footwear,Men,Sneakers,Platform,MV,Maison Voss,300,50,EU_F07M,MV Flagship Paris,7795.89,2782.85,13,9079.3,5871.58,2213.83,10,6984.08,37,35,2,28,24,0
MV-14877,Women Necklaces Heritage,CAM,Camel,Accessories,Women,Jewelry,Necklaces,MV,Maison Voss,300,70,EU_F07M,MV Flagship Paris,1503.17,447.74,4,2125.2,1189.23,325.89,3,1593.9,6,4,2,6,4,0
MV-53228,Women Shoulder Bags Essential,ROG,Rouge,Leather Goods,Women,Handbags,Shoulder Bags,MV,Maison Voss,300,50,EU_F07M,MV Flagship Paris,7999.02,2209.85,15,9659.96,9868.6,2860.23,18,11591.95,16,13,3,21,18,0
MV-23579,Men Cat Eye,CRM,Creme,Accessories,Men,Sunglasses,Cat Eye,MVS,MV Signature,300,50,EU_F07M,MV Flagship Paris,11793.86,3187.01,41,15686.65,12489.95,4445.98,43,16451.85,49,44,5,43,38,0
MV-62521,Women Silk Scarves Luxe,ROG,Rouge,Accessories,Women,Scarves,Silk Scarves,MVS,MV Signature,300,20,EU_F07M,MV Flagship Paris,31317.87,11483.39,69,37556.33,26776.86,9674.24,64,34834.86,71,52,19,56,44,0
MV-88366,Men Blazers Classic,RSE,Rose Poudre,Ready-to-Wear,Men,Outerwear,Blazers,MV,Maison Voss,300,20,EU_F07M,MV Flagship Paris,12337.37,4502.89,23,14983.12,9170.91,2607.32,17,11074.48,88,84,4,66,41,0
MV-26683,Women Blazers Relaxed,ARG,Argent,Ready-to-Wear,Women,Outerwear,Blazers,MV,Maison Voss,300,20,EU_F07M,MV Flagship Paris,5857.82,1542.1,10,7244.72,4468.47,1379.51,7,5071.3,12,8,4,10,6,0
MV-36143,Unisex Weekender Heritage,NOI,Noir,Leather Goods,Unisex,Luggage,Weekender,MVS,MV Signature,300,50,EU_F07M,MV Flagship Paris,8493.69,2552.22,21,11104.66,11345.46,3356.53,26,13748.63,29,24,5,34,21,0
MV-59834,Women Skirts,IVR,Ivoire,Ready-to-Wear,Women,Bottoms,Skirts,MVS,MV Signature,300,20,EU_F07M,MV Flagship Paris,2929.67,850.24,8,3699.86,1926.94,645.08,5,2312.41,5,3,2,4,2,0
MV-20993,Men Wool Scarves Slim,VRT,Vert,Accessories,Men,Scarves,Wool Scarves,MV,Maison Voss,300,20,EU_F07M,MV Flagship Paris,24753.96,7741.14,55,32389.57,17942.72,6630.08,42,24733.85,191,183,8,149,93,0
MV-49618,Men Square Frames Classic,ECR,Ecru,Accessories,Men,Sunglasses,Square Frames,MV,Maison Voss,300,50,EU_F07M,MV Flagship Paris,17511.65,4636.0,47,22454.28,17986.68,5574.48,43,20543.27,78,56,22,59,49,0
MV-62772,Men Tote Bags Signature,NVY,Navy,Leather Goods,Men,Handbags,Tote Bags,MV,Maison Voss,300,70,EU_F07M,MV Flagship Paris,19170.27,6487.25,18,24552.44,16439.73,4133.9,17,23188.41,35,26,9,40,38,0
MV-96760,Women Blouses Signature,VRT,Vert,Ready-to-Wear,Women,Tops,Blouses,MV,Maison Voss,300,20,EU_F07M,MV Flagship Paris,4490.8,1233.13,9,5346.07,2826.51,745.71,6,3564.05,19,17,2,15,10,0
MV-54313,Women Wallets Classic,BRG,Bordeaux,Leather Goods,Women,Small Leather Goods,Wallets,MV,Maison Voss,300,70,EU_F07M,MV Flagship Paris,3575.45,996.3,8,5217.03,3588.15,898.74,8,5217.03,12,8,4,15,12,0
MV-97684,Unisex Bracelets Luxe,BLU,Bleu Marine,Accessories,Unisex,Jewelry,Bracelets,MV,Maison Voss,300,70,EU_F07M,MV Flagship Paris,491.44,130.38,1,601.46,521.52,152.74,1,601.46,0,0,0,0,0,0
MV-71537,Women Trousers Heritage,NOI,Noir,Ready-to-Wear,Women,Bottoms,Trousers,MVS,MV Signature,300,50,EU_F07M,MV Flagship Paris,15140.66,5457.78,39,20077.08,11999.57,3056.08,33,16988.3,62,43,19,43,34,0
MV-94058,Women Chain Belts,NOI,Noir,Leather Goods,Women,Belts,Chain Belts,MVS,MV Signature,300,20,EU_F07M,MV Flagship Paris,9087.1,2976.62,13,11364.89,8692.85,3142.57,12,10490.67,38,36,2,31,28,0
MV-12665,Women Suit Trousers Essential,GRG,Greige,Ready-to-Wear,Women,Suits,Suit Trousers,MV,Maison Voss,300,20,EU_F07M,MV Flagship Paris,4757.31,1659.57,9,6525.17,6047.97,1933.98,11,7975.21,15,10,5,21,12,0
MV-55830,Women Jeans Heritage,ECR,Ecru,Ready-to-Wear,Women,Bottoms,Jeans,MV,Maison Voss,300,20,EU_F07M,MV Flagship Paris,4213.02,1462.29,14,5747.92,3677.55,991.23,12,4926.79,50,40,10,46,40,0
MV-43491,Women Earrings Heritage,ANT,Anthracite,Accessories,Women,Jewelry,Earrings,MV,Maison Voss,300,70,EU_F07M,MV Flagship Paris,24351.67,6604.13,39,32041.94,20508.82,7302.22,35,28755.59,43,36,7,37,36,0
MV-53025,Men Loafers Heritage,GRG,Greige,Footwear,Men,Flats,Loafers,MV,Maison Voss,300,50,EU_F07M,MV Flagship Paris,2316.46,845.43,3,2848.52,1615.9,439.49,2,1899.01,3,1,2,2,1,0
MV-62521,Women Silk Scarves Luxe,NOI,Noir,Accessories,Women,Scarves,Silk Scarves,MVS,MV Signature,300,50,EU_F07M,MV Flagship Paris,8392.3,2151.13,45,11264.96,9081.8,3241.43,46,11515.29,75,64,11,83,53,0
MV-12260,Men Knee High Modern,NOI,Noir,Footwear,Men,Boots,Knee High,MVS,MV Signature,300,50,EU_F07M,MV Flagship Paris,19426.04,6127.96,52,27978.85,22670.44,8524.14,57,30669.12,187,158,29,185,169,0
MV-63843,Women Midi Dresses Essential,NVY,Navy,Ready-to-Wear,Women,Dresses,Midi Dresses,MVS,MV Signature,300,30,EU_F07M,MV Flagship Paris,41783.29,15347.36,67,52055.66,31574.07,9598.14,52,40401.4,182,134,48,139,95,0
MV-12180,Men High Top Signature,IVR,Ivoire,Footwear,Men,Sneakers,High Top,MVS,MV Signature,300,20,EU_F07M,MV Flagship Paris,7459.74,2365.63,11,8886.87,7899.97,2312.47,12,9694.77,42,33,9,42,40,0
MV-69446,Unisex Evening Dresses Modern,NOI,Noir,Ready-to-Wear,Unisex,Dresses,Evening Dresses,MV,Maison Voss,300,50,EU_F07M,MV Flagship Paris,2648.57,904.76,5,3671.22,1983.33,520.52,4,2936.97,5,3,2,4,3,0
