plm_style_code,style_description,color_code,colorway_short_description,gmh_sector_text,gmh_gender_text,gmh_category_text,gmh_sub_category_text,gmh_sub_brand_code,gmh_sub_brand_text,company_code,distribution_channel_code,site_number,site_text,netslsamt_cy,netslscstmerch_cy,netslsqty_cy,netmsrpamt_cy,netslsamt_ly,netslscstmerch_ly,netslsqty_ly,netmsrpamt_ly,eohttlqty_cy,eohstrqty_cy,intranqty_cy,eohttlqty_ly,eohstrqty_ly,intranqty_ly
MV-59308,Men Knitwear Essential,CRM,Creme,Ready-to-Wear,Men,Tops,Knitwear,MVS,MV Signature,300,20,EU_F07M,MV Flagship Paris,10676.57,3042.61,29,15016.29,8962.95,3329.0,23,11909.47,65,53,12,46,44,0
MV-26505,Men Leather Belts Relaxed,BEG,Beige,Leather Goods,Men,Belts,Leather Belts,MV,Maison Voss,300,20,EU_F07M,MV Flagship Paris,24109.55,7430.74,25,32619.86,17732.89,5154.83,19,24791.1,70,63,7,52,35,0
MV-65444,Women Berets,NVY,Navy,Accessories,Women,Hats,Berets,MVS,MV Signature,300,50,EU_F07M,MV Flagship Paris,7342.34,2544.6,12,9066.97,6494.29,2312.35,12,9066.97,17,12,5,19,18,0
MV-26683,Women Blazers Relaxed,TRP,Taupe,Ready-to-Wear,Women,Outerwear,Blazers,MV,Maison Voss,300,20,EU_F07M,MV Flagship Paris,38039.39,14112.93,59,50561.28,25993.24,7685.92,45,38563.69,228,145,83,189,131,0
MV-78614,Women Trousers Signature,ANT,Anthracite,Ready-to-Wear,Women,Bottoms,Trousers,MV,Maison Voss,300,50,EU_F07M,MV Flagship Paris,23837.61,8976.66,41,34147.47,28760.97,9769.94,52,43308.98,158,126,32,230,148,0
MV-54725,Women Suit Trousers Classic,ARG,Argent,Ready-to-Wear,Women,Suits,Suit Trousers,MV,Maison Voss,300,20,EU_F07M,MV Flagship Paris,65963.13,17672.8,127,90749.32,55538.96,19985.62,100,71456.16,258,178,80,214,164,0
MV-71669,Men Silk Scarves,TRP,Taupe,Accessories,Men,Scarves,Silk Scarves,MV,Maison Voss,300,20,EU_F07M,MV Flagship Paris,867.85,238.8,2,1069.92,815.62,272.93,2,1069.92,4,3,1,4,3,0
MV-98188,Women Knee High Heritage,ARG,Argent,Footwear,Women,Boots,Knee High,MV,Maison Voss,300,70,EU_F07M,MV Flagship Paris,26705.11,7506.41,65,31129.8,35010.82,11200.5,81,38792.51,76,61,15,102,84,0
MV-82512,Women Shorts Heritage,NVY,Navy,Ready-to-Wear,Women,Bottoms,Shorts,MV,Maison Voss,300,20,EU_F07M,MV Flagship Paris,61677.37,17707.85,91,74180.81,60156.69,21964.41,88,71735.29,245,205,40,220,198,0
MV-81364,Unisex Crossbody Bags Signature,ECR,Ecru,Leather Goods,Unisex,Handbags,Crossbody Bags,MVS,MV Signature,300,20,EU_F07M,MV Flagship Paris,54272.39,14047.16,90,75994.16,69663.96,22815.8,113,95414.88,68,44,24,101,83,0
MV-87993,Women Fedoras Modern,VRT,Vert,Accessories,Women,Hats,Fedoras,MVS,MV Signature,300,20,EU_F07M,MV Flagship Paris,25678.18,6831.62,137,34604.32,23499.13,6892.54,126,31825.87,142,111,31,119,72,0
MV-23579,Men Cat Eye,GRG,Greige,Accessories,Men,Sunglasses,Cat Eye,MVS,MV Signature,300,20,EU_F07M,MV Flagship Paris,38315.15,13170.06,82,57429.93,35079.7,11109.87,69,48325.19,94,72,22,87,84,0
MV-52176,Women Check-In Relaxed,ARG,Argent,Leather Goods,Women,Luggage,Check-In,MVS,MV Signature,300,30,EU_F07M,MV Flagship Paris,120565.58,39322.86,166,174989.18,143811.67,42960.16,187,197126.36,110,101,9,124,98,0
MV-47243,Men Boots Heritage,ROG,Rouge,Footwear,Men,Heels,Boots,MV,Maison Voss,300,70,EU_F07M,MV Flagship Paris,6126.94,2245.12,25,7789.62,8193.92,2152.05,31,9659.13,60,47,13,84,61,0
MV-80143,Men Knitwear Classic,CRM,Cognac,Ready-to-Wear,Men,Tops,Knitwear,MVS,MV Signature,300,30,EU_F07M,MV Flagship Paris,23365.61,6867.44,44,28833.4,21689.06,6505.52,39,25556.88,27,17,10,20,19,0
MV-46559,Men Ballet Flats Luxe,GRG,Greige,Footwear,Men,Flats,Ballet Flats,MV,Maison Voss,300,20,EU_F07M,MV Flagship Paris,394.95,114.91,1,564.02,363.86,132.45,1,564.02,0,0,0,0,0,0
MV-66881,Men Trousers Modern,BEG,Beige,Ready-to-Wear,Men,Bottoms,Trousers,MV,Maison Voss,300,70,EU_F07M,MV Flagship Paris,607.31,154.55,1,803.1,567.37,143.13,1,803.1,3,2,1,3,2,0
MV-74866,Women Wool Scarves Luxe,BRG,Bordeaux,Accessories,Women,Scarves,Wool Scarves,MV,Maison Voss,300,50,EU_F07M,MV Flagship Paris,8855.44,2574.29,17,11371.63,8608.32,2196.56,17,11371.63,52,42,10,44,34,0
MV-94058,Women Chain Belts,BRG,Bordeaux,Leather Goods,Women,Belts,Chain Belts,MVS,MV Signature,300,30,EU_F07M,MV Flagship Paris,2135.14,750.74,6,2848.04,1727.59,474.07,5,2373.37,3,2,1,3,2,0
MV-20745,Unisex Mini Bags Essential,NOI,Noir,Leather Goods,Unisex,Handbags,Mini Bags,MVS,MV Signature,300,20,EU_F07M,MV Flagship Paris,18203.38,6528.38,19,24502.61,14018.93,4601.06,15,19344.16,23,22,1,21,16,0
MV-65296,Women Ankle Boots Slim,TAN,Tan,Footwear,Women,Boots,Ankle Boots,MV,Maison Voss,300,30,EU_F07M,MV Flagship Paris,4492.2,1344.24,12,5899.23,4150.71,1430.85,12,5899.23,47,29,18,39,28,0
MV-22097,Men Leather Belts Essential,ANT,Anthracite,Leather Goods,Men,Belts,Leather Belts,MV,Maison Voss,300,20,EU_F07M,MV Flagship Paris,919.24,329.45,1,1229.97,0.0,0.0,0,0.0,1,0,1,1,0,0
MV-30866,Women Loafers Modern,CAM,Camel,Footwear,Women,Flats,Loafers,MVS,MV Signature,300,20,EU_F07M,MV Flagship Paris,47103.59,15178.92,152,61407.97,61126.88,18852.25,172,69487.97,562,556,6,732,722,0
MV-44959,Women Blazers Modern,NVY,Navy,Ready-to-Wear,Women,Outerwear,Blazers,MVS,MV Signature,300,30,EU_F07M,MV Flagship Paris,560.55,163.36,1,779.77,613.16,166.55,1,779.77,1,0,1,0,0,0
MV-39102,Men Day Dresses Luxe,CRM,Cognac,Ready-to-Wear,Men,Dresses,Day Dresses,MV,Maison Voss,300,30,EU_F07M,MV Flagship Paris,56264.79,14164.69,84,73678.53,58086.32,17085.61,100,87712.53,74,68,6,72,48,0
MV-66349,Women Crossbody Bags Modern,TRP,Taupe,Leather Goods,Women,Handbags,Crossbody Bags,MV,Maison Voss,300,20,EU_F07M,MV Flagship Paris,8444.61,2415.41,10,10480.79,9614.92,2427.15,11,11528.87,29,25,4,27,26,0
MV-26074,Women Fedoras Slim,BLU,Bleu Marine,Accessories,Women,Hats,Fedoras,MVS,MV Signature,300,50,EU_F07M,MV Flagship Paris,77803.07,26734.81,154,92821.88,56147.9,21250.55,124,74739.7,500,365,135,329,297,0
MV-75308,Men Ballet Flats,CHP,Champagne,Footwear,Men,Flats,Ballet Flats,MVS,MV Signature,300,50,EU_F07M,MV Flagship Paris,33911.15,9474.03,141,40474.79,38495.66,12203.35,163,46790.01,190,155,35,259,243,0
MV-69459,Women Rings Signature,BRG,Bordeaux,Accessories,Women,Jewelry,Rings,MV,Maison Voss,300,20,EU_F07M,MV Flagship Paris,42690.5,11445.15,67,56106.77,33195.67,8956.71,54,45220.38,142,109,33,129,83,0
MV-86556,Women Evening Dresses Classic,CRM,Cognac,Ready-to-Wear,Women,Dresses,Evening Dresses,MV,Maison Voss,300,50,EU_F07M,MV Flagship Paris,39690.45,12696.24,70,57290.96,40548.66,13619.45,66,54017.19,90,67,23,89,85,0
MV-90209,Men Suit Sets Modern,NVY,Navy,Ready-to-Wear,Men,Suits,Suit Sets,MV,Maison Voss,300,30,EU_F07M,MV Flagship Paris,502.48,158.53,1,628.18,0.0,0.0,0,0.0,1,0,1,0,0,0
MV-26683,Women Blazers Relaxed,ECR,Ecru,Ready-to-Wear,Women,Outerwear,Blazers,MV,Maison Voss,300,70,EU_F07M,MV Flagship Paris,103765.61,37992.74,266,129394.22,122263.28,40889.31,309,150311.33,752,646,106,871,564,0
MV-49139,Men Wool Scarves Essential,NOI,Noir,Accessories,Men,Scarves,Wool Scarves,MV,Maison Voss,300,20,EU_F07M,MV Flagship Paris,63832.5,17390.12,133,82250.08,60678.75,16840.75,134,82868.5,122,78,44,136,134,0
MV-65296,Women Ankle Boots Slim,CRM,Creme,Footwear,Women,Boots,Ankle Boots,MV,Maison Voss,300,30,EU_F07M,MV Flagship Paris,87880.16,24628.32,143,105225.67,96140.86,32833.01,159,116999.17,394,374,20,390,368,0
MV-33509,Unisex Fedoras Signature,CRM,Cognac,Accessories,Unisex,Hats,Fedoras,MVS,MV Signature,300,20,EU_F07M,MV Flagship Paris,26336.42,7205.24,68,33967.34,21472.29,5955.04,53,26474.55,141,131,10,92,79,0
MV-16895,Women Leather Belts Slim,ARG,Argent,Leather Goods,Women,Belts,Leather Belts,MV,Maison Voss,300,20,EU_F07M,MV Flagship Paris,19420.45,5817.58,26,26635.56,25258.29,9072.87,32,32782.23,27,16,11,32,26,0
MV-69048,Women Tops Luxe,VRT,Vert,Ready-to-Wear,Women,Tops,Tops,MV,Maison Voss,300,50,EU_F07M,MV Flagship Paris,69234.79,25956.34,142,92079.06,68956.1,19646.29,139,90133.73,248,154,94,282,233,0
MV-54089,Unisex Blazers,TAN,Tan,Ready-to-Wear,Unisex,Outerwear,Blazers,MVS,MV Signature,300,20,EU_F07M,MV Flagship Paris,6894.8,2461.88,21,9531.1,8009.87,2823.82,27,12254.28,40,31,9,52,38,0
MV-37460,Men Jackets Heritage,BEG,Beige,Ready-to-Wear,Men,Outerwear,Jackets,MV,Maison Voss,300,20,EU_F07M,MV Flagship Paris,20144.62,5647.55,52,26927.36,18892.18,7121.77,54,27963.02,154,108,46,151,136,0
MV-69446,Unisex Evening Dresses Modern,TAN,Tan,Ready-to-Wear,Unisex,Dresses,Evening Dresses,MV,Maison Voss,300,20,EU_F07M,MV Flagship Paris,3075.65,975.41,6,4053.2,2996.05,1134.68,6,4053.2,22,14,8,20,15,0
MV-27961,Women Blouses Signature,CRM,Creme,Ready-to-Wear,Women,Tops,Blouses,MV,Maison Voss,300,20,EU_F07M,MV Flagship Paris,43782.09,14587.49,161,62885.94,38338.21,10384.16,153,59761.17,548,454,94,527,425,0
MV-68529,Men Ankle Boots,NOI,Noir,Footwear,Men,Boots,Ankle Boots,MVS,MV Signature,300,20,EU_F07M,MV Flagship Paris,6664.82,1910.88,9,8933.31,3983.51,1115.58,6,5955.54,15,9,6,12,10,0
MV-65255,Women Evening Dresses Heritage,GRG,Greige,Ready-to-Wear,Women,Dresses,Evening Dresses,MV,Maison Voss,300,20,EU_F07M,MV Flagship Paris,9397.14,2982.41,16,13332.59,9310.94,2819.17,17,14165.87,11,7,4,9,8,0
MV-79924,Unisex Blazers Modern,SBL,Sable,Ready-to-Wear,Unisex,Outerwear,Blazers,MV,Maison Voss,300,20,EU_F07M,MV Flagship Paris,30341.99,11040.34,51,38073.26,36854.8,9601.77,66,49271.28,146,111,35,175,159,0
MV-96760,Women Blouses Signature,BRG,Bordeaux,Ready-to-Wear,Women,Tops,Blouses,MV,Maison Voss,300,30,EU_F07M,MV Flagship Paris,38956.32,12623.27,91,53668.77,48959.25,13041.98,115,67823.17,227,153,74,232,178,0
MV-73242,Men Chain Belts Luxe,ROG,Rouge,Leather Goods,Men,Belts,Chain Belts,MV,Maison Voss,300,50,EU_F07M,MV Flagship Paris,24971.98,8274.76,61,29922.92,22261.19,7472.21,53,25998.61,95,65,30,78,62,0
MV-69473,Women Chain Belts Heritage,TRP,Taupe,Leather Goods,Women,Belts,Chain Belts,MVS,MV Signature,300,50,EU_F07M,MV Flagship Paris,14263.47,4439.91,16,19254.12,11909.58,3825.61,15,18050.74,14,11,3,13,8,0
MV-16839,Unisex Key Holders Luxe,BEG,Beige,Leather Goods,Unisex,Small Leather Goods,Key Holders,MVS,MV Signature,300,50,EU_F07M,MV Flagship Paris,613.48,192.45,1,881.39,0.0,0.0,0,0.0,1,0,1,0,0,0
MV-70521,Men Mules Luxe,BRG,Bordeaux,Footwear,Men,Heels,Mules,MV,Maison Voss,300,20,EU_F07M,MV Flagship Paris,59434.79,17305.85,89,82224.51,67268.02,21963.32,94,86843.87,79,48,31,82,58,0
MV-41029,Women Ballet Flats Luxe,SBL,Sable,Footwear,Women,Flats,Ballet Flats,MV,Maison Voss,300,70,EU_F07M,MV Flagship Paris,200799.68,60457.97,267,272852.34,264248.68,84003.16,328,335189.39,154,144,10,206,125,0
MV-64524,Women Check-In Modern,ECR,Ecru,Leather Goods,Women,Luggage,Check-In,MV,Maison Voss,300,70,EU_F07M,MV Flagship Paris,90279.85,27652.01,105,121933.24,94416.31,24857.93,122,141674.82,219,185,34,204,193,0
MV-52487,Men Mini Bags Luxe,CAM,Camel,Leather Goods,Men,Handbags,Mini Bags,MV,Maison Voss,300,50,EU_F07M,MV Flagship Paris,34808.37,9598.31,39,49962.12,36108.7,10457.21,43,55086.44,73,61,12,74,50,0
MV-22833,Women Midi Dresses Classic,BRG,Bordeaux,Ready-to-Wear,Women,Dresses,Midi Dresses,MVS,MV Signature,300,20,EU_F07M,MV Flagship Paris,61248.67,15327.16,148,81330.76,69108.08,18168.43,152,83528.88,379,329,50,374,346,0
MV-26505,Men Leather Belts Relaxed,RSE,Rose Poudre,Leather Goods,Men,Belts,Leather Belts,MV,Maison Voss,300,70,EU_F07M,MV Flagship Paris,25131.41,7106.42,33,33780.75,16005.55,4899.09,23,23544.16,60,49,11,40,37,0
MV-78614,Women Trousers Signature,BLU,Bleu Marine,Ready-to-Wear,Women,Bottoms,Trousers,MV,Maison Voss,300,50,EU_F07M,MV Flagship Paris,14854.25,4369.46,47,20229.99,18383.33,6566.94,55,23673.39,119,95,24,164,150,0
MV-29080,Men Jackets Relaxed,VRT,Vert,Ready-to-Wear,Men,Outerwear,Jackets,MV,Maison Voss,300,20,EU_F07M,MV Flagship Paris,9312.57,2698.56,41,11473.09,6791.88,2225.27,31,8674.77,58,35,23,42,36,0
MV-21542,Women Clutches Signature,TAN,Tan,Leather Goods,Women,Handbags,Clutches,MVS,MV Signature,300,50,EU_F07M,MV Flagship Paris,27773.98,7086.17,37,32802.69,18049.19,6175.56,26,23050.54,136,131,5,85,71,0
MV-52487,Men Mini Bags Luxe,SBL,Sable,Leather Goods,Men,Handbags,Mini Bags,MV,Maison Voss,300,20,EU_F07M,MV Flagship Paris,49612.81,14915.38,94,67535.72,63175.76,19649.94,116,83341.95,302,182,120,349,305,0
MV-76039,Women Boots Relaxed,VRT,Vert,Footwear,Women,Heels,Boots,MVS,MV Signature,300,50,EU_F07M,MV Flagship Paris,37375.25,10405.06,47,51330.78,32167.48,9787.43,39,42593.63,70,45,25,62,58,0
MV-56019,Men Shorts Slim,SBL,Sable,Ready-to-Wear,Men,Bottoms,Shorts,MV,Maison Voss,300,20,EU_F07M,MV Flagship Paris,13968.6,4224.13,24,17075.18,12528.0,3163.77,24,17075.18,92,59,33,84,82,0
MV-44099,Women Trousers Essential,BRG,Bordeaux,Ready-to-Wear,Women,Bottoms,Trousers,MVS,MV Signature,300,50,EU_F07M,MV Flagship Paris,3573.51,1302.27,18,4419.49,4687.67,1457.38,22,5401.6,18,12,6,22,20,0
MV-82512,Women Shorts Heritage,CRM,Cognac,Ready-to-Wear,Women,Bottoms,Shorts,MV,Maison Voss,300,20,EU_F07M,MV Flagship Paris,1284.94,468.97,2,1657.7,1151.41,409.26,2,1657.7,1,0,1,0,0,0
MV-26074,Women Fedoras Slim,TAN,Tan,Accessories,Women,Hats,Fedoras,MVS,MV Signature,300,70,EU_F07M,MV Flagship Paris,33667.93,10958.08,55,46418.07,40798.44,12911.04,67,56545.65,116,86,30,121,83,0
MV-62296,Unisex Bracelets Signature,BEG,Beige,Accessories,Unisex,Jewelry,Bracelets,MVS,MV Signature,300,20,EU_F07M,MV Flagship Paris,5843.51,2166.71,16,7496.32,6416.88,1717.78,17,7964.84,20,19,1,17,11,0
MV-48504,Women Slides Signature,ECR,Ecru,Footwear,Women,Flats,Slides,MVS,MV Signature,300,70,EU_F07M,MV Flagship Paris,2804.03,982.84,10,3843.69,2271.31,841.01,9,3459.32,31,25,6,26,17,0
MV-27892,Men Suit Trousers Modern,CRM,Cognac,Ready-to-Wear,Men,Suits,Suit Trousers,MV,Maison Voss,300,50,EU_F07M,MV Flagship Paris,34973.26,12098.48,67,48797.61,35125.11,10372.11,69,50254.26,147,92,55,181,165,0
MV-78614,Women Trousers Signature,BRG,Bordeaux,Ready-to-Wear,Women,Bottoms,Trousers,MV,Maison Voss,300,20,EU_F07M,MV Flagship Paris,32072.47,9775.58,72,43189.65,31878.54,8113.28,74,44389.36,275,182,93,294,177,0
MV-40005,Men Silk Scarves Classic,SBL,Sable,Accessories,Men,Scarves,Silk Scarves,MVS,MV Signature,300,20,EU_F07M,MV Flagship Paris,56511.87,21429.62,88,68257.46,36557.02,10365.72,62,48090.48,172,152,20,104,94,0
MV-49251,Men Slides Classic,IVR,Ivoire,Footwear,Men,Flats,Slides,MV,Maison Voss,300,70,EU_F07M,MV Flagship Paris,19940.36,5264.94,44,27411.34,21040.1,5831.32,44,27411.34,152,114,38,125,75,0
MV-57920,Women Blazers Slim,IVR,Ivoire,Ready-to-Wear,Women,Outerwear,Blazers,MV,Maison Voss,300,50,EU_F07M,MV Flagship Paris,92820.13,23821.93,142,133830.84,89831.72,33432.27,134,126291.08,434,267,167,396,358,0
MV-58434,Women Shoulder Bags Heritage,BLU,Bleu Marine,Leather Goods,Women,Handbags,Shoulder Bags,MV,Maison Voss,300,20,EU_F07M,MV Flagship Paris,107225.78,28819.58,174,144384.6,106280.59,32169.99,169,140235.62,382,237,145,393,373,0
MV-16839,Unisex Key Holders Luxe,ARG,Argent,Leather Goods,Unisex,Small Leather Goods,Key Holders,MVS,MV Signature,300,20,EU_F07M,MV Flagship Paris,33650.97,10260.43,104,48984.33,29103.99,7964.79,86,40506.28,206,195,11,156,135,0
MV-51441,Women Jackets Modern,BLU,Bleu Marine,Ready-to-Wear,Women,Outerwear,Jackets,MVS,MV Signature,300,50,EU_F07M,MV Flagship Paris,14749.89,4582.17,64,18504.73,12805.25,3682.79,53,15324.23,95,57,38,67,59,0
MV-96341,Women Card Holders Signature,ANT,Anthracite,Leather Goods,Women,Small Leather Goods,Card Holders,MVS,MV Signature,300,20,EU_F07M,MV Flagship Paris,17693.43,5485.72,22,22493.53,12692.16,4476.84,18,18403.79,64,46,18,64,42,0
MV-80282,Unisex Baseball Caps Signature,CAM,Camel,Accessories,Unisex,Hats,Baseball Caps,MV,Maison Voss,300,50,EU_F07M,MV Flagship Paris,137162.45,46017.87,258,170227.04,158770.66,56458.85,298,196618.83,168,126,42,171,111,0
MV-30730,Men High Top Luxe,VRT,Vert,Footwear,Men,Sneakers,High Top,MV,Maison Voss,300,70,EU_F07M,MV Flagship Paris,7343.4,1964.81,20,9467.17,7342.18,2501.5,21,9940.52,74,49,25,88,73,0
MV-53025,Men Loafers Heritage,ROG,Rouge,Footwear,Men,Flats,Loafers,MV,Maison Voss,300,50,EU_F07M,MV Flagship Paris,10281.17,2725.89,14,14073.74,11596.71,2974.25,15,15079.0,31,24,7,39,36,0
MV-80282,Unisex Baseball Caps Signature,BLU,Bleu Marine,Accessories,Unisex,Hats,Baseball Caps,MV,Maison Voss,300,70,EU_F07M,MV Flagship Paris,16075.5,4118.76,37,19987.04,14161.5,4828.31,32,17286.09,85,70,15,78,63,0
MV-80143,Men Knitwear Classic,ECR,Ecru,Ready-to-Wear,Men,Tops,Knitwear,MVS,MV Signature,300,20,EU_F07M,MV Flagship Paris,773.2,279.99,3,1002.17,752.2,205.97,3,1002.17,3,2,1,3,2,0
MV-69634,Women Day Dresses Signature,ARG,Argent,Ready-to-Wear,Women,Dresses,Day Dresses,MVS,MV Signature,300,20,EU_F07M,MV Flagship Paris,115071.68,37215.9,243,149818.98,116416.81,38029.84,234,144270.13,565,539,26,436,290,0
MV-67104,Men Sandals Essential,TAN,Tan,Footwear,Men,Heels,Sandals,MV,Maison Voss,300,50,EU_F07M,MV Flagship Paris,34112.04,10669.67,56,45514.23,28026.91,8908.45,44,35761.18,177,110,67,115,84,0
MV-66881,Men Trousers Modern,BLU,Bleu Marine,Ready-to-Wear,Men,Bottoms,Trousers,MV,Maison Voss,300,20,EU_F07M,MV Flagship Paris,32865.61,9910.47,51,43357.08,38811.77,11285.36,61,51858.46,200,135,65,261,162,0
MV-83975,Unisex Baseball Caps Classic,BEG,Beige,Accessories,Unisex,Hats,Baseball Caps,MVS,MV Signature,300,20,EU_F07M,MV Flagship Paris,14270.01,5323.12,67,18128.68,16105.97,5954.45,82,22187.34,198,180,18,278,238,0
MV-60181,Women Jackets Classic,BLU,Bleu Marine,Ready-to-Wear,Women,Outerwear,Jackets,MVS,MV Signature,300,20,EU_F07M,MV Flagship Paris,22909.36,8359.54,43,28294.87,19419.54,5733.64,36,23688.73,68,62,6,61,60,0
MV-66349,Women Crossbody Bags Modern,GRG,Greige,Leather Goods,Women,Handbags,Crossbody Bags,MV,Maison Voss,300,70,EU_F07M,MV Flagship Paris,1483.14,371.52,2,1980.98,738.34,254.4,1,990.49,3,1,2,2,1,0
MV-57943,Women Shorts Essential,VRT,Vert,Ready-to-Wear,Women,Bottoms,Shorts,MV,Maison Voss,300,50,EU_F07M,MV Flagship Paris,27908.63,7617.8,60,36028.18,24343.23,9141.67,52,31224.42,186,185,1,164,135,0
MV-64377,Women Trousers Essential,CHP,Champagne,Ready-to-Wear,Women,Bottoms,Trousers,MVS,MV Signature,300,20,EU_F07M,MV Flagship Paris,39507.26,11864.48,79,55539.94,31883.11,9333.81,70,49212.61,155,143,12,125,113,0
MV-94058,Women Chain Belts,ECR,Ecru,Leather Goods,Women,Belts,Chain Belts,MVS,MV Signature,300,20,EU_F07M,MV Flagship Paris,11770.09,3465.27,34,14738.41,8250.97,3016.94,26,11270.55,24,15,9,20,18,0
MV-15513,Unisex Shorts Heritage,ROG,Rouge,Ready-to-Wear,Unisex,Bottoms,Shorts,MVS,MV Signature,300,50,EU_F07M,MV Flagship Paris,49451.85,15528.56,89,64805.01,35190.2,12659.02,68,49513.94,175,140,35,154,149,0
MV-12128,Women Cat Eye Signature,SBL,Sable,Accessories,Women,Sunglasses,Cat Eye,MV,Maison Voss,300,50,EU_F07M,MV Flagship Paris,8995.43,2769.32,16,11630.24,9536.14,2966.98,17,12357.13,15,10,5,17,16,0
MV-94675,Women Trousers Essential,GRG,Greige,Ready-to-Wear,Women,Bottoms,Trousers,MVS,MV Signature,300,30,EU_F07M,MV Flagship Paris,10209.42,3738.38,15,13795.32,10052.77,2569.17,16,14715.01,51,42,9,62,37,0
MV-96761,Men Jackets Essential,BLU,Bleu Marine,Ready-to-Wear,Men,Outerwear,Jackets,MVS,MV Signature,300,20,EU_F07M,MV Flagship Paris,6084.74,1994.51,11,8542.62,5454.78,1980.67,10,7766.02,10,9,1,9,6,0
MV-25043,Men Loafers,SBL,Sable,Footwear,Men,Flats,Loafers,MVS,MV Signature,300,50,EU_F07M,MV Flagship Paris,15524.76,5517.24,29,19720.34,9458.22,2376.97,20,13600.23,21,17,4,13,11,0
MV-47243,Men Boots Heritage,BEG,Beige,Footwear,Men,Heels,Boots,MV,Maison Voss,300,20,EU_F07M,MV Flagship Paris,91687.36,33831.07,119,118525.97,64462.8,21025.99,91,90637.51,110,95,15,94,64,0
MV-25974,Women Chain Belts,CRM,Cognac,Leather Goods,Women,Belts,Chain Belts,MV,Maison Voss,300,30,EU_F07M,MV Flagship Paris,40625.27,14009.02,111,55101.26,35557.88,12138.3,101,50137.18,401,297,104,365,275,0
MV-40007,Women Tote Bags Modern,NVY,Navy,Leather Goods,Women,Handbags,Tote Bags,MV,Maison Voss,300,20,EU_F07M,MV Flagship Paris,27712.51,8556.09,30,35589.68,33792.14,11195.23,33,39148.64,84,68,16,93,62,0
MV-65296,Women Ankle Boots Slim,ARG,Argent,Footwear,Women,Boots,Ankle Boots,MV,Maison Voss,300,20,EU_F07M,MV Flagship Paris,31314.28,10784.84,56,39282.96,33594.7,10025.89,61,42790.37,169,127,42,168,153,0
MV-92478,Women Blazers Classic,ANT,Anthracite,Ready-to-Wear,Women,Outerwear,Blazers,MV,Maison Voss,300,50,EU_F07M,MV Flagship Paris,40210.56,11691.89,80,54800.25,56835.26,17967.58,102,69870.32,146,137,9,215,173,0
MV-45986,Women Chain Belts Classic,NOI,Noir,Leather Goods,Women,Belts,Chain Belts,MV,Maison Voss,300,20,EU_F07M,MV Flagship Paris,19298.96,7103.86,17,23844.87,24542.28,8374.49,21,29455.42,64,52,12,83,52,0
MV-10336,Men Blazers Heritage,CRM,Creme,Ready-to-Wear,Men,Suits,Blazers,MV,Maison Voss,300,70,EU_F07M,MV Flagship Paris,7047.27,2658.12,11,9347.03,5662.71,2130.39,8,6797.84,9,6,3,7,4,0
MV-22833,Women Midi Dresses Classic,NVY,Navy,Ready-to-Wear,Women,Dresses,Midi Dresses,MVS,MV Signature,300,30,EU_F07M,MV Flagship Paris,63820.84,21645.64,227,94480.35,71654.36,24987.65,251,104469.46,564,344,220,631,406,0
MV-70521,Men Mules Luxe,TAN,Tan,Footwear,Men,Heels,Mules,MV,Maison Voss,300,50,EU_F07M,MV Flagship Paris,31130.83,10357.61,61,40932.43,33701.41,11962.41,64,42945.5,112,81,31,97,72,0
MV-84341,Men Sandals Signature,NVY,Navy,Footwear,Men,Heels,Sandals,MV,Maison Voss,300,50,EU_F07M,MV Flagship Paris,193107.96,66999.31,252,278518.43,202336.97,65553.08,261,288465.51,589,447,142,489,370,0
MV-47880,Women Shorts Relaxed,GRG,Greige,Ready-to-Wear,Women,Bottoms,Shorts,MV,Maison Voss,300,20,EU_F07M,MV Flagship Paris,14727.81,4229.96,26,20824.62,16034.88,4663.05,31,24829.36,37,32,5,51,31,0
MV-12128,Women Cat Eye Signature,ROG,Rouge,Accessories,Women,Sunglasses,Cat Eye,MV,Maison Voss,300,20,EU_F07M,MV Flagship Paris,14378.44,4190.3,77,19367.99,12830.64,4844.53,64,16098.07,141,127,14,102,61,0
MV-51441,Women Jackets Modern,ECR,Ecru,Ready-to-Wear,Women,Outerwear,Jackets,MVS,MV Signature,300,20,EU_F07M,MV Flagship Paris,4688.52,1639.5,15,7052.06,5638.96,1818.28,17,7992.33,55,43,12,70,45,0
MV-91490,Women Midi Dresses,VRT,Vert,Ready-to-Wear,Women,Dresses,Midi Dresses,MV,Maison Voss,300,20,EU_F07M,MV Flagship Paris,7954.77,2628.41,19,10884.59,8255.18,2501.21,20,11457.47,39,32,7,46,45,0
MV-67961,Men Wool Scarves Heritage,BLU,Bleu Marine,Accessories,Men,Scarves,Wool Scarves,MV,Maison Voss,300,50,EU_F07M,MV Flagship Paris,9074.2,2888.1,45,11340.69,8671.95,2961.67,40,10080.61,177,134,43,189,173,0
MV-76263,Women High Top Essential,TRP,Taupe,Footwear,Women,Sneakers,High Top,MV,Maison Voss,300,50,EU_F07M,MV Flagship Paris,10129.72,2767.71,24,12434.24,8036.04,2542.34,21,10879.96,49,43,6,38,28,0
MV-94323,Women Round Frames Classic,SBL,Sable,Accessories,Women,Sunglasses,Round Frames,MVS,MV Signature,300,20,EU_F07M,MV Flagship Paris,5645.36,1663.89,11,7126.69,4205.28,1291.14,8,5183.05,29,24,5,26,24,0
MV-33509,Unisex Fedoras Signature,VRT,Vert,Accessories,Unisex,Hats,Fedoras,MVS,MV Signature,300,50,EU_F07M,MV Flagship Paris,5656.46,1569.73,19,8290.35,4587.72,1179.59,15,6545.01,66,62,4,49,29,0
MV-93746,Women Blazers Essential,CRM,Creme,Ready-to-Wear,Women,Suits,Blazers,MV,Maison Voss,300,50,EU_F07M,MV Flagship Paris,446.2,155.89,2,526.45,228.49,81.84,1,263.23,4,3,1,4,3,0
MV-16895,Women Leather Belts Slim,BRG,Bordeaux,Leather Goods,Women,Belts,Leather Belts,MV,Maison Voss,300,50,EU_F07M,MV Flagship Paris,49711.66,13476.48,77,66007.5,39971.6,11420.19,62,53148.89,186,151,35,154,145,0
MV-57052,Men Day Dresses Signature,VRT,Vert,Ready-to-Wear,Men,Dresses,Day Dresses,MV,Maison Voss,300,50,EU_F07M,MV Flagship Paris,19889.18,6555.96,43,27916.92,21304.41,7113.2,42,27267.69,149,96,53,131,99,0
MV-48504,Women Slides Signature,BEG,Beige,Footwear,Women,Flats,Slides,MVS,MV Signature,300,50,EU_F07M,MV Flagship Paris,2717.35,853.81,6,3448.15,2595.44,661.89,6,3448.15,21,19,2,23,18,0
MV-49472,Men Square Frames Modern,SBL,Sable,Accessories,Men,Sunglasses,Square Frames,MV,Maison Voss,300,20,EU_F07M,MV Flagship Paris,3025.89,1048.2,11,4010.28,2179.19,783.65,8,2916.57,23,22,1,18,15,0
MV-78614,Women Trousers Signature,CAM,Camel,Ready-to-Wear,Women,Bottoms,Trousers,MV,Maison Voss,300,20,EU_F07M,MV Flagship Paris,3905.6,1445.14,6,5216.39,4656.69,1723.53,7,6085.78,22,15,7,23,20,0
MV-89963,Women Cat Eye Luxe,ANT,Anthracite,Accessories,Women,Sunglasses,Cat Eye,MV,Maison Voss,300,20,EU_F07M,MV Flagship Paris,30445.68,11372.96,60,39210.27,24077.34,7199.6,44,28754.2,239,146,93,185,165,0
MV-65296,Women Ankle Boots Slim,BRG,Bordeaux,Footwear,Women,Boots,Ankle Boots,MV,Maison Voss,300,20,EU_F07M,MV Flagship Paris,4913.32,1690.72,6,6032.23,5426.11,1719.94,7,7037.6,12,11,1,16,14,0
MV-90209,Men Suit Sets Modern,CAM,Camel,Ready-to-Wear,Men,Suits,Suit Sets,MV,Maison Voss,300,20,EU_F07M,MV Flagship Paris,34224.76,10430.73,89,42937.28,42447.21,12009.39,102,49209.02,165,130,35,152,130,0
MV-74866,Women Wool Scarves Luxe,CHP,Champagne,Accessories,Women,Scarves,Wool Scarves,MV,Maison Voss,300,30,EU_F07M,MV Flagship Paris,252.34,70.91,1,316.94,260.42,95.16,1,316.94,0,0,0,0,0,0
MV-30257,Women Weekender Relaxed,CRM,Cognac,Leather Goods,Women,Luggage,Weekender,MV,Maison Voss,300,30,EU_F07M,MV Flagship Paris,14614.19,4964.68,18,20901.98,15874.44,4986.36,19,22063.2,65,56,9,73,51,0
MV-51441,Women Jackets Modern,CAM,Camel,Ready-to-Wear,Women,Outerwear,Jackets,MVS,MV Signature,300,30,EU_F07M,MV Flagship Paris,51131.21,19153.57,140,63580.54,50670.73,15031.04,128,58130.78,82,58,24,68,58,0
MV-45986,Women Chain Belts Classic,CHP,Champagne,Leather Goods,Women,Belts,Chain Belts,MV,Maison Voss,300,20,EU_F07M,MV Flagship Paris,77642.78,25790.29,80,99613.88,83894.46,26561.86,98,122027.0,109,89,20,155,134,0
MV-28714,Men Trousers Luxe,TAN,Tan,Ready-to-Wear,Men,Bottoms,Trousers,MV,Maison Voss,300,20,EU_F07M,MV Flagship Paris,1958.07,515.08,4,2652.09,1456.83,469.07,3,1989.07,5,3,2,4,3,0
MV-71953,Women Suit Trousers Relaxed,ARG,Argent,Ready-to-Wear,Women,Suits,Suit Trousers,MVS,MV Signature,300,20,EU_F07M,MV Flagship Paris,67854.94,17397.97,109,95185.63,88725.06,31088.88,125,109157.83,240,229,11,319,204,0
MV-71953,Women Suit Trousers Relaxed,ECR,Ecru,Ready-to-Wear,Women,Suits,Suit Trousers,MVS,MV Signature,300,70,EU_F07M,MV Flagship Paris,15166.92,5215.48,43,18078.46,13610.3,4804.76,38,15976.32,48,33,15,39,24,0
MV-60052,Unisex Evening Dresses,BLU,Bleu Marine,Ready-to-Wear,Unisex,Dresses,Evening Dresses,MVS,MV Signature,300,20,EU_F07M,MV Flagship Paris,26281.92,7789.75,119,30751.31,23237.9,7134.35,106,27391.92,148,125,23,153,151,0
MV-38683,Men Tops Slim,BRG,Bordeaux,Ready-to-Wear,Men,Tops,Tops,MVS,MV Signature,300,20,EU_F07M,MV Flagship Paris,12176.01,3968.45,58,15722.73,11783.59,3470.72,55,14909.48,54,32,22,59,49,0
MV-76132,Unisex Leather Belts Slim,SBL,Sable,Leather Goods,Unisex,Belts,Leather Belts,MV,Maison Voss,300,50,EU_F07M,MV Flagship Paris,45839.83,14407.89,72,61902.57,37699.98,10504.61,62,53304.99,223,192,31,155,139,0
MV-86484,Men Blazers Essential,IVR,Ivoire,Ready-to-Wear,Men,Suits,Blazers,MV,Maison Voss,300,30,EU_F07M,MV Flagship Paris,102618.91,31665.79,319,145964.93,77090.41,24276.71,227,103868.46,544,466,78,319,289,0
MV-47196,Women Wallets,ANT,Anthracite,Leather Goods,Women,Small Leather Goods,Wallets,MVS,MV Signature,300,20,EU_F07M,MV Flagship Paris,7885.23,2181.12,16,11560.26,6383.06,2330.17,13,9392.71,56,51,5,39,38,0
MV-90301,Men High Top,ROG,Rouge,Footwear,Men,Sneakers,High Top,MVS,MV Signature,300,20,EU_F07M,MV Flagship Paris,34052.99,10746.45,62,41592.23,26650.12,7121.02,49,32871.28,230,229,1,218,179,0
MV-38683,Men Tops Slim,ANT,Anthracite,Ready-to-Wear,Men,Tops,Tops,MVS,MV Signature,300,20,EU_F07M,MV Flagship Paris,26560.38,7697.67,39,31455.71,30660.1,10454.16,50,40327.83,32,23,9,39,25,0
MV-79924,Unisex Blazers Modern,BEG,Beige,Ready-to-Wear,Unisex,Outerwear,Blazers,MV,Maison Voss,300,20,EU_F07M,MV Flagship Paris,1432.94,417.32,2,1767.15,1322.95,419.57,2,1767.15,2,1,1,2,1,0
MV-57052,Men Day Dresses Signature,GRG,Greige,Ready-to-Wear,Men,Dresses,Day Dresses,MV,Maison Voss,300,50,EU_F07M,MV Flagship Paris,639.08,212.35,1,952.38,609.12,160.72,1,952.38,0,0,0,0,0,0
MV-54589,Women Carry-On Slim,NOI,Noir,Leather Goods,Women,Luggage,Carry-On,MV,Maison Voss,300,20,EU_F07M,MV Flagship Paris,6835.26,2090.38,8,9588.15,7101.96,2457.85,8,9588.15,12,7,5,11,7,0
MV-26505,Men Leather Belts Relaxed,ROG,Rouge,Leather Goods,Men,Belts,Leather Belts,MV,Maison Voss,300,20,EU_F07M,MV Flagship Paris,73362.17,22538.42,66,93289.15,85297.83,25025.2,81,114491.22,235,223,12,284,220,0
MV-92345,Women Leather Belts Modern,ARG,Argent,Leather Goods,Women,Belts,Leather Belts,MVS,MV Signature,300,20,EU_F07M,MV Flagship Paris,40720.26,14327.63,53,51115.12,31720.21,8220.68,41,39541.89,48,42,6,45,37,0
MV-58434,Women Shoulder Bags Heritage,NVY,Navy,Leather Goods,Women,Handbags,Shoulder Bags,MV,Maison Voss,300,20,EU_F07M,MV Flagship Paris,48906.68,17953.13,51,64228.1,38647.07,11407.63,42,52893.73,40,30,10,38,33,0
MV-73532,Women Midi Dresses Modern,ARG,Argent,Ready-to-Wear,Women,Dresses,Midi Dresses,MVS,MV Signature,300,20,EU_F07M,MV Flagship Paris,1060.53,366.95,2,1543.6,1010.11,312.54,2,1543.6,3,2,1,4,3,0
MV-11214,Men Coats Heritage,RSE,Rose Poudre,Ready-to-Wear,Men,Outerwear,Coats,MVS,MV Signature,300,50,EU_F07M,MV Flagship Paris,11447.39,3954.19,40,13358.3,7798.88,2357.33,31,10352.68,27,21,6,18,13,0
MV-15513,Unisex Shorts Heritage,TRP,Taupe,Ready-to-Wear,Unisex,Bottoms,Shorts,MVS,MV Signature,300,70,EU_F07M,MV Flagship Paris,96115.63,35552.15,164,123249.99,114279.67,36979.12,204,153310.96,151,110,41,212,158,0
MV-56019,Men Shorts Slim,CRM,Cognac,Ready-to-Wear,Men,Bottoms,Shorts,MV,Maison Voss,300,20,EU_F07M,MV Flagship Paris,19091.3,5044.09,32,26413.89,13286.31,4482.52,24,19810.42,73,71,2,63,52,0
MV-39444,Men Key Holders Relaxed,ECR,Ecru,Leather Goods,Men,Small Leather Goods,Key Holders,MV,Maison Voss,300,70,EU_F07M,MV Flagship Paris,44852.44,14648.76,62,58969.25,54962.88,14889.38,78,74187.12,205,181,24,309,277,0
MV-96200,Women Suit Sets,ROG,Rouge,Ready-to-Wear,Women,Suits,Suit Sets,MVS,MV Signature,300,70,EU_F07M,MV Flagship Paris,58629.63,15926.27,96,73400.88,56811.42,18161.21,104,79517.62,52,33,19,57,56,0
MV-79924,Unisex Blazers Modern,GRG,Greige,Ready-to-Wear,Unisex,Outerwear,Blazers,MV,Maison Voss,300,50,EU_F07M,MV Flagship Paris,55595.92,16320.98,97,65547.01,36944.08,9916.12,71,47977.71,53,48,5,35,23,0
MV-90031,Women Loafers Heritage,CHP,Champagne,Footwear,Women,Flats,Loafers,MV,Maison Voss,300,20,EU_F07M,MV Flagship Paris,33586.51,10168.59,46,41731.32,42149.5,14830.88,56,50803.35,134,98,36,151,113,0
MV-46559,Men Ballet Flats Luxe,CAM,Camel,Footwear,Men,Flats,Ballet Flats,MV,Maison Voss,300,20,EU_F07M,MV Flagship Paris,46378.01,16595.92,123,56550.92,32926.86,10339.49,96,44137.3,436,354,82,309,289,0
MV-55830,Women Jeans Heritage,BLU,Bleu Marine,Ready-to-Wear,Women,Bottoms,Jeans,MV,Maison Voss,300,30,EU_F07M,MV Flagship Paris,5980.77,1663.85,31,8403.04,4042.65,1458.24,22,5963.44,79,77,2,57,52,0
MV-44335,Women Slides Slim,ECR,Ecru,Footwear,Women,Flats,Slides,MV,Maison Voss,300,50,EU_F07M,MV Flagship Paris,103156.19,34803.46,139,133580.44,72575.15,18531.6,107,102828.11,445,355,90,322,251,0
MV-54089,Unisex Blazers,VRT,Vert,Ready-to-Wear,Unisex,Outerwear,Blazers,MVS,MV Signature,300,20,EU_F07M,MV Flagship Paris,6344.46,2141.98,17,8007.36,6022.61,1920.66,17,8007.36,57,43,14,55,53,0
MV-94323,Women Round Frames Classic,TAN,Tan,Accessories,Women,Sunglasses,Round Frames,MVS,MV Signature,300,20,EU_F07M,MV Flagship Paris,9337.58,3385.97,20,11075.68,8625.42,2912.51,20,11075.68,25,22,3,29,26,0
MV-54657,Women Evening Dresses Slim,ARG,Argent,Ready-to-Wear,Women,Dresses,Evening Dresses,MV,Maison Voss,300,50,EU_F07M,MV Flagship Paris,1403.36,455.36,3,2075.79,1029.57,264.68,2,1383.86,1,0,1,0,0,0
MV-54725,Women Suit Trousers Classic,CRM,Cognac,Ready-to-Wear,Women,Suits,Suit Trousers,MV,Maison Voss,300,30,EU_F07M,MV Flagship Paris,38469.01,14564.2,100,55170.13,38945.66,9765.42,95,52411.62,276,260,16,284,242,0
MV-65255,Women Evening Dresses Heritage,CAM,Camel,Ready-to-Wear,Women,Dresses,Evening Dresses,MV,Maison Voss,300,70,EU_F07M,MV Flagship Paris,22653.05,7049.65,34,28972.3,21569.28,7014.19,31,26415.92,99,93,6,76,59,0
MV-56438,Men Boots Essential,TRP,Taupe,Footwear,Men,Heels,Boots,MV,Maison Voss,300,20,EU_F07M,MV Flagship Paris,11466.94,4175.01,16,15011.91,13949.08,3946.35,18,16888.4,23,15,8,28,23,0
MV-41358,Men Chelsea Boots Heritage,SBL,Sable,Footwear,Men,Boots,Chelsea Boots,MV,Maison Voss,300,50,EU_F07M,MV Flagship Paris,7533.13,2744.3,16,9688.05,7393.59,2643.32,17,10293.55,54,34,20,51,48,0
MV-23979,Women Check-In Relaxed,ARG,Argent,Leather Goods,Women,Luggage,Check-In,MV,Maison Voss,300,20,EU_F07M,MV Flagship Paris,97977.53,35970.49,147,133297.34,112900.48,33937.92,159,144178.76,326,302,24,289,251,0
MV-69473,Women Chain Belts Heritage,GRG,Greige,Leather Goods,Women,Belts,Chain Belts,MVS,MV Signature,300,50,EU_F07M,MV Flagship Paris,57951.49,21008.75,113,73846.1,71082.18,22484.64,133,86916.2,94,89,5,110,87,0
MV-80236,Women Coats Slim,ARG,Argent,Ready-to-Wear,Women,Outerwear,Coats,MVS,MV Signature,300,50,EU_F07M,MV Flagship Paris,32115.86,10434.13,51,44323.74,40620.33,13319.39,64,55621.95,75,54,21,105,75,0
MV-20682,Men Loafers Slim,ARG,Argent,Footwear,Men,Flats,Loafers,MVS,MV Signature,300,50,EU_F07M,MV Flagship Paris,17552.27,5566.9,60,23673.75,15860.95,4097.74,57,22490.06,143,90,53,114,92,0
MV-76132,Unisex Leather Belts Slim,BLU,Bleu Marine,Leather Goods,Unisex,Belts,Leather Belts,MV,Maison Voss,300,20,EU_F07M,MV Flagship Paris,44712.03,12770.77,40,62724.83,45689.8,14553.15,38,59588.59,119,96,23,115,72,0
MV-42087,Men Slides Slim,IVR,Ivoire,Footwear,Men,Flats,Slides,MV,Maison Voss,300,20,EU_F07M,MV Flagship Paris,6779.61,2247.67,31,9344.89,7497.72,1978.13,31,9344.89,114,79,35,117,100,0
MV-67104,Men Sandals Essential,ANT,Anthracite,Footwear,Men,Heels,Sandals,MV,Maison Voss,300,70,EU_F07M,MV Flagship Paris,40808.02,11705.69,156,51994.13,30771.81,10919.67,112,37329.12,602,484,118,463,314,0
MV-96341,Women Card Holders Signature,BLU,Bleu Marine,Leather Goods,Women,Small Leather Goods,Card Holders,MVS,MV Signature,300,20,EU_F07M,MV Flagship Paris,2866.68,941.97,8,3791.69,2687.21,750.64,7,3317.73,12,11,1,9,7,0
MV-90356,Women Loafers Signature,CRM,Cognac,Footwear,Women,Flats,Loafers,MV,Maison Voss,300,50,EU_F07M,MV Flagship Paris,9863.78,2667.97,34,14339.14,11364.91,3341.28,40,16869.57,134,115,19,164,153,0
MV-42541,Women Blazers Slim,BEG,Beige,Ready-to-Wear,Women,Suits,Blazers,MVS,MV Signature,300,20,EU_F07M,MV Flagship Paris,14355.66,4251.13,26,19486.67,15271.35,4153.82,27,20236.16,25,22,3,23,21,0
MV-92345,Women Leather Belts Modern,CHP,Champagne,Leather Goods,Women,Belts,Leather Belts,MVS,MV Signature,300,20,EU_F07M,MV Flagship Paris,43698.23,14654.35,43,58872.96,43062.58,14774.55,37,50658.13,57,55,2,44,31,0
MV-74866,Women Wool Scarves Luxe,SBL,Sable,Accessories,Women,Scarves,Wool Scarves,MV,Maison Voss,300,50,EU_F07M,MV Flagship Paris,18685.62,6038.48,38,24074.02,15136.1,5175.51,32,20272.86,135,132,3,105,94,0
MV-76132,Unisex Leather Belts Slim,BLU,Bleu Marine,Leather Goods,Unisex,Belts,Leather Belts,MV,Maison Voss,300,30,EU_F07M,MV Flagship Paris,13784.62,5232.28,46,17856.27,14118.36,4325.25,43,16691.73,98,81,17,74,50,0
MV-33509,Unisex Fedoras Signature,TRP,Taupe,Accessories,Unisex,Hats,Fedoras,MVS,MV Signature,300,20,EU_F07M,MV Flagship Paris,4239.55,1603.9,9,6246.95,4694.24,1760.55,9,6246.95,24,17,7,29,19,0
MV-20350,Women Card Holders Essential,CRM,Creme,Leather Goods,Women,Small Leather Goods,Card Holders,MVS,MV Signature,300,50,EU_F07M,MV Flagship Paris,22977.32,6932.2,45,27994.82,27388.49,8612.0,54,33593.79,166,140,26,210,192,0
MV-40595,Women Day Dresses Heritage,NOI,Noir,Ready-to-Wear,Women,Dresses,Day Dresses,MVS,MV Signature,300,50,EU_F07M,MV Flagship Paris,3338.68,996.35,17,4806.72,3075.39,795.16,16,4523.98,13,11,2,13,11,0
MV-29080,Men Jackets Relaxed,TAN,Tan,Ready-to-Wear,Men,Outerwear,Jackets,MV,Maison Voss,300,20,EU_F07M,MV Flagship Paris,6380.81,2178.37,12,8628.28,7231.13,2475.56,13,9347.3,35,28,7,34,29,0
MV-15014,Women Bracelets Modern,ROG,Rouge,Accessories,Women,Jewelry,Bracelets,MVS,MV Signature,300,20,EU_F07M,MV Flagship Paris,1385.01,394.72,4,1860.17,1465.65,501.43,4,1860.17,12,8,4,15,11,0
MV-96760,Women Blouses Signature,SBL,Sable,Ready-to-Wear,Women,Tops,Blouses,MV,Maison Voss,300,30,EU_F07M,MV Flagship Paris,63886.69,16675.88,91,88818.12,49276.13,16099.62,73,71249.7,356,282,74,311,269,0
MV-51441,Women Jackets Modern,GRG,Greige,Ready-to-Wear,Women,Outerwear,Jackets,MVS,MV Signature,300,20,EU_F07M,MV Flagship Paris,17073.52,5958.95,35,20066.09,15875.87,5586.26,32,18346.14,113,98,15,124,94,0
MV-31632,Women Weekender Luxe,ECR,Ecru,Leather Goods,Women,Luggage,Weekender,MV,Maison Voss,300,20,EU_F07M,MV Flagship Paris,47629.34,17793.69,62,61323.45,60474.69,22478.57,70,69236.16,102,86,16,102,76,0
MV-47880,Women Shorts Relaxed,CRM,Cognac,Ready-to-Wear,Women,Bottoms,Shorts,MV,Maison Voss,300,20,EU_F07M,MV Flagship Paris,35978.13,13614.98,82,47946.05,33866.2,12468.17,72,42098.97,149,124,25,114,75,0
MV-68878,Men Carry-On Heritage,BLU,Bleu Marine,Leather Goods,Men,Luggage,Carry-On,MVS,MV Signature,300,20,EU_F07M,MV Flagship Paris,49807.66,18724.49,72,62624.47,55839.41,20295.51,80,69582.74,138,117,21,174,110,0
MV-94058,Women Chain Belts,GRG,Greige,Leather Goods,Women,Belts,Chain Belts,MVS,MV Signature,300,20,EU_F07M,MV Flagship Paris,18941.94,5982.86,40,24753.88,21642.27,7184.61,43,26610.42,31,26,5,33,25,0
MV-82512,Women Shorts Heritage,ECR,Ecru,Ready-to-Wear,Women,Bottoms,Shorts,MV,Maison Voss,300,20,EU_F07M,MV Flagship Paris,9356.32,2918.84,31,11725.94,6722.99,1718.67,23,8699.89,56,33,23,46,36,0
MV-31798,Women Shoulder Bags Essential,CRM,Cognac,Leather Goods,Women,Handbags,Shoulder Bags,MV,Maison Voss,300,50,EU_F07M,MV Flagship Paris,29526.27,10621.79,29,42712.99,28878.6,8110.87,28,41240.13,109,96,13,101,74,0
MV-78955,Women Pouches Modern,NVY,Navy,Leather Goods,Women,Small Leather Goods,Pouches,MV,Maison Voss,300,50,EU_F07M,MV Flagship Paris,51653.67,14961.28,64,68692.54,41369.79,11265.95,49,52592.72,176,167,9,110,71,0
MV-33509,Unisex Fedoras Signature,CAM,Camel,Accessories,Unisex,Hats,Fedoras,MVS,MV Signature,300,20,EU_F07M,MV Flagship Paris,13407.16,3375.33,43,19993.54,11173.17,3894.18,35,16273.81,147,113,34,104,89,0
MV-98501,Women Blouses Relaxed,ECR,Ecru,Ready-to-Wear,Women,Tops,Blouses,MVS,MV Signature,300,50,EU_F07M,MV Flagship Paris,24674.98,6463.7,120,29648.43,24705.64,7152.76,125,30883.78,269,161,108,326,323,0
MV-30257,Women Weekender Relaxed,IVR,Ivoire,Leather Goods,Women,Luggage,Weekender,MV,Maison Voss,300,20,EU_F07M,MV Flagship Paris,52926.74,15854.33,131,68589.52,40842.07,14135.33,103,53929.17,422,282,140,298,217,0
MV-69692,Women Suit Sets Essential,NOI,Noir,Ready-to-Wear,Women,Suits,Suit Sets,MVS,MV Signature,300,30,EU_F07M,MV Flagship Paris,5285.27,1904.94,11,7844.49,4412.49,1504.67,8,5705.08,37,36,1,28,25,0
MV-37460,Men Jackets Heritage,CRM,Cognac,Ready-to-Wear,Men,Outerwear,Jackets,MV,Maison Voss,300,20,EU_F07M,MV Flagship Paris,3120.76,1104.03,9,4210.01,2526.67,911.35,7,3274.45,24,21,3,23,18,0
MV-76237,Women Skirts Classic,BRG,Bordeaux,Ready-to-Wear,Women,Bottoms,Skirts,MV,Maison Voss,300,20,EU_F07M,MV Flagship Paris,37386.11,9955.3,63,51922.04,39219.66,11930.92,75,61811.96,165,153,12,206,138,0
MV-20993,Men Wool Scarves Slim,BEG,Beige,Accessories,Men,Scarves,Wool Scarves,MV,Maison Voss,300,20,EU_F07M,MV Flagship Paris,9635.77,2781.5,22,13608.38,11817.23,3856.24,26,16082.63,86,73,13,100,88,0
MV-30644,Men Chain Belts Slim,ANT,Anthracite,Leather Goods,Men,Belts,Chain Belts,MV,Maison Voss,300,20,EU_F07M,MV Flagship Paris,863.91,305.25,1,1009.1,870.18,246.35,1,1009.1,3,2,1,3,1,0
MV-52176,Women Check-In Relaxed,VRT,Vert,Leather Goods,Women,Luggage,Check-In,MVS,MV Signature,300,20,EU_F07M,MV Flagship Paris,145723.04,47780.14,139,214201.31,145701.93,47593.69,132,203414.19,463,398,65,370,246,0
MV-74866,Women Wool Scarves Luxe,VRT,Vert,Accessories,Women,Scarves,Wool Scarves,MV,Maison Voss,300,30,EU_F07M,MV Flagship Paris,3983.76,1204.45,16,5377.24,4321.15,1531.53,16,5377.24,50,44,6,58,54,0
MV-57052,Men Day Dresses Signature,IVR,Ivoire,Ready-to-Wear,Men,Dresses,Day Dresses,MV,Maison Voss,300,50,EU_F07M,MV Flagship Paris,103444.67,37447.18,168,124669.65,86469.3,25476.74,159,117990.92,618,382,236,669,566,0
MV-33509,Unisex Fedoras Signature,VRT,Vert,Accessories,Unisex,Hats,Fedoras,MVS,MV Signature,300,50,EU_F07M,MV Flagship Paris,30566.01,7954.89,80,38917.05,21605.64,7505.4,59,28701.33,104,70,34,80,65,0
MV-71057,Women Boots,BRG,Bordeaux,Footwear,Women,Heels,Boots,MVS,MV Signature,300,20,EU_F07M,MV Flagship Paris,67212.21,16824.16,91,86147.15,60137.67,19035.99,90,85200.48,337,320,17,396,243,0
MV-91490,Women Midi Dresses,BRG,Bordeaux,Ready-to-Wear,Women,Dresses,Midi Dresses,MV,Maison Voss,300,20,EU_F07M,MV Flagship Paris,7954.08,2388.74,14,10552.37,8889.74,2245.65,14,10552.37,14,13,1,11,7,0
MV-57920,Women Blazers Slim,ROG,Rouge,Ready-to-Wear,Women,Outerwear,Blazers,MV,Maison Voss,300,30,EU_F07M,MV Flagship Paris,3694.39,1180.26,16,4620.92,4398.81,1119.35,19,5487.34,35,28,7,40,35,0
MV-51116,Unisex Tops Essential,BLU,Bleu Marine,Ready-to-Wear,Unisex,Tops,Tops,MV,Maison Voss,300,70,EU_F07M,MV Flagship Paris,27181.35,7200.98,46,34397.25,29124.15,9123.78,53,39631.62,56,45,11,67,44,0
MV-84341,Men Sandals Signature,ARG,Argent,Footwear,Men,Heels,Sandals,MV,Maison Voss,300,50,EU_F07M,MV Flagship Paris,5393.03,1498.33,11,7060.24,5996.13,1662.36,13,8343.93,16,14,2,21,20,0
MV-69446,Unisex Evening Dresses Modern,GRG,Greige,Ready-to-Wear,Unisex,Dresses,Evening Dresses,MV,Maison Voss,300,20,EU_F07M,MV Flagship Paris,11110.73,3402.12,23,14072.21,9565.93,3125.39,21,12848.54,49,42,7,55,37,0
MV-31798,Women Shoulder Bags Essential,ARG,Argent,Leather Goods,Women,Handbags,Shoulder Bags,MV,Maison Voss,300,20,EU_F07M,MV Flagship Paris,24554.54,8012.32,24,30189.55,25070.93,6294.73,24,30189.55,68,44,24,63,41,0
MV-35995,Unisex Check-In Modern,GRG,Greige,Leather Goods,Unisex,Luggage,Check-In,MVS,MV Signature,300,50,EU_F07M,MV Flagship Paris,6619.79,2084.38,11,8721.02,6373.43,1633.36,10,7928.2,14,13,1,14,9,0
MV-24316,Women Low Top Relaxed,BRG,Bordeaux,Footwear,Women,Sneakers,Low Top,MV,Maison Voss,300,20,EU_F07M,MV Flagship Paris,7281.51,2542.28,14,9212.55,8610.2,2634.74,16,10528.62,33,31,2,36,25,0
MV-68878,Men Carry-On Heritage,ARG,Argent,Leather Goods,Men,Luggage,Carry-On,MVS,MV Signature,300,20,EU_F07M,MV Flagship Paris,82186.49,24230.18,98,117356.77,91476.41,24025.79,98,117356.77,373,321,52,412,319,0
MV-94675,Women Trousers Essential,BEG,Beige,Ready-to-Wear,Women,Bottoms,Trousers,MVS,MV Signature,300,20,EU_F07M,MV Flagship Paris,7683.58,2609.1,11,10270.2,6245.56,2353.34,9,8402.89,21,20,1,18,15,0
MV-20350,Women Card Holders Essential,GRG,Greige,Leather Goods,Women,Small Leather Goods,Card Holders,MVS,MV Signature,300,20,EU_F07M,MV Flagship Paris,822.02,263.32,1,1074.67,0.0,0.0,0,0.0,2,1,1,2,1,0
MV-48177,Women Card Holders Essential,CHP,Champagne,Leather Goods,Women,Small Leather Goods,Card Holders,MV,Maison Voss,300,70,EU_F07M,MV Flagship Paris,56493.32,20948.05,63,70934.93,63506.58,20156.0,77,86698.25,216,183,33,244,231,0
MV-40595,Women Day Dresses Heritage,ANT,Anthracite,Ready-to-Wear,Women,Dresses,Day Dresses,MVS,MV Signature,300,70,EU_F07M,MV Flagship Paris,108356.04,29345.12,236,149497.6,138566.41,48853.77,298,188772.4,310,230,80,379,259,0
MV-25043,Men Loafers,CAM,Camel,Footwear,Men,Flats,Loafers,MVS,MV Signature,300,20,EU_F07M,MV Flagship Paris,16671.62,4819.5,25,23956.87,20766.64,6964.37,31,29706.52,47,38,9,69,65,0
MV-71537,Women Trousers Heritage,ANT,Anthracite,Ready-to-Wear,Women,Bottoms,Trousers,MVS,MV Signature,300,70,EU_F07M,MV Flagship Paris,2269.55,748.4,8,2888.14,1839.04,604.19,7,2527.12,31,24,7,35,31,0
MV-18799,Women Jeans Modern,TRP,Taupe,Ready-to-Wear,Women,Bottoms,Jeans,MV,Maison Voss,300,50,EU_F07M,MV Flagship Paris,27776.1,9451.28,53,38774.75,19729.75,4967.68,38,27800.76,161,159,2,112,107,0
MV-51441,Women Jackets Modern,IVR,Ivoire,Ready-to-Wear,Women,Outerwear,Jackets,MVS,MV Signature,300,50,EU_F07M,MV Flagship Paris,71657.63,24403.5,150,99548.24,81910.43,21657.93,169,112157.69,334,253,81,390,357,0
MV-42087,Men Slides Slim,IVR,Ivoire,Footwear,Men,Flats,Slides,MV,Maison Voss,300,20,EU_F07M,MV Flagship Paris,79515.87,25621.66,97,111198.23,83336.39,28957.87,109,124954.71,192,137,55,174,149,0
MV-26551,Women Mules Luxe,CAM,Camel,Footwear,Women,Heels,Mules,MV,Maison Voss,300,70,EU_F07M,MV Flagship Paris,22284.4,5750.98,61,28164.4,14997.26,5595.69,43,19853.59,148,142,6,101,90,0
MV-69829,Men Ballet Flats Slim,BRG,Bordeaux,Footwear,Men,Flats,Ballet Flats,MV,Maison Voss,300,50,EU_F07M,MV Flagship Paris,12482.27,4686.33,24,16290.11,10256.08,2770.93,20,13575.09,43,42,1,38,37,0
MV-26683,Women Blazers Relaxed,GRG,Greige,Ready-to-Wear,Women,Outerwear,Blazers,MV,Maison Voss,300,20,EU_F07M,MV Flagship Paris,23817.21,8792.32,49,35829.68,18850.87,6386.98,41,29979.93,191,127,64,166,109,0
MV-17592,Men Coats Relaxed,SBL,Sable,Ready-to-Wear,Men,Outerwear,Coats,MVS,MV Signature,300,70,EU_F07M,MV Flagship Paris,2811.26,847.42,6,3779.36,2677.0,971.15,6,3779.36,5,3,2,5,4,0
MV-55830,Women Jeans Heritage,GRG,Greige,Ready-to-Wear,Women,Bottoms,Jeans,MV,Maison Voss,300,20,EU_F07M,MV Flagship Paris,17820.58,4924.29,72,25338.7,19472.99,5225.86,77,27098.34,230,226,4,204,128,0
MV-76263,Women High Top Essential,GRG,Greige,Footwear,Women,Sneakers,High Top,MV,Maison Voss,300,50,EU_F07M,MV Flagship Paris,32002.89,8680.56,81,44662.47,24332.23,6099.61,68,37494.42,176,155,21,120,94,0
MV-69634,Women Day Dresses Signature,NVY,Navy,Ready-to-Wear,Women,Dresses,Day Dresses,MVS,MV Signature,300,20,EU_F07M,MV Flagship Paris,94677.1,32597.38,212,134141.37,73761.63,25489.24,156,98707.8,753,584,169,587,503,0
MV-99381,Women Fedoras Signature,CAM,Camel,Accessories,Women,Hats,Fedoras,MVS,MV Signature,300,20,EU_F07M,MV Flagship Paris,7017.75,2258.02,19,9470.76,5243.04,1523.58,15,7476.91,51,47,4,48,46,0
MV-14877,Women Necklaces Heritage,NOI,Noir,Accessories,Women,Jewelry,Necklaces,MV,Maison Voss,300,20,EU_F07M,MV Flagship Paris,266.35,79.27,1,366.67,0.0,0.0,0,0.0,2,1,1,1,0,0
MV-70443,Women Card Holders Heritage,VRT,Vert,Leather Goods,Women,Small Leather Goods,Card Holders,MVS,MV Signature,300,30,EU_F07M,MV Flagship Paris,43522.85,12059.13,50,58983.4,36678.89,13137.93,44,51905.4,55,51,4,41,29,0
MV-26505,Men Leather Belts Relaxed,CRM,Cognac,Leather Goods,Men,Belts,Leather Belts,MV,Maison Voss,300,20,EU_F07M,MV Flagship Paris,27083.71,9258.32,77,35379.64,25289.69,7970.79,69,31703.84,116,107,9,102,73,0
MV-62383,Men Berets Relaxed,ARG,Argent,Accessories,Men,Hats,Berets,MVS,MV Signature,300,20,EU_F07M,MV Flagship Paris,30509.99,8223.91,99,45261.51,35286.43,12422.1,102,46633.07,223,177,46,189,182,0
MV-69692,Women Suit Sets Essential,BLU,Bleu Marine,Ready-to-Wear,Women,Suits,Suit Sets,MVS,MV Signature,300,30,EU_F07M,MV Flagship Paris,6499.24,1891.8,13,9068.76,4983.16,1456.69,10,6975.97,24,19,5,23,15,0
MV-50768,Men Knitwear Modern,ANT,Anthracite,Ready-to-Wear,Men,Tops,Knitwear,MVS,MV Signature,300,20,EU_F07M,MV Flagship Paris,12191.68,3696.77,19,16539.6,12694.56,3489.29,21,18280.61,52,39,13,47,40,0
MV-20993,Men Wool Scarves Slim,BEG,Beige,Accessories,Men,Scarves,Wool Scarves,MV,Maison Voss,300,30,EU_F07M,MV Flagship Paris,25783.2,8283.63,45,31572.35,30587.64,10413.15,57,39991.65,29,23,6,39,26,0
MV-19862,Men Pumps Slim,SBL,Sable,Footwear,Men,Heels,Pumps,MV,Maison Voss,300,20,EU_F07M,MV Flagship Paris,12054.81,4281.03,25,17855.47,12795.04,4644.96,25,17855.47,15,12,3,17,15,0
MV-15014,Women Bracelets Modern,ARG,Argent,Accessories,Women,Jewelry,Bracelets,MVS,MV Signature,300,20,EU_F07M,MV Flagship Paris,36670.86,12549.94,125,44686.46,37877.34,12838.55,127,45401.44,360,357,3,328,297,0
MV-78146,Men Day Dresses,NVY,Navy,Ready-to-Wear,Men,Dresses,Day Dresses,MV,Maison Voss,300,50,EU_F07M,MV Flagship Paris,14422.64,3700.0,40,21516.93,11214.75,4185.17,29,15599.77,131,82,49,109,65,0
MV-19869,Women Wool Scarves Slim,ROG,Rouge,Accessories,Women,Scarves,Wool Scarves,MVS,MV Signature,300,20,EU_F07M,MV Flagship Paris,40496.49,14174.39,102,52404.57,31990.34,10406.49,74,38019.0,127,109,18,85,72,0
MV-81364,Unisex Crossbody Bags Signature,TAN,Tan,Leather Goods,Unisex,Handbags,Crossbody Bags,MVS,MV Signature,300,30,EU_F07M,MV Flagship Paris,53456.54,16524.62,55,70781.86,66727.6,17365.09,69,88799.06,180,167,13,265,166,0
MV-50768,Men Knitwear Modern,BRG,Bordeaux,Ready-to-Wear,Men,Tops,Knitwear,MVS,MV Signature,300,70,EU_F07M,MV Flagship Paris,58003.08,20043.1,94,79619.32,72279.05,23093.54,116,98253.63,328,212,116,432,264,0
MV-52487,Men Mini Bags Luxe,CAM,Camel,Leather Goods,Men,Handbags,Mini Bags,MV,Maison Voss,300,30,EU_F07M,MV Flagship Paris,24467.49,6623.44,25,33742.41,23087.35,6042.01,24,32392.71,83,54,29,90,87,0
MV-80282,Unisex Baseball Caps Signature,CHP,Champagne,Accessories,Unisex,Hats,Baseball Caps,MV,Maison Voss,300,20,EU_F07M,MV Flagship Paris,33890.47,8655.23,113,48139.92,31878.4,9926.04,106,45157.8,427,393,34,373,242,0
MV-15958,Men Pumps Heritage,NOI,Noir,Footwear,Men,Heels,Pumps,MVS,MV Signature,300,20,EU_F07M,MV Flagship Paris,16753.3,4227.73,20,22351.12,20404.77,6875.98,25,27938.89,58,40,18,78,64,0
MV-54089,Unisex Blazers,ARG,Argent,Ready-to-Wear,Unisex,Outerwear,Blazers,MVS,MV Signature,300,20,EU_F07M,MV Flagship Paris,9854.04,3281.58,50,13889.74,9346.38,3220.71,46,12778.56,198,153,45,188,120,0
MV-90356,Women Loafers Signature,ECR,Ecru,Footwear,Women,Flats,Loafers,MV,Maison Voss,300,70,EU_F07M,MV Flagship Paris,10411.86,3508.71,15,13923.68,12449.09,3274.89,18,16708.42,11,8,3,14,9,0
MV-41029,Women Ballet Flats Luxe,BEG,Beige,Footwear,Women,Flats,Ballet Flats,MV,Maison Voss,300,50,EU_F07M,MV Flagship Paris,26828.99,8661.49,40,39355.29,27273.95,7330.35,42,41323.05,137,88,49,137,94,0
MV-49139,Men Wool Scarves Essential,BLU,Bleu Marine,Accessories,Men,Scarves,Wool Scarves,MV,Maison Voss,300,20,EU_F07M,MV Flagship Paris,6440.96,1664.32,24,9244.76,4513.55,1453.48,18,6933.57,66,60,6,40,25,0
MV-15513,Unisex Shorts Heritage,ANT,Anthracite,Ready-to-Wear,Unisex,Bottoms,Shorts,MVS,MV Signature,300,20,EU_F07M,MV Flagship Paris,10350.33,3860.86,19,13449.04,7002.77,1867.76,13,9201.98,51,40,11,33,23,0
MV-50213,Women Tops Slim,BLU,Bleu Marine,Ready-to-Wear,Women,Tops,Tops,MV,Maison Voss,300,20,EU_F07M,MV Flagship Paris,55215.07,20347.53,216,79936.95,63182.86,23529.62,244,90299.15,484,349,135,485,455,0
MV-73242,Men Chain Belts Luxe,CHP,Champagne,Leather Goods,Men,Belts,Chain Belts,MV,Maison Voss,300,20,EU_F07M,MV Flagship Paris,9520.2,3306.13,11,14236.71,8410.23,3128.44,9,11648.22,31,26,5,22,13,0
MV-53064,Men Skirts Slim,ARG,Argent,Ready-to-Wear,Men,Bottoms,Skirts,MV,Maison Voss,300,20,EU_F07M,MV Flagship Paris,25086.37,8719.15,98,31744.01,31541.5,9648.4,111,35954.95,209,199,10,233,187,0
MV-80798,Men Chain Belts Modern,CHP,Champagne,Leather Goods,Men,Belts,Chain Belts,MV,Maison Voss,300,50,EU_F07M,MV Flagship Paris,116161.09,38576.78,263,149115.12,121415.76,44831.43,272,154217.92,156,97,59,193,134,0
MV-72031,Women Blazers,ROG,Rouge,Ready-to-Wear,Women,Suits,Blazers,MV,Maison Voss,300,50,EU_F07M,MV Flagship Paris,701.41,249.18,1,842.22,0.0,0.0,0,0.0,3,2,1,2,1,0
MV-29080,Men Jackets Relaxed,IVR,Ivoire,Ready-to-Wear,Men,Outerwear,Jackets,MV,Maison Voss,300,50,EU_F07M,MV Flagship Paris,31380.86,11382.88,76,41510.33,39617.73,13818.46,93,50795.53,275,264,11,316,278,0
MV-73532,Women Midi Dresses Modern,NOI,Noir,Ready-to-Wear,Women,Dresses,Midi Dresses,MVS,MV Signature,300,50,EU_F07M,MV Flagship Paris,8212.42,2820.36,18,10213.66,7491.89,2066.3,17,9646.23,28,24,4,27,22,0
MV-60052,Unisex Evening Dresses,RSE,Rose Poudre,Ready-to-Wear,Unisex,Dresses,Evening Dresses,MVS,MV Signature,300,30,EU_F07M,MV Flagship Paris,1126.78,413.45,2,1347.71,1015.33,333.38,2,1347.71,3,2,1,3,2,0
MV-26074,Women Fedoras Slim,NOI,Noir,Accessories,Women,Hats,Fedoras,MVS,MV Signature,300,50,EU_F07M,MV Flagship Paris,15881.5,4194.01,32,23575.06,14900.1,4668.0,28,20628.17,20,17,3,15,9,0
MV-71537,Women Trousers Heritage,BRG,Bordeaux,Ready-to-Wear,Women,Bottoms,Trousers,MVS,MV Signature,300,50,EU_F07M,MV Flagship Paris,63175.55,16235.76,173,84432.6,50781.13,17949.15,139,67838.91,97,74,23,76,60,0
MV-38183,Men Suit Trousers Essential,CRM,Cognac,Ready-to-Wear,Men,Suits,Suit Trousers,MVS,MV Signature,300,20,EU_F07M,MV Flagship Paris,662.89,230.62,1,882.23,0.0,0.0,0,0.0,1,0,1,0,0,0
MV-33647,Men Coats Heritage,TAN,Tan,Ready-to-Wear,Men,Outerwear,Coats,MVS,MV Signature,300,70,EU_F07M,MV Flagship Paris,17398.81,5846.73,56,21473.89,11585.48,3316.83,39,14955.03,61,49,12,50,42,0
MV-96275,Women Coats Essential,GRG,Greige,Ready-to-Wear,Women,Outerwear,Coats,MV,Maison Voss,300,20,EU_F07M,MV Flagship Paris,14797.38,3871.61,44,18237.69,16589.53,5218.07,50,20724.65,91,67,24,123,86,0
MV-59391,Women Weekender Signature,BRG,Bordeaux,Leather Goods,Women,Luggage,Weekender,MVS,MV Signature,300,50,EU_F07M,MV Flagship Paris,57873.63,14552.29,131,75155.6,43754.05,16138.85,111,63681.46,343,265,78,264,200,0
MV-28714,Men Trousers Luxe,NOI,Noir,Ready-to-Wear,Men,Bottoms,Trousers,MV,Maison Voss,300,50,EU_F07M,MV Flagship Paris,2740.13,938.05,5,3657.06,3033.6,1049.44,6,4388.47,6,3,3,7,6,0
MV-79924,Unisex Blazers Modern,BLU,Bleu Marine,Ready-to-Wear,Unisex,Outerwear,Blazers,MV,Maison Voss,300,20,EU_F07M,MV Flagship Paris,20864.02,6651.28,72,26684.47,20738.24,5251.89,71,26313.85,146,115,31,135,85,0
MV-60432,Women Suit Sets Essential,CHP,Champagne,Ready-to-Wear,Women,Suits,Suit Sets,MVS,MV Signature,300,20,EU_F07M,MV Flagship Paris,42849.61,15271.53,72,57489.06,51697.28,19050.48,90,71861.32,130,94,36,149,115,0
MV-16895,Women Leather Belts Slim,IVR,Ivoire,Leather Goods,Women,Belts,Leather Belts,MV,Maison Voss,300,30,EU_F07M,MV Flagship Paris,78984.15,25512.97,70,111396.33,75166.89,19445.14,67,106622.21,249,193,56,198,183,0
MV-35995,Unisex Check-In Modern,BRG,Bordeaux,Leather Goods,Unisex,Luggage,Check-In,MVS,MV Signature,300,20,EU_F07M,MV Flagship Paris,67540.2,18744.71,181,85191.08,61620.39,16491.92,182,85661.75,363,254,109,436,308,0
MV-56955,Women Ballet Flats Relaxed,SBL,Sable,Footwear,Women,Flats,Ballet Flats,MVS,MV Signature,300,30,EU_F07M,MV Flagship Paris,51979.47,18747.9,109,72779.92,41499.99,11548.2,89,59425.81,283,188,95,242,231,0
MV-66881,Men Trousers Modern,CAM,Camel,Ready-to-Wear,Men,Bottoms,Trousers,MV,Maison Voss,300,20,EU_F07M,MV Flagship Paris,1011.8,336.86,2,1256.31,503.44,168.33,1,628.16,4,3,1,3,2,0
MV-30253,Men Weekender Essential,ARG,Argent,Leather Goods,Men,Luggage,Weekender,MVS,MV Signature,300,70,EU_F07M,MV Flagship Paris,41748.94,11494.28,40,50760.05,28543.24,8168.02,28,35532.03,80,71,9,56,55,0
MV-26683,Women Blazers Relaxed,CRM,Cognac,Ready-to-Wear,Women,Outerwear,Blazers,MV,Maison Voss,300,70,EU_F07M,MV Flagship Paris,19981.49,7165.19,32,26704.4,15213.23,4524.02,25,20862.81,82,78,4,68,49,0
MV-20682,Men Loafers Slim,CAM,Camel,Footwear,Men,Flats,Loafers,MVS,MV Signature,300,50,EU_F07M,MV Flagship Paris,17047.04,5981.38,23,24311.96,17493.51,6001.98,24,25369.0,85,63,22,97,71,0
MV-68991,Unisex Pouches Heritage,RSE,Rose Poudre,Leather Goods,Unisex,Small Leather Goods,Pouches,MV,Maison Voss,300,30,EU_F07M,MV Flagship Paris,36023.44,10071.23,38,48660.11,36316.73,10337.64,36,46099.05,50,42,8,45,37,0
MV-96760,Women Blouses Signature,NVY,Navy,Ready-to-Wear,Women,Tops,Blouses,MV,Maison Voss,300,50,EU_F07M,MV Flagship Paris,8202.31,2538.3,30,10626.36,10669.39,3728.3,38,13460.06,60,46,14,81,78,0
MV-53064,Men Skirts Slim,TRP,Taupe,Ready-to-Wear,Men,Bottoms,Skirts,MV,Maison Voss,300,50,EU_F07M,MV Flagship Paris,16350.76,5506.23,35,21847.48,15894.09,5815.81,33,20599.05,28,21,7,23,17,0
MV-44718,Women Day Dresses Slim,CAM,Camel,Ready-to-Wear,Women,Dresses,Day Dresses,MVS,MV Signature,300,50,EU_F07M,MV Flagship Paris,92369.49,27464.22,246,123589.0,118289.09,35905.93,309,155239.84,909,824,85,1162,1133,0
MV-97684,Unisex Bracelets Luxe,CRM,Creme,Accessories,Unisex,Jewelry,Bracelets,MV,Maison Voss,300,50,EU_F07M,MV Flagship Paris,1951.53,613.22,5,2364.55,1162.11,344.45,3,1418.73,6,5,1,4,3,0
MV-92478,Women Blazers Classic,IVR,Ivoire,Ready-to-Wear,Women,Outerwear,Blazers,MV,Maison Voss,300,50,EU_F07M,MV Flagship Paris,56162.45,20071.52,162,74555.83,61819.77,19707.12,180,82839.81,256,183,73,327,230,0
MV-56438,Men Boots Essential,GRG,Greige,Footwear,Men,Heels,Boots,MV,Maison Voss,300,70,EU_F07M,MV Flagship Paris,26262.02,8258.55,41,34291.26,28524.65,7440.39,47,39309.49,132,121,11,182,164,0
MV-12665,Women Suit Trousers Essential,SBL,Sable,Ready-to-Wear,Women,Suits,Suit Trousers,MV,Maison Voss,300,70,EU_F07M,MV Flagship Paris,29160.48,9096.62,62,38554.69,36670.25,13058.51,79,49126.14,226,166,60,269,167,0
MV-83975,Unisex Baseball Caps Classic,NOI,Noir,Accessories,Unisex,Hats,Baseball Caps,MVS,MV Signature,300,20,EU_F07M,MV Flagship Paris,42414.24,11359.83,112,54966.37,50254.17,14381.19,128,62818.71,335,203,132,328,233,0
MV-12180,Men High Top Signature,NOI,Noir,Footwear,Men,Sneakers,High Top,MVS,MV Signature,300,50,EU_F07M,MV Flagship Paris,7405.84,2335.75,28,10199.3,8326.84,3132.39,30,10927.83,92,84,8,109,79,0
MV-78937,Men Carry-On Luxe,CAM,Camel,Leather Goods,Men,Luggage,Carry-On,MVS,MV Signature,300,50,EU_F07M,MV Flagship Paris,35593.16,10640.91,35,47613.52,41743.35,15455.52,41,55775.83,51,33,18,50,45,0
MV-92478,Women Blazers Classic,ROG,Rouge,Ready-to-Wear,Women,Outerwear,Blazers,MV,Maison Voss,300,20,EU_F07M,MV Flagship Paris,17874.52,6265.6,33,21973.66,19824.66,5601.79,38,25303.0,58,44,14,63,55,0
MV-55830,Women Jeans Heritage,CRM,Creme,Ready-to-Wear,Women,Bottoms,Jeans,MV,Maison Voss,300,20,EU_F07M,MV Flagship Paris,9137.14,2839.08,29,11939.66,12462.48,4305.71,37,15233.36,49,29,20,51,39,0
MV-97684,Unisex Bracelets Luxe,ECR,Ecru,Accessories,Unisex,Jewelry,Bracelets,MV,Maison Voss,300,50,EU_F07M,MV Flagship Paris,68759.7,22965.92,164,89904.92,73687.69,22578.18,171,93742.33,604,455,149,739,565,0
MV-96200,Women Suit Sets,BRG,Bordeaux,Ready-to-Wear,Women,Suits,Suit Sets,MVS,MV Signature,300,20,EU_F07M,MV Flagship Paris,54702.71,15450.77,112,79999.6,54838.35,19567.96,105,74999.62,361,267,94,317,311,0
MV-90031,Women Loafers Heritage,TRP,Taupe,Footwear,Women,Flats,Loafers,MV,Maison Voss,300,50,EU_F07M,MV Flagship Paris,3993.32,1029.04,7,5203.91,4298.01,1272.63,8,5947.33,17,12,5,22,18,0
MV-19862,Men Pumps Slim,SBL,Sable,Footwear,Men,Heels,Pumps,MV,Maison Voss,300,70,EU_F07M,MV Flagship Paris,2411.03,691.04,7,3449.7,2925.92,738.83,8,3942.52,4,3,1,5,4,0
MV-15513,Unisex Shorts Heritage,ECR,Ecru,Ready-to-Wear,Unisex,Bottoms,Shorts,MVS,MV Signature,300,20,EU_F07M,MV Flagship Paris,17724.12,4699.72,35,23640.46,16729.52,5806.58,32,21614.13,112,67,45,96,69,0
MV-54089,Unisex Blazers,CRM,Creme,Ready-to-Wear,Unisex,Outerwear,Blazers,MVS,MV Signature,300,20,EU_F07M,MV Flagship Paris,1312.49,446.33,6,1554.01,875.0,286.64,4,1036.0,7,5,2,5,4,0
MV-47196,Women Wallets,ROG,Rouge,Leather Goods,Women,Small Leather Goods,Wallets,MVS,MV Signature,300,50,EU_F07M,MV Flagship Paris,20711.86,5868.88,61,27677.79,22752.78,6452.7,73,33122.6,166,161,5,238,158,0
MV-30730,Men High Top Luxe,ROG,Rouge,Footwear,Men,Sneakers,High Top,MV,Maison Voss,300,30,EU_F07M,MV Flagship Paris,4924.71,1469.08,9,6051.89,3402.83,1187.26,6,4034.6,26,16,10,21,18,0
MV-23434,Women Card Holders,TAN,Tan,Leather Goods,Women,Small Leather Goods,Card Holders,MV,Maison Voss,300,20,EU_F07M,MV Flagship Paris,33143.47,12290.47,46,48679.57,33386.39,11120.6,49,51854.33,32,19,13,30,19,0
MV-49576,Women Jackets Classic,NVY,Navy,Ready-to-Wear,Women,Outerwear,Jackets,MV,Maison Voss,300,20,EU_F07M,MV Flagship Paris,482.88,133.27,1,696.62,525.62,155.08,1,696.62,3,2,1,3,2,0
MV-42541,Women Blazers Slim,ARG,Argent,Ready-to-Wear,Women,Suits,Blazers,MVS,MV Signature,300,20,EU_F07M,MV Flagship Paris,14785.64,5376.74,24,18613.64,9263.48,2363.6,16,12409.1,50,35,15,41,37,0
MV-27139,Men Jackets Signature,NVY,Navy,Ready-to-Wear,Men,Outerwear,Jackets,MVS,MV Signature,300,20,EU_F07M,MV Flagship Paris,49097.11,14843.99,71,64521.84,62839.82,21789.14,90,81788.24,253,192,61,345,255,0
MV-94323,Women Round Frames Classic,TRP,Taupe,Accessories,Women,Sunglasses,Round Frames,MVS,MV Signature,300,20,EU_F07M,MV Flagship Paris,21617.78,6960.99,42,32363.04,26516.93,7965.27,47,36215.79,33,25,8,38,36,0
MV-28776,Women Sandals Essential,TAN,Tan,Footwear,Women,Heels,Sandals,MV,Maison Voss,300,50,EU_F07M,MV Flagship Paris,136148.01,43498.27,243,177017.21,154486.61,45727.62,280,203970.45,667,504,163,806,703,0
MV-79942,Men Blazers Essential,RSE,Rose Poudre,Ready-to-Wear,Men,Outerwear,Blazers,MVS,MV Signature,300,30,EU_F07M,MV Flagship Paris,82931.26,29692.84,131,116807.79,103189.9,38147.26,162,144449.33,104,91,13,117,98,0
MV-78614,Women Trousers Signature,GRG,Greige,Ready-to-Wear,Women,Bottoms,Trousers,MV,Maison Voss,300,50,EU_F07M,MV Flagship Paris,8582.75,2491.75,28,10981.96,5753.36,1799.13,20,7844.25,28,24,4,18,14,0
MV-59672,Women Shoulder Bags Classic,CRM,Cognac,Leather Goods,Women,Handbags,Shoulder Bags,MV,Maison Voss,300,50,EU_F07M,MV Flagship Paris,983.06,269.55,2,1411.68,1044.04,339.17,2,1411.68,5,4,1,5,4,0
MV-51441,Women Jackets Modern,BEG,Beige,Ready-to-Wear,Women,Outerwear,Jackets,MVS,MV Signature,300,20,EU_F07M,MV Flagship Paris,67965.45,23916.05,118,95263.08,56739.99,17329.97,99,79924.11,464,445,19,398,259,0
MV-89928,Men Suit Trousers Slim,SBL,Sable,Ready-to-Wear,Men,Suits,Suit Trousers,MVS,MV Signature,300,20,EU_F07M,MV Flagship Paris,84585.95,29284.07,153,112608.39,69112.79,21553.97,112,82432.28,446,308,138,389,382,0
MV-20745,Unisex Mini Bags Essential,VRT,Vert,Leather Goods,Unisex,Handbags,Mini Bags,MVS,MV Signature,300,20,EU_F07M,MV Flagship Paris,59704.2,18403.31,109,80507.87,56346.4,14310.37,101,74599.03,219,198,21,168,132,0
MV-29080,Men Jackets Relaxed,CAM,Camel,Ready-to-Wear,Men,Outerwear,Jackets,MV,Maison Voss,300,20,EU_F07M,MV Flagship Paris,4161.76,1074.61,8,4955.63,2918.22,838.57,6,3716.72,12,8,4,10,9,0
MV-68878,Men Carry-On Heritage,NOI,Noir,Leather Goods,Men,Luggage,Carry-On,MVS,MV Signature,300,20,EU_F07M,MV Flagship Paris,346634.14,88598.31,391,504664.58,419736.14,135971.39,491,633734.81,486,407,79,614,459,0
MV-94323,Women Round Frames Classic,VRT,Vert,Accessories,Women,Sunglasses,Round Frames,MVS,MV Signature,300,20,EU_F07M,MV Flagship Paris,8479.64,3131.86,18,9766.93,9796.3,3221.2,20,10852.15,13,7,6,16,13,0
MV-42541,Women Blazers Slim,TRP,Taupe,Ready-to-Wear,Women,Suits,Blazers,MVS,MV Signature,300,20,EU_F07M,MV Flagship Paris,36328.43,11110.32,81,44021.01,35504.8,12797.73,83,45107.95,121,80,41,140,129,0
MV-51441,Women Jackets Modern,BEG,Beige,Ready-to-Wear,Women,Outerwear,Jackets,MVS,MV Signature,300,20,EU_F07M,MV Flagship Paris,65242.2,24098.53,151,94562.16,88179.69,28289.73,191,119611.74,322,233,89,422,329,0
MV-30257,Women Weekender Relaxed,ARG,Argent,Leather Goods,Women,Luggage,Weekender,MV,Maison Voss,300,20,EU_F07M,MV Flagship Paris,12018.75,3964.41,17,17415.49,10636.16,4022.22,15,15366.61,28,26,2,22,18,0
MV-44664,Women Shoulder Bags Modern,TAN,Tan,Leather Goods,Women,Handbags,Shoulder Bags,MVS,MV Signature,300,20,EU_F07M,MV Flagship Paris,151026.06,38135.85,151,198248.38,148269.62,48920.1,149,195622.58,251,211,40,236,143,0
MV-47196,Women Wallets,ARG,Argent,Leather Goods,Women,Small Leather Goods,Wallets,MVS,MV Signature,300,50,EU_F07M,MV Flagship Paris,19032.31,5133.1,23,25940.26,17433.98,6220.76,22,24812.42,57,45,12,59,46,0
MV-38683,Men Tops Slim,CAM,Camel,Ready-to-Wear,Men,Tops,Tops,MVS,MV Signature,300,20,EU_F07M,MV Flagship Paris,94734.89,27268.82,237,129973.29,84979.18,22127.33,199,109133.69,172,137,35,162,144,0
MV-93283,Unisex Wallets Luxe,CRM,Creme,Leather Goods,Unisex,Small Leather Goods,Wallets,MV,Maison Voss,300,30,EU_F07M,MV Flagship Paris,11017.01,3269.39,20,15494.61,9093.48,2864.27,16,12395.69,66,58,8,48,45,0
MV-19862,Men Pumps Slim,BEG,Beige,Footwear,Men,Heels,Pumps,MV,Maison Voss,300,70,EU_F07M,MV Flagship Paris,45084.61,11833.84,194,62033.55,46170.1,16935.2,215,68748.53,657,545,112,791,673,0
MV-24316,Women Low Top Relaxed,CRM,Cognac,Footwear,Women,Sneakers,Low Top,MV,Maison Voss,300,70,EU_F07M,MV Flagship Paris,2455.92,781.94,3,3433.22,2324.39,686.17,3,3433.22,4,2,2,4,3,0
MV-41358,Men Chelsea Boots Heritage,IVR,Ivoire,Footwear,Men,Boots,Chelsea Boots,MV,Maison Voss,300,20,EU_F07M,MV Flagship Paris,19567.23,6662.6,78,24106.95,26789.8,9219.9,97,29979.16,138,134,4,164,115,0
MV-15014,Women Bracelets Modern,ARG,Argent,Accessories,Women,Jewelry,Bracelets,MVS,MV Signature,300,50,EU_F07M,MV Flagship Paris,20947.45,6409.46,48,25561.41,26140.64,9206.34,61,32484.3,168,163,5,224,184,0
MV-22097,Men Leather Belts Essential,IVR,Ivoire,Leather Goods,Men,Belts,Leather Belts,MV,Maison Voss,300,20,EU_F07M,MV Flagship Paris,24506.48,8211.4,41,31565.71,18962.08,5172.32,30,23096.86,146,102,44,108,86,0
MV-68529,Men Ankle Boots,TAN,Tan,Footwear,Men,Boots,Ankle Boots,MVS,MV Signature,300,30,EU_F07M,MV Flagship Paris,7182.36,1887.53,16,10362.95,5399.8,1879.64,12,7772.21,62,54,8,42,32,0
MV-32527,Women Mules Luxe,BLU,Bleu Marine,Footwear,Women,Heels,Mules,MV,Maison Voss,300,20,EU_F07M,MV Flagship Paris,46119.17,13250.17,77,64248.79,50629.68,16230.83,87,72592.79,128,127,1,169,155,0
MV-80282,Unisex Baseball Caps Signature,BLU,Bleu Marine,Accessories,Unisex,Hats,Baseball Caps,MV,Maison Voss,300,20,EU_F07M,MV Flagship Paris,3577.1,1117.87,13,4484.81,3890.79,1255.14,15,5174.78,46,30,16,44,27,0
MV-71537,Women Trousers Heritage,VRT,Vert,Ready-to-Wear,Women,Bottoms,Trousers,MVS,MV Signature,300,30,EU_F07M,MV Flagship Paris,14529.43,4933.62,51,18918.55,10545.93,3390.82,38,14096.17,98,92,6,68,56,0
MV-49618,Men Square Frames Classic,VRT,Vert,Accessories,Men,Sunglasses,Square Frames,MV,Maison Voss,300,50,EU_F07M,MV Flagship Paris,6586.11,2006.55,18,8734.63,5170.59,1752.17,14,6793.6,11,10,1,9,8,0
MV-44664,Women Shoulder Bags Modern,BLU,Bleu Marine,Leather Goods,Women,Handbags,Shoulder Bags,MVS,MV Signature,300,30,EU_F07M,MV Flagship Paris,162154.65,53277.97,197,187532.4,178306.62,66254.48,230,218946.46,677,628,49,762,507,0
MV-36318,Women Ankle Boots Slim,ANT,Anthracite,Footwear,Women,Boots,Ankle Boots,MV,Maison Voss,300,50,EU_F07M,MV Flagship Paris,241.2,64.78,1,347.48,0.0,0.0,0,0.0,3,2,1,2,1,0
MV-27139,Men Jackets Signature,RSE,Rose Poudre,Ready-to-Wear,Men,Outerwear,Jackets,MVS,MV Signature,300,50,EU_F07M,MV Flagship Paris,6800.52,1867.05,14,8452.04,5377.12,1937.69,11,6640.89,7,5,2,5,4,0
MV-20336,Men Blazers Heritage,CHP,Champagne,Ready-to-Wear,Men,Suits,Blazers,MV,Maison Voss,300,20,EU_F07M,MV Flagship Paris,10034.51,2824.9,17,12303.68,9045.59,2278.66,17,12303.68,60,38,22,49,42,0
MV-57943,Women Shorts Essential,NOI,Noir,Ready-to-Wear,Women,Bottoms,Shorts,MV,Maison Voss,300,70,EU_F07M,MV Flagship Paris,19253.56,4854.8,33,25078.86,23639.88,7230.32,42,31918.55,32,25,7,43,42,0
MV-99381,Women Fedoras Signature,NOI,Noir,Accessories,Women,Hats,Fedoras,MVS,MV Signature,300,20,EU_F07M,MV Flagship Paris,3702.86,1269.41,16,4699.22,3059.87,1072.18,14,4111.82,21,18,3,15,11,0
MV-82135,Women Trousers Slim,CRM,Cognac,Ready-to-Wear,Women,Bottoms,Trousers,MVS,MV Signature,300,30,EU_F07M,MV Flagship Paris,26825.67,7885.85,42,38840.16,19618.0,5653.32,32,29592.5,26,16,10,24,19,0
MV-82135,Women Trousers Slim,ROG,Rouge,Ready-to-Wear,Women,Bottoms,Trousers,MVS,MV Signature,300,20,EU_F07M,MV Flagship Paris,86877.64,27874.5,130,120732.33,65362.85,17476.88,96,89156.18,128,127,1,86,71,0
MV-68878,Men Carry-On Heritage,ARG,Argent,Leather Goods,Men,Luggage,Carry-On,MVS,MV Signature,300,20,EU_F07M,MV Flagship Paris,36578.96,10693.71,79,46788.25,23104.11,7731.57,56,33166.35,249,181,68,213,207,0
MV-82199,Men Shorts Classic,IVR,Ivoire,Ready-to-Wear,Men,Bottoms,Shorts,MVS,MV Signature,300,20,EU_F07M,MV Flagship Paris,14443.64,3759.28,55,17051.72,16643.91,5903.86,69,21392.15,120,98,22,178,157,0
MV-98815,Men Check-In,TRP,Taupe,Leather Goods,Men,Luggage,Check-In,MVS,MV Signature,300,20,EU_F07M,MV Flagship Paris,5052.87,1904.86,5,6697.72,6401.17,1801.23,6,8037.26,4,3,1,4,2,0
MV-56955,Women Ballet Flats Relaxed,CHP,Champagne,Footwear,Women,Flats,Ballet Flats,MVS,MV Signature,300,20,EU_F07M,MV Flagship Paris,42167.89,12983.39,75,58987.51,37343.3,12830.52,60,47190.01,70,62,8,60,58,0
MV-87993,Women Fedoras Modern,BRG,Bordeaux,Accessories,Women,Hats,Fedoras,MVS,MV Signature,300,50,EU_F07M,MV Flagship Paris,5681.67,2045.63,11,6922.96,5667.08,1907.15,11,6922.96,39,28,11,38,24,0
MV-27486,Women Mules Classic,IVR,Ivoire,Footwear,Women,Heels,Mules,MVS,MV Signature,300,20,EU_F07M,MV Flagship Paris,48009.79,14520.45,97,56483.01,34855.77,9352.11,70,40760.94,145,131,14,109,100,0
MV-86556,Women Evening Dresses Classic,TAN,Tan,Ready-to-Wear,Women,Dresses,Evening Dresses,MV,Maison Voss,300,70,EU_F07M,MV Flagship Paris,9946.73,3508.16,18,14750.5,8884.68,2719.38,17,13931.03,43,31,12,42,35,0
MV-96200,Women Suit Sets,VRT,Vert,Ready-to-Wear,Women,Suits,Suit Sets,MVS,MV Signature,300,70,EU_F07M,MV Flagship Paris,17130.18,6141.53,34,23122.44,20697.58,5306.41,39,26522.79,75,55,20,103,89,0
MV-59834,Women Skirts,NVY,Navy,Ready-to-Wear,Women,Bottoms,Skirts,MVS,MV Signature,300,20,EU_F07M,MV Flagship Paris,17185.96,5485.13,27,20353.28,14509.67,3957.54,26,19599.46,100,72,28,102,73,0
MV-70258,Men Platform Slim,CRM,Cognac,Footwear,Men,Sneakers,Platform,MV,Maison Voss,300,20,EU_F07M,MV Flagship Paris,38393.93,12334.02,124,51445.13,37222.43,9396.74,111,46051.69,306,271,35,311,226,0
MV-96341,Women Card Holders Signature,ROG,Rouge,Leather Goods,Women,Small Leather Goods,Card Holders,MVS,MV Signature,300,20,EU_F07M,MV Flagship Paris,4343.77,1160.91,8,5931.53,3050.5,1049.42,6,4448.64,31,21,10,25,23,0
MV-69634,Women Day Dresses Signature,SBL,Sable,Ready-to-Wear,Women,Dresses,Day Dresses,MVS,MV Signature,300,20,EU_F07M,MV Flagship Paris,25098.03,8139.13,52,32457.84,29098.15,10071.67,63,39323.92,101,65,36,113,77,0
MV-62296,Unisex Bracelets Signature,ECR,Ecru,Accessories,Unisex,Jewelry,Bracelets,MVS,MV Signature,300,50,EU_F07M,MV Flagship Paris,4203.43,1564.18,9,5707.25,3904.02,1454.65,9,5707.25,15,10,5,16,11,0
MV-54589,Women Carry-On Slim,CRM,Creme,Leather Goods,Women,Luggage,Carry-On,MV,Maison Voss,300,20,EU_F07M,MV Flagship Paris,28240.49,9067.16,77,37983.21,31198.93,9809.75,84,41436.23,106,87,19,108,79,0
MV-21542,Women Clutches Signature,TRP,Taupe,Leather Goods,Women,Handbags,Clutches,MVS,MV Signature,300,70,EU_F07M,MV Flagship Paris,55784.62,17070.14,149,71888.88,58076.62,21052.09,157,75748.68,576,541,35,727,452,0
MV-80468,Men Blouses Relaxed,BRG,Bordeaux,Ready-to-Wear,Men,Tops,Blouses,MVS,MV Signature,300,50,EU_F07M,MV Flagship Paris,21985.94,8100.73,36,29615.37,25444.93,8736.03,42,34551.26,76,57,19,91,78,0
MV-89299,Men Bracelets Luxe,NVY,Navy,Accessories,Men,Jewelry,Bracelets,MV,Maison Voss,300,20,EU_F07M,MV Flagship Paris,14597.84,4331.52,42,18777.8,16386.57,5437.69,48,21460.34,109,91,18,125,113,0
MV-94058,Women Chain Belts,CRM,Creme,Leather Goods,Women,Belts,Chain Belts,MVS,MV Signature,300,30,EU_F07M,MV Flagship Paris,146599.48,39576.97,166,185703.47,160823.01,41123.76,171,191296.95,505,464,41,461,412,0
MV-90356,Women Loafers Signature,CHP,Champagne,Footwear,Women,Flats,Loafers,MV,Maison Voss,300,30,EU_F07M,MV Flagship Paris,38777.14,10332.0,46,53785.3,37892.01,14232.24,43,50277.56,49,37,12,38,27,0
MV-50768,Men Knitwear Modern,BRG,Bordeaux,Ready-to-Wear,Men,Tops,Knitwear,MVS,MV Signature,300,30,EU_F07M,MV Flagship Paris,21933.86,8062.76,42,30640.37,17344.18,4893.17,32,23345.04,65,50,15,42,28,0
MV-30730,Men High Top Luxe,ARG,Argent,Footwear,Men,Sneakers,High Top,MV,Maison Voss,300,50,EU_F07M,MV Flagship Paris,33410.16,10515.14,54,46525.0,35026.88,10178.42,61,52556.02,135,117,18,167,119,0
MV-53064,Men Skirts Slim,NOI,Noir,Ready-to-Wear,Men,Bottoms,Skirts,MV,Maison Voss,300,20,EU_F07M,MV Flagship Paris,25261.26,6351.59,74,31070.17,25901.74,6986.15,74,31070.17,255,215,40,296,242,0
MV-15513,Unisex Shorts Heritage,NOI,Noir,Ready-to-Wear,Unisex,Bottoms,Shorts,MVS,MV Signature,300,30,EU_F07M,MV Flagship Paris,2247.29,742.97,7,2833.12,1744.99,620.94,6,2428.39,5,4,1,5,3,0
MV-20328,Men Clutches,BRG,Bordeaux,Leather Goods,Men,Handbags,Clutches,MVS,MV Signature,300,20,EU_F07M,MV Flagship Paris,100146.85,31911.87,109,141550.0,120662.1,38084.09,138,179210.09,96,77,19,133,83,0
MV-44959,Women Blazers Modern,BEG,Beige,Ready-to-Wear,Women,Outerwear,Blazers,MVS,MV Signature,300,30,EU_F07M,MV Flagship Paris,19982.79,5094.42,36,27215.5,20330.69,7686.61,35,26459.51,143,118,25,120,85,0
MV-88366,Men Blazers Classic,RSE,Rose Poudre,Ready-to-Wear,Men,Outerwear,Blazers,MV,Maison Voss,300,50,EU_F07M,MV Flagship Paris,1357.52,370.88,4,1600.8,1176.71,428.66,4,1600.8,13,10,3,12,8,0
MV-92203,Men Clutches,SBL,Sable,Leather Goods,Men,Handbags,Clutches,MV,Maison Voss,300,50,EU_F07M,MV Flagship Paris,103966.93,34611.35,97,123571.64,121134.36,36705.58,115,146502.46,217,142,75,257,205,0
MV-41029,Women Ballet Flats Luxe,GRG,Greige,Footwear,Women,Flats,Ballet Flats,MV,Maison Voss,300,50,EU_F07M,MV Flagship Paris,21544.68,6183.33,30,30810.02,16303.91,5688.79,22,22594.01,109,106,3,97,68,0
MV-49472,Men Square Frames Modern,TRP,Taupe,Accessories,Men,Sunglasses,Square Frames,MV,Maison Voss,300,50,EU_F07M,MV Flagship Paris,3488.72,965.81,6,4205.03,4003.8,1048.61,7,4905.87,17,15,2,20,12,0
MV-37460,Men Jackets Heritage,GRG,Greige,Ready-to-Wear,Men,Outerwear,Jackets,MV,Maison Voss,300,20,EU_F07M,MV Flagship Paris,31459.43,9600.59,63,41373.52,39849.38,14697.68,75,49254.2,107,67,40,111,107,0
MV-25396,Women Clutches Slim,BEG,Beige,Leather Goods,Women,Handbags,Clutches,MVS,MV Signature,300,20,EU_F07M,MV Flagship Paris,106948.65,36592.07,134,138772.09,90991.93,32796.9,114,118059.84,487,402,85,490,368,0
MV-82199,Men Shorts Classic,CRM,Cognac,Ready-to-Wear,Men,Bottoms,Shorts,MVS,MV Signature,300,20,EU_F07M,MV Flagship Paris,89720.79,24976.68,138,118544.85,74271.85,24071.49,106,91056.19,457,332,125,307,202,0
MV-96870,Women Day Dresses Relaxed,IVR,Ivoire,Ready-to-Wear,Women,Dresses,Day Dresses,MVS,MV Signature,300,50,EU_F07M,MV Flagship Paris,36724.99,11694.61,200,46989.96,27809.74,8312.36,160,37591.97,239,176,63,170,165,0
MV-95918,Women Suit Sets Modern,GRG,Greige,Ready-to-Wear,Women,Suits,Suit Sets,MV,Maison Voss,300,20,EU_F07M,MV Flagship Paris,37464.06,10777.87,128,53047.69,43435.61,12376.37,154,63823.0,85,57,28,111,73,0
MV-58566,Men Leather Belts Relaxed,ROG,Rouge,Leather Goods,Men,Belts,Leather Belts,MVS,MV Signature,300,70,EU_F07M,MV Flagship Paris,1077.2,373.81,1,1525.58,0.0,0.0,0,0.0,3,2,1,3,2,0
MV-58434,Women Shoulder Bags Heritage,ROG,Rouge,Leather Goods,Women,Handbags,Shoulder Bags,MV,Maison Voss,300,20,EU_F07M,MV Flagship Paris,33204.45,11374.54,30,45090.1,22510.2,7378.61,21,31563.07,44,39,5,32,21,0
MV-90031,Women Loafers Heritage,VRT,Vert,Footwear,Women,Flats,Loafers,MV,Maison Voss,300,20,EU_F07M,MV Flagship Paris,75832.65,19555.82,108,91088.12,69142.77,22183.85,106,89401.3,349,305,44,410,289,0
MV-93717,Women Leather Belts Heritage,GRG,Greige,Leather Goods,Women,Belts,Leather Belts,MVS,MV Signature,300,20,EU_F07M,MV Flagship Paris,25034.83,7259.5,28,33863.56,29781.44,10059.89,31,37491.8,101,96,5,136,126,0
MV-44099,Women Trousers Essential,CRM,Cognac,Ready-to-Wear,Women,Bottoms,Trousers,MVS,MV Signature,300,20,EU_F07M,MV Flagship Paris,16091.3,5929.22,58,22789.55,19334.96,4974.19,72,28290.48,127,85,42,132,102,0
MV-30253,Men Weekender Essential,NOI,Noir,Leather Goods,Men,Luggage,Weekender,MVS,MV Signature,300,20,EU_F07M,MV Flagship Paris,28725.9,10421.3,59,38793.73,25254.14,8204.27,49,32218.52,77,67,10,65,56,0
MV-65851,Women Midi Dresses Slim,ECR,Ecru,Ready-to-Wear,Women,Dresses,Midi Dresses,MV,Maison Voss,300,50,EU_F07M,MV Flagship Paris,12312.38,3748.59,28,16902.45,8795.45,2200.3,21,12676.84,51,44,7,46,45,0
MV-38047,Women Round Frames Relaxed,RSE,Rose Poudre,Accessories,Women,Sunglasses,Round Frames,MVS,MV Signature,300,20,EU_F07M,MV Flagship Paris,35104.14,9105.04,149,48339.93,33051.07,11087.23,148,48015.5,153,128,25,140,132,0
MV-94675,Women Trousers Essential,BLU,Bleu Marine,Ready-to-Wear,Women,Bottoms,Trousers,MVS,MV Signature,300,30,EU_F07M,MV Flagship Paris,26499.97,7193.94,44,38482.73,21940.27,7964.72,36,31485.87,154,140,14,142,127,0
MV-67961,Men Wool Scarves Heritage,IVR,Ivoire,Accessories,Men,Scarves,Wool Scarves,MV,Maison Voss,300,30,EU_F07M,MV Flagship Paris,11770.41,4100.26,39,15584.44,12116.3,4014.19,44,17582.44,32,20,12,30,29,0
MV-90301,Men High Top,CRM,Creme,Footwear,Men,Sneakers,High Top,MVS,MV Signature,300,70,EU_F07M,MV Flagship Paris,168074.43,59743.38,380,233189.06,175044.83,53842.51,353,216620.36,1212,1137,75,1090,865,0
MV-82924,Women Low Top Classic,RSE,Rose Poudre,Footwear,Women,Sneakers,Low Top,MV,Maison Voss,300,70,EU_F07M,MV Flagship Paris,29340.83,9782.37,43,37060.14,28944.2,10155.71,44,37922.0,54,38,16,59,35,0
MV-69634,Women Day Dresses Signature,VRT,Vert,Ready-to-Wear,Women,Dresses,Day Dresses,MVS,MV Signature,300,20,EU_F07M,MV Flagship Paris,3881.09,1376.31,12,5473.42,3053.07,811.49,10,4561.19,7,6,1,5,4,0
MV-82924,Women Low Top Classic,BRG,Bordeaux,Footwear,Women,Sneakers,Low Top,MV,Maison Voss,300,20,EU_F07M,MV Flagship Paris,17639.24,5504.39,45,23040.34,24071.04,6980.96,58,29696.43,132,102,30,201,151,0
MV-38683,Men Tops Slim,NVY,Navy,Ready-to-Wear,Men,Tops,Tops,MVS,MV Signature,300,50,EU_F07M,MV Flagship Paris,45134.32,15771.17,106,53554.68,33548.93,10399.44,84,42439.56,95,72,23,83,73,0
MV-71474,Men Loafers Relaxed,VRT,Vert,Footwear,Men,Flats,Loafers,MV,Maison Voss,300,20,EU_F07M,MV Flagship Paris,61504.9,17960.1,95,80739.12,48026.69,16528.05,69,58642.1,106,67,39,62,38,0
MV-69829,Men Ballet Flats Slim,CRM,Cognac,Footwear,Men,Flats,Ballet Flats,MV,Maison Voss,300,50,EU_F07M,MV Flagship Paris,58691.05,19586.12,98,77447.42,56602.07,15933.94,85,67173.78,266,247,19,186,157,0
MV-33509,Unisex Fedoras Signature,IVR,Ivoire,Accessories,Unisex,Hats,Fedoras,MVS,MV Signature,300,30,EU_F07M,MV Flagship Paris,16237.45,5358.41,78,22927.24,18021.25,6646.79,76,22339.36,211,134,77,218,212,0
MV-29597,Women Leather Belts,ANT,Anthracite,Leather Goods,Women,Belts,Leather Belts,MV,Maison Voss,300,20,EU_F07M,MV Flagship Paris,13580.59,4567.82,18,18376.82,11790.37,3934.28,17,17355.88,58,34,24,52,43,0
MV-69692,Women Suit Sets Essential,TRP,Taupe,Ready-to-Wear,Women,Suits,Suit Sets,MVS,MV Signature,300,20,EU_F07M,MV Flagship Paris,65578.66,18985.2,125,87233.73,47694.31,17659.1,91,63506.15,387,306,81,277,209,0
MV-27961,Women Blouses Signature,NVY,Navy,Ready-to-Wear,Women,Tops,Blouses,MV,Maison Voss,300,50,EU_F07M,MV Flagship Paris,47812.82,12607.7,142,70118.56,43108.59,14095.72,116,57279.95,481,328,153,330,268,0
MV-98188,Women Knee High Heritage,IVR,Ivoire,Footwear,Women,Boots,Knee High,MV,Maison Voss,300,20,EU_F07M,MV Flagship Paris,5267.84,1564.58,13,6693.14,5147.83,1823.87,13,6693.14,23,21,2,19,15,0
MV-80236,Women Coats Slim,VRT,Vert,Ready-to-Wear,Women,Outerwear,Coats,MVS,MV Signature,300,20,EU_F07M,MV Flagship Paris,2857.46,806.62,8,3938.68,1932.48,587.43,6,2954.01,29,28,1,22,20,0
MV-88366,Men Blazers Classic,NOI,Noir,Ready-to-Wear,Men,Outerwear,Blazers,MV,Maison Voss,300,20,EU_F07M,MV Flagship Paris,56973.14,17036.46,235,76624.33,44305.47,15521.12,186,60647.34,593,440,153,388,328,0
MV-23133,Men Trousers Essential,CRM,Cognac,Ready-to-Wear,Men,Bottoms,Trousers,MV,Maison Voss,300,20,EU_F07M,MV Flagship Paris,73822.06,19017.27,128,104238.94,82960.13,24390.2,140,114011.34,258,227,31,259,194,0
MV-17592,Men Coats Relaxed,VRT,Vert,Ready-to-Wear,Men,Outerwear,Coats,MVS,MV Signature,300,30,EU_F07M,MV Flagship Paris,57080.7,14522.73,142,80091.18,63866.26,21207.89,169,95319.78,78,50,28,83,57,0
MV-57052,Men Day Dresses Signature,ANT,Anthracite,Ready-to-Wear,Men,Dresses,Day Dresses,MV,Maison Voss,300,20,EU_F07M,MV Flagship Paris,59127.0,21486.72,138,71402.67,44343.04,11767.55,105,54328.12,439,276,163,360,254,0
MV-70258,Men Platform Slim,TRP,Taupe,Footwear,Men,Sneakers,Platform,MV,Maison Voss,300,30,EU_F07M,MV Flagship Paris,13060.62,3611.26,49,16860.74,10808.54,3153.46,46,15828.45,153,138,15,163,104,0
MV-46655,Women Cat Eye Heritage,IVR,Ivoire,Accessories,Women,Sunglasses,Cat Eye,MV,Maison Voss,300,50,EU_F07M,MV Flagship Paris,38287.29,9587.31,65,54365.24,25886.33,8386.16,49,40983.03,214,159,55,157,137,0
MV-86556,Women Evening Dresses Classic,ANT,Anthracite,Ready-to-Wear,Women,Dresses,Evening Dresses,MV,Maison Voss,300,20,EU_F07M,MV Flagship Paris,28004.46,7475.63,50,37183.09,30279.22,8095.06,56,41645.06,176,111,65,172,148,0
MV-39389,Women Mules Modern,NOI,Noir,Footwear,Women,Heels,Mules,MVS,MV Signature,300,20,EU_F07M,MV Flagship Paris,2120.43,635.5,3,3147.14,2284.54,797.86,3,3147.14,6,5,1,8,7,0
MV-95918,Women Suit Sets Modern,CRM,Cognac,Ready-to-Wear,Women,Suits,Suit Sets,MV,Maison Voss,300,70,EU_F07M,MV Flagship Paris,33638.04,8789.53,86,42642.09,30330.78,7947.58,86,42642.09,92,62,30,97,72,0
MV-76039,Women Boots Relaxed,BEG,Beige,Footwear,Women,Heels,Boots,MVS,MV Signature,300,30,EU_F07M,MV Flagship Paris,35021.62,12010.33,44,48740.2,45026.91,13471.21,54,59817.52,141,94,47,177,156,0
MV-62383,Men Berets Relaxed,NOI,Noir,Accessories,Men,Hats,Berets,MVS,MV Signature,300,20,EU_F07M,MV Flagship Paris,11669.81,4326.78,66,16503.08,10022.15,2616.29,54,13502.52,263,246,17,252,185,0
MV-17331,Women Key Holders Relaxed,IVR,Ivoire,Leather Goods,Women,Small Leather Goods,Key Holders,MVS,MV Signature,300,20,EU_F07M,MV Flagship Paris,41627.89,13235.17,44,49995.4,43997.46,11602.21,45,51131.66,38,36,2,31,27,0
MV-49618,Men Square Frames Classic,BLU,Bleu Marine,Accessories,Men,Sunglasses,Square Frames,MV,Maison Voss,300,20,EU_F07M,MV Flagship Paris,8154.8,2539.88,42,10265.53,10616.72,3065.88,52,12709.71,53,39,14,53,41,0
MV-46421,Women Knee High Slim,GRG,Greige,Footwear,Women,Boots,Knee High,MVS,MV Signature,300,20,EU_F07M,MV Flagship Paris,8860.06,2819.75,11,12841.6,7822.66,2666.34,9,10506.77,6,4,2,4,3,0
MV-44959,Women Blazers Modern,ANT,Anthracite,Ready-to-Wear,Women,Outerwear,Blazers,MVS,MV Signature,300,20,EU_F07M,MV Flagship Paris,8569.52,2594.9,20,11111.27,12212.03,4422.55,25,13889.08,32,20,12,42,40,0
MV-67104,Men Sandals Essential,IVR,Ivoire,Footwear,Men,Heels,Sandals,MV,Maison Voss,300,20,EU_F07M,MV Flagship Paris,5958.11,1578.05,10,8515.53,6786.46,2198.48,11,9367.09,17,16,1,19,13,0
MV-29080,Men Jackets Relaxed,CAM,Camel,Ready-to-Wear,Men,Outerwear,Jackets,MV,Maison Voss,300,20,EU_F07M,MV Flagship Paris,7392.23,2176.5,13,10333.82,6590.57,1668.64,11,8744.0,21,15,6,18,17,0
MV-82135,Women Trousers Slim,CRM,Creme,Ready-to-Wear,Women,Bottoms,Trousers,MVS,MV Signature,300,30,EU_F07M,MV Flagship Paris,86138.39,27956.53,229,121546.5,94945.51,25515.92,244,129508.06,453,366,87,536,416,0
MV-14877,Women Necklaces Heritage,CHP,Champagne,Accessories,Women,Jewelry,Necklaces,MV,Maison Voss,300,20,EU_F07M,MV Flagship Paris,3823.34,1330.38,10,5174.12,3271.8,856.29,9,4656.71,32,22,10,33,26,0
MV-27486,Women Mules Classic,SBL,Sable,Footwear,Women,Heels,Mules,MVS,MV Signature,300,20,EU_F07M,MV Flagship Paris,11849.28,3017.68,19,15051.47,12994.84,4434.57,19,15051.47,63,57,6,66,50,0
MV-16839,Unisex Key Holders Luxe,ECR,Ecru,Leather Goods,Unisex,Small Leather Goods,Key Holders,MVS,MV Signature,300,50,EU_F07M,MV Flagship Paris,18652.02,5757.85,56,25674.6,22093.43,6052.16,65,29800.87,191,179,12,208,206,0
MV-51116,Unisex Tops Essential,CAM,Camel,Ready-to-Wear,Unisex,Tops,Tops,MV,Maison Voss,300,50,EU_F07M,MV Flagship Paris,18627.67,5874.04,59,26197.14,21611.38,6398.15,67,29749.29,76,54,22,97,62,0
MV-76263,Women High Top Essential,GRG,Greige,Footwear,Women,Sneakers,High Top,MV,Maison Voss,300,70,EU_F07M,MV Flagship Paris,3685.07,1213.28,10,4762.61,3748.23,1194.33,11,5238.87,25,17,8,26,18,0
MV-63843,Women Midi Dresses Essential,ARG,Argent,Ready-to-Wear,Women,Dresses,Midi Dresses,MVS,MV Signature,300,50,EU_F07M,MV Flagship Paris,24982.15,7378.71,100,31591.35,21749.78,6413.01,91,28748.13,51,49,2,46,30,0
MV-90356,Women Loafers Signature,ROG,Rouge,Footwear,Women,Flats,Loafers,MV,Maison Voss,300,50,EU_F07M,MV Flagship Paris,59957.87,15419.11,97,82913.48,49425.14,14017.06,78,66672.69,345,282,63,311,190,0
MV-37460,Men Jackets Heritage,CRM,Creme,Ready-to-Wear,Men,Outerwear,Jackets,MV,Maison Voss,300,20,EU_F07M,MV Flagship Paris,8132.3,2874.17,17,10207.13,8793.73,3081.54,18,10807.55,42,34,8,51,40,0
MV-96760,Women Blouses Signature,CHP,Champagne,Ready-to-Wear,Women,Tops,Blouses,MV,Maison Voss,300,20,EU_F07M,MV Flagship Paris,11327.7,3720.93,21,15024.37,9683.22,3085.47,19,13593.48,62,55,7,67,41,0
MV-30730,Men High Top Luxe,ROG,Rouge,Footwear,Men,Sneakers,High Top,MV,Maison Voss,300,20,EU_F07M,MV Flagship Paris,44033.2,14358.87,176,54697.16,51804.61,17788.45,210,65263.66,400,349,51,523,417,0
MV-54589,Women Carry-On Slim,IVR,Ivoire,Leather Goods,Women,Luggage,Carry-On,MV,Maison Voss,300,50,EU_F07M,MV Flagship Paris,86094.66,30935.32,110,116164.37,82827.24,30055.47,109,115108.33,411,293,118,334,333,0
MV-26299,Men High Top Luxe,ARG,Argent,Footwear,Men,Sneakers,High Top,MVS,MV Signature,300,30,EU_F07M,MV Flagship Paris,42875.04,12481.59,75,50926.4,35893.17,9631.02,67,45494.25,244,241,3,225,137,0
MV-69446,Unisex Evening Dresses Modern,TRP,Taupe,Ready-to-Wear,Unisex,Dresses,Evening Dresses,MV,Maison Voss,300,20,EU_F07M,MV Flagship Paris,1090.88,305.68,5,1358.27,581.86,165.54,3,814.96,13,8,5,10,7,0
MV-54942,Men Square Frames Relaxed,VRT,Vert,Accessories,Men,Sunglasses,Square Frames,MV,Maison Voss,300,50,EU_F07M,MV Flagship Paris,19459.52,5909.92,34,25661.62,27530.48,9752.15,43,32454.4,37,33,4,45,40,0
MV-98501,Women Blouses Relaxed,NVY,Navy,Ready-to-Wear,Women,Tops,Blouses,MVS,MV Signature,300,20,EU_F07M,MV Flagship Paris,31980.26,8484.92,52,39508.13,28221.29,8623.81,44,33429.96,177,132,45,161,114,0
MV-15014,Women Bracelets Modern,SBL,Sable,Accessories,Women,Jewelry,Bracelets,MVS,MV Signature,300,30,EU_F07M,MV Flagship Paris,7539.23,2545.85,13,10266.93,9524.95,2644.05,15,11846.46,14,12,2,14,9,0
MV-86484,Men Blazers Essential,NVY,Navy,Ready-to-Wear,Men,Suits,Blazers,MV,Maison Voss,300,20,EU_F07M,MV Flagship Paris,18734.89,5266.45,37,23731.87,23423.3,7075.69,46,29504.49,86,74,12,90,69,0
MV-79942,Men Blazers Essential,VRT,Vert,Ready-to-Wear,Men,Outerwear,Blazers,MVS,MV Signature,300,20,EU_F07M,MV Flagship Paris,27560.5,9642.26,58,34549.8,21602.48,6188.06,46,27401.57,176,133,43,147,120,0
MV-59391,Women Weekender Signature,SBL,Sable,Leather Goods,Women,Luggage,Weekender,MVS,MV Signature,300,20,EU_F07M,MV Flagship Paris,15587.18,4515.02,25,22074.88,17820.58,4971.58,27,23840.87,78,54,24,77,67,0
MV-10336,Men Blazers Heritage,BEG,Beige,Ready-to-Wear,Men,Suits,Blazers,MV,Maison Voss,300,20,EU_F07M,MV Flagship Paris,63742.49,17735.73,96,79063.41,70530.53,20847.71,101,83181.3,315,189,126,343,304,0
MV-94323,Women Round Frames Classic,BLU,Bleu Marine,Accessories,Women,Sunglasses,Round Frames,MVS,MV Signature,300,30,EU_F07M,MV Flagship Paris,54951.56,14135.76,116,64641.36,67159.05,18759.36,145,80801.7,108,102,6,121,100,0
MV-70648,Women Tops,IVR,Ivoire,Ready-to-Wear,Women,Tops,Tops,MV,Maison Voss,300,70,EU_F07M,MV Flagship Paris,11242.88,3086.6,24,15714.59,8648.25,2233.59,17,11131.17,67,44,23,40,27,0
MV-67905,Women High Top Luxe,CRM,Creme,Footwear,Women,Sneakers,High Top,MV,Maison Voss,300,20,EU_F07M,MV Flagship Paris,75109.07,28247.39,115,89798.01,66014.47,20864.37,102,79646.93,404,327,77,423,390,0
MV-42541,Women Blazers Slim,GRG,Greige,Ready-to-Wear,Women,Suits,Blazers,MVS,MV Signature,300,20,EU_F07M,MV Flagship Paris,2058.67,708.47,6,2632.61,1732.71,581.14,5,2193.84,3,2,1,2,1,0
MV-67905,Women High Top Luxe,BRG,Bordeaux,Footwear,Women,Sneakers,High Top,MV,Maison Voss,300,20,EU_F07M,MV Flagship Paris,66181.68,24729.74,115,91926.12,77391.83,20762.39,125,99919.7,223,193,30,261,238,0
MV-33703,Men Earrings Slim,CAM,Camel,Accessories,Men,Jewelry,Earrings,MVS,MV Signature,300,20,EU_F07M,MV Flagship Paris,2332.47,849.53,10,3200.02,1910.72,661.74,8,2560.02,17,12,5,13,10,0
MV-90301,Men High Top,CRM,Creme,Footwear,Men,Sneakers,High Top,MVS,MV Signature,300,20,EU_F07M,MV Flagship Paris,2559.01,784.26,5,3310.95,2342.72,791.91,5,3310.95,16,15,1,16,14,0
MV-28714,Men Trousers Luxe,BRG,Bordeaux,Ready-to-Wear,Men,Bottoms,Trousers,MV,Maison Voss,300,20,EU_F07M,MV Flagship Paris,33235.19,12287.9,65,47070.65,40135.23,14834.2,75,54312.29,163,136,27,205,158,0
MV-94323,Women Round Frames Classic,SBL,Sable,Accessories,Women,Sunglasses,Round Frames,MVS,MV Signature,300,20,EU_F07M,MV Flagship Paris,7722.56,2042.84,40,9288.56,6081.11,1950.43,32,7430.85,103,78,25,72,70,0
MV-78955,Women Pouches Modern,CRM,Cognac,Leather Goods,Women,Small Leather Goods,Pouches,MV,Maison Voss,300,50,EU_F07M,MV Flagship Paris,113382.62,29619.64,151,143137.13,76720.95,22477.83,106,100480.37,338,251,87,263,257,0
MV-54089,Unisex Blazers,VRT,Vert,Ready-to-Wear,Unisex,Outerwear,Blazers,MVS,MV Signature,300,20,EU_F07M,MV Flagship Paris,9080.08,2881.74,28,10995.98,8044.22,2571.01,23,9032.41,65,59,6,50,42,0
MV-88366,Men Blazers Classic,ARG,Argent,Ready-to-Wear,Men,Outerwear,Blazers,MV,Maison Voss,300,20,EU_F07M,MV Flagship Paris,5933.33,2167.93,21,8556.51,4691.68,1215.8,17,6926.7,34,23,11,29,28,0
MV-79822,Unisex Fedoras Slim,ROG,Rouge,Accessories,Unisex,Hats,Fedoras,MV,Maison Voss,300,20,EU_F07M,MV Flagship Paris,22848.01,7471.94,44,33310.62,23150.21,8213.1,43,32553.56,148,102,46,171,106,0
MV-54313,Women Wallets Classic,SBL,Sable,Leather Goods,Women,Small Leather Goods,Wallets,MV,Maison Voss,300,20,EU_F07M,MV Flagship Paris,38409.59,10651.01,38,52461.84,33684.69,12798.12,36,49700.69,73,47,26,60,53,0
MV-90031,Women Loafers Heritage,SBL,Sable,Footwear,Women,Flats,Loafers,MV,Maison Voss,300,30,EU_F07M,MV Flagship Paris,20646.62,5506.71,26,29006.17,17540.64,5941.21,24,26774.93,78,53,25,58,42,0
MV-40595,Women Day Dresses Heritage,VRT,Vert,Ready-to-Wear,Women,Dresses,Day Dresses,MVS,MV Signature,300,20,EU_F07M,MV Flagship Paris,36943.46,10988.91,75,46937.53,37304.96,10580.43,69,43182.53,56,41,15,51,33,0
MV-18163,Men Blazers Slim,TAN,Tan,Ready-to-Wear,Men,Suits,Blazers,MV,Maison Voss,300,20,EU_F07M,MV Flagship Paris,51160.9,14570.29,90,59844.62,44206.93,12532.95,84,55854.98,189,150,39,182,169,0
MV-71474,Men Loafers Relaxed,ECR,Ecru,Footwear,Men,Flats,Loafers,MV,Maison Voss,300,70,EU_F07M,MV Flagship Paris,40209.82,11431.42,121,53090.45,36916.84,12020.39,114,50019.1,289,268,21,280,261,0
MV-16895,Women Leather Belts Slim,SBL,Sable,Leather Goods,Women,Belts,Leather Belts,MV,Maison Voss,300,50,EU_F07M,MV Flagship Paris,212376.61,63829.16,228,301405.24,244997.41,90194.36,268,354283.36,349,321,28,393,347,0
MV-78955,Women Pouches Modern,BRG,Bordeaux,Leather Goods,Women,Small Leather Goods,Pouches,MV,Maison Voss,300,20,EU_F07M,MV Flagship Paris,6796.07,1804.09,19,9141.99,6454.92,2372.5,18,8660.83,67,41,26,74,49,0
MV-67961,Men Wool Scarves Heritage,SBL,Sable,Accessories,Men,Scarves,Wool Scarves,MV,Maison Voss,300,50,EU_F07M,MV Flagship Paris,20031.78,5676.17,79,25896.96,23885.26,8843.4,98,32125.35,135,102,33,151,144,0
MV-23434,Women Card Holders,GRG,Greige,Leather Goods,Women,Small Leather Goods,Card Holders,MV,Maison Voss,300,50,EU_F07M,MV Flagship Paris,31157.63,9666.35,31,41827.65,29198.24,10615.1,29,39129.09,64,55,9,57,42,0
MV-83975,Unisex Baseball Caps Classic,TAN,Tan,Accessories,Unisex,Hats,Baseball Caps,MVS,MV Signature,300,70,EU_F07M,MV Flagship Paris,32798.57,8642.74,71,39937.23,21850.49,7559.0,50,28124.81,97,87,10,76,74,0
MV-91490,Women Midi Dresses,CRM,Creme,Ready-to-Wear,Women,Dresses,Midi Dresses,MV,Maison Voss,300,20,EU_F07M,MV Flagship Paris,27884.7,8832.64,41,34879.86,24147.73,6951.47,36,30626.22,73,46,27,69,51,0
MV-76039,Women Boots Relaxed,TAN,Tan,Footwear,Women,Heels,Boots,MVS,MV Signature,300,50,EU_F07M,MV Flagship Paris,252238.94,71429.98,322,371734.44,300505.35,75526.65,401,462936.37,1242,1224,18,1699,1679,0
MV-54313,Women Wallets Classic,NOI,Noir,Leather Goods,Women,Small Leather Goods,Wallets,MV,Maison Voss,300,20,EU_F07M,MV Flagship Paris,33216.73,8804.85,82,46155.98,29204.45,9227.52,75,42215.84,309,258,51,272,239,0
MV-78146,Men Day Dresses,NOI,Noir,Ready-to-Wear,Men,Dresses,Day Dresses,MV,Maison Voss,300,30,EU_F07M,MV Flagship Paris,96898.7,30137.88,193,145314.88,108068.31,32032.49,189,142303.17,216,207,9,188,169,0
MV-80282,Unisex Baseball Caps Signature,NOI,Noir,Accessories,Unisex,Hats,Baseball Caps,MV,Maison Voss,300,20,EU_F07M,MV Flagship Paris,67588.81,19919.12,114,97068.9,49533.53,17038.79,85,72375.93,378,317,61,254,235,0
MV-90031,Women Loafers Heritage,CHP,Champagne,Footwear,Women,Flats,Loafers,MV,Maison Voss,300,20,EU_F07M,MV Flagship Paris,50541.58,17078.69,148,58411.85,49614.79,16557.31,154,60779.9,128,123,5,139,101,0
MV-11214,Men Coats Heritage,IVR,Ivoire,Ready-to-Wear,Men,Outerwear,Coats,MVS,MV Signature,300,50,EU_F07M,MV Flagship Paris,44616.45,13416.0,106,62512.87,36960.34,12404.92,95,56025.68,180,123,57,183,143,0
MV-21542,Women Clutches Signature,BLU,Bleu Marine,Leather Goods,Women,Handbags,Clutches,MVS,MV Signature,300,70,EU_F07M,MV Flagship Paris,34028.36,10027.35,39,47158.88,37554.89,10011.52,43,51995.68,44,32,12,40,24,0
MV-20336,Men Blazers Heritage,ROG,Rouge,Ready-to-Wear,Men,Suits,Blazers,MV,Maison Voss,300,20,EU_F07M,MV Flagship Paris,11087.24,3383.08,18,14324.98,12298.51,3893.76,21,16712.47,31,21,10,38,36,0
MV-54313,Women Wallets Classic,RSE,Rose Poudre,Leather Goods,Women,Small Leather Goods,Wallets,MV,Maison Voss,300,30,EU_F07M,MV Flagship Paris,23977.33,7822.18,29,32769.15,24618.0,9032.36,28,31639.18,31,30,1,26,16,0
MV-79942,Men Blazers Essential,IVR,Ivoire,Ready-to-Wear,Men,Outerwear,Blazers,MVS,MV Signature,300,50,EU_F07M,MV Flagship Paris,584.23,188.4,1,823.34,0.0,0.0,0,0.0,0,0,0,0,0,0
MV-48504,Women Slides Signature,ECR,Ecru,Footwear,Women,Flats,Slides,MVS,MV Signature,300,20,EU_F07M,MV Flagship Paris,33354.46,11772.65,47,45074.01,35906.14,10784.21,57,54664.23,95,85,10,132,81,0
MV-90031,Women Loafers Heritage,SBL,Sable,Footwear,Women,Flats,Loafers,MV,Maison Voss,300,20,EU_F07M,MV Flagship Paris,15054.09,5013.19,44,19200.83,11108.59,4194.34,32,13964.24,164,107,57,118,112,0
MV-60052,Unisex Evening Dresses,NOI,Noir,Ready-to-Wear,Unisex,Dresses,Evening Dresses,MVS,MV Signature,300,30,EU_F07M,MV Flagship Paris,11095.37,3010.0,47,15543.13,11089.91,3279.56,45,14881.72,119,116,3,134,130,0
MV-43586,Women Jeans Signature,TRP,Taupe,Ready-to-Wear,Women,Bottoms,Jeans,MV,Maison Voss,300,50,EU_F07M,MV Flagship Paris,151440.64,56603.71,231,207411.56,115276.19,41635.39,192,172394.02,704,515,189,486,469,0
MV-53025,Men Loafers Heritage,ARG,Argent,Footwear,Men,Flats,Loafers,MV,Maison Voss,300,70,EU_F07M,MV Flagship Paris,37033.04,13677.84,153,53314.0,46278.72,15902.51,198,68994.59,349,251,98,505,387,0
MV-67939,Women Weekender Classic,GRG,Greige,Leather Goods,Women,Luggage,Weekender,MV,Maison Voss,300,20,EU_F07M,MV Flagship Paris,11357.02,4032.84,11,13923.4,8204.6,2434.23,8,10126.11,6,5,1,4,2,0
MV-69048,Women Tops Luxe,TAN,Tan,Ready-to-Wear,Women,Tops,Tops,MV,Maison Voss,300,20,EU_F07M,MV Flagship Paris,14068.77,4033.1,29,20216.16,12974.3,3268.5,26,18124.83,101,99,2,97,80,0
MV-31798,Women Shoulder Bags Essential,ECR,Ecru,Leather Goods,Women,Handbags,Shoulder Bags,MV,Maison Voss,300,50,EU_F07M,MV Flagship Paris,31635.22,8111.96,35,46245.09,26888.9,9196.7,27,35674.78,90,88,2,83,65,0
MV-47243,Men Boots Heritage,ROG,Rouge,Footwear,Men,Heels,Boots,MV,Maison Voss,300,20,EU_F07M,MV Flagship Paris,18951.43,4801.03,28,24090.55,23836.63,6116.26,33,28392.43,57,50,7,56,35,0
MV-17592,Men Coats Relaxed,BEG,Beige,Ready-to-Wear,Men,Outerwear,Coats,MVS,MV Signature,300,20,EU_F07M,MV Flagship Paris,28432.27,9606.11,101,37602.59,24399.77,6814.6,86,32018.05,117,108,9,110,95,0
MV-18163,Men Blazers Slim,ECR,Ecru,Ready-to-Wear,Men,Suits,Blazers,MV,Maison Voss,300,50,EU_F07M,MV Flagship Paris,29183.93,7503.33,47,42654.84,27581.63,10413.72,45,40839.74,173,169,4,168,111,0
MV-43586,Women Jeans Signature,CAM,Camel,Ready-to-Wear,Women,Bottoms,Jeans,MV,Maison Voss,300,20,EU_F07M,MV Flagship Paris,15470.16,5686.72,53,18717.83,11272.99,4027.67,40,14126.66,176,134,42,110,72,0
MV-78937,Men Carry-On Luxe,CRM,Cognac,Leather Goods,Men,Luggage,Carry-On,MVS,MV Signature,300,50,EU_F07M,MV Flagship Paris,97869.38,25933.79,121,127393.93,117446.33,38648.88,128,134763.83,372,358,14,323,198,0
MV-46421,Women Knee High Slim,CRM,Cognac,Footwear,Women,Boots,Knee High,MVS,MV Signature,300,70,EU_F07M,MV Flagship Paris,81923.83,24245.4,104,115117.13,64818.75,23054.27,75,83017.16,269,188,81,163,104,0
MV-35203,Men Blazers Modern,TAN,Tan,Ready-to-Wear,Men,Outerwear,Blazers,MVS,MV Signature,300,20,EU_F07M,MV Flagship Paris,1980.94,535.42,9,2609.39,1922.69,548.76,9,2609.39,12,7,5,13,11,0
MV-49363,Unisex Cashmere Scarves,SBL,Sable,Accessories,Unisex,Scarves,Cashmere Scarves,MVS,MV Signature,300,20,EU_F07M,MV Flagship Paris,27666.99,9423.01,79,37802.53,20163.65,6882.14,58,27753.76,222,173,49,145,103,0
MV-72722,Women Midi Dresses Slim,ECR,Ecru,Ready-to-Wear,Women,Dresses,Midi Dresses,MVS,MV Signature,300,20,EU_F07M,MV Flagship Paris,16512.14,6258.64,36,23525.24,21488.73,7064.66,42,27446.11,94,67,27,126,112,0
MV-84531,Women Check-In Classic,NVY,Navy,Leather Goods,Women,Luggage,Check-In,MVS,MV Signature,300,30,EU_F07M,MV Flagship Paris,11861.12,3746.78,22,16464.81,11781.21,4361.39,24,17961.61,23,20,3,22,14,0
MV-27961,Women Blouses Signature,NVY,Navy,Ready-to-Wear,Women,Tops,Blouses,MV,Maison Voss,300,50,EU_F07M,MV Flagship Paris,662.92,200.88,3,885.52,702.0,181.28,3,885.52,8,5,3,9,6,0
MV-80798,Men Chain Belts Modern,NVY,Navy,Leather Goods,Men,Belts,Chain Belts,MV,Maison Voss,300,30,EU_F07M,MV Flagship Paris,19690.97,6582.31,42,26129.07,21522.93,6868.52,50,31106.04,105,93,12,106,69,0
MV-99181,Women Blazers Modern,NOI,Noir,Ready-to-Wear,Women,Outerwear,Blazers,MVS,MV Signature,300,20,EU_F07M,MV Flagship Paris,13445.61,3442.11,27,15537.44,13821.01,4842.99,28,16112.9,17,14,3,20,15,0
MV-33647,Men Coats Heritage,CAM,Camel,Ready-to-Wear,Men,Outerwear,Coats,MVS,MV Signature,300,20,EU_F07M,MV Flagship Paris,6825.33,2341.68,18,9398.19,6907.95,2192.12,19,9920.31,64,41,23,79,71,0
MV-62296,Unisex Bracelets Signature,BLU,Bleu Marine,Accessories,Unisex,Jewelry,Bracelets,MVS,MV Signature,300,20,EU_F07M,MV Flagship Paris,39590.81,11926.0,75,47477.43,43316.92,11918.0,77,48743.49,208,155,53,253,194,0
MV-54725,Women Suit Trousers Classic,RSE,Rose Poudre,Ready-to-Wear,Women,Suits,Suit Trousers,MV,Maison Voss,300,20,EU_F07M,MV Flagship Paris,54972.43,18377.74,93,68664.01,43034.24,15885.04,70,51682.59,79,78,1,53,49,0
MV-15958,Men Pumps Heritage,IVR,Ivoire,Footwear,Men,Heels,Pumps,MVS,MV Signature,300,20,EU_F07M,MV Flagship Paris,9518.46,3263.39,17,11812.86,12020.94,3429.37,20,13897.48,13,9,4,16,10,0
MV-63843,Women Midi Dresses Essential,IVR,Ivoire,Ready-to-Wear,Women,Dresses,Midi Dresses,MVS,MV Signature,300,20,EU_F07M,MV Flagship Paris,743.75,253.67,3,947.0,829.35,280.84,3,947.0,1,0,1,1,0,0
MV-42541,Women Blazers Slim,BEG,Beige,Ready-to-Wear,Women,Suits,Blazers,MVS,MV Signature,300,20,EU_F07M,MV Flagship Paris,60922.78,16381.16,119,77852.4,53324.98,13882.16,103,67384.85,188,141,47,192,159,0
MV-33509,Unisex Fedoras Signature,CHP,Champagne,Accessories,Unisex,Hats,Fedoras,MVS,MV Signature,300,50,EU_F07M,MV Flagship Paris,420.25,113.0,1,550.22,387.68,132.02,1,550.22,3,2,1,3,2,0
MV-17816,Women Trousers Slim,CHP,Champagne,Ready-to-Wear,Women,Bottoms,Trousers,MV,Maison Voss,300,50,EU_F07M,MV Flagship Paris,96857.87,25641.05,175,118474.78,92249.01,34790.52,176,119151.78,645,568,77,671,601,0
MV-30257,Women Weekender Relaxed,TRP,Taupe,Leather Goods,Women,Luggage,Weekender,MV,Maison Voss,300,20,EU_F07M,MV Flagship Paris,31365.93,10089.03,62,38884.19,21977.77,6662.89,50,31358.22,216,145,71,142,138,0
MV-25043,Men Loafers,ARG,Argent,Footwear,Men,Flats,Loafers,MVS,MV Signature,300,20,EU_F07M,MV Flagship Paris,14141.38,4959.74,24,19228.05,16153.72,4316.6,27,21631.55,51,44,7,57,50,0
MV-77538,Men Check-In Signature,BLU,Bleu Marine,Leather Goods,Men,Luggage,Check-In,MV,Maison Voss,300,20,EU_F07M,MV Flagship Paris,11539.45,3308.49,17,14931.28,11060.17,3992.35,15,13174.66,61,58,3,61,51,0
MV-69048,Women Tops Luxe,ANT,Anthracite,Ready-to-Wear,Women,Tops,Tops,MV,Maison Voss,300,20,EU_F07M,MV Flagship Paris,517.63,192.84,1,666.79,0.0,0.0,0,0.0,2,1,1,1,0,0
MV-68138,Women Tops Modern,IVR,Ivoire,Ready-to-Wear,Women,Tops,Tops,MV,Maison Voss,300,20,EU_F07M,MV Flagship Paris,5857.56,1885.86,17,8014.18,7253.39,2491.29,20,9428.45,53,51,2,74,67,0
MV-84531,Women Check-In Classic,BLU,Bleu Marine,Leather Goods,Women,Luggage,Check-In,MVS,MV Signature,300,70,EU_F07M,MV Flagship Paris,8239.64,2730.78,9,10102.06,5245.11,1966.95,6,6734.7,12,11,1,8,7,0
MV-36318,Women Ankle Boots Slim,BEG,Beige,Footwear,Women,Boots,Ankle Boots,MV,Maison Voss,300,50,EU_F07M,MV Flagship Paris,42896.26,14204.48,60,59169.21,50421.55,15763.81,73,71989.2,227,151,76,237,235,0
MV-89507,Women Blazers Essential,IVR,Ivoire,Ready-to-Wear,Women,Outerwear,Blazers,MV,Maison Voss,300,20,EU_F07M,MV Flagship Paris,7077.37,1871.15,11,9546.1,8217.5,2731.04,13,11281.76,43,40,3,44,39,0
MV-93717,Women Leather Belts Heritage,TAN,Tan,Leather Goods,Women,Belts,Leather Belts,MVS,MV Signature,300,70,EU_F07M,MV Flagship Paris,40972.7,13634.73,47,55484.1,51975.96,15075.18,60,70830.77,152,101,51,156,147,0
MV-35272,Men Check-In Modern,ARG,Argent,Leather Goods,Men,Luggage,Check-In,MV,Maison Voss,300,20,EU_F07M,MV Flagship Paris,19528.11,5992.75,56,26752.16,23119.55,7593.85,60,28663.03,144,90,54,180,173,0
MV-62383,Men Berets Relaxed,ARG,Argent,Accessories,Men,Hats,Berets,MVS,MV Signature,300,20,EU_F07M,MV Flagship Paris,9047.57,2579.37,22,11072.12,9390.41,3163.19,25,12581.96,86,64,22,99,67,0
MV-20328,Men Clutches,CAM,Camel,Leather Goods,Men,Handbags,Clutches,MVS,MV Signature,300,20,EU_F07M,MV Flagship Paris,2000.76,630.04,2,2609.34,1811.14,613.97,2,2609.34,2,1,1,2,1,0
MV-57942,Women Chelsea Boots Modern,TRP,Taupe,Footwear,Women,Boots,Chelsea Boots,MVS,MV Signature,300,50,EU_F07M,MV Flagship Paris,1453.39,380.86,2,1902.11,1532.83,474.47,2,1902.11,7,6,1,9,6,0
MV-14877,Women Necklaces Heritage,CRM,Creme,Accessories,Women,Jewelry,Necklaces,MV,Maison Voss,300,20,EU_F07M,MV Flagship Paris,351.53,100.15,1,437.03,374.28,130.79,1,437.03,1,0,1,1,0,0
MV-26551,Women Mules Luxe,BRG,Bordeaux,Footwear,Women,Heels,Mules,MV,Maison Voss,300,50,EU_F07M,MV Flagship Paris,43776.77,12944.98,85,61267.87,30971.61,11232.33,63,45410.3,68,53,15,60,46,0
MV-29597,Women Leather Belts,RSE,Rose Poudre,Leather Goods,Women,Belts,Leather Belts,MV,Maison Voss,300,20,EU_F07M,MV Flagship Paris,12993.93,4339.7,24,16779.63,15179.74,3977.68,25,17478.78,30,28,2,31,26,0
MV-28191,Women Chelsea Boots Luxe,ROG,Rouge,Footwear,Women,Boots,Chelsea Boots,MV,Maison Voss,300,70,EU_F07M,MV Flagship Paris,64426.85,18684.81,101,81625.05,74785.45,24657.73,113,91323.08,374,272,102,407,263,0
MV-30644,Men Chain Belts Slim,SBL,Sable,Leather Goods,Men,Belts,Chain Belts,MV,Maison Voss,300,30,EU_F07M,MV Flagship Paris,37348.88,13801.77,35,48954.73,29050.92,9317.42,27,37765.08,136,87,49,104,90,0
MV-60052,Unisex Evening Dresses,VRT,Vert,Ready-to-Wear,Unisex,Dresses,Evening Dresses,MVS,MV Signature,300,70,EU_F07M,MV Flagship Paris,17244.26,6179.82,38,22328.98,13495.15,4956.34,33,19390.96,148,130,18,126,105,0
MV-40005,Men Silk Scarves Classic,SBL,Sable,Accessories,Men,Scarves,Silk Scarves,MVS,MV Signature,300,20,EU_F07M,MV Flagship Paris,16857.02,4426.04,45,22812.85,22391.92,8461.71,55,27882.37,104,76,28,111,86,0
MV-71797,Men Shoulder Bags Classic,ARG,Argent,Leather Goods,Men,Handbags,Shoulder Bags,MVS,MV Signature,300,50,EU_F07M,MV Flagship Paris,30103.48,8018.69,79,40474.84,37345.73,9539.07,92,47135.25,44,27,17,43,30,0
MV-38760,Unisex Rings Heritage,NVY,Navy,Accessories,Unisex,Jewelry,Rings,MV,Maison Voss,300,20,EU_F07M,MV Flagship Paris,6577.16,2464.33,20,8690.39,5423.04,1567.38,18,7821.35,65,46,19,53,35,0
MV-48177,Women Card Holders Essential,CHP,Champagne,Leather Goods,Women,Small Leather Goods,Card Holders,MV,Maison Voss,300,20,EU_F07M,MV Flagship Paris,3675.05,1189.96,8,5525.25,4081.45,1520.89,9,6215.91,18,15,3,17,12,0
MV-27961,Women Blouses Signature,NVY,Navy,Ready-to-Wear,Women,Tops,Blouses,MV,Maison Voss,300,50,EU_F07M,MV Flagship Paris,30525.23,10656.71,51,39070.94,37715.11,10508.67,59,45199.71,136,85,51,129,96,0
MV-21542,Women Clutches Signature,SBL,Sable,Leather Goods,Women,Handbags,Clutches,MVS,MV Signature,300,20,EU_F07M,MV Flagship Paris,25191.33,6828.68,25,32909.06,23273.77,7909.24,24,31592.7,68,62,6,55,38,0
MV-77538,Men Check-In Signature,NOI,Noir,Leather Goods,Men,Luggage,Check-In,MV,Maison Voss,300,20,EU_F07M,MV Flagship Paris,28525.59,7774.79,37,34478.28,36935.27,10749.39,47,43796.74,138,120,18,194,155,0
MV-62296,Unisex Bracelets Signature,BLU,Bleu Marine,Accessories,Unisex,Jewelry,Bracelets,MVS,MV Signature,300,30,EU_F07M,MV Flagship Paris,27198.11,9509.09,66,32399.49,25919.01,9449.83,62,30435.88,109,95,14,92,73,0
MV-57942,Women Chelsea Boots Modern,ANT,Anthracite,Footwear,Women,Boots,Chelsea Boots,MVS,MV Signature,300,20,EU_F07M,MV Flagship Paris,26032.13,9077.14,43,36332.49,31992.67,10372.23,49,41402.14,170,131,39,230,214,0
MV-36318,Women Ankle Boots Slim,NVY,Navy,Footwear,Women,Boots,Ankle Boots,MV,Maison Voss,300,20,EU_F07M,MV Flagship Paris,33849.23,12223.06,61,46510.72,33976.17,12814.39,57,43460.84,166,116,50,185,117,0
MV-62296,Unisex Bracelets Signature,BEG,Beige,Accessories,Unisex,Jewelry,Bracelets,MVS,MV Signature,300,50,EU_F07M,MV Flagship Paris,19313.85,4951.7,49,27228.44,21171.36,7790.02,52,28895.49,52,32,20,52,45,0
MV-11214,Men Coats Heritage,RSE,Rose Poudre,Ready-to-Wear,Men,Outerwear,Coats,MVS,MV Signature,300,30,EU_F07M,MV Flagship Paris,39281.88,13405.55,85,52951.23,41506.24,15132.89,82,51082.37,309,202,107,280,279,0
MV-29080,Men Jackets Relaxed,CRM,Creme,Ready-to-Wear,Men,Outerwear,Jackets,MV,Maison Voss,300,50,EU_F07M,MV Flagship Paris,19355.52,6788.83,77,26280.78,20537.01,6518.19,75,25598.16,293,233,60,249,181,0
MV-42541,Women Blazers Slim,TAN,Tan,Ready-to-Wear,Women,Suits,Blazers,MVS,MV Signature,300,70,EU_F07M,MV Flagship Paris,20781.7,6876.18,48,27160.03,20419.45,6974.4,48,27160.03,144,108,36,174,159,0
MV-48462,Women Ankle Boots Relaxed,RSE,Rose Poudre,Footwear,Women,Boots,Ankle Boots,MVS,MV Signature,300,20,EU_F07M,MV Flagship Paris,58854.24,18948.39,72,67814.07,60435.48,18944.22,81,76290.83,79,55,24,99,75,0
MV-73242,Men Chain Belts Luxe,ANT,Anthracite,Leather Goods,Men,Belts,Chain Belts,MV,Maison Voss,300,20,EU_F07M,MV Flagship Paris,115112.72,37912.36,131,149139.44,136179.15,50963.0,153,174185.75,80,56,24,83,65,0
MV-60052,Unisex Evening Dresses,ARG,Argent,Ready-to-Wear,Unisex,Dresses,Evening Dresses,MVS,MV Signature,300,70,EU_F07M,MV Flagship Paris,8398.84,2271.04,35,11618.69,7089.09,2323.67,27,8962.99,77,71,6,51,42,0
MV-56346,Women Clutches Essential,RSE,Rose Poudre,Leather Goods,Women,Handbags,Clutches,MV,Maison Voss,300,20,EU_F07M,MV Flagship Paris,21665.92,6261.79,33,29522.01,19039.06,5251.46,27,24154.38,28,23,5,24,17,0
MV-20336,Men Blazers Heritage,GRG,Greige,Ready-to-Wear,Men,Suits,Blazers,MV,Maison Voss,300,50,EU_F07M,MV Flagship Paris,33413.41,10371.53,91,41646.22,24274.65,8225.92,66,30204.95,294,286,8,207,190,0
MV-80236,Women Coats Slim,CHP,Champagne,Ready-to-Wear,Women,Outerwear,Coats,MVS,MV Signature,300,20,EU_F07M,MV Flagship Paris,23458.61,7794.36,55,30010.03,26318.52,8593.46,62,33829.48,173,138,35,194,193,0
MV-78614,Women Trousers Signature,CRM,Cognac,Ready-to-Wear,Women,Bottoms,Trousers,MV,Maison Voss,300,20,EU_F07M,MV Flagship Paris,1797.54,555.66,4,2265.07,1840.4,541.02,4,2265.07,5,3,2,7,5,0
MV-27961,Women Blouses Signature,CHP,Champagne,Ready-to-Wear,Women,Tops,Blouses,MV,Maison Voss,300,20,EU_F07M,MV Flagship Paris,35387.07,10864.32,141,44756.31,25826.23,8974.58,101,32059.48,210,189,21,122,104,0
MV-60052,Unisex Evening Dresses,VRT,Vert,Ready-to-Wear,Unisex,Dresses,Evening Dresses,MVS,MV Signature,300,50,EU_F07M,MV Flagship Paris,309.9,114.06,1,413.82,0.0,0.0,0,0.0,1,0,1,0,0,0
MV-44099,Women Trousers Essential,BRG,Bordeaux,Ready-to-Wear,Women,Bottoms,Trousers,MVS,MV Signature,300,50,EU_F07M,MV Flagship Paris,54244.21,20458.05,87,73505.42,56654.88,18008.72,95,80264.53,209,161,48,227,162,0
MV-92478,Women Blazers Classic,NVY,Navy,Ready-to-Wear,Women,Outerwear,Blazers,MV,Maison Voss,300,50,EU_F07M,MV Flagship Paris,54802.2,14050.04,90,75834.2,56664.61,16316.99,90,75834.2,160,131,29,180,126,0
MV-95918,Women Suit Sets Modern,ANT,Anthracite,Ready-to-Wear,Women,Suits,Suit Sets,MV,Maison Voss,300,70,EU_F07M,MV Flagship Paris,55566.4,16412.12,194,68166.45,63080.36,16639.53,232,81518.64,122,98,24,120,109,0
MV-23238,Women Knitwear Essential,RSE,Rose Poudre,Ready-to-Wear,Women,Tops,Knitwear,MV,Maison Voss,300,20,EU_F07M,MV Flagship Paris,1104.95,297.33,3,1563.39,1071.19,342.01,3,1563.39,7,5,2,9,8,0
MV-42541,Women Blazers Slim,BEG,Beige,Ready-to-Wear,Women,Suits,Blazers,MVS,MV Signature,300,30,EU_F07M,MV Flagship Paris,35331.59,12765.58,57,46436.23,26608.76,7473.34,49,39918.87,200,163,37,158,154,0
MV-70931,Men Chain Belts Essential,ARG,Argent,Leather Goods,Men,Belts,Chain Belts,MVS,MV Signature,300,20,EU_F07M,MV Flagship Paris,22823.27,7917.07,35,29398.16,18304.69,6374.29,29,24358.47,37,30,7,30,18,0
MV-13396,Women Wallets Slim,NVY,Navy,Leather Goods,Women,Small Leather Goods,Wallets,MVS,MV Signature,300,50,EU_F07M,MV Flagship Paris,21411.03,5695.26,25,27577.55,19447.09,5156.56,22,24268.25,95,64,31,100,80,0
MV-36143,Unisex Weekender Heritage,TAN,Tan,Leather Goods,Unisex,Luggage,Weekender,MVS,MV Signature,300,50,EU_F07M,MV Flagship Paris,4621.49,1400.81,6,6105.88,5166.41,1340.82,7,7123.52,5,4,1,6,3,0
MV-36143,Unisex Weekender Heritage,ECR,Ecru,Leather Goods,Unisex,Luggage,Weekender,MVS,MV Signature,300,70,EU_F07M,MV Flagship Paris,38825.42,10943.1,52,52390.53,33018.08,10674.69,43,43322.94,187,124,63,127,104,0
MV-99353,Women Tote Bags,SBL,Sable,Leather Goods,Women,Handbags,Tote Bags,MV,Maison Voss,300,50,EU_F07M,MV Flagship Paris,33967.33,8921.23,41,47564.56,37471.03,11208.87,44,51044.89,87,66,21,92,66,0
MV-83975,Unisex Baseball Caps Classic,BRG,Bordeaux,Accessories,Unisex,Hats,Baseball Caps,MVS,MV Signature,300,70,EU_F07M,MV Flagship Paris,4134.4,1469.81,7,5055.36,3433.81,984.1,6,4333.17,26,17,9,19,14,0
MV-71797,Men Shoulder Bags Classic,ANT,Anthracite,Leather Goods,Men,Handbags,Shoulder Bags,MVS,MV Signature,300,50,EU_F07M,MV Flagship Paris,31796.17,8466.09,60,42323.74,26534.92,8857.32,49,34564.39,69,44,25,63,39,0
MV-96761,Men Jackets Essential,TAN,Tan,Ready-to-Wear,Men,Outerwear,Jackets,MVS,MV Signature,300,50,EU_F07M,MV Flagship Paris,26492.5,8109.56,85,33484.11,22790.95,6535.87,83,32696.25,305,212,93,336,327,0
MV-29080,Men Jackets Relaxed,CRM,Cognac,Ready-to-Wear,Men,Outerwear,Jackets,MV,Maison Voss,300,20,EU_F07M,MV Flagship Paris,54189.31,15363.66,92,72658.73,61094.95,19497.18,104,82135.96,114,101,13,107,65,0
MV-84341,Men Sandals Signature,SBL,Sable,Footwear,Men,Heels,Sandals,MV,Maison Voss,300,20,EU_F07M,MV Flagship Paris,120093.4,36761.05,149,173632.88,165305.04,59155.52,183,213253.81,133,129,4,177,111,0
MV-24530,Women Day Dresses Luxe,NVY,Navy,Ready-to-Wear,Women,Dresses,Day Dresses,MVS,MV Signature,300,20,EU_F07M,MV Flagship Paris,13362.05,4564.29,33,17014.72,10409.26,3497.28,29,14952.33,62,42,20,52,46,0
MV-66349,Women Crossbody Bags Modern,CHP,Champagne,Leather Goods,Women,Handbags,Crossbody Bags,MV,Maison Voss,300,50,EU_F07M,MV Flagship Paris,186365.11,70103.07,194,242669.43,234066.39,78078.11,251,313969.21,517,344,173,676,663,0
MV-98501,Women Blouses Relaxed,GRG,Greige,Ready-to-Wear,Women,Tops,Blouses,MVS,MV Signature,300,50,EU_F07M,MV Flagship Paris,32069.52,9329.21,127,44502.03,32347.77,10618.71,116,40647.53,271,209,62,292,234,0
MV-60181,Women Jackets Classic,RSE,Rose Poudre,Ready-to-Wear,Women,Outerwear,Jackets,MVS,MV Signature,300,20,EU_F07M,MV Flagship Paris,6100.18,1878.27,22,7629.17,7618.58,2689.38,27,9363.07,52,44,8,60,41,0
MV-92478,Women Blazers Classic,ROG,Rouge,Ready-to-Wear,Women,Outerwear,Blazers,MV,Maison Voss,300,70,EU_F07M,MV Flagship Paris,3504.5,1129.44,11,4609.88,2336.46,849.62,8,3352.64,42,36,6,33,22,0
MV-29080,Men Jackets Relaxed,CRM,Cognac,Ready-to-Wear,Men,Outerwear,Jackets,MV,Maison Voss,300,20,EU_F07M,MV Flagship Paris,13888.86,5077.12,36,19888.03,12960.72,4548.98,34,18783.14,98,83,15,110,76,0
MV-46421,Women Knee High Slim,GRG,Greige,Footwear,Women,Boots,Knee High,MVS,MV Signature,300,50,EU_F07M,MV Flagship Paris,11369.09,3960.2,32,14158.27,12289.82,3271.4,33,14600.72,40,30,10,35,25,0
MV-82910,Men Shirts Signature,TAN,Tan,Ready-to-Wear,Men,Tops,Shirts,MV,Maison Voss,300,20,EU_F07M,MV Flagship Paris,23920.39,6546.91,54,32288.0,29823.25,8824.65,62,37071.4,161,118,43,150,115,0
MV-15014,Women Bracelets Modern,SBL,Sable,Accessories,Women,Jewelry,Bracelets,MVS,MV Signature,300,20,EU_F07M,MV Flagship Paris,17012.33,6130.98,55,21220.26,16380.59,4364.66,57,21991.91,205,197,8,208,161,0
MV-96760,Women Blouses Signature,CAM,Camel,Ready-to-Wear,Women,Tops,Blouses,MV,Maison Voss,300,20,EU_F07M,MV Flagship Paris,51809.41,15755.29,87,63315.33,48779.44,15272.51,78,56765.47,158,152,6,129,106,0
MV-36143,Unisex Weekender Heritage,CHP,Champagne,Leather Goods,Unisex,Luggage,Weekender,MVS,MV Signature,300,20,EU_F07M,MV Flagship Paris,45943.29,15685.15,45,58828.68,51061.81,16683.01,55,71901.72,164,141,23,237,150,0
MV-44664,Women Shoulder Bags Modern,ANT,Anthracite,Leather Goods,Women,Handbags,Shoulder Bags,MVS,MV Signature,300,50,EU_F07M,MV Flagship Paris,2370.39,643.02,7,3388.08,2481.74,770.2,7,3388.08,5,3,2,4,3,0
MV-68929,Women Crossbody Bags Relaxed,VRT,Vert,Leather Goods,Women,Handbags,Crossbody Bags,MV,Maison Voss,300,50,EU_F07M,MV Flagship Paris,38220.45,10897.48,124,55388.85,33226.42,9981.23,107,47795.22,462,431,31,416,272,0
MV-23238,Women Knitwear Essential,NOI,Noir,Ready-to-Wear,Women,Tops,Knitwear,MV,Maison Voss,300,30,EU_F07M,MV Flagship Paris,11354.52,3033.88,23,14488.77,14648.09,4077.87,27,17008.56,30,24,6,37,33,0
MV-94058,Women Chain Belts,CRM,Cognac,Leather Goods,Women,Belts,Chain Belts,MVS,MV Signature,300,20,EU_F07M,MV Flagship Paris,144943.04,53335.27,225,172724.86,115287.06,31082.6,186,142785.88,557,374,183,500,415,0
MV-74866,Women Wool Scarves Luxe,NVY,Navy,Accessories,Women,Scarves,Wool Scarves,MV,Maison Voss,300,30,EU_F07M,MV Flagship Paris,3478.73,1272.23,7,4531.34,2746.36,929.2,6,3884.0,4,3,1,4,3,0
MV-69446,Unisex Evening Dresses Modern,NOI,Noir,Ready-to-Wear,Unisex,Dresses,Evening Dresses,MV,Maison Voss,300,20,EU_F07M,MV Flagship Paris,135145.63,41890.84,201,180234.35,140952.81,50736.64,206,184717.8,517,385,132,593,489,0
MV-23238,Women Knitwear Essential,IVR,Ivoire,Ready-to-Wear,Women,Tops,Knitwear,MV,Maison Voss,300,50,EU_F07M,MV Flagship Paris,3291.55,1091.33,6,4512.13,2159.61,617.91,4,3008.08,21,18,3,17,11,0
MV-20328,Men Clutches,ARG,Argent,Leather Goods,Men,Handbags,Clutches,MVS,MV Signature,300,20,EU_F07M,MV Flagship Paris,12655.34,3326.29,16,16537.61,13738.51,5181.87,19,19638.41,52,46,6,51,47,0
MV-90209,Men Suit Sets Modern,GRG,Greige,Ready-to-Wear,Men,Suits,Suit Sets,MV,Maison Voss,300,20,EU_F07M,MV Flagship Paris,709.22,252.44,3,959.51,438.26,115.9,2,639.67,7,6,1,5,4,0
MV-88366,Men Blazers Classic,CAM,Camel,Ready-to-Wear,Men,Outerwear,Blazers,MV,Maison Voss,300,20,EU_F07M,MV Flagship Paris,49494.91,13720.99,77,69539.5,50660.11,15240.82,76,68636.39,272,238,34,244,203,0
MV-96870,Women Day Dresses Relaxed,NOI,Noir,Ready-to-Wear,Women,Dresses,Day Dresses,MVS,MV Signature,300,50,EU_F07M,MV Flagship Paris,53545.52,19867.52,120,73919.33,63611.99,17916.14,147,90551.18,263,228,35,361,240,0
MV-60181,Women Jackets Classic,TAN,Tan,Ready-to-Wear,Women,Outerwear,Jackets,MVS,MV Signature,300,20,EU_F07M,MV Flagship Paris,17326.14,4583.93,36,26327.69,16747.82,5808.8,36,26327.69,113,79,34,115,94,0
MV-89299,Men Bracelets Luxe,NOI,Noir,Accessories,Men,Jewelry,Bracelets,MV,Maison Voss,300,50,EU_F07M,MV Flagship Paris,72850.17,18275.86,167,87061.7,72347.57,23944.17,166,86540.38,471,443,28,384,276,0
MV-92478,Women Blazers Classic,GRG,Greige,Ready-to-Wear,Women,Outerwear,Blazers,MV,Maison Voss,300,20,EU_F07M,MV Flagship Paris,35638.07,11557.33,56,46527.12,39747.54,10320.8,61,50681.32,48,33,15,54,53,0
MV-12671,Men Ballet Flats Slim,TRP,Taupe,Footwear,Men,Flats,Ballet Flats,MVS,MV Signature,300,50,EU_F07M,MV Flagship Paris,16424.2,6042.21,63,24178.5,13418.17,4287.74,48,18421.71,123,78,45,105,87,0
MV-60052,Unisex Evening Dresses,VRT,Vert,Ready-to-Wear,Unisex,Dresses,Evening Dresses,MVS,MV Signature,300,50,EU_F07M,MV Flagship Paris,48019.44,12607.97,118,69649.96,41205.81,11971.45,101,59615.64,276,256,20,239,204,0
MV-29597,Women Leather Belts,CHP,Champagne,Leather Goods,Women,Belts,Leather Belts,MV,Maison Voss,300,50,EU_F07M,MV Flagship Paris,9549.63,3208.15,22,12130.89,7342.93,2115.31,16,8822.46,54,48,6,41,34,0
MV-80798,Men Chain Belts Modern,CRM,Cognac,Leather Goods,Men,Belts,Chain Belts,MV,Maison Voss,300,50,EU_F07M,MV Flagship Paris,13985.17,3931.96,27,19816.03,13503.03,3410.81,23,16880.32,22,20,2,16,9,0
MV-93717,Women Leather Belts Heritage,BLU,Bleu Marine,Leather Goods,Women,Belts,Leather Belts,MVS,MV Signature,300,20,EU_F07M,MV Flagship Paris,94531.26,30996.0,150,138727.91,98915.3,29925.73,164,151675.85,547,479,68,553,367,0
MV-30644,Men Chain Belts Slim,SBL,Sable,Leather Goods,Men,Belts,Chain Belts,MV,Maison Voss,300,50,EU_F07M,MV Flagship Paris,100207.27,26458.56,146,141538.01,109361.7,35274.14,152,147354.65,408,278,130,358,348,0
MV-52487,Men Mini Bags Luxe,BEG,Beige,Leather Goods,Men,Handbags,Mini Bags,MV,Maison Voss,300,20,EU_F07M,MV Flagship Paris,173681.92,51804.61,238,209388.86,131495.78,39886.11,183,161000.68,825,525,300,517,413,0
MV-56019,Men Shorts Slim,RSE,Rose Poudre,Ready-to-Wear,Men,Bottoms,Shorts,MV,Maison Voss,300,20,EU_F07M,MV Flagship Paris,48647.61,17225.35,147,68612.23,61996.11,20522.53,177,82614.72,402,295,107,424,322,0
MV-82512,Women Shorts Heritage,ROG,Rouge,Ready-to-Wear,Women,Bottoms,Shorts,MV,Maison Voss,300,30,EU_F07M,MV Flagship Paris,5510.88,1816.86,8,7640.09,5083.87,1670.91,7,6685.08,21,20,1,20,15,0
MV-30730,Men High Top Luxe,NVY,Navy,Footwear,Men,Sneakers,High Top,MV,Maison Voss,300,20,EU_F07M,MV Flagship Paris,47346.78,16946.1,110,71005.2,34947.47,9729.55,84,54222.15,436,283,153,268,226,0
MV-39444,Men Key Holders Relaxed,NVY,Navy,Leather Goods,Men,Small Leather Goods,Key Holders,MV,Maison Voss,300,20,EU_F07M,MV Flagship Paris,31760.54,8378.03,33,45009.64,24041.99,6564.9,23,31370.35,111,93,18,68,45,0
MV-67939,Women Weekender Classic,BRG,Bordeaux,Leather Goods,Women,Luggage,Weekender,MV,Maison Voss,300,20,EU_F07M,MV Flagship Paris,187673.68,55087.28,297,266024.86,228080.34,63096.72,346,309914.48,1034,706,328,1136,682,0
MV-88366,Men Blazers Classic,BLU,Bleu Marine,Ready-to-Wear,Men,Outerwear,Blazers,MV,Maison Voss,300,20,EU_F07M,MV Flagship Paris,17082.95,5517.0,40,22329.57,19059.19,5141.84,41,22887.8,46,39,7,42,32,0
MV-68929,Women Crossbody Bags Relaxed,SBL,Sable,Leather Goods,Women,Handbags,Crossbody Bags,MV,Maison Voss,300,20,EU_F07M,MV Flagship Paris,22754.36,8178.59,51,29567.58,23301.03,7513.39,57,33046.12,120,100,20,146,133,0
MV-26912,Men Suit Sets Essential,CRM,Cognac,Ready-to-Wear,Men,Suits,Suit Sets,MVS,MV Signature,300,20,EU_F07M,MV Flagship Paris,18126.95,5267.34,47,23330.78,20155.72,6266.67,54,26805.58,67,44,23,73,56,0
MV-44687,Men Card Holders Modern,CRM,Cognac,Leather Goods,Men,Small Leather Goods,Card Holders,MVS,MV Signature,300,20,EU_F07M,MV Flagship Paris,14207.43,3697.14,24,19217.76,16551.38,4276.64,26,20819.24,18,16,2,17,11,0
MV-44664,Women Shoulder Bags Modern,ROG,Rouge,Leather Goods,Women,Handbags,Shoulder Bags,MVS,MV Signature,300,50,EU_F07M,MV Flagship Paris,1862.12,535.48,4,2287.76,2109.6,635.72,5,2859.7,10,8,2,15,14,0
MV-66349,Women Crossbody Bags Modern,BRG,Bordeaux,Leather Goods,Women,Handbags,Crossbody Bags,MV,Maison Voss,300,20,EU_F07M,MV Flagship Paris,96593.7,34595.71,143,123463.21,99108.58,29828.31,140,120873.07,319,308,11,324,305,0
MV-64524,Women Check-In Modern,CAM,Camel,Leather Goods,Women,Luggage,Check-In,MV,Maison Voss,300,20,EU_F07M,MV Flagship Paris,36547.2,9195.19,103,52853.07,45089.47,15687.32,117,60036.98,383,339,44,381,246,0
MV-57943,Women Shorts Essential,CRM,Creme,Ready-to-Wear,Women,Bottoms,Shorts,MV,Maison Voss,300,20,EU_F07M,MV Flagship Paris,1967.8,521.95,9,2430.82,1452.01,434.33,7,1890.64,29,18,11,25,19,0
MV-96275,Women Coats Essential,ARG,Argent,Ready-to-Wear,Women,Outerwear,Coats,MV,Maison Voss,300,20,EU_F07M,MV Flagship Paris,59615.48,20222.16,95,86333.88,68508.37,17407.08,115,104509.44,305,234,71,361,267,0
MV-30253,Men Weekender Essential,ROG,Rouge,Leather Goods,Men,Luggage,Weekender,MVS,MV Signature,300,20,EU_F07M,MV Flagship Paris,33131.99,8446.86,62,46739.04,32943.74,10928.28,67,50508.32,95,62,33,114,92,0
MV-44687,Men Card Holders Modern,SBL,Sable,Leather Goods,Men,Small Leather Goods,Card Holders,MVS,MV Signature,300,20,EU_F07M,MV Flagship Paris,10560.56,3220.03,33,14111.39,13807.98,4367.17,41,17532.33,61,38,23,74,63,0
MV-54942,Men Square Frames Relaxed,IVR,Ivoire,Accessories,Men,Sunglasses,Square Frames,MV,Maison Voss,300,20,EU_F07M,MV Flagship Paris,5307.54,1363.12,18,7381.69,5295.02,1651.87,18,7381.69,62,46,16,54,39,0
MV-31798,Women Shoulder Bags Essential,ANT,Anthracite,Leather Goods,Women,Handbags,Shoulder Bags,MV,Maison Voss,300,50,EU_F07M,MV Flagship Paris,101378.07,30481.68,124,142297.69,101199.5,28872.44,129,148035.5,299,188,111,368,227,0
MV-26912,Men Suit Sets Essential,BEG,Beige,Ready-to-Wear,Men,Suits,Suit Sets,MVS,MV Signature,300,70,EU_F07M,MV Flagship Paris,15187.62,4413.56,76,20130.79,20545.84,7200.99,93,24633.73,293,205,88,362,272,0
MV-71474,Men Loafers Relaxed,VRT,Vert,Footwear,Men,Flats,Loafers,MV,Maison Voss,300,20,EU_F07M,MV Flagship Paris,13519.16,4831.29,50,17768.78,14462.1,3994.59,57,20256.41,170,119,51,194,183,0
MV-99224,Men Day Dresses Relaxed,ECR,Ecru,Ready-to-Wear,Men,Dresses,Day Dresses,MVS,MV Signature,300,20,EU_F07M,MV Flagship Paris,20886.35,6036.81,59,26580.32,23938.5,7738.71,66,29733.92,107,88,19,108,98,0
MV-12671,Men Ballet Flats Slim,BRG,Bordeaux,Footwear,Men,Flats,Ballet Flats,MVS,MV Signature,300,20,EU_F07M,MV Flagship Paris,3142.64,1056.54,6,4362.47,2554.14,818.18,5,3635.4,16,12,4,13,8,0
MV-70931,Men Chain Belts Essential,NVY,Navy,Leather Goods,Men,Belts,Chain Belts,MVS,MV Signature,300,20,EU_F07M,MV Flagship Paris,17328.0,4794.77,40,23213.48,14221.09,4398.24,34,19731.46,53,49,4,47,34,0
MV-12180,Men High Top Signature,BEG,Beige,Footwear,Men,Sneakers,High Top,MVS,MV Signature,300,20,EU_F07M,MV Flagship Paris,3143.53,1091.77,13,4234.81,3563.11,1116.8,14,4560.56,18,13,5,16,11,0
MV-66349,Women Crossbody Bags Modern,SBL,Sable,Leather Goods,Women,Handbags,Crossbody Bags,MV,Maison Voss,300,50,EU_F07M,MV Flagship Paris,7727.6,2593.13,14,10470.31,10839.08,4080.19,17,12713.95,18,17,1,26,15,0
MV-58566,Men Leather Belts Relaxed,BLU,Bleu Marine,Leather Goods,Men,Belts,Leather Belts,MVS,MV Signature,300,20,EU_F07M,MV Flagship Paris,47802.55,17250.21,68,68364.87,45327.79,13674.33,67,67359.5,128,77,51,135,94,0
MV-92478,Women Blazers Classic,VRT,Vert,Ready-to-Wear,Women,Outerwear,Blazers,MV,Maison Voss,300,50,EU_F07M,MV Flagship Paris,61404.25,18493.15,153,82651.2,77697.43,23762.32,198,106960.38,180,142,38,196,177,0
MV-99173,Women Card Holders Modern,BLU,Bleu Marine,Leather Goods,Women,Small Leather Goods,Card Holders,MV,Maison Voss,300,50,EU_F07M,MV Flagship Paris,25909.94,8695.38,32,32339.27,29883.82,8947.45,38,38402.89,89,75,14,114,75,0
MV-40005,Men Silk Scarves Classic,CHP,Champagne,Accessories,Men,Scarves,Silk Scarves,MVS,MV Signature,300,50,EU_F07M,MV Flagship Paris,8921.47,3006.53,14,11308.32,7495.69,2597.93,11,8885.11,20,15,5,18,16,0
MV-25974,Women Chain Belts,IVR,Ivoire,Leather Goods,Women,Belts,Chain Belts,MV,Maison Voss,300,50,EU_F07M,MV Flagship Paris,37366.79,10408.76,66,52850.37,27292.02,9748.07,52,41639.68,99,95,4,89,61,0
MV-20543,Men Check-In Classic,ANT,Anthracite,Leather Goods,Men,Luggage,Check-In,MVS,MV Signature,300,20,EU_F07M,MV Flagship Paris,101321.61,31356.38,130,129817.61,86861.13,32574.0,114,113840.05,492,335,157,354,307,0
MV-29597,Women Leather Belts,CRM,Cognac,Leather Goods,Women,Belts,Leather Belts,MV,Maison Voss,300,20,EU_F07M,MV Flagship Paris,75866.51,24292.22,87,100976.16,83012.76,24803.6,94,109100.68,49,46,3,43,39,0
MV-95918,Women Suit Sets Modern,CRM,Cognac,Ready-to-Wear,Women,Suits,Suit Sets,MV,Maison Voss,300,20,EU_F07M,MV Flagship Paris,55993.79,14084.74,128,74049.77,39354.06,14339.99,101,58429.9,431,357,74,362,225,0
MV-52176,Women Check-In Relaxed,ARG,Argent,Leather Goods,Women,Luggage,Check-In,MVS,MV Signature,300,70,EU_F07M,MV Flagship Paris,43413.7,13239.2,48,60166.29,33668.62,11248.4,38,47631.65,185,121,64,135,103,0
MV-92478,Women Blazers Classic,NVY,Navy,Ready-to-Wear,Women,Outerwear,Blazers,MV,Maison Voss,300,50,EU_F07M,MV Flagship Paris,19130.07,5388.43,88,27803.7,19018.27,4830.39,78,24644.19,57,44,13,59,44,0
MV-30644,Men Chain Belts Slim,GRG,Greige,Leather Goods,Men,Belts,Chain Belts,MV,Maison Voss,300,20,EU_F07M,MV Flagship Paris,9736.41,3040.4,9,12513.04,11331.93,3229.64,10,13903.37,17,14,3,19,14,0
MV-22097,Men Leather Belts Essential,ROG,Rouge,Leather Goods,Men,Belts,Leather Belts,MV,Maison Voss,300,20,EU_F07M,MV Flagship Paris,19258.79,6738.66,27,25128.63,20741.97,7590.27,32,29782.08,20,18,2,23,16,0
MV-94323,Women Round Frames Classic,BLU,Bleu Marine,Accessories,Women,Sunglasses,Round Frames,MVS,MV Signature,300,50,EU_F07M,MV Flagship Paris,13543.91,4175.33,31,17601.72,11496.31,4254.44,24,13627.14,47,34,13,41,40,0
MV-12128,Women Cat Eye Signature,NOI,Noir,Accessories,Women,Sunglasses,Cat Eye,MV,Maison Voss,300,70,EU_F07M,MV Flagship Paris,8195.91,2321.96,45,10011.52,8399.6,3146.34,44,9789.04,40,39,1,31,21,0
MV-37460,Men Jackets Heritage,BLU,Bleu Marine,Ready-to-Wear,Men,Outerwear,Jackets,MV,Maison Voss,300,20,EU_F07M,MV Flagship Paris,90475.16,23644.06,167,125733.93,72419.69,21198.0,143,107664.38,336,327,9,252,237,0
MV-46655,Women Cat Eye Heritage,TAN,Tan,Accessories,Women,Sunglasses,Cat Eye,MV,Maison Voss,300,20,EU_F07M,MV Flagship Paris,67347.79,17871.3,131,84937.43,74008.93,19577.02,141,91421.21,165,149,16,164,153,0
MV-71953,Women Suit Trousers Relaxed,TRP,Taupe,Ready-to-Wear,Women,Suits,Suit Trousers,MVS,MV Signature,300,50,EU_F07M,MV Flagship Paris,6255.38,2037.07,9,8756.99,6418.72,2058.59,9,8756.99,17,13,4,15,14,0
MV-22833,Women Midi Dresses Classic,ARG,Argent,Ready-to-Wear,Women,Dresses,Midi Dresses,MVS,MV Signature,300,20,EU_F07M,MV Flagship Paris,5471.59,1385.66,12,7993.45,6761.04,2288.62,14,9325.7,45,29,16,44,43,0
MV-30866,Women Loafers Modern,NOI,Noir,Footwear,Women,Flats,Loafers,MVS,MV Signature,300,30,EU_F07M,MV Flagship Paris,17810.2,6713.7,28,22683.85,13262.42,4379.65,20,16202.75,22,19,3,18,17,0
MV-84177,Men Leather Belts Classic,GRG,Greige,Leather Goods,Men,Belts,Leather Belts,MV,Maison Voss,300,20,EU_F07M,MV Flagship Paris,6486.92,2028.52,21,9329.21,5950.98,1610.78,19,8440.71,81,71,10,68,62,0
MV-48504,Women Slides Signature,GRG,Greige,Footwear,Women,Flats,Slides,MVS,MV Signature,300,20,EU_F07M,MV Flagship Paris,20245.99,7159.5,60,25795.43,19268.25,6288.67,54,23215.89,168,131,37,149,143,0
MV-31632,Women Weekender Luxe,NVY,Navy,Leather Goods,Women,Luggage,Weekender,MV,Maison Voss,300,20,EU_F07M,MV Flagship Paris,160839.93,53343.07,147,214428.33,133018.76,48614.73,134,195465.28,498,370,128,523,343,0
MV-91830,Women Bracelets,TAN,Tan,Accessories,Women,Jewelry,Bracelets,MV,Maison Voss,300,50,EU_F07M,MV Flagship Paris,55066.67,17758.04,208,70585.69,65501.66,18922.02,255,86535.34,507,435,72,531,482,0
MV-99224,Men Day Dresses Relaxed,BEG,Beige,Ready-to-Wear,Men,Dresses,Day Dresses,MVS,MV Signature,300,30,EU_F07M,MV Flagship Paris,14492.78,4492.85,67,18544.27,12943.95,4389.51,67,18544.27,109,72,37,90,57,0
MV-25043,Men Loafers,IVR,Ivoire,Footwear,Men,Flats,Loafers,MVS,MV Signature,300,50,EU_F07M,MV Flagship Paris,78895.03,28984.91,115,101535.11,87012.4,29585.28,120,105949.68,66,52,14,58,49,0
MV-62044,Women Low Top Classic,TAN,Tan,Footwear,Women,Sneakers,Low Top,MVS,MV Signature,300,20,EU_F07M,MV Flagship Paris,32454.65,8322.86,47,38581.67,28900.25,7842.1,39,32014.58,126,115,11,92,89,0
MV-65444,Women Berets,ECR,Ecru,Accessories,Women,Hats,Berets,MVS,MV Signature,300,20,EU_F07M,MV Flagship Paris,7087.63,2130.37,14,10479.09,7896.16,2275.89,16,11976.1,31,18,13,39,36,0
MV-74866,Women Wool Scarves Luxe,BEG,Beige,Accessories,Women,Scarves,Wool Scarves,MV,Maison Voss,300,50,EU_F07M,MV Flagship Paris,12399.81,3193.88,47,16012.54,12362.88,3404.75,48,16353.24,93,67,26,104,77,0
MV-27961,Women Blouses Signature,NOI,Noir,Ready-to-Wear,Women,Tops,Blouses,MV,Maison Voss,300,70,EU_F07M,MV Flagship Paris,31103.19,8071.03,51,39582.61,27875.84,7923.95,44,34149.71,26,20,6,19,18,0
MV-69459,Women Rings Signature,BRG,Bordeaux,Accessories,Women,Jewelry,Rings,MV,Maison Voss,300,20,EU_F07M,MV Flagship Paris,26746.93,7666.22,86,38287.1,24963.27,7571.99,76,33835.11,175,114,61,127,94,0
MV-62772,Men Tote Bags Signature,SBL,Sable,Leather Goods,Men,Handbags,Tote Bags,MV,Maison Voss,300,70,EU_F07M,MV Flagship Paris,13668.91,4921.18,15,16675.48,17165.64,5480.89,19,21122.28,35,32,3,51,47,0
MV-60052,Unisex Evening Dresses,NVY,Navy,Ready-to-Wear,Unisex,Dresses,Evening Dresses,MVS,MV Signature,300,50,EU_F07M,MV Flagship Paris,9996.13,3668.78,29,13402.12,11092.83,3786.75,31,14326.4,85,60,25,95,79,0
MV-27961,Women Blouses Signature,VRT,Vert,Ready-to-Wear,Women,Tops,Blouses,MV,Maison Voss,300,30,EU_F07M,MV Flagship Paris,14796.03,5321.06,28,22315.68,16391.83,4964.88,29,23112.67,46,39,7,44,27,0
MV-15014,Women Bracelets Modern,ARG,Argent,Accessories,Women,Jewelry,Bracelets,MVS,MV Signature,300,30,EU_F07M,MV Flagship Paris,100724.29,28268.0,203,120423.61,127998.29,33094.41,254,150677.82,562,509,53,793,532,0
MV-76237,Women Skirts Classic,VRT,Vert,Ready-to-Wear,Women,Bottoms,Skirts,MV,Maison Voss,300,50,EU_F07M,MV Flagship Paris,11620.06,3273.12,37,13894.61,8622.83,2616.51,30,11265.9,56,44,12,51,30,0
MV-15014,Women Bracelets Modern,TRP,Taupe,Accessories,Women,Jewelry,Bracelets,MVS,MV Signature,300,50,EU_F07M,MV Flagship Paris,49114.03,17042.36,89,64393.79,43394.37,11041.66,80,57882.06,252,219,33,206,188,0
MV-47512,Men Tops Relaxed,CRM,Creme,Ready-to-Wear,Men,Tops,Tops,MVS,MV Signature,300,50,EU_F07M,MV Flagship Paris,32570.18,11629.3,88,43531.83,40487.94,13197.85,104,51446.71,57,35,22,73,54,0
MV-33647,Men Coats Heritage,NVY,Navy,Ready-to-Wear,Men,Outerwear,Coats,MVS,MV Signature,300,20,EU_F07M,MV Flagship Paris,12614.75,4146.86,19,17025.14,11718.55,3402.67,17,15233.02,19,15,4,18,14,0
MV-20745,Unisex Mini Bags Essential,BLU,Bleu Marine,Leather Goods,Unisex,Handbags,Mini Bags,MVS,MV Signature,300,20,EU_F07M,MV Flagship Paris,34037.92,8522.3,53,49544.32,41549.15,11848.2,66,61696.7,134,117,17,175,125,0
MV-59308,Men Knitwear Essential,IVR,Ivoire,Ready-to-Wear,Men,Tops,Knitwear,MVS,MV Signature,300,20,EU_F07M,MV Flagship Paris,89119.69,28202.21,142,130179.2,65487.8,19412.34,101,92592.25,298,283,15,188,153,0
MV-53655,Women Leather Belts Slim,CHP,Champagne,Leather Goods,Women,Belts,Leather Belts,MV,Maison Voss,300,50,EU_F07M,MV Flagship Paris,20649.16,7523.4,40,25508.34,15687.64,5690.38,34,21682.09,97,61,36,86,65,0
MV-43586,Women Jeans Signature,CRM,Cognac,Ready-to-Wear,Women,Bottoms,Jeans,MV,Maison Voss,300,50,EU_F07M,MV Flagship Paris,85776.61,30382.64,184,114647.04,62806.7,23756.45,137,85362.2,659,495,164,419,314,0
MV-44687,Men Card Holders Modern,TRP,Taupe,Leather Goods,Men,Small Leather Goods,Card Holders,MVS,MV Signature,300,30,EU_F07M,MV Flagship Paris,8374.89,2419.19,15,11117.08,7601.51,2569.06,15,11117.08,16,9,7,16,11,0
MV-23238,Women Knitwear Essential,RSE,Rose Poudre,Ready-to-Wear,Women,Tops,Knitwear,MV,Maison Voss,300,50,EU_F07M,MV Flagship Paris,1393.51,484.51,4,1897.87,1460.11,509.42,4,1897.87,3,2,1,3,2,0
MV-65851,Women Midi Dresses Slim,VRT,Vert,Ready-to-Wear,Women,Dresses,Midi Dresses,MV,Maison Voss,300,70,EU_F07M,MV Flagship Paris,66756.53,23286.95,140,100923.1,63544.63,24053.77,121,87226.39,312,300,12,242,220,0
MV-12260,Men Knee High Modern,TAN,Tan,Footwear,Men,Boots,Knee High,MVS,MV Signature,300,50,EU_F07M,MV Flagship Paris,48887.41,16766.59,119,69417.02,66867.25,19817.79,153,89250.46,71,62,9,107,81,0
MV-62034,Women Necklaces Luxe,CRM,Creme,Accessories,Women,Jewelry,Necklaces,MVS,MV Signature,300,20,EU_F07M,MV Flagship Paris,163218.36,52958.81,311,223959.23,133277.12,37452.39,264,190113.3,432,357,75,359,284,0
MV-20077,Men Chain Belts Slim,BRG,Bordeaux,Leather Goods,Men,Belts,Chain Belts,MVS,MV Signature,300,50,EU_F07M,MV Flagship Paris,61678.77,15938.51,72,76778.29,56425.15,20726.42,63,67181.0,123,91,32,101,67,0
MV-69459,Women Rings Signature,CAM,Camel,Accessories,Women,Jewelry,Rings,MV,Maison Voss,300,20,EU_F07M,MV Flagship Paris,70727.59,23579.13,175,96795.38,82915.16,29400.75,196,108410.83,452,380,72,481,443,0
MV-18799,Women Jeans Modern,ECR,Ecru,Ready-to-Wear,Women,Bottoms,Jeans,MV,Maison Voss,300,20,EU_F07M,MV Flagship Paris,24195.72,7036.07,111,36786.41,16541.89,4204.44,79,26181.32,108,84,24,63,49,0
MV-82135,Women Trousers Slim,RSE,Rose Poudre,Ready-to-Wear,Women,Bottoms,Trousers,MVS,MV Signature,300,20,EU_F07M,MV Flagship Paris,23501.57,8454.47,118,32759.79,25963.22,8480.87,138,38312.3,236,175,61,297,240,0
MV-20745,Unisex Mini Bags Essential,ARG,Argent,Leather Goods,Unisex,Handbags,Mini Bags,MVS,MV Signature,300,20,EU_F07M,MV Flagship Paris,39095.63,14206.43,53,48727.41,36883.05,13720.78,56,51485.57,156,139,17,164,152,0
MV-35995,Unisex Check-In Modern,BRG,Bordeaux,Leather Goods,Unisex,Luggage,Check-In,MVS,MV Signature,300,50,EU_F07M,MV Flagship Paris,26852.89,8267.1,30,36071.24,36576.14,9805.16,38,45690.23,16,14,2,22,20,0
MV-39444,Men Key Holders Relaxed,CRM,Cognac,Leather Goods,Men,Small Leather Goods,Key Holders,MV,Maison Voss,300,50,EU_F07M,MV Flagship Paris,159976.99,42110.87,173,199159.54,194990.68,67584.65,218,250964.04,291,255,36,354,251,0
MV-15014,Women Bracelets Modern,CAM,Camel,Accessories,Women,Jewelry,Bracelets,MVS,MV Signature,300,20,EU_F07M,MV Flagship Paris,10936.07,3875.53,35,14350.42,10674.28,2754.4,35,14350.42,78,67,11,75,57,0
MV-41029,Women Ballet Flats Luxe,CHP,Champagne,Footwear,Women,Flats,Ballet Flats,MV,Maison Voss,300,20,EU_F07M,MV Flagship Paris,25090.06,8827.46,49,35572.86,24119.66,6675.32,49,35572.86,32,30,2,38,27,0
MV-54589,Women Carry-On Slim,ANT,Anthracite,Leather Goods,Women,Luggage,Carry-On,MV,Maison Voss,300,50,EU_F07M,MV Flagship Paris,23083.5,8656.34,37,27029.44,26764.14,9543.35,46,33604.16,24,19,5,30,28,0
MV-76132,Unisex Leather Belts Slim,TRP,Taupe,Leather Goods,Unisex,Belts,Leather Belts,MV,Maison Voss,300,20,EU_F07M,MV Flagship Paris,20939.98,7367.3,52,30788.34,30399.49,8174.11,66,39077.51,31,28,3,44,31,0
MV-60432,Women Suit Sets Essential,TRP,Taupe,Ready-to-Wear,Women,Suits,Suit Sets,MVS,MV Signature,300,20,EU_F07M,MV Flagship Paris,15228.83,4597.31,40,18899.63,15725.57,4240.33,41,19372.12,94,92,2,115,76,0
MV-62383,Men Berets Relaxed,IVR,Ivoire,Accessories,Men,Hats,Berets,MVS,MV Signature,300,50,EU_F07M,MV Flagship Paris,1613.68,607.68,3,2170.79,961.79,312.83,2,1447.19,9,7,2,8,7,0
MV-17331,Women Key Holders Relaxed,ARG,Argent,Leather Goods,Women,Small Leather Goods,Key Holders,MVS,MV Signature,300,20,EU_F07M,MV Flagship Paris,122689.93,36928.16,135,173531.63,95575.56,35615.38,98,125971.11,70,57,13,59,54,0
MV-77033,Women Weekender Modern,ANT,Anthracite,Leather Goods,Women,Luggage,Weekender,MVS,MV Signature,300,20,EU_F07M,MV Flagship Paris,25966.74,9806.13,37,35869.23,23858.84,8981.79,35,33930.35,29,19,10,22,18,0
MV-67637,Men Midi Dresses Essential,TRP,Taupe,Ready-to-Wear,Men,Dresses,Midi Dresses,MV,Maison Voss,300,20,EU_F07M,MV Flagship Paris,24078.85,7572.45,56,33051.56,30618.96,7967.01,69,40724.24,109,76,33,113,93,0
MV-99181,Women Blazers Modern,IVR,Ivoire,Ready-to-Wear,Women,Outerwear,Blazers,MVS,MV Signature,300,50,EU_F07M,MV Flagship Paris,5407.84,1631.39,9,7825.85,3913.39,1418.18,7,6086.77,5,3,2,4,2,0
MV-23579,Men Cat Eye,NVY,Navy,Accessories,Men,Sunglasses,Cat Eye,MVS,MV Signature,300,20,EU_F07M,MV Flagship Paris,232.41,74.28,1,284.0,0.0,0.0,0,0.0,3,1,2,2,1,0
MV-71953,Women Suit Trousers Relaxed,ROG,Rouge,Ready-to-Wear,Women,Suits,Suit Trousers,MVS,MV Signature,300,30,EU_F07M,MV Flagship Paris,8906.9,2344.09,17,12368.4,8741.72,3239.4,18,13095.95,15,10,5,13,11,0
MV-23238,Women Knitwear Essential,NOI,Noir,Ready-to-Wear,Women,Tops,Knitwear,MV,Maison Voss,300,50,EU_F07M,MV Flagship Paris,32939.79,10834.31,77,40516.79,27569.96,6941.73,70,36833.44,280,176,104,258,156,0
MV-71797,Men Shoulder Bags Classic,BRG,Bordeaux,Leather Goods,Men,Handbags,Shoulder Bags,MVS,MV Signature,300,50,EU_F07M,MV Flagship Paris,2297.8,852.17,6,2846.63,1416.98,499.17,4,1897.75,14,13,1,8,6,0
MV-82512,Women Shorts Heritage,IVR,Ivoire,Ready-to-Wear,Women,Bottoms,Shorts,MV,Maison Voss,300,50,EU_F07M,MV Flagship Paris,62554.91,18225.15,152,81558.04,55749.49,21061.74,134,71899.85,381,313,68,273,165,0
MV-78955,Women Pouches Modern,NVY,Navy,Leather Goods,Women,Small Leather Goods,Pouches,MV,Maison Voss,300,50,EU_F07M,MV Flagship Paris,9686.91,2462.98,15,11744.58,8283.82,2586.02,14,10961.61,26,23,3,27,25,0
MV-24316,Women Low Top Relaxed,BEG,Beige,Footwear,Women,Sneakers,Low Top,MV,Maison Voss,300,20,EU_F07M,MV Flagship Paris,4045.57,1478.4,14,5373.67,3305.51,941.5,11,4222.17,18,14,4,15,11,0
MV-96870,Women Day Dresses Relaxed,BRG,Bordeaux,Ready-to-Wear,Women,Dresses,Day Dresses,MVS,MV Signature,300,70,EU_F07M,MV Flagship Paris,3970.43,1156.31,12,5188.7,4561.04,1291.14,15,6485.87,26,25,1,31,22,0
MV-22833,Women Midi Dresses Classic,BRG,Bordeaux,Ready-to-Wear,Women,Dresses,Midi Dresses,MVS,MV Signature,300,20,EU_F07M,MV Flagship Paris,430.42,108.15,1,529.55,442.46,113.75,1,529.55,2,1,1,2,1,0
MV-80798,Men Chain Belts Modern,GRG,Greige,Leather Goods,Men,Belts,Chain Belts,MV,Maison Voss,300,30,EU_F07M,MV Flagship Paris,67460.76,18810.46,93,82776.44,64976.85,24277.58,87,77436.02,207,180,27,224,214,0
MV-22833,Women Midi Dresses Classic,VRT,Vert,Ready-to-Wear,Women,Dresses,Midi Dresses,MVS,MV Signature,300,20,EU_F07M,MV Flagship Paris,47223.25,12662.79,132,57228.93,49055.31,17365.76,136,58963.14,350,294,56,398,246,0
MV-35203,Men Blazers Modern,SBL,Sable,Ready-to-Wear,Men,Outerwear,Blazers,MVS,MV Signature,300,20,EU_F07M,MV Flagship Paris,43140.76,11276.17,60,53456.97,28349.72,9314.2,42,37419.88,107,76,31,88,58,0
MV-76039,Women Boots Relaxed,TAN,Tan,Footwear,Women,Heels,Boots,MVS,MV Signature,300,70,EU_F07M,MV Flagship Paris,7357.53,2420.45,13,9396.1,7817.23,2183.02,14,10118.88,50,37,13,48,46,0
MV-27486,Women Mules Classic,CRM,Creme,Footwear,Women,Heels,Mules,MVS,MV Signature,300,20,EU_F07M,MV Flagship Paris,16038.36,5839.5,21,21346.4,15562.43,4863.71,21,21346.4,22,15,7,26,25,0
MV-93283,Unisex Wallets Luxe,TRP,Taupe,Leather Goods,Unisex,Small Leather Goods,Wallets,MV,Maison Voss,300,20,EU_F07M,MV Flagship Paris,31492.2,8867.43,41,45826.39,41154.7,14194.54,53,59238.99,155,146,9,222,145,0
MV-26912,Men Suit Sets Essential,BLU,Bleu Marine,Ready-to-Wear,Men,Suits,Suit Sets,MVS,MV Signature,300,20,EU_F07M,MV Flagship Paris,109890.01,37993.11,195,143610.3,83238.44,21395.5,141,103841.29,758,542,216,591,485,0
MV-98815,Men Check-In,ARG,Argent,Leather Goods,Men,Luggage,Check-In,MVS,MV Signature,300,20,EU_F07M,MV Flagship Paris,18677.64,5735.39,18,23750.28,22193.55,5651.78,21,27708.66,9,7,2,8,5,0
MV-66531,Unisex Key Holders Modern,ANT,Anthracite,Leather Goods,Unisex,Small Leather Goods,Key Holders,MVS,MV Signature,300,20,EU_F07M,MV Flagship Paris,62823.85,20891.06,83,89638.6,67255.99,20195.5,82,88558.62,263,236,27,211,200,0
MV-33703,Men Earrings Slim,ANT,Anthracite,Accessories,Men,Jewelry,Earrings,MVS,MV Signature,300,50,EU_F07M,MV Flagship Paris,19569.35,7139.24,36,26427.14,16819.26,4701.11,30,22022.62,133,96,37,116,103,0
MV-54725,Women Suit Trousers Classic,CAM,Camel,Ready-to-Wear,Women,Suits,Suit Trousers,MV,Maison Voss,300,20,EU_F07M,MV Flagship Paris,14798.36,5022.74,22,20082.86,18552.14,6102.13,27,24647.14,17,13,4,23,22,0
MV-28191,Women Chelsea Boots Luxe,ECR,Ecru,Footwear,Women,Boots,Chelsea Boots,MV,Maison Voss,300,20,EU_F07M,MV Flagship Paris,18952.19,6972.92,38,26985.41,14648.07,5025.37,31,22014.42,129,113,16,90,66,0
MV-66881,Men Trousers Modern,SBL,Sable,Ready-to-Wear,Men,Bottoms,Trousers,MV,Maison Voss,300,20,EU_F07M,MV Flagship Paris,1464.61,441.94,4,1938.32,1578.83,551.98,4,1938.32,15,12,3,18,17,0
MV-59308,Men Knitwear Essential,SBL,Sable,Ready-to-Wear,Men,Tops,Knitwear,MVS,MV Signature,300,50,EU_F07M,MV Flagship Paris,61332.8,19191.41,101,81336.79,49442.57,17736.83,78,62814.55,172,117,55,135,107,0
MV-23979,Women Check-In Relaxed,NOI,Noir,Leather Goods,Women,Luggage,Check-In,MV,Maison Voss,300,30,EU_F07M,MV Flagship Paris,13777.38,4899.28,17,19689.84,13135.18,4374.11,16,18531.61,33,23,10,25,18,0
MV-75308,Men Ballet Flats,CAM,Camel,Footwear,Men,Flats,Ballet Flats,MVS,MV Signature,300,50,EU_F07M,MV Flagship Paris,36386.17,9535.57,82,54317.08,42576.45,15199.01,85,56304.29,237,171,66,226,142,0
MV-59009,Women Earrings Slim,VRT,Vert,Accessories,Women,Jewelry,Earrings,MVS,MV Signature,300,70,EU_F07M,MV Flagship Paris,2427.62,611.09,4,3419.83,2551.83,669.58,4,3419.83,14,8,6,15,14,0
MV-63225,Unisex Key Holders,GRG,Greige,Leather Goods,Unisex,Small Leather Goods,Key Holders,MVS,MV Signature,300,20,EU_F07M,MV Flagship Paris,173903.51,48046.35,196,239720.31,223005.9,72469.58,254,310657.95,315,245,70,448,275,0
MV-74451,Unisex Weekender Modern,TRP,Taupe,Leather Goods,Unisex,Luggage,Weekender,MV,Maison Voss,300,20,EU_F07M,MV Flagship Paris,8478.25,2410.65,13,10691.6,7227.11,2074.36,11,9046.74,14,13,1,15,11,0
MV-60052,Unisex Evening Dresses,BLU,Bleu Marine,Ready-to-Wear,Unisex,Dresses,Evening Dresses,MVS,MV Signature,300,20,EU_F07M,MV Flagship Paris,72321.94,22556.11,136,91693.0,48450.94,14192.07,98,66072.9,378,261,117,235,222,0
MV-90031,Women Loafers Heritage,TRP,Taupe,Footwear,Women,Flats,Loafers,MV,Maison Voss,300,50,EU_F07M,MV Flagship Paris,37222.18,10049.22,105,46500.06,40346.21,11943.86,106,46942.91,106,102,4,115,103,0
MV-66881,Men Trousers Modern,BLU,Bleu Marine,Ready-to-Wear,Men,Bottoms,Trousers,MV,Maison Voss,300,30,EU_F07M,MV Flagship Paris,142171.34,44042.16,218,197323.54,145772.96,45684.81,218,197323.54,853,588,265,756,696,0
MV-62383,Men Berets Relaxed,ANT,Anthracite,Accessories,Men,Hats,Berets,MVS,MV Signature,300,70,EU_F07M,MV Flagship Paris,17041.33,5493.87,41,22569.8,14056.99,3932.46,33,18165.94,159,120,39,106,67,0
MV-31581,Men Key Holders Slim,ROG,Rouge,Leather Goods,Men,Small Leather Goods,Key Holders,MVS,MV Signature,300,20,EU_F07M,MV Flagship Paris,80523.46,30471.02,82,113059.4,57313.07,16968.22,60,82726.39,80,78,2,56,43,0
MV-96870,Women Day Dresses Relaxed,BRG,Bordeaux,Ready-to-Wear,Women,Dresses,Day Dresses,MVS,MV Signature,300,50,EU_F07M,MV Flagship Paris,14120.97,5077.03,29,20207.94,16070.94,4131.83,33,22995.24,62,51,11,79,52,0
MV-26074,Women Fedoras Slim,ROG,Rouge,Accessories,Women,Hats,Fedoras,MVS,MV Signature,300,20,EU_F07M,MV Flagship Paris,2326.28,873.36,12,2959.69,3271.14,1205.13,15,3699.61,34,29,5,40,27,0
MV-99173,Women Card Holders Modern,CRM,Creme,Leather Goods,Women,Small Leather Goods,Card Holders,MV,Maison Voss,300,20,EU_F07M,MV Flagship Paris,14378.69,4907.28,37,20134.36,13130.26,3330.61,31,16869.33,121,118,3,115,96,0
MV-93746,Women Blazers Essential,CAM,Camel,Ready-to-Wear,Women,Suits,Blazers,MV,Maison Voss,300,20,EU_F07M,MV Flagship Paris,3665.41,1090.38,11,4539.39,3201.2,1158.28,9,3714.05,37,28,9,31,19,0
MV-56438,Men Boots Essential,ARG,Argent,Footwear,Men,Heels,Boots,MV,Maison Voss,300,20,EU_F07M,MV Flagship Paris,193368.49,56726.06,255,261624.18,154679.82,55358.3,196,201091.52,401,255,146,272,262,0
MV-12128,Women Cat Eye Signature,RSE,Rose Poudre,Accessories,Women,Sunglasses,Cat Eye,MV,Maison Voss,300,20,EU_F07M,MV Flagship Paris,1625.23,555.7,6,2005.61,1555.15,474.23,6,2005.61,20,15,5,25,23,0
MV-72031,Women Blazers,ECR,Ecru,Ready-to-Wear,Women,Suits,Blazers,MV,Maison Voss,300,20,EU_F07M,MV Flagship Paris,27561.86,8184.72,56,41476.2,39095.73,14164.47,72,53326.54,58,51,7,70,50,0
MV-81364,Unisex Crossbody Bags Signature,BEG,Beige,Leather Goods,Unisex,Handbags,Crossbody Bags,MVS,MV Signature,300,50,EU_F07M,MV Flagship Paris,42735.02,15506.85,62,56700.24,39028.41,11025.03,61,55785.72,231,193,38,213,137,0
MV-33509,Unisex Fedoras Signature,ROG,Rouge,Accessories,Unisex,Hats,Fedoras,MVS,MV Signature,300,20,EU_F07M,MV Flagship Paris,22768.91,8611.02,49,29777.33,26484.41,10051.49,57,34638.94,103,75,28,101,79,0
MV-79822,Unisex Fedoras Slim,NOI,Noir,Accessories,Unisex,Hats,Fedoras,MV,Maison Voss,300,20,EU_F07M,MV Flagship Paris,13489.11,3482.2,68,18240.51,15165.35,4916.08,77,20654.7,63,48,15,76,72,0
MV-54185,Men Trousers Heritage,TRP,Taupe,Ready-to-Wear,Men,Bottoms,Trousers,MVS,MV Signature,300,50,EU_F07M,MV Flagship Paris,2800.8,1000.36,7,3456.59,2971.06,840.26,8,3950.39,11,10,1,11,8,0
MV-73242,Men Chain Belts Luxe,IVR,Ivoire,Leather Goods,Men,Belts,Chain Belts,MV,Maison Voss,300,20,EU_F07M,MV Flagship Paris,23560.17,6123.31,51,31955.2,24267.4,8236.4,54,33834.91,28,24,4,32,31,0
MV-20077,Men Chain Belts Slim,VRT,Vert,Leather Goods,Men,Belts,Chain Belts,MVS,MV Signature,300,50,EU_F07M,MV Flagship Paris,13921.48,3794.82,21,18157.83,14182.5,4176.36,21,18157.83,58,36,22,60,40,0
MV-39389,Women Mules Modern,GRG,Greige,Footwear,Women,Heels,Mules,MVS,MV Signature,300,20,EU_F07M,MV Flagship Paris,102211.79,32117.8,178,150090.11,123907.17,42286.95,196,165267.77,648,624,24,794,624,0
MV-30866,Women Loafers Modern,BLU,Bleu Marine,Footwear,Women,Flats,Loafers,MVS,MV Signature,300,20,EU_F07M,MV Flagship Paris,24627.52,6325.71,91,32684.2,22571.31,7234.42,85,30529.2,289,195,94,301,226,0
MV-91830,Women Bracelets,GRG,Greige,Accessories,Women,Jewelry,Bracelets,MV,Maison Voss,300,20,EU_F07M,MV Flagship Paris,118045.6,34813.71,228,163634.2,157194.18,51629.69,290,208131.22,724,685,39,890,601,0
MV-86556,Women Evening Dresses Classic,NOI,Noir,Ready-to-Wear,Women,Dresses,Evening Dresses,MV,Maison Voss,300,50,EU_F07M,MV Flagship Paris,1325.04,374.1,2,1796.73,701.44,177.73,1,898.37,2,1,1,1,0,0
MV-78955,Women Pouches Modern,ECR,Ecru,Leather Goods,Women,Small Leather Goods,Pouches,MV,Maison Voss,300,20,EU_F07M,MV Flagship Paris,21941.78,7542.76,21,25424.65,16868.59,4623.2,18,21792.56,34,33,1,33,24,0
MV-60181,Women Jackets Classic,BLU,Bleu Marine,Ready-to-Wear,Women,Outerwear,Jackets,MVS,MV Signature,300,20,EU_F07M,MV Flagship Paris,4953.5,1265.31,13,7163.28,4451.72,1234.83,11,6061.23,8,5,3,7,5,0
MV-14852,Men Loafers Slim,NOI,Noir,Footwear,Men,Flats,Loafers,MV,Maison Voss,300,20,EU_F07M,MV Flagship Paris,270.2,94.36,1,369.49,247.17,64.61,1,369.49,2,1,1,2,1,0
MV-81364,Unisex Crossbody Bags Signature,VRT,Vert,Leather Goods,Unisex,Handbags,Crossbody Bags,MVS,MV Signature,300,20,EU_F07M,MV Flagship Paris,12992.03,3587.01,17,18301.91,17511.94,6275.07,21,22608.24,15,10,5,18,14,0
MV-39102,Men Day Dresses Luxe,CAM,Camel,Ready-to-Wear,Men,Dresses,Day Dresses,MV,Maison Voss,300,20,EU_F07M,MV Flagship Paris,19789.47,5455.78,72,28883.34,15761.7,4594.25,54,21662.5,155,99,56,101,64,0
MV-14877,Women Necklaces Heritage,TRP,Taupe,Accessories,Women,Jewelry,Necklaces,MV,Maison Voss,300,20,EU_F07M,MV Flagship Paris,4054.04,1486.93,16,5556.62,3393.2,1179.98,14,4862.04,51,35,16,46,39,0
MV-68529,Men Ankle Boots,NVY,Navy,Footwear,Men,Boots,Ankle Boots,MVS,MV Signature,300,20,EU_F07M,MV Flagship Paris,14662.67,5328.12,45,18613.81,15036.29,5212.73,48,19854.73,127,120,7,141,96,0
MV-65444,Women Berets,IVR,Ivoire,Accessories,Women,Hats,Berets,MVS,MV Signature,300,50,EU_F07M,MV Flagship Paris,67792.54,25208.65,138,99941.14,51666.94,14501.83,105,76042.17,91,74,17,76,69,0
MV-84177,Men Leather Belts Classic,TRP,Taupe,Leather Goods,Men,Belts,Leather Belts,MV,Maison Voss,300,20,EU_F07M,MV Flagship Paris,54696.73,16644.06,75,69136.22,43859.37,16117.34,61,56230.8,299,184,115,241,162,0
MV-85914,Women Wallets,BLU,Bleu Marine,Leather Goods,Women,Small Leather Goods,Wallets,MV,Maison Voss,300,20,EU_F07M,MV Flagship Paris,30855.68,9299.9,31,45208.08,38722.37,11411.14,38,55416.35,43,40,3,59,38,0
MV-48177,Women Card Holders Essential,IVR,Ivoire,Leather Goods,Women,Small Leather Goods,Card Holders,MV,Maison Voss,300,20,EU_F07M,MV Flagship Paris,13113.45,3414.33,29,16935.03,16092.71,5460.22,36,21022.8,59,52,7,78,58,0
MV-54657,Women Evening Dresses Slim,BEG,Beige,Ready-to-Wear,Women,Dresses,Evening Dresses,MV,Maison Voss,300,50,EU_F07M,MV Flagship Paris,13471.59,4230.05,38,18208.05,16843.5,4477.9,49,23478.8,25,15,10,35,24,0
MV-76542,Men Suit Sets Modern,BLU,Bleu Marine,Ready-to-Wear,Men,Suits,Suit Sets,MVS,MV Signature,300,20,EU_F07M,MV Flagship Paris,7680.25,2359.24,12,10712.55,8817.43,3339.84,13,11605.26,44,37,7,54,44,0
MV-96341,Women Card Holders Signature,GRG,Greige,Leather Goods,Women,Small Leather Goods,Card Holders,MVS,MV Signature,300,20,EU_F07M,MV Flagship Paris,60976.01,21188.43,63,91538.22,53797.7,14664.49,58,84273.28,62,56,6,55,38,0
MV-56438,Men Boots Essential,RSE,Rose Poudre,Footwear,Men,Heels,Boots,MV,Maison Voss,300,20,EU_F07M,MV Flagship Paris,15692.07,4367.75,28,21081.21,17689.44,4584.69,33,24845.71,50,33,17,60,36,0
MV-65255,Women Evening Dresses Heritage,BEG,Beige,Ready-to-Wear,Women,Dresses,Evening Dresses,MV,Maison Voss,300,50,EU_F07M,MV Flagship Paris,82934.93,27862.72,121,114071.66,91266.84,25815.77,138,130098.25,133,98,35,174,164,0
MV-35995,Unisex Check-In Modern,IVR,Ivoire,Leather Goods,Unisex,Luggage,Check-In,MVS,MV Signature,300,20,EU_F07M,MV Flagship Paris,54995.47,15391.38,89,72792.49,43300.57,15959.67,66,53980.95,225,219,6,173,139,0
MV-59009,Women Earrings Slim,ECR,Ecru,Accessories,Women,Jewelry,Earrings,MVS,MV Signature,300,20,EU_F07M,MV Flagship Paris,35142.11,13349.2,59,44339.75,25516.52,8730.63,49,36824.54,134,84,50,117,77,0
MV-73242,Men Chain Belts Luxe,ANT,Anthracite,Leather Goods,Men,Belts,Chain Belts,MV,Maison Voss,300,50,EU_F07M,MV Flagship Paris,21268.84,6356.04,28,30186.95,24617.45,8994.83,31,33421.26,28,27,1,34,26,0
MV-89507,Women Blazers Essential,CRM,Cognac,Ready-to-Wear,Women,Outerwear,Blazers,MV,Maison Voss,300,20,EU_F07M,MV Flagship Paris,4404.36,1493.31,14,6211.43,4474.87,1552.82,14,6211.43,55,34,21,58,46,0
MV-35995,Unisex Check-In Modern,GRG,Greige,Leather Goods,Unisex,Luggage,Check-In,MVS,MV Signature,300,20,EU_F07M,MV Flagship Paris,46707.31,16558.44,95,66620.87,61690.76,23266.63,122,85555.22,57,45,12,66,50,0
MV-28714,Men Trousers Luxe,CHP,Champagne,Ready-to-Wear,Men,Bottoms,Trousers,MV,Maison Voss,300,50,EU_F07M,MV Flagship Paris,8416.02,3008.56,42,11691.9,8009.74,2504.26,41,11413.52,74,46,28,63,41,0
MV-16175,Unisex Day Dresses Modern,RSE,Rose Poudre,Ready-to-Wear,Unisex,Dresses,Day Dresses,MV,Maison Voss,300,50,EU_F07M,MV Flagship Paris,5503.59,1768.29,16,7749.77,4765.82,1547.56,13,6296.69,60,37,23,48,44,0
MV-79822,Unisex Fedoras Slim,CAM,Camel,Accessories,Unisex,Hats,Fedoras,MV,Maison Voss,300,20,EU_F07M,MV Flagship Paris,5715.11,2155.12,13,8462.52,5771.27,2136.47,12,7811.56,17,16,1,15,11,0
MV-49618,Men Square Frames Classic,TAN,Tan,Accessories,Men,Sunglasses,Square Frames,MV,Maison Voss,300,20,EU_F07M,MV Flagship Paris,4351.61,1088.47,11,6259.0,4142.38,1325.46,10,5690.0,11,10,1,12,9,0
MV-91830,Women Bracelets,BEG,Beige,Accessories,Women,Jewelry,Bracelets,MV,Maison Voss,300,20,EU_F07M,MV Flagship Paris,47742.36,15019.89,95,67327.12,70092.57,21473.9,121,85753.49,238,205,33,298,274,0
MV-89507,Women Blazers Essential,BRG,Bordeaux,Ready-to-Wear,Women,Outerwear,Blazers,MV,Maison Voss,300,50,EU_F07M,MV Flagship Paris,11202.77,3056.64,16,15243.35,11997.97,3280.8,17,16196.06,55,33,22,67,62,0
MV-97684,Unisex Bracelets Luxe,VRT,Vert,Accessories,Unisex,Jewelry,Bracelets,MV,Maison Voss,300,70,EU_F07M,MV Flagship Paris,16230.64,5456.88,47,20693.74,18663.94,6391.64,59,25977.25,84,53,31,102,89,0
MV-15014,Women Bracelets Modern,VRT,Vert,Accessories,Women,Jewelry,Bracelets,MVS,MV Signature,300,20,EU_F07M,MV Flagship Paris,11670.54,4000.07,38,14533.52,8704.0,2479.35,26,9943.98,151,120,31,96,63,0
MV-68878,Men Carry-On Heritage,BEG,Beige,Leather Goods,Men,Luggage,Carry-On,MVS,MV Signature,300,30,EU_F07M,MV Flagship Paris,58880.9,15030.16,55,77810.79,58127.2,19022.63,59,83469.75,119,108,11,115,80,0
MV-33509,Unisex Fedoras Signature,ROG,Rouge,Accessories,Unisex,Hats,Fedoras,MVS,MV Signature,300,50,EU_F07M,MV Flagship Paris,79924.65,22411.24,133,104379.1,98002.78,34554.47,149,116935.98,375,373,2,486,342,0
MV-20336,Men Blazers Heritage,SBL,Sable,Ready-to-Wear,Men,Suits,Blazers,MV,Maison Voss,300,20,EU_F07M,MV Flagship Paris,26217.41,9515.38,128,35872.4,26552.19,6963.4,126,35311.89,141,119,22,158,134,0
MV-32527,Women Mules Luxe,SBL,Sable,Footwear,Women,Heels,Mules,MV,Maison Voss,300,20,EU_F07M,MV Flagship Paris,25019.51,7533.51,38,29544.08,26975.55,9768.76,45,34986.42,114,110,4,110,79,0
MV-54942,Men Square Frames Relaxed,CRM,Creme,Accessories,Men,Sunglasses,Square Frames,MV,Maison Voss,300,50,EU_F07M,MV Flagship Paris,445.33,113.74,1,563.56,422.8,128.24,1,563.56,2,1,1,2,1,0
MV-30257,Women Weekender Relaxed,NVY,Navy,Leather Goods,Women,Luggage,Weekender,MV,Maison Voss,300,70,EU_F07M,MV Flagship Paris,30524.39,11145.44,35,37551.72,32875.96,12180.81,36,38624.62,62,41,21,54,53,0
MV-27892,Men Suit Trousers Modern,BRG,Bordeaux,Ready-to-Wear,Men,Suits,Suit Trousers,MV,Maison Voss,300,20,EU_F07M,MV Flagship Paris,37615.15,10780.84,59,53497.82,29417.79,9077.55,44,39896.68,113,107,6,90,77,0
MV-77033,Women Weekender Modern,GRG,Greige,Leather Goods,Women,Luggage,Weekender,MVS,MV Signature,300,20,EU_F07M,MV Flagship Paris,18903.74,5754.7,51,24965.54,15436.77,4541.01,45,22028.41,42,27,15,42,34,0
MV-38047,Women Round Frames Relaxed,VRT,Vert,Accessories,Women,Sunglasses,Round Frames,MVS,MV Signature,300,20,EU_F07M,MV Flagship Paris,19949.38,6066.76,66,25273.47,23875.35,6662.36,72,27571.05,155,143,12,156,119,0
MV-71797,Men Shoulder Bags Classic,RSE,Rose Poudre,Leather Goods,Men,Handbags,Shoulder Bags,MVS,MV Signature,300,30,EU_F07M,MV Flagship Paris,4251.17,1249.64,10,5886.07,4795.76,1200.77,11,6474.68,24,15,9,30,25,0
MV-59009,Women Earrings Slim,VRT,Vert,Accessories,Women,Jewelry,Earrings,MVS,MV Signature,300,20,EU_F07M,MV Flagship Paris,21465.24,7296.0,66,30002.93,24414.16,6630.97,71,32275.88,175,173,2,215,190,0
MV-62044,Women Low Top Classic,BLU,Bleu Marine,Footwear,Women,Sneakers,Low Top,MVS,MV Signature,300,20,EU_F07M,MV Flagship Paris,6609.32,2048.37,12,9035.6,7334.93,2581.24,13,9788.57,31,22,9,38,31,0
MV-13396,Women Wallets Slim,CAM,Camel,Leather Goods,Women,Small Leather Goods,Wallets,MVS,MV Signature,300,20,EU_F07M,MV Flagship Paris,62737.49,23642.89,88,87227.73,75464.04,22692.71,110,109034.66,182,132,50,182,130,0
MV-50768,Men Knitwear Modern,GRG,Greige,Ready-to-Wear,Men,Tops,Knitwear,MVS,MV Signature,300,30,EU_F07M,MV Flagship Paris,9297.28,3296.14,26,11993.88,9596.48,3549.28,26,11993.88,27,17,10,27,18,0
MV-68991,Unisex Pouches Heritage,NVY,Navy,Leather Goods,Unisex,Small Leather Goods,Pouches,MV,Maison Voss,300,20,EU_F07M,MV Flagship Paris,58244.16,18715.75,78,81910.49,63190.22,19603.82,89,93461.97,56,54,2,60,44,0
MV-79615,Women Midi Dresses Slim,NVY,Navy,Ready-to-Wear,Women,Dresses,Midi Dresses,MV,Maison Voss,300,50,EU_F07M,MV Flagship Paris,2159.76,631.43,3,3035.5,2303.25,833.16,3,3035.5,3,2,1,3,1,0
MV-79924,Unisex Blazers Modern,SBL,Sable,Ready-to-Wear,Unisex,Outerwear,Blazers,MV,Maison Voss,300,20,EU_F07M,MV Flagship Paris,20371.76,5601.17,33,30511.31,18186.09,5168.19,30,27737.55,31,26,5,24,19,0
MV-94058,Women Chain Belts,CAM,Camel,Leather Goods,Women,Belts,Chain Belts,MVS,MV Signature,300,20,EU_F07M,MV Flagship Paris,29429.87,7405.38,77,41050.56,20376.98,6497.07,55,29321.83,146,91,55,101,77,0
MV-93283,Unisex Wallets Luxe,ARG,Argent,Leather Goods,Unisex,Small Leather Goods,Wallets,MV,Maison Voss,300,20,EU_F07M,MV Flagship Paris,18430.19,6254.11,16,24478.46,19802.25,5163.28,17,26008.37,29,19,10,36,26,0
MV-90301,Men High Top,ROG,Rouge,Footwear,Men,Sneakers,High Top,MVS,MV Signature,300,50,EU_F07M,MV Flagship Paris,39611.34,11145.19,100,48951.86,29843.56,9619.3,81,39651.0,333,329,4,300,289,0
MV-20077,Men Chain Belts Slim,ROG,Rouge,Leather Goods,Men,Belts,Chain Belts,MVS,MV Signature,300,70,EU_F07M,MV Flagship Paris,64546.21,18194.16,63,87342.71,67628.42,19466.77,68,94274.67,180,162,18,204,150,0
MV-88222,Men Suit Trousers Heritage,CHP,Champagne,Ready-to-Wear,Men,Suits,Suit Trousers,MV,Maison Voss,300,20,EU_F07M,MV Flagship Paris,20473.86,7565.42,56,28447.14,16307.67,4522.67,43,21843.34,99,64,35,92,61,0
MV-36143,Unisex Weekender Heritage,NOI,Noir,Leather Goods,Unisex,Luggage,Weekender,MVS,MV Signature,300,30,EU_F07M,MV Flagship Paris,27379.64,9879.41,27,39949.68,27916.89,7146.82,27,39949.68,49,30,19,58,49,0
MV-20993,Men Wool Scarves Slim,CAM,Camel,Accessories,Men,Scarves,Wool Scarves,MV,Maison Voss,300,20,EU_F07M,MV Flagship Paris,11287.12,4103.51,41,13917.63,12278.45,3328.48,49,16633.27,133,84,49,180,110,0
MV-92478,Women Blazers Classic,BLU,Bleu Marine,Ready-to-Wear,Women,Outerwear,Blazers,MV,Maison Voss,300,20,EU_F07M,MV Flagship Paris,29849.14,8542.16,57,42420.55,29846.77,9366.0,62,46141.65,105,77,28,101,98,0
MV-80468,Men Blouses Relaxed,BRG,Bordeaux,Ready-to-Wear,Men,Tops,Blouses,MVS,MV Signature,300,20,EU_F07M,MV Flagship Paris,22953.53,7647.22,40,29310.38,15494.23,4635.0,31,22715.54,58,54,4,53,47,0
MV-37535,Men Shirts Relaxed,RSE,Rose Poudre,Ready-to-Wear,Men,Tops,Shirts,MVS,MV Signature,300,20,EU_F07M,MV Flagship Paris,45346.28,13722.57,76,64892.0,54307.22,14858.48,85,72576.58,264,220,44,288,179,0
MV-46655,Women Cat Eye Heritage,NVY,Navy,Accessories,Women,Sunglasses,Cat Eye,MV,Maison Voss,300,50,EU_F07M,MV Flagship Paris,9267.0,2544.54,36,12520.5,10590.55,3515.04,36,12520.5,84,58,26,95,72,0
MV-39102,Men Day Dresses Luxe,BRG,Bordeaux,Ready-to-Wear,Men,Dresses,Day Dresses,MV,Maison Voss,300,20,EU_F07M,MV Flagship Paris,8953.91,2626.2,14,12064.1,11378.07,4141.51,17,14649.27,47,37,10,49,35,0
MV-84531,Women Check-In Classic,CHP,Champagne,Leather Goods,Women,Luggage,Check-In,MVS,MV Signature,300,50,EU_F07M,MV Flagship Paris,9414.67,2788.33,15,12263.44,8887.6,2864.37,15,12263.44,45,33,12,42,40,0
MV-68838,Men Suit Trousers Signature,NOI,Noir,Ready-to-Wear,Men,Suits,Suit Trousers,MV,Maison Voss,300,50,EU_F07M,MV Flagship Paris,652.17,211.98,1,923.68,660.1,202.36,1,923.68,3,1,2,3,2,0
MV-40005,Men Silk Scarves Classic,BLU,Bleu Marine,Accessories,Men,Scarves,Silk Scarves,MVS,MV Signature,300,20,EU_F07M,MV Flagship Paris,4119.05,1396.25,22,5243.96,5252.37,1629.86,25,5959.04,41,39,2,49,35,0
MV-69692,Women Suit Sets Essential,CHP,Champagne,Ready-to-Wear,Women,Suits,Suit Sets,MVS,MV Signature,300,20,EU_F07M,MV Flagship Paris,39491.95,12942.9,87,56494.15,31010.7,8625.09,72,46753.78,132,92,40,128,77,0
MV-11214,Men Coats Heritage,ECR,Ecru,Ready-to-Wear,Men,Outerwear,Coats,MVS,MV Signature,300,20,EU_F07M,MV Flagship Paris,38086.61,11402.0,100,45887.75,36773.22,10211.1,94,43134.48,265,233,32,212,129,0
MV-25396,Women Clutches Slim,CAM,Camel,Leather Goods,Women,Handbags,Clutches,MVS,MV Signature,300,20,EU_F07M,MV Flagship Paris,12893.51,4236.19,14,17854.15,15367.63,5632.91,17,21680.04,31,21,10,35,29,0
MV-30257,Women Weekender Relaxed,ARG,Argent,Leather Goods,Women,Luggage,Weekender,MV,Maison Voss,300,20,EU_F07M,MV Flagship Paris,150101.39,51777.1,202,207792.26,162947.16,49410.1,202,207792.26,241,165,76,287,223,0
MV-93746,Women Blazers Essential,IVR,Ivoire,Ready-to-Wear,Women,Suits,Blazers,MV,Maison Voss,300,20,EU_F07M,MV Flagship Paris,30320.59,9374.96,44,39812.73,22029.35,6325.29,32,28954.71,130,101,29,114,72,0
MV-96275,Women Coats Essential,RSE,Rose Poudre,Ready-to-Wear,Women,Outerwear,Coats,MV,Maison Voss,300,20,EU_F07M,MV Flagship Paris,54376.97,20422.9,157,65186.66,43953.38,12263.62,129,53561.01,276,240,36,222,169,0
MV-49618,Men Square Frames Classic,IVR,Ivoire,Accessories,Men,Sunglasses,Square Frames,MV,Maison Voss,300,70,EU_F07M,MV Flagship Paris,14457.19,5106.79,77,19792.35,18667.83,4677.22,96,24676.18,275,195,80,370,358,0
MV-30644,Men Chain Belts Slim,BRG,Bordeaux,Leather Goods,Men,Belts,Chain Belts,MV,Maison Voss,300,50,EU_F07M,MV Flagship Paris,40024.51,12538.26,81,57497.59,48403.19,17072.86,90,63886.22,141,107,34,167,129,0
MV-76542,Men Suit Sets Modern,CAM,Camel,Ready-to-Wear,Men,Suits,Suit Sets,MVS,MV Signature,300,20,EU_F07M,MV Flagship Paris,2077.17,688.0,5,2969.76,1547.57,468.66,4,2375.8,8,6,2,5,3,0
MV-99224,Men Day Dresses Relaxed,CRM,Cognac,Ready-to-Wear,Men,Dresses,Day Dresses,MVS,MV Signature,300,20,EU_F07M,MV Flagship Paris,9966.26,3108.53,15,12559.32,9725.86,3438.12,14,11722.03,26,24,2,22,16,0
MV-80468,Men Blouses Relaxed,BEG,Beige,Ready-to-Wear,Men,Tops,Blouses,MVS,MV Signature,300,20,EU_F07M,MV Flagship Paris,391.96,148.28,1,551.56,0.0,0.0,0,0.0,3,2,1,2,1,0
MV-25043,Men Loafers,CHP,Champagne,Footwear,Men,Flats,Loafers,MVS,MV Signature,300,20,EU_F07M,MV Flagship Paris,62333.78,23120.83,79,86686.5,50611.66,14165.35,61,66935.14,145,133,12,123,96,0
MV-38183,Men Suit Trousers Essential,VRT,Vert,Ready-to-Wear,Men,Suits,Suit Trousers,MVS,MV Signature,300,30,EU_F07M,MV Flagship Paris,7975.1,2004.08,26,10239.19,5476.58,1534.73,19,7482.49,69,47,22,46,37,0
MV-59672,Women Shoulder Bags Classic,VRT,Vert,Leather Goods,Women,Handbags,Shoulder Bags,MV,Maison Voss,300,50,EU_F07M,MV Flagship Paris,97214.81,32634.15,98,138346.09,69574.84,19824.45,74,104465.42,367,305,62,269,212,0
MV-82512,Women Shorts Heritage,TAN,Tan,Ready-to-Wear,Women,Bottoms,Shorts,MV,Maison Voss,300,50,EU_F07M,MV Flagship Paris,17213.5,5280.33,26,23881.49,17761.92,6572.26,26,23881.49,53,44,9,62,42,0
MV-22833,Women Midi Dresses Classic,VRT,Vert,Ready-to-Wear,Women,Dresses,Midi Dresses,MVS,MV Signature,300,20,EU_F07M,MV Flagship Paris,48635.64,12994.71,108,56635.51,57279.03,20929.31,135,70794.39,129,77,52,140,114,0
MV-66349,Women Crossbody Bags Modern,VRT,Vert,Leather Goods,Women,Handbags,Crossbody Bags,MV,Maison Voss,300,20,EU_F07M,MV Flagship Paris,4507.53,1151.54,8,6263.47,3228.43,1166.4,6,4697.6,23,21,2,18,13,0
MV-22097,Men Leather Belts Essential,ARG,Argent,Leather Goods,Men,Belts,Leather Belts,MV,Maison Voss,300,20,EU_F07M,MV Flagship Paris,8104.59,2662.03,12,11101.56,9151.6,3178.71,13,12026.69,46,44,2,41,39,0
MV-36318,Women Ankle Boots Slim,RSE,Rose Poudre,Footwear,Women,Boots,Ankle Boots,MV,Maison Voss,300,50,EU_F07M,MV Flagship Paris,7510.33,2781.08,26,9968.2,5968.35,1500.51,20,7667.84,29,25,4,21,13,0
MV-26505,Men Leather Belts Relaxed,BRG,Bordeaux,Leather Goods,Men,Belts,Leather Belts,MV,Maison Voss,300,30,EU_F07M,MV Flagship Paris,17568.0,4919.29,33,24669.03,11707.32,4256.14,23,17193.57,21,20,1,13,8,0
MV-13761,Women Evening Dresses Luxe,RSE,Rose Poudre,Ready-to-Wear,Women,Dresses,Evening Dresses,MVS,MV Signature,300,20,EU_F07M,MV Flagship Paris,16023.45,4550.72,27,20461.72,18927.68,5748.68,31,23493.09,63,59,4,71,58,0
MV-60181,Women Jackets Classic,VRT,Vert,Ready-to-Wear,Women,Outerwear,Jackets,MVS,MV Signature,300,70,EU_F07M,MV Flagship Paris,30717.03,10121.51,91,38911.67,25502.65,9175.71,81,34635.66,109,93,16,80,52,0
MV-66349,Women Crossbody Bags Modern,TRP,Taupe,Leather Goods,Women,Handbags,Crossbody Bags,MV,Maison Voss,300,20,EU_F07M,MV Flagship Paris,6013.22,1650.14,6,7981.46,5158.39,1829.8,5,6651.22,7,5,2,6,4,0
MV-22097,Men Leather Belts Essential,TRP,Taupe,Leather Goods,Men,Belts,Leather Belts,MV,Maison Voss,300,20,EU_F07M,MV Flagship Paris,19232.65,6812.21,27,24745.04,16512.7,5323.74,23,21079.11,85,74,11,61,54,0
MV-26299,Men High Top Luxe,CHP,Champagne,Footwear,Men,Sneakers,High Top,MVS,MV Signature,300,20,EU_F07M,MV Flagship Paris,74093.6,19887.97,115,99341.78,90919.72,32532.21,142,122665.5,413,301,112,589,441,0
MV-90209,Men Suit Sets Modern,ANT,Anthracite,Ready-to-Wear,Men,Suits,Suit Sets,MV,Maison Voss,300,50,EU_F07M,MV Flagship Paris,2668.03,909.86,4,3355.27,2425.22,739.34,4,3355.27,14,13,1,18,11,0
MV-69459,Women Rings Signature,ROG,Rouge,Accessories,Women,Jewelry,Rings,MV,Maison Voss,300,20,EU_F07M,MV Flagship Paris,110923.84,37435.89,181,152489.87,89512.55,23004.1,146,123002.88,193,181,12,139,112,0
MV-38760,Unisex Rings Heritage,SBL,Sable,Accessories,Unisex,Jewelry,Rings,MV,Maison Voss,300,20,EU_F07M,MV Flagship Paris,164150.69,58973.44,272,209237.27,206564.66,73641.45,349,268469.88,724,683,41,1030,674,0
MV-19869,Women Wool Scarves Slim,ECR,Ecru,Accessories,Women,Scarves,Wool Scarves,MVS,MV Signature,300,50,EU_F07M,MV Flagship Paris,940.59,340.07,5,1256.21,1002.23,315.25,6,1507.45,14,10,4,17,14,0
MV-76263,Women High Top Essential,TAN,Tan,Footwear,Women,Sneakers,High Top,MV,Maison Voss,300,30,EU_F07M,MV Flagship Paris,12338.17,3496.52,21,16714.64,8568.08,2526.2,15,11939.03,22,21,1,13,8,0
MV-30730,Men High Top Luxe,GRG,Greige,Footwear,Men,Sneakers,High Top,MV,Maison Voss,300,20,EU_F07M,MV Flagship Paris,16141.59,5595.59,29,21391.31,17808.93,5666.26,34,25079.46,28,24,4,37,27,0
MV-85156,Women Chain Belts Essential,TRP,Taupe,Leather Goods,Women,Belts,Chain Belts,MV,Maison Voss,300,20,EU_F07M,MV Flagship Paris,108716.08,28541.11,95,133751.95,135117.11,49136.02,112,157686.51,295,268,27,312,216,0
MV-75308,Men Ballet Flats,GRG,Greige,Footwear,Men,Flats,Ballet Flats,MVS,MV Signature,300,20,EU_F07M,MV Flagship Paris,27486.6,8966.42,57,34859.29,31057.95,8747.22,68,41586.52,91,84,7,119,104,0
MV-76249,Men Clutches Luxe,CRM,Creme,Leather Goods,Men,Handbags,Clutches,MV,Maison Voss,300,20,EU_F07M,MV Flagship Paris,24633.65,8662.11,65,30558.04,30000.55,10411.93,82,38550.14,99,72,27,103,94,0
MV-79329,Men Suit Trousers Classic,ANT,Anthracite,Ready-to-Wear,Men,Suits,Suit Trousers,MVS,MV Signature,300,50,EU_F07M,MV Flagship Paris,28037.63,8730.73,89,39901.29,22800.77,7019.09,68,30486.38,117,107,10,89,59,0
MV-79924,Unisex Blazers Modern,GRG,Greige,Ready-to-Wear,Unisex,Outerwear,Blazers,MV,Maison Voss,300,20,EU_F07M,MV Flagship Paris,1754.32,466.52,7,2524.11,1767.75,657.55,7,2524.11,9,8,1,11,8,0
MV-26704,Men Pouches Classic,CHP,Champagne,Leather Goods,Men,Small Leather Goods,Pouches,MVS,MV Signature,300,20,EU_F07M,MV Flagship Paris,100714.08,25292.75,113,136478.62,134652.5,41330.84,143,172711.88,344,325,19,507,307,0
MV-47880,Women Shorts Relaxed,BEG,Beige,Ready-to-Wear,Women,Bottoms,Shorts,MV,Maison Voss,300,50,EU_F07M,MV Flagship Paris,38379.74,13540.93,77,48863.92,30152.5,8951.77,57,36171.99,157,126,31,95,74,0
MV-55830,Women Jeans Heritage,CRM,Creme,Ready-to-Wear,Women,Bottoms,Jeans,MV,Maison Voss,300,20,EU_F07M,MV Flagship Paris,22520.15,7332.27,54,28072.57,18215.39,5432.14,42,21834.22,43,40,3,40,38,0
MV-88366,Men Blazers Classic,ROG,Rouge,Ready-to-Wear,Men,Outerwear,Blazers,MV,Maison Voss,300,20,EU_F07M,MV Flagship Paris,51180.29,15066.82,139,66707.61,45230.47,12139.3,132,63348.24,303,205,98,345,261,0
MV-84177,Men Leather Belts Classic,CHP,Champagne,Leather Goods,Men,Belts,Leather Belts,MV,Maison Voss,300,20,EU_F07M,MV Flagship Paris,73965.5,27249.12,76,109167.79,82370.68,30087.87,75,107731.38,78,47,31,87,67,0
MV-93746,Women Blazers Essential,BRG,Bordeaux,Ready-to-Wear,Women,Suits,Blazers,MV,Maison Voss,300,20,EU_F07M,MV Flagship Paris,3313.51,966.48,14,4469.04,3170.32,954.34,13,4149.82,54,39,15,54,46,0
MV-12260,Men Knee High Modern,CHP,Champagne,Footwear,Men,Boots,Knee High,MVS,MV Signature,300,70,EU_F07M,MV Flagship Paris,10681.45,3616.72,35,14880.52,14542.24,5401.07,43,18281.79,22,18,4,25,23,0
MV-33509,Unisex Fedoras Signature,ANT,Anthracite,Accessories,Unisex,Hats,Fedoras,MVS,MV Signature,300,50,EU_F07M,MV Flagship Paris,19755.56,5839.98,43,27851.13,15979.1,4418.51,35,22669.52,93,80,13,84,60,0
MV-90031,Women Loafers Heritage,RSE,Rose Poudre,Footwear,Women,Flats,Loafers,MV,Maison Voss,300,70,EU_F07M,MV Flagship Paris,2548.35,821.6,3,3115.44,1571.45,450.77,2,2076.96,7,5,2,6,3,0
MV-71669,Men Silk Scarves,VRT,Vert,Accessories,Men,Scarves,Silk Scarves,MV,Maison Voss,300,20,EU_F07M,MV Flagship Paris,110155.81,28199.05,196,135777.3,80242.06,21216.32,159,110145.87,725,672,53,517,468,0
MV-20543,Men Check-In Classic,BLU,Bleu Marine,Leather Goods,Men,Luggage,Check-In,MVS,MV Signature,300,20,EU_F07M,MV Flagship Paris,2432.47,686.06,8,3346.47,2005.47,572.3,6,2509.86,21,18,3,13,11,0
MV-68138,Women Tops Modern,ANT,Anthracite,Ready-to-Wear,Women,Tops,Tops,MV,Maison Voss,300,20,EU_F07M,MV Flagship Paris,50892.56,17474.03,75,64755.0,35514.95,9907.07,60,51804.0,220,214,6,210,140,0
MV-69459,Women Rings Signature,BEG,Beige,Accessories,Women,Jewelry,Rings,MV,Maison Voss,300,70,EU_F07M,MV Flagship Paris,14596.94,5069.45,44,20495.54,14595.65,5296.03,46,21427.16,82,79,3,82,78,0
MV-12260,Men Knee High Modern,CRM,Creme,Footwear,Men,Boots,Knee High,MVS,MV Signature,300,20,EU_F07M,MV Flagship Paris,683.93,184.07,1,888.8,0.0,0.0,0,0.0,2,1,1,1,0,0
MV-99353,Women Tote Bags,TAN,Tan,Leather Goods,Women,Handbags,Tote Bags,MV,Maison Voss,300,20,EU_F07M,MV Flagship Paris,140483.72,36088.68,164,185293.88,106136.05,30037.12,118,133321.21,198,164,34,167,141,0
MV-62034,Women Necklaces Luxe,SBL,Sable,Accessories,Women,Jewelry,Necklaces,MVS,MV Signature,300,50,EU_F07M,MV Flagship Paris,38326.69,10719.36,121,54543.34,45009.6,16048.0,135,60854.14,344,287,57,351,262,0
MV-88366,Men Blazers Classic,TRP,Taupe,Ready-to-Wear,Men,Outerwear,Blazers,MV,Maison Voss,300,50,EU_F07M,MV Flagship Paris,14970.8,4176.39,47,18874.14,18565.08,5689.07,51,20480.45,184,119,65,173,150,0
MV-58566,Men Leather Belts Relaxed,BEG,Beige,Leather Goods,Men,Belts,Leather Belts,MVS,MV Signature,300,50,EU_F07M,MV Flagship Paris,13910.78,4249.03,16,19015.08,10526.01,3133.87,13,15449.75,56,39,17,41,30,0
MV-62196,Women Blazers,ARG,Argent,Ready-to-Wear,Women,Outerwear,Blazers,MV,Maison Voss,300,50,EU_F07M,MV Flagship Paris,2465.57,748.51,8,3435.04,2710.02,903.64,9,3864.42,14,12,2,17,15,0
MV-80468,Men Blouses Relaxed,GRG,Greige,Ready-to-Wear,Men,Tops,Blouses,MVS,MV Signature,300,30,EU_F07M,MV Flagship Paris,15872.8,5452.82,28,19310.06,18290.94,6709.65,30,20689.35,99,91,8,94,70,0
MV-63843,Women Midi Dresses Essential,GRG,Greige,Ready-to-Wear,Women,Dresses,Midi Dresses,MVS,MV Signature,300,50,EU_F07M,MV Flagship Paris,9138.03,3123.83,18,11878.74,9922.07,3677.63,20,13198.6,33,20,13,41,31,0
MV-38683,Men Tops Slim,TAN,Tan,Ready-to-Wear,Men,Tops,Tops,MVS,MV Signature,300,50,EU_F07M,MV Flagship Paris,16416.19,4421.61,44,23295.16,17610.66,5466.83,51,27001.21,35,32,3,47,34,0
MV-70648,Women Tops,BRG,Bordeaux,Ready-to-Wear,Women,Tops,Tops,MV,Maison Voss,300,50,EU_F07M,MV Flagship Paris,131849.74,45155.36,215,163206.71,142262.86,47665.76,227,172315.92,570,520,50,518,392,0
MV-84531,Women Check-In Classic,BRG,Bordeaux,Leather Goods,Women,Luggage,Check-In,MVS,MV Signature,300,50,EU_F07M,MV Flagship Paris,25408.65,6429.6,54,34569.51,20127.71,5105.1,47,30088.27,202,142,60,154,120,0
MV-79329,Men Suit Trousers Classic,NVY,Navy,Ready-to-Wear,Men,Suits,Suit Trousers,MVS,MV Signature,300,50,EU_F07M,MV Flagship Paris,40522.15,13956.47,140,50240.77,40790.49,10516.93,131,47011.01,87,71,16,73,65,0
MV-20077,Men Chain Belts Slim,CHP,Champagne,Leather Goods,Men,Belts,Chain Belts,MVS,MV Signature,300,50,EU_F07M,MV Flagship Paris,67735.11,23593.62,66,90233.39,64507.57,21248.21,65,88866.22,111,79,32,130,127,0
MV-77538,Men Check-In Signature,CRM,Cognac,Leather Goods,Men,Luggage,Check-In,MV,Maison Voss,300,50,EU_F07M,MV Flagship Paris,22055.26,7752.99,40,28943.94,13766.65,4590.43,28,20260.76,47,45,2,37,36,0
MV-39389,Women Mules Modern,CAM,Camel,Footwear,Women,Heels,Mules,MVS,MV Signature,300,30,EU_F07M,MV Flagship Paris,71162.07,20974.51,122,86421.56,64054.94,19855.41,113,80046.2,402,379,23,322,256,0
MV-16895,Women Leather Belts Slim,GRG,Greige,Leather Goods,Women,Belts,Leather Belts,MV,Maison Voss,300,20,EU_F07M,MV Flagship Paris,45417.12,13774.82,40,57301.41,47713.77,18047.1,44,63031.55,112,108,4,107,105,0
MV-22097,Men Leather Belts Essential,ECR,Ecru,Leather Goods,Men,Belts,Leather Belts,MV,Maison Voss,300,50,EU_F07M,MV Flagship Paris,57654.01,14807.95,128,78097.17,63494.57,23928.38,127,77487.03,117,104,13,124,120,0
MV-38760,Unisex Rings Heritage,BLU,Bleu Marine,Accessories,Unisex,Jewelry,Rings,MV,Maison Voss,300,20,EU_F07M,MV Flagship Paris,8623.19,3004.31,21,10063.71,5661.56,1576.89,15,7188.36,70,43,27,42,38,0
MV-56955,Women Ballet Flats Relaxed,CRM,Creme,Footwear,Women,Flats,Ballet Flats,MVS,MV Signature,300,20,EU_F07M,MV Flagship Paris,2277.74,813.05,8,3079.42,2462.48,747.13,9,3464.34,14,13,1,14,11,0
MV-53064,Men Skirts Slim,BEG,Beige,Ready-to-Wear,Men,Bottoms,Skirts,MV,Maison Voss,300,20,EU_F07M,MV Flagship Paris,80581.41,21490.19,122,104246.78,92246.36,33624.98,139,118772.97,180,109,71,168,120,0
MV-80468,Men Blouses Relaxed,CHP,Champagne,Ready-to-Wear,Men,Tops,Blouses,MVS,MV Signature,300,20,EU_F07M,MV Flagship Paris,16082.42,5432.58,56,23627.16,17119.8,4472.03,59,24892.9,79,74,5,76,47,0
MV-54089,Unisex Blazers,ROG,Rouge,Ready-to-Wear,Unisex,Outerwear,Blazers,MVS,MV Signature,300,20,EU_F07M,MV Flagship Paris,59564.69,21002.8,139,70686.46,49874.89,18564.85,121,61532.82,534,468,66,484,420,0
MV-19862,Men Pumps Slim,NVY,Navy,Footwear,Men,Heels,Pumps,MV,Maison Voss,300,20,EU_F07M,MV Flagship Paris,55066.12,19563.16,176,75375.49,71466.39,18134.5,219,93791.09,164,125,39,239,150,0
MV-80807,Men Ballet Flats Heritage,CRM,Creme,Footwear,Men,Flats,Ballet Flats,MV,Maison Voss,300,30,EU_F07M,MV Flagship Paris,1340.31,340.78,3,1935.71,830.65,232.75,2,1290.48,9,5,4,9,7,0
MV-33509,Unisex Fedoras Signature,ARG,Argent,Accessories,Unisex,Hats,Fedoras,MVS,MV Signature,300,20,EU_F07M,MV Flagship Paris,22550.14,6191.0,44,32151.26,21528.87,8102.12,38,27766.99,102,74,28,75,53,0
MV-36143,Unisex Weekender Heritage,CHP,Champagne,Leather Goods,Unisex,Luggage,Weekender,MVS,MV Signature,300,50,EU_F07M,MV Flagship Paris,26498.5,8730.77,29,35368.04,27533.01,7822.78,32,39026.8,75,64,11,75,45,0
MV-53064,Men Skirts Slim,ARG,Argent,Ready-to-Wear,Men,Bottoms,Skirts,MV,Maison Voss,300,70,EU_F07M,MV Flagship Paris,30015.65,8831.64,62,40743.9,20504.11,5986.22,45,29572.19,155,150,5,96,60,0
MV-73532,Women Midi Dresses Modern,TRP,Taupe,Ready-to-Wear,Women,Dresses,Midi Dresses,MVS,MV Signature,300,50,EU_F07M,MV Flagship Paris,66795.35,25274.08,100,86387.81,72379.36,27010.02,102,88115.57,327,222,105,293,289,0
MV-30257,Women Weekender Relaxed,NOI,Noir,Leather Goods,Women,Luggage,Weekender,MV,Maison Voss,300,20,EU_F07M,MV Flagship Paris,22767.9,6084.74,20,29924.0,15816.6,4846.47,15,22443.0,66,55,11,54,39,0
MV-23238,Women Knitwear Essential,ROG,Rouge,Ready-to-Wear,Women,Tops,Knitwear,MV,Maison Voss,300,20,EU_F07M,MV Flagship Paris,32766.54,9105.96,51,47087.89,27242.29,9171.0,39,36008.39,27,16,11,23,19,0
MV-46421,Women Knee High Slim,BEG,Beige,Footwear,Women,Boots,Knee High,MVS,MV Signature,300,30,EU_F07M,MV Flagship Paris,39802.5,12154.62,78,51769.58,48676.18,14408.53,90,59734.13,216,139,77,233,150,0
MV-39389,Women Mules Modern,CRM,Cognac,Footwear,Women,Heels,Mules,MVS,MV Signature,300,20,EU_F07M,MV Flagship Paris,3166.62,909.63,9,3933.04,3513.75,1238.04,10,4370.04,11,8,3,12,9,0
MV-99173,Women Card Holders Modern,ARG,Argent,Leather Goods,Women,Small Leather Goods,Card Holders,MV,Maison Voss,300,20,EU_F07M,MV Flagship Paris,85839.73,30133.93,106,109698.53,86152.19,24818.07,97,100384.51,250,151,99,251,163,0
MV-56438,Men Boots Essential,IVR,Ivoire,Footwear,Men,Heels,Boots,MV,Maison Voss,300,50,EU_F07M,MV Flagship Paris,38574.54,11956.07,59,46527.8,30544.63,11599.76,54,42584.76,62,43,19,52,39,0
MV-68493,Women Chain Belts Relaxed,ECR,Ecru,Leather Goods,Women,Belts,Chain Belts,MV,Maison Voss,300,50,EU_F07M,MV Flagship Paris,197539.25,62051.17,189,298458.91,221690.68,59372.14,207,326883.57,485,305,180,461,406,0
MV-49139,Men Wool Scarves Essential,TAN,Tan,Accessories,Men,Scarves,Wool Scarves,MV,Maison Voss,300,20,EU_F07M,MV Flagship Paris,15251.35,4264.67,26,18117.24,12478.97,3556.65,21,14633.16,44,36,8,41,31,0
MV-76542,Men Suit Sets Modern,TRP,Taupe,Ready-to-Wear,Men,Suits,Suit Sets,MVS,MV Signature,300,20,EU_F07M,MV Flagship Paris,1902.31,481.04,7,2526.58,1025.84,273.68,4,1443.76,25,18,7,15,12,0
MV-39389,Women Mules Modern,CRM,Creme,Footwear,Women,Heels,Mules,MVS,MV Signature,300,50,EU_F07M,MV Flagship Paris,31340.69,11592.03,44,43268.08,29379.78,7843.63,43,42284.72,94,63,31,90,62,0
MV-92345,Women Leather Belts Modern,ECR,Ecru,Leather Goods,Women,Belts,Leather Belts,MVS,MV Signature,300,50,EU_F07M,MV Flagship Paris,3240.13,865.72,5,4871.21,4276.67,1356.5,6,5845.45,15,9,6,16,12,0
MV-55830,Women Jeans Heritage,CRM,Cognac,Ready-to-Wear,Women,Bottoms,Jeans,MV,Maison Voss,300,20,EU_F07M,MV Flagship Paris,83733.47,29036.43,221,114999.59,89825.98,33347.93,257,133732.56,741,453,288,828,675,0
MV-44687,Men Card Holders Modern,BEG,Beige,Leather Goods,Men,Small Leather Goods,Card Holders,MVS,MV Signature,300,20,EU_F07M,MV Flagship Paris,1373.5,381.61,2,2027.79,1320.42,366.3,2,2027.79,1,0,1,0,0,0
MV-90301,Men High Top,VRT,Vert,Footwear,Men,Sneakers,High Top,MVS,MV Signature,300,70,EU_F07M,MV Flagship Paris,30134.1,8624.1,88,41662.33,21097.66,5325.46,68,32193.62,166,162,4,132,108,0
MV-71797,Men Shoulder Bags Classic,CRM,Creme,Leather Goods,Men,Handbags,Shoulder Bags,MVS,MV Signature,300,20,EU_F07M,MV Flagship Paris,28852.84,10312.7,47,41864.43,26329.86,8580.85,42,37410.77,114,76,38,86,51,0
MV-69459,Women Rings Signature,CAM,Camel,Accessories,Women,Jewelry,Rings,MV,Maison Voss,300,70,EU_F07M,MV Flagship Paris,16702.64,5896.24,29,23088.33,21844.75,6090.99,37,29457.52,95,88,7,106,96,0
MV-78494,Men Suit Sets Essential,ROG,Rouge,Ready-to-Wear,Men,Suits,Suit Sets,MVS,MV Signature,300,50,EU_F07M,MV Flagship Paris,1625.76,598.12,4,2390.53,1845.12,485.6,4,2390.53,12,11,1,11,10,0
MV-30644,Men Chain Belts Slim,GRG,Greige,Leather Goods,Men,Belts,Chain Belts,MV,Maison Voss,300,50,EU_F07M,MV Flagship Paris,52731.97,17475.56,61,73159.99,43037.4,11498.71,45,53970.48,101,71,30,75,66,0
MV-78146,Men Day Dresses,CAM,Camel,Ready-to-Wear,Men,Dresses,Day Dresses,MV,Maison Voss,300,70,EU_F07M,MV Flagship Paris,38627.78,14439.96,55,54623.21,29328.06,10118.81,44,43698.57,80,52,28,62,39,0
MV-65444,Women Berets,RSE,Rose Poudre,Accessories,Women,Hats,Berets,MVS,MV Signature,300,20,EU_F07M,MV Flagship Paris,6845.9,1736.26,20,9004.91,5086.2,1325.93,15,6753.68,58,47,11,40,27,0
MV-71797,Men Shoulder Bags Classic,IVR,Ivoire,Leather Goods,Men,Handbags,Shoulder Bags,MVS,MV Signature,300,20,EU_F07M,MV Flagship Paris,53168.5,19590.18,153,68905.41,69712.26,21208.19,193,86919.89,434,298,136,595,478,0
MV-43491,Women Earrings Heritage,CRM,Creme,Accessories,Women,Jewelry,Earrings,MV,Maison Voss,300,50,EU_F07M,MV Flagship Paris,7587.86,2013.57,23,10286.22,6682.52,1967.77,21,9391.77,28,27,1,27,25,0
MV-69692,Women Suit Sets Essential,NOI,Noir,Ready-to-Wear,Women,Suits,Suit Sets,MVS,MV Signature,300,50,EU_F07M,MV Flagship Paris,8432.97,3123.34,37,12073.0,5830.65,2121.89,26,8483.73,138,137,1,87,70,0
MV-14705,Men Baseball Caps Modern,SBL,Sable,Accessories,Men,Hats,Baseball Caps,MVS,MV Signature,300,20,EU_F07M,MV Flagship Paris,21176.46,7174.14,49,29184.18,17751.04,5647.66,42,25015.01,133,111,22,127,122,0
MV-66531,Unisex Key Holders Modern,NVY,Navy,Leather Goods,Unisex,Small Leather Goods,Key Holders,MVS,MV Signature,300,50,EU_F07M,MV Flagship Paris,6422.52,1663.56,6,9080.86,6488.85,2182.06,6,9080.86,6,5,1,5,4,0
MV-86484,Men Blazers Essential,TRP,Taupe,Ready-to-Wear,Men,Suits,Blazers,MV,Maison Voss,300,20,EU_F07M,MV Flagship Paris,41625.65,10413.84,170,60008.21,52097.36,15146.75,199,70244.91,122,107,15,135,113,0
MV-57942,Women Chelsea Boots Modern,CRM,Cognac,Footwear,Women,Boots,Chelsea Boots,MVS,MV Signature,300,20,EU_F07M,MV Flagship Paris,21794.07,5652.39,29,27893.75,22421.71,5772.89,31,29817.45,77,66,11,100,62,0
MV-26683,Women Blazers Relaxed,BLU,Bleu Marine,Ready-to-Wear,Women,Outerwear,Blazers,MV,Maison Voss,300,30,EU_F07M,MV Flagship Paris,1368.43,453.86,5,1722.25,1198.76,415.35,5,1722.25,17,14,3,18,15,0
MV-22833,Women Midi Dresses Classic,IVR,Ivoire,Ready-to-Wear,Women,Dresses,Midi Dresses,MVS,MV Signature,300,50,EU_F07M,MV Flagship Paris,14335.81,3607.65,31,19319.14,12058.2,3906.41,26,16203.15,33,28,5,26,20,0
MV-96870,Women Day Dresses Relaxed,BRG,Bordeaux,Ready-to-Wear,Women,Dresses,Day Dresses,MVS,MV Signature,300,20,EU_F07M,MV Flagship Paris,38963.09,14414.0,58,50447.84,46759.78,15517.88,68,59145.74,46,29,17,43,29,0
MV-66349,Women Crossbody Bags Modern,ECR,Ecru,Leather Goods,Women,Handbags,Crossbody Bags,MV,Maison Voss,300,50,EU_F07M,MV Flagship Paris,33472.82,11422.49,45,39783.1,38440.71,12457.75,58,51276.0,68,46,22,105,102,0
MV-35995,Unisex Check-In Modern,TAN,Tan,Leather Goods,Unisex,Luggage,Check-In,MVS,MV Signature,300,30,EU_F07M,MV Flagship Paris,44411.52,15406.83,75,52425.98,42922.63,14036.0,78,54523.02,90,68,22,85,73,0
MV-56019,Men Shorts Slim,CAM,Camel,Ready-to-Wear,Men,Bottoms,Shorts,MV,Maison Voss,300,50,EU_F07M,MV Flagship Paris,1429.28,368.4,3,1864.57,842.86,226.38,2,1243.05,6,4,2,4,3,0
MV-47880,Women Shorts Relaxed,GRG,Greige,Ready-to-Wear,Women,Bottoms,Shorts,MV,Maison Voss,300,50,EU_F07M,MV Flagship Paris,9892.39,2566.05,21,13209.03,7241.72,2585.4,16,10064.02,36,28,8,29,26,0
MV-80236,Women Coats Slim,GRG,Greige,Ready-to-Wear,Women,Outerwear,Coats,MVS,MV Signature,300,20,EU_F07M,MV Flagship Paris,44538.44,15714.3,108,55543.43,45260.17,15573.04,109,56057.72,258,222,36,225,170,0
MV-92345,Women Leather Belts Modern,TAN,Tan,Leather Goods,Women,Belts,Leather Belts,MVS,MV Signature,300,50,EU_F07M,MV Flagship Paris,5274.34,1859.52,5,6327.29,3288.29,910.88,3,3796.38,19,14,5,14,10,0
MV-23579,Men Cat Eye,NOI,Noir,Accessories,Men,Sunglasses,Cat Eye,MVS,MV Signature,300,20,EU_F07M,MV Flagship Paris,48602.54,16550.64,122,63835.36,38016.0,13530.94,93,48661.38,318,196,122,201,180,0
MV-49472,Men Square Frames Modern,BRG,Bordeaux,Accessories,Men,Sunglasses,Square Frames,MV,Maison Voss,300,30,EU_F07M,MV Flagship Paris,2164.8,677.38,6,2963.76,1630.72,617.65,5,2469.8,19,11,8,19,12,0
MV-54942,Men Square Frames Relaxed,ROG,Rouge,Accessories,Men,Sunglasses,Square Frames,MV,Maison Voss,300,50,EU_F07M,MV Flagship Paris,46428.95,16470.7,114,63235.54,48715.61,12731.37,126,69891.92,155,103,52,193,132,0
MV-90301,Men High Top,TRP,Taupe,Footwear,Men,Sneakers,High Top,MVS,MV Signature,300,20,EU_F07M,MV Flagship Paris,7657.74,2753.91,28,9237.09,5918.33,1493.61,23,7587.61,83,56,27,74,67,0
MV-78614,Women Trousers Signature,CHP,Champagne,Ready-to-Wear,Women,Bottoms,Trousers,MV,Maison Voss,300,20,EU_F07M,MV Flagship Paris,41715.91,13192.19,60,50266.62,46665.39,15067.19,76,63671.06,64,60,4,81,58,0
MV-12671,Men Ballet Flats Slim,RSE,Rose Poudre,Footwear,Men,Flats,Ballet Flats,MVS,MV Signature,300,20,EU_F07M,MV Flagship Paris,6973.13,2114.34,10,8915.51,5370.21,1468.13,7,6240.86,25,20,5,17,16,0
MV-93717,Women Leather Belts Heritage,VRT,Vert,Leather Goods,Women,Belts,Leather Belts,MVS,MV Signature,300,50,EU_F07M,MV Flagship Paris,2228.79,781.96,4,2740.19,2977.26,959.37,5,3425.24,12,7,5,12,11,0
MV-59009,Women Earrings Slim,SBL,Sable,Accessories,Women,Jewelry,Earrings,MVS,MV Signature,300,50,EU_F07M,MV Flagship Paris,7076.82,1919.75,15,9733.9,5847.34,1667.17,12,7787.12,32,19,13,29,22,0
MV-48504,Women Slides Signature,ANT,Anthracite,Footwear,Women,Flats,Slides,MVS,MV Signature,300,50,EU_F07M,MV Flagship Paris,4228.8,1108.04,8,5142.03,3967.09,1000.45,7,4499.28,10,6,4,8,5,0
MV-37535,Men Shirts Relaxed,BEG,Beige,Ready-to-Wear,Men,Tops,Shirts,MVS,MV Signature,300,20,EU_F07M,MV Flagship Paris,4593.84,1547.68,23,6659.01,4848.4,1716.05,26,7527.58,14,10,4,13,7,0
MV-49363,Unisex Cashmere Scarves,CAM,Camel,Accessories,Unisex,Scarves,Cashmere Scarves,MVS,MV Signature,300,20,EU_F07M,MV Flagship Paris,17386.11,6187.08,45,21581.05,14253.09,5386.77,39,18703.58,107,102,5,103,69,0
MV-43681,Men Low Top Luxe,VRT,Vert,Footwear,Men,Sneakers,Low Top,MV,Maison Voss,300,20,EU_F07M,MV Flagship Paris,29425.05,8966.68,56,40434.13,27664.68,10312.47,53,38268.02,78,68,10,71,53,0
MV-10336,Men Blazers Heritage,RSE,Rose Poudre,Ready-to-Wear,Men,Suits,Blazers,MV,Maison Voss,300,50,EU_F07M,MV Flagship Paris,64880.92,17386.05,99,96724.27,66181.52,24304.75,105,102586.35,271,247,24,240,235,0
MV-31581,Men Key Holders Slim,SBL,Sable,Leather Goods,Men,Small Leather Goods,Key Holders,MVS,MV Signature,300,70,EU_F07M,MV Flagship Paris,57942.21,20822.3,67,85551.49,73307.5,22488.57,77,98320.37,124,113,11,116,80,0
MV-35203,Men Blazers Modern,IVR,Ivoire,Ready-to-Wear,Men,Outerwear,Blazers,MVS,MV Signature,300,50,EU_F07M,MV Flagship Paris,19663.33,6634.6,59,25600.23,14679.26,4854.0,49,21261.21,193,132,61,168,155,0
MV-71669,Men Silk Scarves,NVY,Navy,Accessories,Men,Scarves,Silk Scarves,MV,Maison Voss,300,20,EU_F07M,MV Flagship Paris,6150.43,1849.79,33,7372.4,7009.24,2199.3,40,8936.24,26,20,6,34,23,0
MV-80468,Men Blouses Relaxed,CHP,Champagne,Ready-to-Wear,Men,Tops,Blouses,MVS,MV Signature,300,20,EU_F07M,MV Flagship Paris,16825.75,4616.04,40,21878.92,16752.93,5488.36,42,22972.86,125,120,5,133,86,0
MV-14852,Men Loafers Slim,BRG,Bordeaux,Footwear,Men,Flats,Loafers,MV,Maison Voss,300,30,EU_F07M,MV Flagship Paris,9980.24,3252.53,33,13827.41,10520.05,3905.64,37,15503.46,32,31,1,33,27,0
MV-69473,Women Chain Belts Heritage,CAM,Camel,Leather Goods,Women,Belts,Chain Belts,MVS,MV Signature,300,50,EU_F07M,MV Flagship Paris,101142.47,28213.26,117,139363.52,96439.26,29891.57,111,132216.67,410,248,162,352,229,0
MV-40005,Men Silk Scarves Classic,BLU,Bleu Marine,Accessories,Men,Scarves,Silk Scarves,MVS,MV Signature,300,50,EU_F07M,MV Flagship Paris,6154.14,1711.64,16,8639.36,7234.42,2500.33,18,9719.28,30,22,8,32,27,0
MV-30730,Men High Top Luxe,CHP,Champagne,Footwear,Men,Sneakers,High Top,MV,Maison Voss,300,50,EU_F07M,MV Flagship Paris,480.87,131.97,1,695.55,0.0,0.0,0,0.0,1,0,1,0,0,0
MV-24530,Women Day Dresses Luxe,NVY,Navy,Ready-to-Wear,Women,Dresses,Day Dresses,MVS,MV Signature,300,50,EU_F07M,MV Flagship Paris,19944.46,6076.87,66,26322.87,23121.69,7008.38,81,32305.34,238,213,25,240,214,0
MV-63843,Women Midi Dresses Essential,TRP,Taupe,Ready-to-Wear,Women,Dresses,Midi Dresses,MVS,MV Signature,300,20,EU_F07M,MV Flagship Paris,4235.22,1150.05,14,5808.1,3898.41,1247.33,13,5393.23,39,35,4,45,41,0
MV-63843,Women Midi Dresses Essential,CRM,Creme,Ready-to-Wear,Women,Dresses,Midi Dresses,MVS,MV Signature,300,50,EU_F07M,MV Flagship Paris,77968.31,20262.04,140,104426.74,67145.66,18500.35,118,88016.82,256,232,24,256,166,0
MV-99381,Women Fedoras Signature,ARG,Argent,Accessories,Women,Hats,Fedoras,MVS,MV Signature,300,20,EU_F07M,MV Flagship Paris,27626.26,8227.33,124,35026.91,20365.29,5613.6,99,27965.03,402,361,41,269,226,0
MV-53064,Men Skirts Slim,NVY,Navy,Ready-to-Wear,Men,Bottoms,Skirts,MV,Maison Voss,300,30,EU_F07M,MV Flagship Paris,1023.55,307.19,5,1217.32,1205.81,413.51,6,1460.79,8,6,2,11,10,0
MV-80798,Men Chain Belts Modern,IVR,Ivoire,Leather Goods,Men,Belts,Chain Belts,MV,Maison Voss,300,20,EU_F07M,MV Flagship Paris,2497.88,742.22,7,3177.77,2206.01,560.06,7,3177.77,10,9,1,9,6,0
MV-91830,Women Bracelets,BLU,Bleu Marine,Accessories,Women,Jewelry,Bracelets,MV,Maison Voss,300,20,EU_F07M,MV Flagship Paris,22177.14,7481.39,43,28096.82,25701.18,9217.36,48,31363.89,48,33,15,62,43,0
MV-59015,Unisex Baseball Caps Relaxed,NOI,Noir,Accessories,Unisex,Hats,Baseball Caps,MV,Maison Voss,300,20,EU_F07M,MV Flagship Paris,13882.42,3729.09,59,20041.71,10053.99,3784.75,44,14946.36,90,57,33,70,51,0
MV-43586,Women Jeans Signature,VRT,Vert,Ready-to-Wear,Women,Bottoms,Jeans,MV,Maison Voss,300,20,EU_F07M,MV Flagship Paris,9767.01,2520.34,20,12006.15,9881.16,2813.53,22,13206.76,11,9,2,11,10,0
MV-39389,Women Mules Modern,ARG,Argent,Footwear,Women,Heels,Mules,MVS,MV Signature,300,20,EU_F07M,MV Flagship Paris,62904.76,18604.27,80,82757.17,57165.16,14781.19,68,70343.6,234,214,20,234,174,0
MV-25396,Women Clutches Slim,CHP,Champagne,Leather Goods,Women,Handbags,Clutches,MVS,MV Signature,300,20,EU_F07M,MV Flagship Paris,39420.89,12238.27,57,48181.66,39226.62,12378.81,63,53253.42,208,187,21,191,177,0
MV-65255,Women Evening Dresses Heritage,CAM,Camel,Ready-to-Wear,Women,Dresses,Evening Dresses,MV,Maison Voss,300,50,EU_F07M,MV Flagship Paris,10264.05,3048.24,24,14372.9,7420.75,2252.41,17,10180.8,13,12,1,11,10,0
MV-65851,Women Midi Dresses Slim,CRM,Cognac,Ready-to-Wear,Women,Dresses,Midi Dresses,MV,Maison Voss,300,20,EU_F07M,MV Flagship Paris,501.38,131.92,1,652.92,0.0,0.0,0,0.0,1,0,1,1,0,0
MV-33509,Unisex Fedoras Signature,CRM,Creme,Accessories,Unisex,Hats,Fedoras,MVS,MV Signature,300,30,EU_F07M,MV Flagship Paris,34557.61,11812.25,88,45262.39,23584.83,7881.02,66,33946.79,268,228,40,233,229,0
MV-43491,Women Earrings Heritage,RSE,Rose Poudre,Accessories,Women,Jewelry,Earrings,MV,Maison Voss,300,30,EU_F07M,MV Flagship Paris,2958.2,907.93,15,3824.58,2835.92,1000.78,13,3314.64,49,35,14,38,24,0
MV-29597,Women Leather Belts,SBL,Sable,Leather Goods,Women,Belts,Leather Belts,MV,Maison Voss,300,70,EU_F07M,MV Flagship Paris,45709.72,13158.96,114,56166.09,57162.34,15917.98,135,66512.48,379,235,144,470,355,0
MV-21164,Men Shorts Relaxed,SBL,Sable,Ready-to-Wear,Men,Bottoms,Shorts,MV,Maison Voss,300,20,EU_F07M,MV Flagship Paris,10404.58,2869.16,34,15267.83,7450.59,1943.32,25,11226.34,37,28,9,32,23,0
MV-65851,Women Midi Dresses Slim,IVR,Ivoire,Ready-to-Wear,Women,Dresses,Midi Dresses,MV,Maison Voss,300,20,EU_F07M,MV Flagship Paris,36954.68,10977.59,54,51041.87,46896.99,12792.04,69,65220.17,175,145,30,229,140,0
MV-20336,Men Blazers Heritage,NOI,Noir,Ready-to-Wear,Men,Suits,Blazers,MV,Maison Voss,300,20,EU_F07M,MV Flagship Paris,31655.21,8758.81,130,41606.68,32910.34,9067.2,151,48327.76,134,117,17,181,157,0
MV-71797,Men Shoulder Bags Classic,TRP,Taupe,Leather Goods,Men,Handbags,Shoulder Bags,MVS,MV Signature,300,50,EU_F07M,MV Flagship Paris,132953.06,50210.01,126,176506.73,94510.95,23847.67,88,123274.54,300,247,53,225,165,0
MV-93746,Women Blazers Essential,BLU,Bleu Marine,Ready-to-Wear,Women,Suits,Blazers,MV,Maison Voss,300,50,EU_F07M,MV Flagship Paris,19091.1,5301.75,29,23692.26,20989.59,7056.54,30,24509.24,95,76,19,111,81,0
MV-44335,Women Slides Slim,IVR,Ivoire,Footwear,Women,Flats,Slides,MV,Maison Voss,300,20,EU_F07M,MV Flagship Paris,3567.21,986.81,14,4686.88,3015.69,1086.49,12,4017.33,12,11,1,9,5,0
MV-59672,Women Shoulder Bags Classic,GRG,Greige,Leather Goods,Women,Handbags,Shoulder Bags,MV,Maison Voss,300,20,EU_F07M,MV Flagship Paris,43425.49,15776.76,94,59732.09,35637.4,13533.6,76,48294.03,226,192,34,188,163,0
MV-62296,Unisex Bracelets Signature,ROG,Rouge,Accessories,Unisex,Jewelry,Bracelets,MVS,MV Signature,300,20,EU_F07M,MV Flagship Paris,15743.74,4275.07,36,21714.29,18687.29,7095.86,43,25936.52,40,37,3,41,24,0
MV-74038,Women Pouches,ANT,Anthracite,Leather Goods,Women,Small Leather Goods,Pouches,MV,Maison Voss,300,20,EU_F07M,MV Flagship Paris,7361.54,2018.07,13,9622.11,5495.65,1530.51,9,6661.46,18,15,3,15,10,0
MV-62383,Men Berets Relaxed,CRM,Cognac,Accessories,Men,Hats,Berets,MVS,MV Signature,300,70,EU_F07M,MV Flagship Paris,42638.46,13056.35,149,60741.59,39302.07,10577.37,146,59518.61,170,109,61,200,180,0
MV-64377,Women Trousers Essential,TAN,Tan,Ready-to-Wear,Women,Bottoms,Trousers,MVS,MV Signature,300,20,EU_F07M,MV Flagship Paris,3474.88,1162.24,14,4539.44,3441.57,1248.38,15,4863.68,33,27,6,31,19,0
MV-30730,Men High Top Luxe,CHP,Champagne,Footwear,Men,Sneakers,High Top,MV,Maison Voss,300,70,EU_F07M,MV Flagship Paris,394.17,142.79,1,505.72,376.3,107.97,1,505.72,0,0,0,0,0,0
MV-72722,Women Midi Dresses Slim,CRM,Cognac,Ready-to-Wear,Women,Dresses,Midi Dresses,MVS,MV Signature,300,20,EU_F07M,MV Flagship Paris,699.3,259.34,1,842.97,0.0,0.0,0,0.0,3,2,1,3,2,0
MV-31632,Women Weekender Luxe,CHP,Champagne,Leather Goods,Women,Luggage,Weekender,MV,Maison Voss,300,20,EU_F07M,MV Flagship Paris,31690.94,8334.28,61,40981.89,24588.6,6965.93,45,30232.54,120,85,35,84,51,0
MV-79942,Men Blazers Essential,TRP,Taupe,Ready-to-Wear,Men,Outerwear,Blazers,MVS,MV Signature,300,30,EU_F07M,MV Flagship Paris,23787.32,7040.74,68,29313.28,24263.13,6261.25,69,29744.36,114,79,35,99,67,0
MV-97782,Women Leather Belts Signature,TAN,Tan,Leather Goods,Women,Belts,Leather Belts,MV,Maison Voss,300,70,EU_F07M,MV Flagship Paris,23279.39,8384.76,23,33134.85,19581.72,6086.6,21,30253.56,54,51,3,43,36,0
MV-49251,Men Slides Classic,IVR,Ivoire,Footwear,Men,Flats,Slides,MV,Maison Voss,300,20,EU_F07M,MV Flagship Paris,6804.6,2301.41,24,8339.78,7007.88,2345.06,26,9034.76,60,57,3,53,33,0
MV-26912,Men Suit Sets Essential,ECR,Ecru,Ready-to-Wear,Men,Suits,Suit Sets,MVS,MV Signature,300,50,EU_F07M,MV Flagship Paris,12028.4,3509.23,26,14317.07,10768.81,2940.69,26,14317.07,94,88,6,109,83,0
MV-27892,Men Suit Trousers Modern,ARG,Argent,Ready-to-Wear,Men,Suits,Suit Trousers,MV,Maison Voss,300,50,EU_F07M,MV Flagship Paris,44748.45,12124.89,72,61770.18,31145.23,10899.12,52,44611.79,151,125,26,125,100,0
MV-28191,Women Chelsea Boots Luxe,GRG,Greige,Footwear,Women,Boots,Chelsea Boots,MV,Maison Voss,300,20,EU_F07M,MV Flagship Paris,2109.78,619.13,3,2797.88,2328.32,839.96,3,2797.88,4,3,1,4,3,0
MV-54089,Unisex Blazers,NOI,Noir,Ready-to-Wear,Unisex,Outerwear,Blazers,MVS,MV Signature,300,20,EU_F07M,MV Flagship Paris,61276.92,21807.59,168,72025.72,66828.85,25197.1,190,81457.66,150,121,29,143,121,0
MV-82910,Men Shirts Signature,TAN,Tan,Ready-to-Wear,Men,Tops,Shirts,MV,Maison Voss,300,50,EU_F07M,MV Flagship Paris,3542.57,1294.83,15,4962.24,3612.78,1366.4,15,4962.24,34,32,2,35,26,0
MV-46655,Women Cat Eye Heritage,NOI,Noir,Accessories,Women,Sunglasses,Cat Eye,MV,Maison Voss,300,20,EU_F07M,MV Flagship Paris,223276.91,69964.0,509,319091.93,272107.4,80659.36,649,406857.89,270,262,8,290,207,0
MV-69048,Women Tops Luxe,VRT,Vert,Ready-to-Wear,Women,Tops,Tops,MV,Maison Voss,300,20,EU_F07M,MV Flagship Paris,3184.45,958.79,11,4428.8,3574.17,1022.9,12,4831.42,33,20,13,36,35,0
MV-30253,Men Weekender Essential,RSE,Rose Poudre,Leather Goods,Men,Luggage,Weekender,MVS,MV Signature,300,20,EU_F07M,MV Flagship Paris,94623.75,34333.92,93,118832.01,83776.7,22399.19,83,106054.37,170,102,68,125,115,0
MV-80236,Women Coats Slim,RSE,Rose Poudre,Ready-to-Wear,Women,Outerwear,Coats,MVS,MV Signature,300,70,EU_F07M,MV Flagship Paris,10770.95,3696.61,16,15263.59,9688.93,2708.0,14,13355.64,35,28,7,30,25,0
MV-10336,Men Blazers Heritage,CAM,Camel,Ready-to-Wear,Men,Suits,Blazers,MV,Maison Voss,300,20,EU_F07M,MV Flagship Paris,3426.69,1270.02,5,4283.39,4157.98,1157.92,6,5140.07,13,11,2,16,13,0
MV-49576,Women Jackets Classic,ANT,Anthracite,Ready-to-Wear,Women,Outerwear,Jackets,MV,Maison Voss,300,50,EU_F07M,MV Flagship Paris,45898.75,15324.45,131,67944.18,34106.68,12644.63,94,48753.84,263,227,36,165,142,0
MV-11214,Men Coats Heritage,BEG,Beige,Ready-to-Wear,Men,Outerwear,Coats,MVS,MV Signature,300,20,EU_F07M,MV Flagship Paris,73739.42,24011.75,124,92323.26,99099.74,25327.72,154,114659.54,348,231,117,475,359,0
MV-30730,Men High Top Luxe,TRP,Taupe,Footwear,Men,Sneakers,High Top,MV,Maison Voss,300,50,EU_F07M,MV Flagship Paris,19604.91,5148.06,32,26860.44,20350.03,7574.52,32,26860.44,33,26,7,29,26,0
MV-82512,Women Shorts Heritage,BEG,Beige,Ready-to-Wear,Women,Bottoms,Shorts,MV,Maison Voss,300,20,EU_F07M,MV Flagship Paris,27325.61,7836.11,76,39860.82,26954.46,8056.87,79,41434.28,239,225,14,270,205,0
MV-25396,Women Clutches Slim,GRG,Greige,Leather Goods,Women,Handbags,Clutches,MVS,MV Signature,300,20,EU_F07M,MV Flagship Paris,27175.85,9029.03,51,39982.4,27212.39,7192.38,49,38414.46,160,141,19,181,140,0
MV-78494,Men Suit Sets Essential,ARG,Argent,Ready-to-Wear,Men,Suits,Suit Sets,MVS,MV Signature,300,20,EU_F07M,MV Flagship Paris,25375.2,7181.7,121,32998.78,21366.8,6769.32,102,27817.16,457,370,87,364,289,0
MV-77538,Men Check-In Signature,ECR,Ecru,Leather Goods,Men,Luggage,Check-In,MV,Maison Voss,300,20,EU_F07M,MV Flagship Paris,17883.46,5144.53,24,22075.91,22285.28,7023.76,28,25755.23,49,35,14,67,56,0
MV-73736,Women Key Holders Relaxed,ECR,Ecru,Leather Goods,Women,Small Leather Goods,Key Holders,MV,Maison Voss,300,30,EU_F07M,MV Flagship Paris,15654.37,5776.98,47,21175.95,15031.9,5408.71,43,19373.74,31,22,9,29,27,0
MV-94323,Women Round Frames Classic,CRM,Creme,Accessories,Women,Sunglasses,Round Frames,MVS,MV Signature,300,50,EU_F07M,MV Flagship Paris,24088.35,6738.19,42,30603.83,20530.15,7538.52,37,26960.52,165,158,7,156,106,0
MV-70443,Women Card Holders Heritage,ECR,Ecru,Leather Goods,Women,Small Leather Goods,Card Holders,MVS,MV Signature,300,20,EU_F07M,MV Flagship Paris,13766.15,3831.82,27,19891.39,12695.26,3651.16,25,18417.95,73,59,14,60,41,0
MV-67637,Men Midi Dresses Essential,CAM,Camel,Ready-to-Wear,Men,Dresses,Midi Dresses,MV,Maison Voss,300,70,EU_F07M,MV Flagship Paris,32845.5,11456.2,140,45502.67,37493.1,12570.81,170,55253.25,445,309,136,460,285,0
MV-59391,Women Weekender Signature,NVY,Navy,Leather Goods,Women,Luggage,Weekender,MVS,MV Signature,300,50,EU_F07M,MV Flagship Paris,5076.42,1503.65,11,7375.42,6493.08,1706.74,13,8716.41,27,18,9,37,33,0
MV-47196,Women Wallets,CRM,Cognac,Leather Goods,Women,Small Leather Goods,Wallets,MVS,MV Signature,300,20,EU_F07M,MV Flagship Paris,7158.1,2590.39,10,8729.46,6286.91,2260.49,10,8729.46,38,23,15,41,31,0
MV-12180,Men High Top Signature,ECR,Ecru,Footwear,Men,Sneakers,High Top,MVS,MV Signature,300,20,EU_F07M,MV Flagship Paris,16073.77,4590.67,54,20180.69,13170.98,3496.62,43,16069.81,204,186,18,150,140,0
MV-29597,Women Leather Belts,SBL,Sable,Leather Goods,Women,Belts,Leather Belts,MV,Maison Voss,300,20,EU_F07M,MV Flagship Paris,49822.48,13959.5,68,70013.59,44550.01,14040.08,57,58687.86,185,175,10,146,107,0
MV-79942,Men Blazers Essential,CRM,Cognac,Ready-to-Wear,Men,Outerwear,Blazers,MVS,MV Signature,300,20,EU_F07M,MV Flagship Paris,3587.85,1346.41,13,4647.85,2216.99,764.45,9,3217.74,23,22,1,19,16,0
MV-56438,Men Boots Essential,CRM,Creme,Footwear,Men,Heels,Boots,MV,Maison Voss,300,20,EU_F07M,MV Flagship Paris,16963.17,5323.13,31,22702.21,15965.75,5166.09,30,21969.88,76,46,30,70,65,0
MV-87993,Women Fedoras Modern,TAN,Tan,Accessories,Women,Hats,Fedoras,MVS,MV Signature,300,30,EU_F07M,MV Flagship Paris,44568.03,11385.31,185,60050.81,43117.53,11338.73,181,58752.42,544,442,102,544,439,0
MV-68493,Women Chain Belts Relaxed,BRG,Bordeaux,Leather Goods,Women,Belts,Chain Belts,MV,Maison Voss,300,30,EU_F07M,MV Flagship Paris,16053.15,4355.5,17,21559.01,11838.75,3252.75,12,15218.12,9,6,3,7,4,0
MV-52487,Men Mini Bags Luxe,GRG,Greige,Leather Goods,Men,Handbags,Mini Bags,MV,Maison Voss,300,20,EU_F07M,MV Flagship Paris,64824.41,24343.43,70,93279.93,44676.37,12030.14,52,69293.66,256,155,101,188,145,0
MV-70521,Men Mules Luxe,TAN,Tan,Footwear,Men,Heels,Mules,MV,Maison Voss,300,50,EU_F07M,MV Flagship Paris,67121.89,18448.69,85,92593.15,45848.68,16943.65,60,65359.87,207,141,66,154,128,0
MV-30866,Women Loafers Modern,BRG,Bordeaux,Footwear,Women,Flats,Loafers,MVS,MV Signature,300,20,EU_F07M,MV Flagship Paris,24384.65,8532.41,37,33254.7,24655.72,7854.19,39,35052.25,121,107,14,112,110,0
MV-80468,Men Blouses Relaxed,TRP,Taupe,Ready-to-Wear,Men,Tops,Blouses,MVS,MV Signature,300,20,EU_F07M,MV Flagship Paris,75027.62,20761.11,176,101056.57,80416.43,24258.89,185,106224.24,682,603,79,615,472,0
MV-60181,Women Jackets Classic,NVY,Navy,Ready-to-Wear,Women,Outerwear,Jackets,MVS,MV Signature,300,30,EU_F07M,MV Flagship Paris,45074.7,12169.75,84,62814.93,37516.46,9637.04,66,49354.59,314,247,67,278,198,0
MV-14852,Men Loafers Slim,IVR,Ivoire,Footwear,Men,Flats,Loafers,MV,Maison Voss,300,20,EU_F07M,MV Flagship Paris,14799.74,5215.59,38,18193.87,15336.21,4259.34,41,19630.23,122,74,48,119,110,0
MV-56019,Men Shorts Slim,IVR,Ivoire,Ready-to-Wear,Men,Bottoms,Shorts,MV,Maison Voss,300,20,EU_F07M,MV Flagship Paris,29348.06,8460.14,53,38943.03,23811.58,8676.03,43,31595.29,64,40,24,56,55,0
MV-46421,Women Knee High Slim,GRG,Greige,Footwear,Women,Boots,Knee High,MVS,MV Signature,300,20,EU_F07M,MV Flagship Paris,28300.73,7763.14,74,38089.87,19688.98,4964.1,58,29854.22,168,145,23,153,93,0
MV-55830,Women Jeans Heritage,TAN,Tan,Ready-to-Wear,Women,Bottoms,Jeans,MV,Maison Voss,300,20,EU_F07M,MV Flagship Paris,26344.89,8712.77,56,33226.13,23679.65,8844.58,47,27886.22,85,69,16,59,46,0
MV-97782,Women Leather Belts Signature,TAN,Tan,Leather Goods,Women,Belts,Leather Belts,MV,Maison Voss,300,20,EU_F07M,MV Flagship Paris,63694.97,20349.77,133,88720.49,47411.07,16239.27,107,71376.63,392,295,97,315,272,0
MV-75308,Men Ballet Flats,TAN,Tan,Footwear,Men,Flats,Ballet Flats,MVS,MV Signature,300,50,EU_F07M,MV Flagship Paris,22576.51,8172.32,28,30701.25,21964.09,7001.34,30,32894.19,86,60,26,103,97,0
MV-17592,Men Coats Relaxed,ANT,Anthracite,Ready-to-Wear,Men,Outerwear,Coats,MVS,MV Signature,300,20,EU_F07M,MV Flagship Paris,10550.63,3138.02,22,14258.31,7079.41,2118.78,16,10369.68,86,78,8,66,57,0
MV-76263,Women High Top Essential,GRG,Greige,Footwear,Women,Sneakers,High Top,MV,Maison Voss,300,50,EU_F07M,MV Flagship Paris,7136.83,2137.89,15,9854.7,6175.79,2075.11,12,7883.76,41,26,15,37,33,0
MV-33509,Unisex Fedoras Signature,GRG,Greige,Accessories,Unisex,Hats,Fedoras,MVS,MV Signature,300,20,EU_F07M,MV Flagship Paris,433.75,119.45,2,640.58,203.38,74.98,1,320.29,2,1,1,1,0,0
MV-33509,Unisex Fedoras Signature,ROG,Rouge,Accessories,Unisex,Hats,Fedoras,MVS,MV Signature,300,70,EU_F07M,MV Flagship Paris,959.68,295.04,2,1297.22,502.74,129.22,1,648.61,6,4,2,5,4,0
MV-69634,Women Day Dresses Signature,IVR,Ivoire,Ready-to-Wear,Women,Dresses,Day Dresses,MVS,MV Signature,300,30,EU_F07M,MV Flagship Paris,63161.32,16508.56,129,78376.38,58627.33,18475.78,125,75946.1,197,168,29,204,185,0
MV-16265,Women Chain Belts Signature,TAN,Tan,Leather Goods,Women,Belts,Chain Belts,MVS,MV Signature,300,20,EU_F07M,MV Flagship Paris,45476.35,13356.57,72,62239.44,42951.3,15288.82,67,57917.26,181,143,38,198,181,0
MV-22833,Women Midi Dresses Classic,BRG,Bordeaux,Ready-to-Wear,Women,Dresses,Midi Dresses,MVS,MV Signature,300,20,EU_F07M,MV Flagship Paris,23144.39,7565.22,68,31982.62,24762.25,7472.92,72,33863.95,166,164,2,192,150,0
MV-98188,Women Knee High Heritage,SBL,Sable,Footwear,Women,Boots,Knee High,MV,Maison Voss,300,70,EU_F07M,MV Flagship Paris,25427.73,9039.93,60,33603.73,27980.15,10298.94,62,34723.86,75,62,13,80,61,0
MV-44664,Women Shoulder Bags Modern,VRT,Vert,Leather Goods,Women,Handbags,Shoulder Bags,MVS,MV Signature,300,50,EU_F07M,MV Flagship Paris,120483.43,39318.47,120,177047.0,83794.2,24480.95,85,125408.29,119,106,13,99,74,0
MV-99224,Men Day Dresses Relaxed,CRM,Creme,Ready-to-Wear,Men,Dresses,Day Dresses,MVS,MV Signature,300,50,EU_F07M,MV Flagship Paris,21025.78,6048.02,41,25729.16,18781.78,4925.5,42,26356.7,61,54,7,61,48,0
MV-54313,Women Wallets Classic,CRM,Creme,Leather Goods,Women,Small Leather Goods,Wallets,MV,Maison Voss,300,50,EU_F07M,MV Flagship Paris,140780.15,39832.91,129,191757.87,138683.78,38962.98,141,209595.82,390,257,133,442,286,0
MV-69446,Unisex Evening Dresses Modern,IVR,Ivoire,Ready-to-Wear,Unisex,Dresses,Evening Dresses,MV,Maison Voss,300,30,EU_F07M,MV Flagship Paris,8293.65,2745.49,28,10464.48,9106.58,3162.61,33,12333.13,70,63,7,76,55,0
MV-93283,Unisex Wallets Luxe,ECR,Ecru,Leather Goods,Unisex,Small Leather Goods,Wallets,MV,Maison Voss,300,50,EU_F07M,MV Flagship Paris,112282.23,34093.89,165,156534.99,127127.58,36398.27,181,171714.14,281,216,65,350,216,0
MV-87993,Women Fedoras Modern,IVR,Ivoire,Accessories,Women,Hats,Fedoras,MVS,MV Signature,300,70,EU_F07M,MV Flagship Paris,20276.23,7384.58,76,29611.06,24454.0,7588.43,83,32338.4,139,119,20,168,134,0
MV-69048,Women Tops Luxe,NOI,Noir,Ready-to-Wear,Women,Tops,Tops,MV,Maison Voss,300,20,EU_F07M,MV Flagship Paris,7202.98,1935.35,18,9756.4,8904.15,2679.28,21,11382.47,54,47,7,58,38,0
MV-62772,Men Tote Bags Signature,GRG,Greige,Leather Goods,Men,Handbags,Tote Bags,MV,Maison Voss,300,20,EU_F07M,MV Flagship Paris,29388.72,10752.35,52,37711.15,21097.97,6441.87,40,29008.58,160,97,63,118,96,0
