plm_style_code,style_description,color_code,colorway_short_description,gmh_sector_text,gmh_gender_text,gmh_category_text,gmh_sub_category_text,gmh_sub_brand_code,gmh_sub_brand_text,company_code,distribution_channel_code,site_number,site_text,netslsamt_cy,netslscstmerch_cy,netslsqty_cy,netmsrpamt_cy,netslsamt_ly,netslscstmerch_ly,netslsqty_ly,netmsrpamt_ly,eohttlqty_cy,eohstrqty_cy,intranqty_cy,eohttlqty_ly,eohstrqty_ly,intranqty_ly
MV-27486,Women Mules Classic,ANT,Anthracite,Footwear,Women,Heels,Mules,MVS,MV Signature,300,20,EU_F07M,MV Flagship Paris,61257.8,15397.88,159,71977.68,79312.32,28993.03,198,89632.58,221,209,12,312,198,0
MV-28714,Men Trousers Luxe,CHP,Champagne,Ready-to-Wear,Men,Bottoms,Trousers,MV,Maison Voss,300,30,EU_F07M,MV Flagship Paris,7587.99,2747.62,31,9388.25,9089.09,3333.36,37,11205.33,122,99,23,166,154,0
MV-85914,Women Wallets,BLU,Bleu Marine,Leather Goods,Women,Small Leather Goods,Wallets,MV,Maison Voss,300,50,EU_F07M,MV Flagship Paris,126066.61,33760.83,187,168341.05,172678.81,56313.05,235,211551.59,303,193,110,314,300,0
MV-62772,Men Tote Bags Signature,CRM,Cognac,Leather Goods,Men,Handbags,Tote Bags,MV,Maison Voss,300,50,EU_F07M,MV Flagship Paris,62523.22,18907.8,79,78658.39,62884.53,15745.46,74,73680.01,270,245,25,276,203,0
MV-80236,Women Coats Slim,CRM,Cognac,Ready-to-Wear,Women,Outerwear,Coats,MVS,MV Signature,300,30,EU_F07M,MV Flagship Paris,5030.55,1679.6,11,6524.03,4633.02,1161.73,9,5337.84,29,28,1,28,24,0
MV-96341,Women Card Holders Signature,CAM,Camel,Leather Goods,Women,Small Leather Goods,Card Holders,MVS,MV Signature,300,20,EU_F07M,MV Flagship Paris,265503.33,90374.1,622,349232.54,232515.98,66293.86,530,297577.57,850,731,119,851,510,0
MV-97782,Women Leather Belts Signature,RSE,Rose Poudre,Leather Goods,Women,Belts,Leather Belts,MV,Maison Voss,300,20,EU_F07M,MV Flagship Paris,120913.52,45885.49,215,161055.15,117503.83,37318.02,183,137084.15,479,362,117,408,305,0
MV-19862,Men Pumps Slim,GRG,Greige,Footwear,Men,Heels,Pumps,MV,Maison Voss,300,20,EU_F07M,MV Flagship Paris,257459.58,94161.32,439,329673.47,304838.24,95990.79,559,419789.22,1509,1379,130,2191,1819,0
MV-49363,Unisex Cashmere Scarves,ROG,Rouge,Accessories,Unisex,Scarves,Cashmere Scarves,MVS,MV Signature,300,30,EU_F07M,MV Flagship Paris,147615.49,42401.46,236,187503.7,128764.24,40313.54,196,155723.41,710,544,166,521,431,0
MV-20328,Men Clutches,IVR,Ivoire,Leather Goods,Men,Handbags,Clutches,MVS,MV Signature,300,20,EU_F07M,MV Flagship Paris,33235.84,10062.85,92,41419.53,25625.68,8401.11,65,29263.8,356,266,90,202,158,0
MV-25043,Men Loafers,CHP,Champagne,Footwear,Men,Flats,Loafers,MVS,MV Signature,300,20,EU_F07M,MV Flagship Paris,84972.91,24122.89,150,103793.03,61521.21,17221.89,114,78882.7,581,364,217,522,323,0
MV-77033,Women Weekender Modern,BRG,Bordeaux,Leather Goods,Women,Luggage,Weekender,MVS,MV Signature,300,50,EU_F07M,MV Flagship Paris,165981.86,42283.34,236,246831.97,161409.6,41736.14,231,241602.47,241,205,36,229,207,0
MV-92478,Women Blazers Classic,RSE,Rose Poudre,Ready-to-Wear,Women,Outerwear,Blazers,MV,Maison Voss,300,50,EU_F07M,MV Flagship Paris,248342.09,82019.22,676,302105.19,285830.29,85631.6,853,381206.7,2124,1803,321,2279,2195,0
MV-60052,Unisex Evening Dresses,RSE,Rose Poudre,Ready-to-Wear,Unisex,Dresses,Evening Dresses,MVS,MV Signature,300,70,EU_F07M,MV Flagship Paris,19504.35,7290.07,61,26662.32,24168.83,7423.64,79,34529.89,45,35,10,65,57,0
MV-15513,Unisex Shorts Heritage,TAN,Tan,Ready-to-Wear,Unisex,Bottoms,Shorts,MVS,MV Signature,300,50,EU_F07M,MV Flagship Paris,86413.0,31442.7,436,110744.1,84501.28,31595.3,433,109982.1,1031,893,138,1173,1164,0
MV-79924,Unisex Blazers Modern,BRG,Bordeaux,Ready-to-Wear,Unisex,Outerwear,Blazers,MV,Maison Voss,300,70,EU_F07M,MV Flagship Paris,263886.18,96813.95,540,372455.01,251141.56,95332.08,482,332450.58,1033,656,377,785,498,0
MV-56019,Men Shorts Slim,IVR,Ivoire,Ready-to-Wear,Men,Bottoms,Shorts,MV,Maison Voss,300,50,EU_F07M,MV Flagship Paris,70402.31,18084.94,232,85453.23,58918.39,16724.33,215,79191.57,556,462,94,434,397,0
MV-59015,Unisex Baseball Caps Relaxed,BEG,Beige,Accessories,Unisex,Hats,Baseball Caps,MV,Maison Voss,300,20,EU_F07M,MV Flagship Paris,162797.77,57144.66,561,195879.8,203255.29,59989.77,703,245460.78,343,221,122,489,305,0
MV-12260,Men Knee High Modern,CRM,Cognac,Footwear,Men,Boots,Knee High,MVS,MV Signature,300,20,EU_F07M,MV Flagship Paris,80082.18,21270.15,106,100950.3,85062.97,26284.76,124,118092.8,269,261,8,370,224,0
MV-71537,Women Trousers Heritage,CRM,Cognac,Ready-to-Wear,Women,Bottoms,Trousers,MVS,MV Signature,300,20,EU_F07M,MV Flagship Paris,342476.46,102855.51,641,488920.91,439171.1,135593.71,742,565958.37,1041,761,280,1444,1157,0
MV-22833,Women Midi Dresses Classic,SBL,Sable,Ready-to-Wear,Women,Dresses,Midi Dresses,MVS,MV Signature,300,20,EU_F07M,MV Flagship Paris,49014.96,13546.32,254,69729.71,54225.04,17693.06,299,82083.39,700,660,40,731,709,0
MV-48504,Women Slides Signature,TAN,Tan,Footwear,Women,Flats,Slides,MVS,MV Signature,300,30,EU_F07M,MV Flagship Paris,6156.32,2220.04,9,7519.88,6110.82,2320.43,10,8355.42,4,3,1,5,3,0
MV-28776,Women Sandals Essential,RSE,Rose Poudre,Footwear,Women,Heels,Sandals,MV,Maison Voss,300,20,EU_F07M,MV Flagship Paris,203927.91,52003.41,497,278733.98,189884.62,49356.56,508,284903.14,597,587,10,682,599,0
MV-68529,Men Ankle Boots,VRT,Vert,Footwear,Men,Boots,Ankle Boots,MVS,MV Signature,300,50,EU_F07M,MV Flagship Paris,32478.74,8733.85,138,38831.52,38229.9,13088.52,152,42770.95,529,353,176,654,614,0
MV-20328,Men Clutches,CHP,Champagne,Leather Goods,Men,Handbags,Clutches,MVS,MV Signature,300,20,EU_F07M,MV Flagship Paris,100589.65,31684.56,129,125402.93,86334.82,23390.34,121,117626.0,140,132,8,149,125,0
MV-76542,Men Suit Sets Modern,SBL,Sable,Ready-to-Wear,Men,Suits,Suit Sets,MVS,MV Signature,300,50,EU_F07M,MV Flagship Paris,49960.08,17906.36,175,70423.14,61640.78,22290.46,207,83300.52,458,388,70,622,595,0
MV-17592,Men Coats Relaxed,CRM,Creme,Ready-to-Wear,Men,Outerwear,Coats,MVS,MV Signature,300,20,EU_F07M,MV Flagship Paris,10089.17,3377.22,33,13216.08,9927.51,3511.66,36,14417.54,123,94,29,119,117,0
MV-96761,Men Jackets Essential,GRG,Greige,Ready-to-Wear,Men,Outerwear,Jackets,MVS,MV Signature,300,50,EU_F07M,MV Flagship Paris,31175.84,9154.55,132,40209.02,35619.32,12402.72,162,49347.43,196,138,58,276,221,0
MV-70258,Men Platform Slim,VRT,Vert,Footwear,Men,Sneakers,Platform,MV,Maison Voss,300,20,EU_F07M,MV Flagship Paris,242357.69,89539.46,373,330655.25,256239.51,76058.85,407,360795.41,876,628,248,1075,996,0
MV-93283,Unisex Wallets Luxe,RSE,Rose Poudre,Leather Goods,Unisex,Small Leather Goods,Wallets,MV,Maison Voss,300,50,EU_F07M,MV Flagship Paris,2446.91,803.53,3,3002.55,1501.1,477.47,2,2001.7,1,0,1,0,0,0
MV-21542,Women Clutches Signature,ROG,Rouge,Leather Goods,Women,Handbags,Clutches,MVS,MV Signature,300,30,EU_F07M,MV Flagship Paris,55243.4,20446.83,66,73462.77,45356.48,12639.23,56,62332.05,183,182,1,147,134,0
MV-38760,Unisex Rings Heritage,RSE,Rose Poudre,Accessories,Unisex,Jewelry,Rings,MV,Maison Voss,300,20,EU_F07M,MV Flagship Paris,639.85,184.92,1,855.03,673.56,219.06,1,855.03,1,0,1,1,0,0
MV-86556,Women Evening Dresses Classic,ECR,Ecru,Ready-to-Wear,Women,Dresses,Evening Dresses,MV,Maison Voss,300,20,EU_F07M,MV Flagship Paris,38984.5,10677.58,112,48354.82,48204.27,12379.63,138,59580.04,118,84,34,165,100,0
MV-80236,Women Coats Slim,SBL,Sable,Ready-to-Wear,Women,Outerwear,Coats,MVS,MV Signature,300,20,EU_F07M,MV Flagship Paris,110588.2,31476.84,273,152248.41,83453.1,29526.18,202,112652.67,486,434,52,358,292,0
MV-47880,Women Shorts Relaxed,IVR,Ivoire,Ready-to-Wear,Women,Bottoms,Shorts,MV,Maison Voss,300,20,EU_F07M,MV Flagship Paris,198113.28,50975.44,336,253992.26,231470.41,82157.76,357,269866.78,901,847,54,837,632,0
MV-84341,Men Sandals Signature,TRP,Taupe,Footwear,Men,Heels,Sandals,MV,Maison Voss,300,70,EU_F07M,MV Flagship Paris,354421.12,94536.85,609,448271.34,440348.83,162618.97,678,499060.71,666,498,168,596,377,0
MV-19869,Women Wool Scarves Slim,TAN,Tan,Accessories,Women,Scarves,Wool Scarves,MVS,MV Signature,300,20,EU_F07M,MV Flagship Paris,97563.61,35449.38,196,130409.6,65850.57,22302.22,152,101133.97,388,280,108,298,189,0
MV-59308,Men Knitwear Essential,CRM,Creme,Ready-to-Wear,Men,Tops,Knitwear,MVS,MV Signature,300,20,EU_F07M,MV Flagship Paris,33394.27,12676.95,61,44452.18,41424.38,11026.1,70,51010.7,110,96,14,141,112,0
MV-69692,Women Suit Sets Essential,NVY,Navy,Ready-to-Wear,Women,Suits,Suit Sets,MVS,MV Signature,300,20,EU_F07M,MV Flagship Paris,122057.01,33590.58,540,152276.73,107250.03,30313.66,440,124077.34,2047,1911,136,1695,1367,0
MV-63225,Unisex Key Holders,RSE,Rose Poudre,Leather Goods,Unisex,Small Leather Goods,Key Holders,MVS,MV Signature,300,20,EU_F07M,MV Flagship Paris,274904.72,78013.85,313,412360.45,358696.68,129616.01,374,492724.63,1094,963,131,1220,831,0
MV-56346,Women Clutches Essential,SBL,Sable,Leather Goods,Women,Handbags,Clutches,MV,Maison Voss,300,50,EU_F07M,MV Flagship Paris,64754.43,20825.59,179,86494.04,75330.77,20628.93,212,102439.86,332,252,80,376,295,0
MV-59015,Unisex Baseball Caps Relaxed,NOI,Noir,Accessories,Unisex,Hats,Baseball Caps,MV,Maison Voss,300,20,EU_F07M,MV Flagship Paris,138861.95,46472.82,249,180558.99,97857.6,28139.38,182,131974.84,352,232,120,249,203,0
MV-28714,Men Trousers Luxe,ROG,Rouge,Ready-to-Wear,Men,Bottoms,Trousers,MV,Maison Voss,300,70,EU_F07M,MV Flagship Paris,212994.85,75972.11,541,301557.02,259157.43,90798.25,679,378479.14,396,390,6,426,372,0
MV-21542,Women Clutches Signature,SBL,Sable,Leather Goods,Women,Handbags,Clutches,MVS,MV Signature,300,50,EU_F07M,MV Flagship Paris,129773.08,44709.25,261,178199.87,159404.25,42865.77,303,206875.72,377,355,22,431,362,0
MV-96870,Women Day Dresses Relaxed,TRP,Taupe,Ready-to-Wear,Women,Dresses,Day Dresses,MVS,MV Signature,300,50,EU_F07M,MV Flagship Paris,33257.7,12181.93,96,44205.56,40648.95,10220.58,116,53415.05,236,193,43,335,293,0
MV-59834,Women Skirts,NVY,Navy,Ready-to-Wear,Women,Bottoms,Skirts,MVS,MV Signature,300,70,EU_F07M,MV Flagship Paris,134149.14,37457.57,261,195699.64,140001.43,39992.56,245,183702.73,584,374,210,560,351,0
MV-59834,Women Skirts,NVY,Navy,Ready-to-Wear,Women,Bottoms,Skirts,MVS,MV Signature,300,30,EU_F07M,MV Flagship Paris,4458.95,1134.69,8,5844.86,3999.32,1117.55,7,5114.26,31,22,9,24,22,0
MV-56019,Men Shorts Slim,GRG,Greige,Ready-to-Wear,Men,Bottoms,Shorts,MV,Maison Voss,300,50,EU_F07M,MV Flagship Paris,29258.36,7364.36,102,41025.95,22103.29,7868.34,72,28959.5,199,153,46,157,123,0
MV-55830,Women Jeans Heritage,IVR,Ivoire,Ready-to-Wear,Women,Bottoms,Jeans,MV,Maison Voss,300,50,EU_F07M,MV Flagship Paris,56869.67,15182.95,109,65390.41,68263.55,21806.31,128,76788.74,344,324,20,468,388,0
MV-54589,Women Carry-On Slim,BLU,Bleu Marine,Leather Goods,Women,Luggage,Carry-On,MV,Maison Voss,300,70,EU_F07M,MV Flagship Paris,34263.74,9567.8,38,46658.39,25145.33,8363.18,27,33152.01,51,44,7,35,32,0
MV-98501,Women Blouses Relaxed,ARG,Argent,Ready-to-Wear,Women,Tops,Blouses,MVS,MV Signature,300,20,EU_F07M,MV Flagship Paris,2341.1,621.29,4,3203.22,2402.0,718.9,4,3203.22,7,5,2,6,5,0
MV-57942,Women Chelsea Boots Modern,BRG,Bordeaux,Footwear,Women,Boots,Chelsea Boots,MVS,MV Signature,300,20,EU_F07M,MV Flagship Paris,23253.52,8654.25,30,34083.71,28339.08,9778.3,32,36355.96,115,100,15,104,101,0
MV-16839,Unisex Key Holders Luxe,SBL,Sable,Leather Goods,Unisex,Small Leather Goods,Key Holders,MVS,MV Signature,300,50,EU_F07M,MV Flagship Paris,217463.21,71545.79,222,290031.89,215842.72,62369.36,208,271741.59,309,247,62,339,271,0
MV-74451,Unisex Weekender Modern,TAN,Tan,Leather Goods,Unisex,Luggage,Weekender,MV,Maison Voss,300,30,EU_F07M,MV Flagship Paris,113815.07,39328.57,340,142591.55,144343.2,39130.71,440,184530.24,423,302,121,575,541,0
MV-87993,Women Fedoras Modern,BLU,Bleu Marine,Accessories,Women,Hats,Fedoras,MVS,MV Signature,300,20,EU_F07M,MV Flagship Paris,264660.97,83330.37,931,328034.03,319527.85,110323.42,1086,382647.64,1782,1200,582,1766,1429,0
MV-54657,Women Evening Dresses Slim,CRM,Cognac,Ready-to-Wear,Women,Dresses,Evening Dresses,MV,Maison Voss,300,50,EU_F07M,MV Flagship Paris,47215.61,15624.83,89,64178.02,36232.53,11364.33,69,49755.99,258,249,9,222,203,0
MV-53025,Men Loafers Heritage,BLU,Bleu Marine,Footwear,Men,Flats,Loafers,MV,Maison Voss,300,20,EU_F07M,MV Flagship Paris,125248.18,46558.51,191,165614.49,122496.2,41212.83,213,184690.5,586,394,192,573,493,0
MV-44099,Women Trousers Essential,BLU,Bleu Marine,Ready-to-Wear,Women,Bottoms,Trousers,MVS,MV Signature,300,50,EU_F07M,MV Flagship Paris,283929.19,82476.24,580,384456.76,359158.9,123524.83,710,470628.1,1096,925,171,1524,1446,0
MV-49618,Men Square Frames Classic,IVR,Ivoire,Accessories,Men,Sunglasses,Square Frames,MV,Maison Voss,300,30,EU_F07M,MV Flagship Paris,12655.46,3273.58,38,14987.51,14687.02,4957.58,43,16959.55,67,53,14,65,59,0
MV-65296,Women Ankle Boots Slim,CRM,Creme,Footwear,Women,Boots,Ankle Boots,MV,Maison Voss,300,20,EU_F07M,MV Flagship Paris,215202.67,55071.94,265,306632.48,271172.38,96791.51,340,393415.26,400,394,6,608,453,0
MV-14705,Men Baseball Caps Modern,GRG,Greige,Accessories,Men,Hats,Baseball Caps,MVS,MV Signature,300,50,EU_F07M,MV Flagship Paris,73354.09,22026.11,295,87860.0,90265.36,24282.19,332,98879.73,759,616,143,761,750,0
MV-79942,Men Blazers Essential,TRP,Taupe,Ready-to-Wear,Men,Outerwear,Blazers,MVS,MV Signature,300,20,EU_F07M,MV Flagship Paris,9462.1,3441.65,19,13041.19,7943.62,2875.9,15,10295.67,73,71,2,62,47,0
MV-71474,Men Loafers Relaxed,CAM,Camel,Footwear,Men,Flats,Loafers,MV,Maison Voss,300,50,EU_F07M,MV Flagship Paris,213598.25,55945.18,414,276623.89,199457.14,72145.11,338,225842.7,1474,1199,275,1094,885,0
MV-40595,Women Day Dresses Heritage,NOI,Noir,Ready-to-Wear,Women,Dresses,Day Dresses,MVS,MV Signature,300,20,EU_F07M,MV Flagship Paris,160786.23,44787.66,351,190962.28,180556.53,45904.17,397,215988.67,302,292,10,291,249,0
MV-22833,Women Midi Dresses Classic,TAN,Tan,Ready-to-Wear,Women,Dresses,Midi Dresses,MVS,MV Signature,300,50,EU_F07M,MV Flagship Paris,2746.58,844.61,7,3697.63,2580.92,883.88,6,3169.39,23,14,9,22,14,0
MV-25396,Women Clutches Slim,ECR,Ecru,Leather Goods,Women,Handbags,Clutches,MVS,MV Signature,300,50,EU_F07M,MV Flagship Paris,21697.25,7503.36,20,28798.93,18122.37,6350.96,15,21599.2,61,52,9,39,36,0
MV-15014,Women Bracelets Modern,BLU,Bleu Marine,Accessories,Women,Jewelry,Bracelets,MVS,MV Signature,300,50,EU_F07M,MV Flagship Paris,2668.14,770.47,10,3685.08,3030.63,1059.07,12,4422.1,18,14,4,27,18,0
MV-16839,Unisex Key Holders Luxe,ROG,Rouge,Leather Goods,Unisex,Small Leather Goods,Key Holders,MVS,MV Signature,300,20,EU_F07M,MV Flagship Paris,64145.46,23459.42,85,85749.84,70865.89,23546.11,94,94829.24,184,146,38,191,134,0
MV-97684,Unisex Bracelets Luxe,ROG,Rouge,Accessories,Unisex,Jewelry,Bracelets,MV,Maison Voss,300,20,EU_F07M,MV Flagship Paris,52520.29,15863.91,149,69021.01,48527.96,17160.66,151,69947.47,559,360,199,590,398,0
MV-31581,Men Key Holders Slim,RSE,Rose Poudre,Leather Goods,Men,Small Leather Goods,Key Holders,MVS,MV Signature,300,20,EU_F07M,MV Flagship Paris,59304.82,16873.97,159,79667.82,46781.57,16071.46,128,64135.1,405,393,12,302,200,0
MV-43681,Men Low Top Luxe,TRP,Taupe,Footwear,Men,Sneakers,Low Top,MV,Maison Voss,300,70,EU_F07M,MV Flagship Paris,43754.99,13735.47,65,60190.7,47301.22,14258.08,77,71302.82,154,115,39,157,132,0
MV-26505,Men Leather Belts Relaxed,IVR,Ivoire,Leather Goods,Men,Belts,Leather Belts,MV,Maison Voss,300,20,EU_F07M,MV Flagship Paris,392287.57,124318.84,508,566593.83,419854.89,137063.98,593,661397.91,928,892,36,892,631,0
MV-26074,Women Fedoras Slim,TRP,Taupe,Accessories,Women,Hats,Fedoras,MVS,MV Signature,300,20,EU_F07M,MV Flagship Paris,45378.12,12916.16,96,55468.91,45491.56,16539.83,98,56624.52,54,52,2,54,44,0
MV-45986,Women Chain Belts Classic,TRP,Taupe,Leather Goods,Women,Belts,Chain Belts,MV,Maison Voss,300,70,EU_F07M,MV Flagship Paris,5619.48,1847.54,9,6748.09,6922.99,1946.76,11,8247.66,5,4,1,6,4,0
MV-57052,Men Day Dresses Signature,NOI,Noir,Ready-to-Wear,Men,Dresses,Day Dresses,MV,Maison Voss,300,20,EU_F07M,MV Flagship Paris,21235.25,6244.62,74,30763.35,24294.9,7261.45,83,34504.83,188,145,43,249,170,0
MV-26704,Men Pouches Classic,SBL,Sable,Leather Goods,Men,Small Leather Goods,Pouches,MVS,MV Signature,300,50,EU_F07M,MV Flagship Paris,146182.14,40663.15,158,185637.25,185551.27,46694.55,185,217360.07,538,371,167,521,496,0
MV-66531,Unisex Key Holders Modern,CRM,Cognac,Leather Goods,Unisex,Small Leather Goods,Key Holders,MVS,MV Signature,300,20,EU_F07M,MV Flagship Paris,123580.27,43456.21,110,157765.74,111423.35,34669.11,113,162068.44,194,139,55,195,155,0
MV-84177,Men Leather Belts Classic,CAM,Camel,Leather Goods,Men,Belts,Leather Belts,MV,Maison Voss,300,20,EU_F07M,MV Flagship Paris,64750.6,20623.41,67,78152.36,71054.54,18305.43,81,94482.71,201,158,43,289,286,0
MV-69459,Women Rings Signature,GRG,Greige,Accessories,Women,Jewelry,Rings,MV,Maison Voss,300,20,EU_F07M,MV Flagship Paris,9879.39,2542.64,29,14398.42,8984.58,2646.91,25,12412.43,89,63,26,78,50,0
MV-71797,Men Shoulder Bags Classic,NVY,Navy,Leather Goods,Men,Handbags,Shoulder Bags,MVS,MV Signature,300,20,EU_F07M,MV Flagship Paris,275655.06,83062.78,358,341150.8,307358.98,107529.07,386,367832.99,1203,1041,162,1408,950,0
MV-37460,Men Jackets Heritage,NOI,Noir,Ready-to-Wear,Men,Outerwear,Jackets,MV,Maison Voss,300,50,EU_F07M,MV Flagship Paris,729890.64,267050.89,1165,873030.15,652237.71,230627.76,1174,879774.59,1698,1276,422,1689,1389,0
MV-83975,Unisex Baseball Caps Classic,GRG,Greige,Accessories,Unisex,Hats,Baseball Caps,MVS,MV Signature,300,50,EU_F07M,MV Flagship Paris,30717.06,10089.94,83,37350.84,30645.27,10690.64,84,37800.85,325,201,124,327,267,0
MV-71669,Men Silk Scarves,BEG,Beige,Accessories,Men,Scarves,Silk Scarves,MV,Maison Voss,300,30,EU_F07M,MV Flagship Paris,61646.84,16535.82,100,81616.97,85930.74,22487.99,126,102837.38,240,223,17,313,218,0
MV-16895,Women Leather Belts Slim,IVR,Ivoire,Leather Goods,Women,Belts,Leather Belts,MV,Maison Voss,300,70,EU_F07M,MV Flagship Paris,71505.02,21888.55,201,97980.84,63394.74,19352.5,168,81894.43,206,142,64,158,144,0
MV-20328,Men Clutches,ROG,Rouge,Leather Goods,Men,Handbags,Clutches,MVS,MV Signature,300,50,EU_F07M,MV Flagship Paris,80906.2,29433.65,265,105105.15,88363.76,30529.41,297,117797.09,251,182,69,318,262,0
MV-69473,Women Chain Belts Heritage,BLU,Bleu Marine,Leather Goods,Women,Belts,Chain Belts,MVS,MV Signature,300,20,EU_F07M,MV Flagship Paris,64567.76,20917.06,104,80223.93,65402.64,17569.08,98,75595.62,214,169,45,168,117,0
MV-66881,Men Trousers Modern,BLU,Bleu Marine,Ready-to-Wear,Men,Bottoms,Trousers,MV,Maison Voss,300,20,EU_F07M,MV Flagship Paris,185070.63,62355.39,493,238632.48,155140.03,45673.55,393,190228.32,1194,1070,124,1106,801,0
MV-51441,Women Jackets Modern,ECR,Ecru,Ready-to-Wear,Women,Outerwear,Jackets,MVS,MV Signature,300,70,EU_F07M,MV Flagship Paris,89679.99,32338.07,172,121085.66,109704.25,39163.02,208,146429.17,469,319,150,499,364,0
MV-35203,Men Blazers Modern,ECR,Ecru,Ready-to-Wear,Men,Outerwear,Blazers,MVS,MV Signature,300,20,EU_F07M,MV Flagship Paris,62760.45,17188.31,125,78539.03,70916.26,18633.15,136,85450.46,323,256,67,318,274,0
MV-69473,Women Chain Belts Heritage,SBL,Sable,Leather Goods,Women,Belts,Chain Belts,MVS,MV Signature,300,20,EU_F07M,MV Flagship Paris,137484.69,42908.96,218,165537.23,100242.7,28445.62,157,119217.18,811,524,287,677,495,0
MV-23434,Women Card Holders,TAN,Tan,Leather Goods,Women,Small Leather Goods,Card Holders,MV,Maison Voss,300,20,EU_F07M,MV Flagship Paris,288906.27,82976.77,640,367345.83,307081.24,114400.49,702,402932.46,1488,1096,392,1778,1381,0
MV-46559,Men Ballet Flats Luxe,ARG,Argent,Footwear,Men,Flats,Ballet Flats,MV,Maison Voss,300,20,EU_F07M,MV Flagship Paris,83933.76,21802.76,331,102178.78,104770.26,28639.29,400,123478.89,681,598,83,917,825,0
MV-45986,Women Chain Belts Classic,BRG,Bordeaux,Leather Goods,Women,Belts,Chain Belts,MV,Maison Voss,300,30,EU_F07M,MV Flagship Paris,8390.86,3111.34,8,11598.24,9516.27,2668.95,9,13048.02,24,14,10,26,15,0
MV-19869,Women Wool Scarves Slim,CRM,Creme,Accessories,Women,Scarves,Wool Scarves,MVS,MV Signature,300,20,EU_F07M,MV Flagship Paris,17037.36,5535.62,84,22279.86,14540.04,4872.1,69,18301.32,306,249,57,293,212,0
MV-26704,Men Pouches Classic,VRT,Vert,Leather Goods,Men,Small Leather Goods,Pouches,MVS,MV Signature,300,30,EU_F07M,MV Flagship Paris,149839.79,53943.03,133,198444.44,163670.68,60442.5,144,214857.13,462,290,172,458,384,0
MV-38683,Men Tops Slim,ROG,Rouge,Ready-to-Wear,Men,Tops,Tops,MVS,MV Signature,300,70,EU_F07M,MV Flagship Paris,31025.39,11117.66,79,39968.88,37260.99,10074.14,96,48569.78,47,44,3,47,34,0
MV-48504,Women Slides Signature,VRT,Vert,Footwear,Women,Flats,Slides,MVS,MV Signature,300,50,EU_F07M,MV Flagship Paris,167867.2,54494.22,252,235076.79,122871.92,37322.95,186,173509.06,730,654,76,508,425,0
MV-14877,Women Necklaces Heritage,RSE,Rose Poudre,Accessories,Women,Jewelry,Necklaces,MV,Maison Voss,300,70,EU_F07M,MV Flagship Paris,116014.12,38661.31,367,166570.97,94091.67,30050.82,319,144785.12,1205,735,470,886,837,0
MV-79942,Men Blazers Essential,SBL,Sable,Ready-to-Wear,Men,Outerwear,Blazers,MVS,MV Signature,300,50,EU_F07M,MV Flagship Paris,71873.52,19509.32,275,91392.66,66984.2,18834.86,246,81754.89,666,605,61,539,457,0
MV-18799,Women Jeans Modern,VRT,Vert,Ready-to-Wear,Women,Bottoms,Jeans,MV,Maison Voss,300,20,EU_F07M,MV Flagship Paris,345707.14,124910.1,952,429403.59,270990.44,70666.79,827,373021.81,1658,1080,578,1324,1198,0
MV-23579,Men Cat Eye,IVR,Ivoire,Accessories,Men,Sunglasses,Cat Eye,MVS,MV Signature,300,20,EU_F07M,MV Flagship Paris,21756.68,6559.29,66,27622.48,14811.45,3839.98,51,21344.65,149,114,35,101,66,0
MV-24316,Women Low Top Relaxed,CRM,Cognac,Footwear,Women,Sneakers,Low Top,MV,Maison Voss,300,70,EU_F07M,MV Flagship Paris,235937.98,83005.77,436,310864.13,178740.44,62374.61,327,233148.1,871,855,16,616,544,0
MV-74451,Unisex Weekender Modern,BRG,Bordeaux,Leather Goods,Unisex,Luggage,Weekender,MV,Maison Voss,300,30,EU_F07M,MV Flagship Paris,152708.52,41454.17,305,215965.38,204752.71,51881.27,377,266947.38,793,748,45,1101,885,0
MV-33647,Men Coats Heritage,BLU,Bleu Marine,Ready-to-Wear,Men,Outerwear,Coats,MVS,MV Signature,300,20,EU_F07M,MV Flagship Paris,46114.33,12373.32,94,61918.52,50650.05,16857.19,93,61259.81,176,132,44,191,155,0
MV-96870,Women Day Dresses Relaxed,CRM,Creme,Ready-to-Wear,Women,Dresses,Day Dresses,MVS,MV Signature,300,30,EU_F07M,MV Flagship Paris,89513.28,33446.17,277,112795.45,107392.79,29400.0,353,143742.94,575,381,194,729,469,0
MV-80143,Men Knitwear Classic,NOI,Noir,Ready-to-Wear,Men,Tops,Knitwear,MVS,MV Signature,300,20,EU_F07M,MV Flagship Paris,13303.42,3745.18,23,17876.86,16504.83,4802.0,28,21763.14,66,43,23,73,55,0
MV-26551,Women Mules Luxe,RSE,Rose Poudre,Footwear,Women,Heels,Mules,MV,Maison Voss,300,20,EU_F07M,MV Flagship Paris,86716.75,31387.64,326,109623.24,82370.09,24008.18,304,102225.36,674,558,116,603,497,0
MV-46559,Men Ballet Flats Luxe,BEG,Beige,Footwear,Men,Flats,Ballet Flats,MV,Maison Voss,300,20,EU_F07M,MV Flagship Paris,95835.05,24673.45,159,122162.87,91171.19,32793.7,169,129846.07,92,60,32,109,73,0
MV-23238,Women Knitwear Essential,ANT,Anthracite,Ready-to-Wear,Women,Tops,Knitwear,MV,Maison Voss,300,20,EU_F07M,MV Flagship Paris,20121.95,6725.55,72,26625.13,17919.71,5144.03,63,23296.99,81,65,16,57,39,0
MV-12260,Men Knee High Modern,CHP,Champagne,Footwear,Men,Boots,Knee High,MVS,MV Signature,300,20,EU_F07M,MV Flagship Paris,159718.26,41034.65,223,203011.69,182449.84,60553.14,261,237605.61,140,123,17,180,149,0
MV-82135,Women Trousers Slim,CAM,Camel,Ready-to-Wear,Women,Bottoms,Trousers,MVS,MV Signature,300,50,EU_F07M,MV Flagship Paris,88737.13,30338.52,215,122868.45,88234.4,29152.34,237,135441.03,183,135,48,176,143,0
MV-70931,Men Chain Belts Essential,TRP,Taupe,Leather Goods,Men,Belts,Chain Belts,MVS,MV Signature,300,20,EU_F07M,MV Flagship Paris,26238.57,6950.64,49,34310.18,23324.94,6776.65,46,32209.56,175,138,37,192,181,0
MV-96341,Women Card Holders Signature,TAN,Tan,Leather Goods,Women,Small Leather Goods,Card Holders,MVS,MV Signature,300,50,EU_F07M,MV Flagship Paris,2969.94,1125.89,6,3982.06,2543.99,675.5,5,3318.38,23,22,1,21,17,0
MV-14705,Men Baseball Caps Modern,TRP,Taupe,Accessories,Men,Hats,Baseball Caps,MVS,MV Signature,300,50,EU_F07M,MV Flagship Paris,75139.1,26782.95,119,95820.04,58862.5,16381.73,99,79715.84,398,369,29,349,219,0
MV-64377,Women Trousers Essential,ROG,Rouge,Ready-to-Wear,Women,Bottoms,Trousers,MVS,MV Signature,300,50,EU_F07M,MV Flagship Paris,77126.02,26543.87,176,99855.45,74814.39,21794.3,197,111770.02,688,679,9,911,551,0
MV-68529,Men Ankle Boots,CAM,Camel,Footwear,Men,Boots,Ankle Boots,MVS,MV Signature,300,30,EU_F07M,MV Flagship Paris,116377.24,42782.17,438,156986.71,119687.99,40274.09,436,156269.87,909,676,233,956,943,0
MV-94323,Women Round Frames Classic,CRM,Cognac,Accessories,Women,Sunglasses,Round Frames,MVS,MV Signature,300,20,EU_F07M,MV Flagship Paris,159665.63,54626.49,552,193095.28,153520.95,50453.28,563,196943.19,1503,1063,440,1342,1042,0
MV-73242,Men Chain Belts Luxe,NVY,Navy,Leather Goods,Men,Belts,Chain Belts,MV,Maison Voss,300,50,EU_F07M,MV Flagship Paris,123819.54,38934.88,157,153519.12,136244.33,48818.33,160,156452.6,286,257,29,339,279,0
MV-20745,Unisex Mini Bags Essential,ROG,Rouge,Leather Goods,Unisex,Handbags,Mini Bags,MVS,MV Signature,300,50,EU_F07M,MV Flagship Paris,260713.69,86866.42,294,302968.64,298965.9,101938.48,348,358615.94,683,553,130,953,942,0
MV-78146,Men Day Dresses,RSE,Rose Poudre,Ready-to-Wear,Men,Dresses,Day Dresses,MV,Maison Voss,300,20,EU_F07M,MV Flagship Paris,69352.32,20032.19,121,86224.26,60639.78,18939.13,102,72684.91,474,355,119,366,260,0
MV-30253,Men Weekender Essential,NVY,Navy,Leather Goods,Men,Luggage,Weekender,MVS,MV Signature,300,20,EU_F07M,MV Flagship Paris,297914.97,77240.22,287,396010.23,280251.95,87924.37,291,401529.53,1124,689,435,1155,858,0
MV-99381,Women Fedoras Signature,CRM,Creme,Accessories,Women,Hats,Fedoras,MVS,MV Signature,300,50,EU_F07M,MV Flagship Paris,13841.65,4182.3,48,18240.3,10895.39,2963.03,40,15200.25,84,59,25,78,73,0
MV-54313,Women Wallets Classic,ROG,Rouge,Leather Goods,Women,Small Leather Goods,Wallets,MV,Maison Voss,300,30,EU_F07M,MV Flagship Paris,55401.14,14285.47,97,70235.02,43376.06,13584.81,73,52857.28,358,217,141,297,203,0
MV-30866,Women Loafers Modern,ANT,Anthracite,Footwear,Women,Flats,Loafers,MVS,MV Signature,300,20,EU_F07M,MV Flagship Paris,96094.57,28679.79,210,134563.96,109439.45,38123.29,247,158272.85,276,244,32,387,261,0
MV-26912,Men Suit Sets Essential,ECR,Ecru,Ready-to-Wear,Men,Suits,Suit Sets,MVS,MV Signature,300,50,EU_F07M,MV Flagship Paris,1690.54,441.33,3,2311.92,1754.32,516.47,3,2311.92,6,4,2,6,4,0
MV-62772,Men Tote Bags Signature,NOI,Noir,Leather Goods,Men,Handbags,Tote Bags,MV,Maison Voss,300,20,EU_F07M,MV Flagship Paris,170187.27,63185.12,268,216275.18,200406.48,72463.94,294,237257.1,227,184,43,236,201,0
MV-52176,Women Check-In Relaxed,CRM,Cognac,Leather Goods,Women,Luggage,Check-In,MVS,MV Signature,300,70,EU_F07M,MV Flagship Paris,421207.55,145924.12,378,578069.35,520729.66,139596.03,475,726409.9,1027,881,146,1173,1093,0
MV-63843,Women Midi Dresses Essential,SBL,Sable,Ready-to-Wear,Women,Dresses,Midi Dresses,MVS,MV Signature,300,20,EU_F07M,MV Flagship Paris,61500.17,18530.67,106,90990.14,72202.4,20259.06,113,96998.92,142,96,46,132,126,0
MV-58434,Women Shoulder Bags Heritage,SBL,Sable,Leather Goods,Women,Handbags,Shoulder Bags,MV,Maison Voss,300,70,EU_F07M,MV Flagship Paris,94698.39,24392.6,124,130933.67,117813.67,35802.56,159,167890.75,232,150,82,293,215,0
MV-76249,Men Clutches Luxe,ECR,Ecru,Leather Goods,Men,Handbags,Clutches,MV,Maison Voss,300,20,EU_F07M,MV Flagship Paris,218833.8,76655.74,399,298346.14,168329.81,51231.36,340,254229.79,1200,1081,119,998,874,0
MV-20350,Women Card Holders Essential,ANT,Anthracite,Leather Goods,Women,Small Leather Goods,Card Holders,MVS,MV Signature,300,70,EU_F07M,MV Flagship Paris,187582.82,71183.52,313,273329.14,242473.76,82585.83,388,338823.35,739,646,93,1100,768,0
MV-43681,Men Low Top Luxe,ANT,Anthracite,Footwear,Men,Sneakers,Low Top,MV,Maison Voss,300,50,EU_F07M,MV Flagship Paris,32918.68,11078.97,71,45919.49,25371.06,7369.93,52,33631.18,174,156,18,117,85,0
MV-12671,Men Ballet Flats Slim,BEG,Beige,Footwear,Men,Flats,Ballet Flats,MVS,MV Signature,300,50,EU_F07M,MV Flagship Paris,58343.74,14705.78,82,75913.08,52991.69,15690.87,68,62952.31,76,67,9,75,73,0
MV-17331,Women Key Holders Relaxed,BEG,Beige,Leather Goods,Women,Small Leather Goods,Key Holders,MVS,MV Signature,300,20,EU_F07M,MV Flagship Paris,243992.84,85332.39,238,311106.36,176056.67,63065.58,189,247055.05,882,586,296,706,538,0
MV-52415,Men Jeans Relaxed,ROG,Rouge,Ready-to-Wear,Men,Bottoms,Jeans,MV,Maison Voss,300,20,EU_F07M,MV Flagship Paris,98173.11,31839.06,173,135604.12,92212.97,29252.61,179,140307.15,247,218,29,251,232,0
MV-54089,Unisex Blazers,TRP,Taupe,Ready-to-Wear,Unisex,Outerwear,Blazers,MVS,MV Signature,300,20,EU_F07M,MV Flagship Paris,13578.54,4471.66,37,18149.26,17568.37,6128.84,44,21582.9,75,64,11,85,66,0
MV-30257,Women Weekender Relaxed,CAM,Camel,Leather Goods,Women,Luggage,Weekender,MV,Maison Voss,300,70,EU_F07M,MV Flagship Paris,81096.4,28781.29,77,107746.68,61887.98,17625.76,54,75562.61,147,136,11,89,58,0
MV-28776,Women Sandals Essential,GRG,Greige,Footwear,Women,Heels,Sandals,MV,Maison Voss,300,20,EU_F07M,MV Flagship Paris,293408.12,92994.99,482,431193.86,341970.37,109751.6,592,529599.1,552,340,212,619,388,0
MV-99181,Women Blazers Modern,BRG,Bordeaux,Ready-to-Wear,Women,Outerwear,Blazers,MVS,MV Signature,300,20,EU_F07M,MV Flagship Paris,129920.41,39710.53,244,164661.98,93838.29,24253.37,171,115398.35,451,415,36,361,315,0
MV-60052,Unisex Evening Dresses,BLU,Bleu Marine,Ready-to-Wear,Unisex,Dresses,Evening Dresses,MVS,MV Signature,300,20,EU_F07M,MV Flagship Paris,320042.1,82292.72,895,406191.25,371717.45,115323.72,1043,473360.31,2668,2219,449,3110,2153,0
MV-69446,Unisex Evening Dresses Modern,CRM,Creme,Ready-to-Wear,Unisex,Dresses,Evening Dresses,MV,Maison Voss,300,20,EU_F07M,MV Flagship Paris,163842.97,49699.53,305,220290.35,182109.47,53066.87,324,234013.35,892,740,152,926,623,0
MV-44335,Women Slides Slim,ECR,Ecru,Footwear,Women,Flats,Slides,MV,Maison Voss,300,20,EU_F07M,MV Flagship Paris,501819.25,152100.37,597,589832.92,556494.99,173107.12,629,621448.76,1772,1516,256,1904,1270,0
MV-43586,Women Jeans Signature,NVY,Navy,Ready-to-Wear,Women,Bottoms,Jeans,MV,Maison Voss,300,20,EU_F07M,MV Flagship Paris,14655.93,4320.08,51,20057.98,16026.93,5911.08,56,22024.44,39,34,5,46,36,0
MV-79615,Women Midi Dresses Slim,BRG,Bordeaux,Ready-to-Wear,Women,Dresses,Midi Dresses,MV,Maison Voss,300,50,EU_F07M,MV Flagship Paris,94757.98,27735.21,309,129934.62,122251.37,31451.54,378,158949.15,724,680,44,1036,947,0
MV-76249,Men Clutches Luxe,GRG,Greige,Leather Goods,Men,Handbags,Clutches,MV,Maison Voss,300,20,EU_F07M,MV Flagship Paris,2662.52,857.83,4,3245.74,1914.53,569.05,3,2434.3,10,9,1,9,6,0
MV-93717,Women Leather Belts Heritage,ANT,Anthracite,Leather Goods,Women,Belts,Leather Belts,MVS,MV Signature,300,30,EU_F07M,MV Flagship Paris,139782.42,35825.92,233,203278.06,127942.53,38691.41,221,192808.8,180,126,54,152,119,0
MV-54657,Women Evening Dresses Slim,TAN,Tan,Ready-to-Wear,Women,Dresses,Evening Dresses,MV,Maison Voss,300,20,EU_F07M,MV Flagship Paris,43347.66,11596.58,132,53408.33,47757.96,14483.91,161,65141.97,340,300,40,431,285,0
MV-23434,Women Card Holders,CRM,Cognac,Leather Goods,Women,Small Leather Goods,Card Holders,MV,Maison Voss,300,50,EU_F07M,MV Flagship Paris,26653.14,8147.19,89,36083.46,22233.81,5594.99,67,27163.95,173,137,36,125,79,0
MV-25974,Women Chain Belts,CRM,Cognac,Leather Goods,Women,Belts,Chain Belts,MV,Maison Voss,300,20,EU_F07M,MV Flagship Paris,126646.75,35989.5,416,157613.39,154193.85,38726.7,493,186787.03,1134,1057,77,1124,1066,0
MV-71669,Men Silk Scarves,TRP,Taupe,Accessories,Men,Scarves,Silk Scarves,MV,Maison Voss,300,50,EU_F07M,MV Flagship Paris,204526.24,56311.78,403,296899.8,179540.48,63081.78,356,262273.77,997,979,18,792,630,0
MV-69829,Men Ballet Flats Slim,CAM,Camel,Footwear,Men,Flats,Ballet Flats,MV,Maison Voss,300,20,EU_F07M,MV Flagship Paris,1310.7,344.76,4,1853.37,929.71,336.98,3,1390.03,8,7,1,6,4,0
MV-13761,Women Evening Dresses Luxe,IVR,Ivoire,Ready-to-Wear,Women,Dresses,Evening Dresses,MVS,MV Signature,300,20,EU_F07M,MV Flagship Paris,54593.38,20696.83,197,80796.17,72421.61,20105.89,252,103353.48,466,393,73,696,441,0
MV-90209,Men Suit Sets Modern,TAN,Tan,Ready-to-Wear,Men,Suits,Suit Sets,MV,Maison Voss,300,20,EU_F07M,MV Flagship Paris,56278.48,18695.21,96,74644.87,53463.04,15975.52,96,74644.87,183,140,43,152,126,0
MV-58434,Women Shoulder Bags Heritage,CHP,Champagne,Leather Goods,Women,Handbags,Shoulder Bags,MV,Maison Voss,300,20,EU_F07M,MV Flagship Paris,121576.68,37127.1,112,164583.45,108899.43,37100.28,103,151358.0,126,107,19,105,104,0
MV-12665,Women Suit Trousers Essential,BEG,Beige,Ready-to-Wear,Women,Suits,Suit Trousers,MV,Maison Voss,300,20,EU_F07M,MV Flagship Paris,188877.49,71371.5,374,243954.49,215557.31,64238.92,407,265479.88,372,268,104,452,411,0
MV-47196,Women Wallets,GRG,Greige,Leather Goods,Women,Small Leather Goods,Wallets,MVS,MV Signature,300,20,EU_F07M,MV Flagship Paris,60706.23,22905.21,77,84552.48,46959.7,17190.27,66,72473.56,272,183,89,255,197,0
MV-29597,Women Leather Belts,ECR,Ecru,Leather Goods,Women,Belts,Leather Belts,MV,Maison Voss,300,70,EU_F07M,MV Flagship Paris,264675.62,100481.53,601,360626.96,278677.16,89944.42,576,345625.83,625,586,39,709,669,0
MV-79329,Men Suit Trousers Classic,ANT,Anthracite,Ready-to-Wear,Men,Suits,Suit Trousers,MVS,MV Signature,300,20,EU_F07M,MV Flagship Paris,18642.42,6662.93,41,22346.86,14667.65,4303.15,37,20166.67,100,99,1,74,61,0
MV-26912,Men Suit Sets Essential,CAM,Camel,Ready-to-Wear,Men,Suits,Suit Sets,MVS,MV Signature,300,30,EU_F07M,MV Flagship Paris,113585.24,32217.25,227,143447.6,139041.68,40461.98,277,175043.99,221,179,42,284,271,0
MV-99173,Women Card Holders Modern,GRG,Greige,Leather Goods,Women,Small Leather Goods,Card Holders,MV,Maison Voss,300,30,EU_F07M,MV Flagship Paris,94435.66,31804.42,233,133558.0,113082.82,35725.78,294,168523.82,717,523,194,915,885,0
MV-62196,Women Blazers,ECR,Ecru,Ready-to-Wear,Women,Outerwear,Blazers,MV,Maison Voss,300,50,EU_F07M,MV Flagship Paris,29986.34,9021.57,60,36920.59,32806.0,11232.78,59,36305.24,136,130,6,115,107,0
MV-40595,Women Day Dresses Heritage,BRG,Bordeaux,Ready-to-Wear,Women,Dresses,Day Dresses,MVS,MV Signature,300,50,EU_F07M,MV Flagship Paris,25272.33,7485.18,82,32225.55,29492.01,7585.54,101,39692.44,120,113,7,131,109,0
MV-48504,Women Slides Signature,CAM,Camel,Footwear,Women,Flats,Slides,MVS,MV Signature,300,20,EU_F07M,MV Flagship Paris,167211.65,54558.97,377,233778.61,118638.81,40805.58,292,181069.9,474,290,184,400,373,0
MV-73532,Women Midi Dresses Modern,ANT,Anthracite,Ready-to-Wear,Women,Dresses,Midi Dresses,MVS,MV Signature,300,20,EU_F07M,MV Flagship Paris,128087.44,45162.18,300,156677.78,135787.03,40708.88,309,161378.11,184,159,25,179,113,0
MV-79924,Unisex Blazers Modern,IVR,Ivoire,Ready-to-Wear,Unisex,Outerwear,Blazers,MV,Maison Voss,300,50,EU_F07M,MV Flagship Paris,36824.53,11636.14,83,47594.66,41627.16,11979.43,95,54475.81,314,211,103,428,290,0
MV-41358,Men Chelsea Boots Heritage,NVY,Navy,Footwear,Men,Boots,Chelsea Boots,MV,Maison Voss,300,50,EU_F07M,MV Flagship Paris,122363.08,36224.52,160,175252.05,99204.34,26375.48,120,131439.04,335,240,95,300,265,0
MV-93717,Women Leather Belts Heritage,CRM,Cognac,Leather Goods,Women,Belts,Leather Belts,MVS,MV Signature,300,20,EU_F07M,MV Flagship Paris,9336.43,3501.01,13,11681.47,7883.22,2550.6,12,10782.9,24,16,8,20,14,0
MV-67104,Men Sandals Essential,CHP,Champagne,Footwear,Men,Heels,Sandals,MV,Maison Voss,300,20,EU_F07M,MV Flagship Paris,39452.19,13429.5,49,47609.2,46280.87,13252.16,56,54410.52,110,102,8,129,128,0
MV-78937,Men Carry-On Luxe,TAN,Tan,Leather Goods,Men,Luggage,Carry-On,MVS,MV Signature,300,20,EU_F07M,MV Flagship Paris,113871.3,36888.33,139,142864.56,84318.25,23226.74,112,115113.89,411,258,153,285,191,0
MV-78955,Women Pouches Modern,TAN,Tan,Leather Goods,Women,Small Leather Goods,Pouches,MV,Maison Voss,300,20,EU_F07M,MV Flagship Paris,18813.86,6345.92,18,22870.91,16844.07,4518.52,16,20329.7,16,12,4,17,15,0
MV-77538,Men Check-In Signature,GRG,Greige,Leather Goods,Men,Luggage,Check-In,MV,Maison Voss,300,30,EU_F07M,MV Flagship Paris,150192.67,40204.97,388,189045.34,147960.81,39226.1,415,202200.56,1323,1179,144,1576,1062,0
MV-65444,Women Berets,TRP,Taupe,Accessories,Women,Hats,Berets,MVS,MV Signature,300,20,EU_F07M,MV Flagship Paris,113743.82,39249.34,265,153299.74,107978.6,39587.42,261,150985.78,414,382,32,471,321,0
MV-32527,Women Mules Luxe,GRG,Greige,Footwear,Women,Heels,Mules,MV,Maison Voss,300,50,EU_F07M,MV Flagship Paris,376823.31,139351.85,603,466212.11,312174.64,115056.9,550,425234.92,2165,1680,485,1781,1514,0
MV-86484,Men Blazers Essential,NOI,Noir,Ready-to-Wear,Men,Suits,Blazers,MV,Maison Voss,300,50,EU_F07M,MV Flagship Paris,144614.33,51760.53,248,172527.7,138014.02,42394.52,270,187832.57,795,740,55,742,549,0
MV-96870,Women Day Dresses Relaxed,ARG,Argent,Ready-to-Wear,Women,Dresses,Day Dresses,MVS,MV Signature,300,20,EU_F07M,MV Flagship Paris,382694.28,144284.6,591,534192.9,451597.24,149276.35,662,598368.35,1126,955,171,1282,835,0
MV-35995,Unisex Check-In Modern,CRM,Cognac,Leather Goods,Unisex,Luggage,Check-In,MVS,MV Signature,300,20,EU_F07M,MV Flagship Paris,70768.78,25868.33,169,91852.53,92068.07,26917.25,217,117940.83,517,334,183,561,405,0
MV-23579,Men Cat Eye,TRP,Taupe,Accessories,Men,Sunglasses,Cat Eye,MVS,MV Signature,300,30,EU_F07M,MV Flagship Paris,40507.51,13499.41,192,55141.94,32592.37,8605.59,167,47962.0,162,109,53,142,108,0
MV-49472,Men Square Frames Modern,ECR,Ecru,Accessories,Men,Sunglasses,Square Frames,MV,Maison Voss,300,50,EU_F07M,MV Flagship Paris,481611.98,165372.72,791,580845.56,487597.07,178560.72,871,639591.0,2730,2560,170,3190,2010,0
MV-31632,Women Weekender Luxe,NVY,Navy,Leather Goods,Women,Luggage,Weekender,MV,Maison Voss,300,20,EU_F07M,MV Flagship Paris,218598.33,57076.2,215,304640.47,239191.01,79915.29,255,361317.77,288,220,68,384,356,0
MV-72722,Women Midi Dresses Slim,IVR,Ivoire,Ready-to-Wear,Women,Dresses,Midi Dresses,MVS,MV Signature,300,70,EU_F07M,MV Flagship Paris,3733.17,1280.79,6,5635.39,2997.72,919.33,5,4696.16,19,12,7,20,12,0
MV-26551,Women Mules Luxe,CHP,Champagne,Footwear,Women,Heels,Mules,MV,Maison Voss,300,30,EU_F07M,MV Flagship Paris,126589.48,41954.51,269,170917.87,101112.5,27864.21,219,139148.75,318,298,20,271,226,0
MV-30644,Men Chain Belts Slim,TAN,Tan,Leather Goods,Men,Belts,Chain Belts,MV,Maison Voss,300,70,EU_F07M,MV Flagship Paris,408109.69,113330.89,494,551185.5,415965.02,133425.45,554,618131.11,1730,1050,680,2059,1246,0
MV-38683,Men Tops Slim,BLU,Bleu Marine,Ready-to-Wear,Men,Tops,Tops,MVS,MV Signature,300,70,EU_F07M,MV Flagship Paris,90135.53,33539.12,333,111094.31,71697.07,22325.88,240,80067.97,702,632,70,565,527,0
MV-88366,Men Blazers Classic,NOI,Noir,Ready-to-Wear,Men,Outerwear,Blazers,MV,Maison Voss,300,20,EU_F07M,MV Flagship Paris,68965.93,23734.52,183,90956.05,49320.47,15770.24,144,71571.98,699,486,213,575,396,0
MV-62521,Women Silk Scarves Luxe,TAN,Tan,Accessories,Women,Scarves,Silk Scarves,MVS,MV Signature,300,50,EU_F07M,MV Flagship Paris,38781.25,10210.4,233,54232.28,40213.37,12947.28,224,52137.47,121,110,11,111,90,0
MV-76237,Women Skirts Classic,TRP,Taupe,Ready-to-Wear,Women,Bottoms,Skirts,MV,Maison Voss,300,20,EU_F07M,MV Flagship Paris,510390.13,151510.79,970,709509.24,656589.28,192794.46,1161,849216.72,2254,1744,510,3053,2981,0
MV-69829,Men Ballet Flats Slim,TAN,Tan,Footwear,Men,Flats,Ballet Flats,MV,Maison Voss,300,20,EU_F07M,MV Flagship Paris,9523.88,2749.8,19,12235.7,8980.58,3094.31,20,12879.69,27,17,10,23,18,0
MV-70931,Men Chain Belts Essential,NVY,Navy,Leather Goods,Men,Belts,Chain Belts,MVS,MV Signature,300,20,EU_F07M,MV Flagship Paris,190378.23,52208.34,230,269064.86,223880.78,84518.38,290,339255.69,170,160,10,198,180,0
MV-16265,Women Chain Belts Signature,VRT,Vert,Leather Goods,Women,Belts,Chain Belts,MVS,MV Signature,300,20,EU_F07M,MV Flagship Paris,63579.9,21536.52,69,90723.38,82680.93,29397.16,84,110445.86,79,61,18,79,72,0
MV-30644,Men Chain Belts Slim,IVR,Ivoire,Leather Goods,Men,Belts,Chain Belts,MV,Maison Voss,300,50,EU_F07M,MV Flagship Paris,81075.85,27752.06,214,108425.5,65273.67,16621.35,182,92212.34,455,388,67,390,357,0
MV-35995,Unisex Check-In Modern,CRM,Cognac,Leather Goods,Unisex,Luggage,Check-In,MVS,MV Signature,300,50,EU_F07M,MV Flagship Paris,127002.67,40210.63,196,155311.29,100352.68,28926.93,149,118068.27,170,149,21,116,100,0
MV-58566,Men Leather Belts Relaxed,VRT,Vert,Leather Goods,Men,Belts,Leather Belts,MVS,MV Signature,300,50,EU_F07M,MV Flagship Paris,19698.04,5014.33,34,24503.1,21997.34,6210.06,41,29547.85,93,91,2,104,95,0
MV-60432,Women Suit Sets Essential,TRP,Taupe,Ready-to-Wear,Women,Suits,Suit Sets,MVS,MV Signature,300,70,EU_F07M,MV Flagship Paris,33368.89,9841.82,48,47988.87,35283.44,11264.92,50,49988.41,120,75,45,105,95,0
MV-44687,Men Card Holders Modern,ARG,Argent,Leather Goods,Men,Small Leather Goods,Card Holders,MVS,MV Signature,300,30,EU_F07M,MV Flagship Paris,195194.77,61887.23,203,289669.18,207066.37,58320.46,223,318208.01,660,466,194,846,639,0
MV-27892,Men Suit Trousers Modern,CRM,Creme,Ready-to-Wear,Men,Suits,Suit Trousers,MV,Maison Voss,300,20,EU_F07M,MV Flagship Paris,8618.95,2983.53,28,10477.95,7442.29,2618.16,26,9729.53,104,81,23,96,70,0
MV-56438,Men Boots Essential,CHP,Champagne,Footwear,Men,Heels,Boots,MV,Maison Voss,300,20,EU_F07M,MV Flagship Paris,21757.28,6188.85,64,30894.28,20020.03,7092.42,59,28480.67,122,89,33,122,74,0
MV-53064,Men Skirts Slim,BRG,Bordeaux,Ready-to-Wear,Men,Bottoms,Skirts,MV,Maison Voss,300,20,EU_F07M,MV Flagship Paris,250376.91,79783.21,378,311242.96,235954.41,77373.47,344,283247.56,1242,847,395,970,592,0
MV-32527,Women Mules Luxe,VRT,Vert,Footwear,Women,Heels,Mules,MV,Maison Voss,300,50,EU_F07M,MV Flagship Paris,18478.32,6067.92,83,25011.36,23702.76,8547.32,97,29230.14,172,160,12,209,199,0
MV-70931,Men Chain Belts Essential,SBL,Sable,Leather Goods,Men,Belts,Chain Belts,MVS,MV Signature,300,30,EU_F07M,MV Flagship Paris,137129.1,40165.39,140,188854.41,152445.95,50742.71,178,240114.9,123,106,17,163,102,0
MV-91490,Women Midi Dresses,TAN,Tan,Ready-to-Wear,Women,Dresses,Midi Dresses,MV,Maison Voss,300,30,EU_F07M,MV Flagship Paris,218874.25,67520.37,594,329902.97,297133.54,84821.94,709,393773.07,1041,738,303,1343,1323,0
MV-54185,Men Trousers Heritage,VRT,Vert,Ready-to-Wear,Men,Bottoms,Trousers,MVS,MV Signature,300,30,EU_F07M,MV Flagship Paris,29133.09,10125.45,54,37242.01,33084.14,9640.99,59,40690.34,168,163,5,179,163,0
MV-49472,Men Square Frames Modern,CHP,Champagne,Accessories,Men,Sunglasses,Square Frames,MV,Maison Voss,300,20,EU_F07M,MV Flagship Paris,33253.37,10829.36,103,40792.55,28704.81,7712.63,85,33663.75,131,120,11,115,93,0
MV-78955,Women Pouches Modern,BLU,Bleu Marine,Leather Goods,Women,Small Leather Goods,Pouches,MV,Maison Voss,300,20,EU_F07M,MV Flagship Paris,183304.34,50779.68,195,247480.77,126363.88,47729.22,143,181485.9,646,450,196,478,301,0
MV-39102,Men Day Dresses Luxe,CRM,Cognac,Ready-to-Wear,Men,Dresses,Day Dresses,MV,Maison Voss,300,20,EU_F07M,MV Flagship Paris,59260.85,16660.8,295,84393.63,69334.6,21416.77,320,91545.63,980,605,375,981,871,0
MV-56346,Women Clutches Essential,NVY,Navy,Leather Goods,Women,Handbags,Clutches,MV,Maison Voss,300,20,EU_F07M,MV Flagship Paris,419908.88,131583.65,486,571720.75,399390.99,103102.62,503,591719.21,1061,803,258,914,684,0
MV-20682,Men Loafers Slim,BLU,Bleu Marine,Footwear,Men,Flats,Loafers,MVS,MV Signature,300,20,EU_F07M,MV Flagship Paris,148997.93,44701.17,518,217335.67,117151.75,41875.58,378,158596.3,968,677,291,819,546,0
MV-82512,Women Shorts Heritage,TRP,Taupe,Ready-to-Wear,Women,Bottoms,Shorts,MV,Maison Voss,300,50,EU_F07M,MV Flagship Paris,81863.86,29964.79,314,107055.71,77917.87,25052.82,270,92054.28,796,530,266,556,339,0
MV-98501,Women Blouses Relaxed,CRM,Creme,Ready-to-Wear,Women,Tops,Blouses,MVS,MV Signature,300,50,EU_F07M,MV Flagship Paris,23430.69,7187.99,54,33346.99,25906.11,7477.36,64,39522.36,72,68,4,86,84,0
MV-12128,Women Cat Eye Signature,IVR,Ivoire,Accessories,Women,Sunglasses,Cat Eye,MV,Maison Voss,300,50,EU_F07M,MV Flagship Paris,1238.13,329.54,5,1582.63,994.5,363.63,4,1266.1,15,13,2,10,8,0
MV-26912,Men Suit Sets Essential,RSE,Rose Poudre,Ready-to-Wear,Men,Suits,Suit Sets,MVS,MV Signature,300,20,EU_F07M,MV Flagship Paris,68847.76,20317.38,101,83896.92,76068.28,25202.16,120,99679.51,260,165,95,250,232,0
MV-12128,Women Cat Eye Signature,BLU,Bleu Marine,Accessories,Women,Sunglasses,Cat Eye,MV,Maison Voss,300,20,EU_F07M,MV Flagship Paris,18877.11,5671.33,32,24314.87,20490.71,7594.08,37,28114.07,32,29,3,39,35,0
MV-62196,Women Blazers,IVR,Ivoire,Ready-to-Wear,Women,Outerwear,Blazers,MV,Maison Voss,300,20,EU_F07M,MV Flagship Paris,159421.9,49306.43,259,203298.63,128630.59,46720.79,206,161696.98,318,317,1,302,203,0
MV-80798,Men Chain Belts Modern,TAN,Tan,Leather Goods,Men,Belts,Chain Belts,MV,Maison Voss,300,70,EU_F07M,MV Flagship Paris,110808.53,30101.14,226,155231.34,101978.27,33480.55,205,140807.19,300,221,79,307,229,0
MV-46559,Men Ballet Flats Luxe,ECR,Ecru,Footwear,Men,Flats,Ballet Flats,MV,Maison Voss,300,20,EU_F07M,MV Flagship Paris,5783.68,1957.57,9,7419.73,7097.03,2479.2,11,9068.56,17,14,3,23,18,0
MV-67905,Women High Top Luxe,IVR,Ivoire,Footwear,Women,Sneakers,High Top,MV,Maison Voss,300,50,EU_F07M,MV Flagship Paris,181981.06,52662.86,379,250089.17,231057.35,80321.67,491,323994.15,886,816,70,1287,803,0
MV-20682,Men Loafers Slim,BRG,Bordeaux,Footwear,Men,Flats,Loafers,MVS,MV Signature,300,70,EU_F07M,MV Flagship Paris,45517.0,16191.6,59,68371.92,51718.65,17756.92,59,68371.92,113,78,35,123,87,0
MV-80468,Men Blouses Relaxed,CRM,Cognac,Ready-to-Wear,Men,Tops,Blouses,MVS,MV Signature,300,70,EU_F07M,MV Flagship Paris,48192.78,14600.62,118,59214.83,54541.67,15286.35,130,65236.68,342,285,57,334,202,0
MV-53064,Men Skirts Slim,CRM,Cognac,Ready-to-Wear,Men,Bottoms,Skirts,MV,Maison Voss,300,20,EU_F07M,MV Flagship Paris,149773.82,43715.55,231,183893.12,173712.85,49449.06,288,229269.35,748,508,240,1115,1019,0
MV-41029,Women Ballet Flats Luxe,ARG,Argent,Footwear,Women,Flats,Ballet Flats,MV,Maison Voss,300,20,EU_F07M,MV Flagship Paris,42391.62,11900.26,117,48825.23,48624.66,14237.42,138,57588.74,332,250,82,353,348,0
MV-35272,Men Check-In Modern,CRM,Creme,Leather Goods,Men,Luggage,Check-In,MV,Maison Voss,300,20,EU_F07M,MV Flagship Paris,79113.7,21264.31,122,109256.01,58786.76,22281.26,96,85971.94,272,173,99,184,116,0
MV-99181,Women Blazers Modern,TAN,Tan,Ready-to-Wear,Women,Outerwear,Blazers,MVS,MV Signature,300,20,EU_F07M,MV Flagship Paris,4135.83,1549.81,14,5251.0,4669.89,1346.17,14,5251.0,45,32,13,54,49,0
MV-78937,Men Carry-On Luxe,ROG,Rouge,Leather Goods,Men,Luggage,Carry-On,MVS,MV Signature,300,20,EU_F07M,MV Flagship Paris,52643.81,16060.02,107,70344.4,49100.78,17675.3,104,68372.13,153,135,18,148,143,0
MV-84341,Men Sandals Signature,BRG,Bordeaux,Footwear,Men,Heels,Sandals,MV,Maison Voss,300,20,EU_F07M,MV Flagship Paris,209965.12,69278.58,303,305144.78,256670.61,71071.36,385,387725.21,774,526,248,1061,770,0
MV-56346,Women Clutches Essential,BLU,Bleu Marine,Leather Goods,Women,Handbags,Clutches,MV,Maison Voss,300,30,EU_F07M,MV Flagship Paris,505970.48,150289.92,517,678204.97,652992.75,227483.04,643,843492.84,676,537,139,874,814,0
MV-26074,Women Fedoras Slim,ANT,Anthracite,Accessories,Women,Hats,Fedoras,MVS,MV Signature,300,50,EU_F07M,MV Flagship Paris,32660.66,11593.68,111,45282.42,34925.56,11237.93,115,46914.21,419,360,59,405,378,0
MV-30644,Men Chain Belts Slim,IVR,Ivoire,Leather Goods,Men,Belts,Chain Belts,MV,Maison Voss,300,20,EU_F07M,MV Flagship Paris,88502.46,33184.5,115,114134.17,72119.93,24288.63,88,87337.45,402,317,85,345,312,0
MV-44718,Women Day Dresses Slim,SBL,Sable,Ready-to-Wear,Women,Dresses,Day Dresses,MVS,MV Signature,300,20,EU_F07M,MV Flagship Paris,156270.02,40878.92,254,218871.03,181926.36,45540.69,298,256785.7,406,366,40,494,432,0
MV-77033,Women Weekender Modern,CRM,Creme,Leather Goods,Women,Luggage,Weekender,MVS,MV Signature,300,30,EU_F07M,MV Flagship Paris,280691.65,84994.72,600,366924.99,343466.91,122179.56,725,443367.7,994,812,182,1399,936,0
MV-81364,Unisex Crossbody Bags Signature,BEG,Beige,Leather Goods,Unisex,Handbags,Crossbody Bags,MVS,MV Signature,300,50,EU_F07M,MV Flagship Paris,52597.56,18674.49,65,72701.57,49316.21,17202.69,65,72701.57,62,52,10,74,63,0
MV-19862,Men Pumps Slim,ANT,Anthracite,Footwear,Men,Heels,Pumps,MV,Maison Voss,300,20,EU_F07M,MV Flagship Paris,88613.78,33581.05,121,124599.39,93328.19,26854.74,126,129748.13,178,146,32,179,144,0
MV-49472,Men Square Frames Modern,SBL,Sable,Accessories,Men,Sunglasses,Square Frames,MV,Maison Voss,300,70,EU_F07M,MV Flagship Paris,131189.24,39222.62,333,170461.26,137579.22,37741.83,360,184282.44,456,378,78,425,410,0
MV-86484,Men Blazers Essential,TRP,Taupe,Ready-to-Wear,Men,Suits,Blazers,MV,Maison Voss,300,50,EU_F07M,MV Flagship Paris,60038.32,16160.06,197,71147.58,73663.38,25779.91,240,86677.25,422,325,97,565,418,0
MV-18163,Men Blazers Slim,CAM,Camel,Ready-to-Wear,Men,Suits,Blazers,MV,Maison Voss,300,20,EU_F07M,MV Flagship Paris,14308.08,4302.82,24,18535.71,14336.66,4191.6,26,20080.36,35,34,1,32,19,0
MV-96760,Women Blouses Signature,NOI,Noir,Ready-to-Wear,Women,Tops,Blouses,MV,Maison Voss,300,20,EU_F07M,MV Flagship Paris,107511.57,40759.61,207,145351.0,86139.82,26206.58,160,112348.6,645,520,125,410,313,0
MV-94675,Women Trousers Essential,RSE,Rose Poudre,Ready-to-Wear,Women,Bottoms,Trousers,MVS,MV Signature,300,20,EU_F07M,MV Flagship Paris,10707.68,2878.42,43,13067.07,11278.12,2882.0,48,14586.49,95,70,25,95,70,0
MV-25043,Men Loafers,IVR,Ivoire,Footwear,Men,Flats,Loafers,MVS,MV Signature,300,70,EU_F07M,MV Flagship Paris,121065.89,33238.91,149,153645.46,78252.91,22051.59,111,114460.71,243,165,78,204,165,0
MV-65444,Women Berets,BRG,Bordeaux,Accessories,Women,Hats,Berets,MVS,MV Signature,300,50,EU_F07M,MV Flagship Paris,77609.59,25885.27,157,98788.31,107632.74,33090.48,199,125215.76,625,528,97,936,766,0
MV-29080,Men Jackets Relaxed,BRG,Bordeaux,Ready-to-Wear,Men,Outerwear,Jackets,MV,Maison Voss,300,20,EU_F07M,MV Flagship Paris,179298.14,52168.13,438,235720.97,233224.89,67533.65,549,295458.48,1544,1441,103,2180,1435,0
MV-85156,Women Chain Belts Essential,BEG,Beige,Leather Goods,Women,Belts,Chain Belts,MV,Maison Voss,300,20,EU_F07M,MV Flagship Paris,98210.22,28418.07,130,122955.74,75719.52,23325.56,95,89852.27,147,143,4,97,77,0
MV-37535,Men Shirts Relaxed,VRT,Vert,Ready-to-Wear,Men,Tops,Shirts,MVS,MV Signature,300,50,EU_F07M,MV Flagship Paris,19068.04,5217.51,68,24851.31,17178.51,5034.92,69,25216.77,254,159,95,294,256,0
MV-13761,Women Evening Dresses Luxe,GRG,Greige,Ready-to-Wear,Women,Dresses,Evening Dresses,MVS,MV Signature,300,20,EU_F07M,MV Flagship Paris,31387.38,11007.25,55,44598.2,29120.5,9752.53,54,43787.32,149,109,40,162,161,0
MV-82199,Men Shorts Classic,TAN,Tan,Ready-to-Wear,Men,Bottoms,Shorts,MVS,MV Signature,300,70,EU_F07M,MV Flagship Paris,184908.14,59018.69,434,245822.45,183453.44,53390.94,408,231095.76,898,666,232,729,494,0
MV-60432,Women Suit Sets Essential,ARG,Argent,Ready-to-Wear,Women,Suits,Suit Sets,MVS,MV Signature,300,70,EU_F07M,MV Flagship Paris,19064.36,5383.49,39,25356.42,18629.83,5142.38,39,25356.42,112,68,44,110,97,0
MV-85965,Men Fedoras Signature,BRG,Bordeaux,Accessories,Men,Hats,Fedoras,MV,Maison Voss,300,50,EU_F07M,MV Flagship Paris,26592.68,9252.05,116,35247.54,23800.67,8268.12,102,30993.53,110,67,43,97,88,0
MV-69459,Women Rings Signature,CHP,Champagne,Accessories,Women,Jewelry,Rings,MV,Maison Voss,300,50,EU_F07M,MV Flagship Paris,16808.8,6026.21,43,19920.68,10551.51,3165.81,30,13898.15,88,73,15,72,49,0
MV-71057,Women Boots,CAM,Camel,Footwear,Women,Heels,Boots,MVS,MV Signature,300,20,EU_F07M,MV Flagship Paris,209316.58,74553.96,311,286621.09,169529.51,63541.03,234,215657.03,681,485,196,533,492,0
MV-82199,Men Shorts Classic,CAM,Camel,Ready-to-Wear,Men,Bottoms,Shorts,MVS,MV Signature,300,30,EU_F07M,MV Flagship Paris,90178.29,28213.42,134,123816.77,65044.53,21526.93,103,95172.6,249,203,46,186,178,0
MV-90356,Women Loafers Signature,IVR,Ivoire,Footwear,Women,Flats,Loafers,MV,Maison Voss,300,70,EU_F07M,MV Flagship Paris,45126.77,11883.2,90,65460.78,55067.15,20418.16,103,74916.23,327,213,114,418,364,0
MV-65851,Women Midi Dresses Slim,VRT,Vert,Ready-to-Wear,Women,Dresses,Midi Dresses,MV,Maison Voss,300,20,EU_F07M,MV Flagship Paris,43679.86,16212.99,93,60132.54,34939.65,10277.32,68,43967.88,171,110,61,145,98,0
MV-11214,Men Coats Heritage,CRM,Creme,Ready-to-Wear,Men,Outerwear,Coats,MVS,MV Signature,300,30,EU_F07M,MV Flagship Paris,272296.7,100980.61,401,385886.28,274961.74,96893.54,395,380112.42,418,333,85,476,386,0
MV-99181,Women Blazers Modern,RSE,Rose Poudre,Ready-to-Wear,Women,Outerwear,Blazers,MVS,MV Signature,300,50,EU_F07M,MV Flagship Paris,47327.16,13830.67,169,70320.53,35814.17,9643.58,119,49515.64,337,316,21,245,150,0
MV-12128,Women Cat Eye Signature,CAM,Camel,Accessories,Women,Sunglasses,Cat Eye,MV,Maison Voss,300,20,EU_F07M,MV Flagship Paris,159822.34,48842.93,265,189467.45,166305.43,59564.1,281,200907.0,667,468,199,597,511,0
MV-38903,Men Coats Essential,CAM,Camel,Ready-to-Wear,Men,Outerwear,Coats,MV,Maison Voss,300,70,EU_F07M,MV Flagship Paris,226291.28,67832.98,476,318787.05,263527.5,99404.49,554,371025.26,1513,1012,501,1524,1322,0
MV-10336,Men Blazers Heritage,NVY,Navy,Ready-to-Wear,Men,Suits,Blazers,MV,Maison Voss,300,20,EU_F07M,MV Flagship Paris,105699.76,27660.93,486,133863.63,111453.08,38809.8,589,162233.91,1419,921,498,1443,1286,0
MV-33647,Men Coats Heritage,CAM,Camel,Ready-to-Wear,Men,Outerwear,Coats,MVS,MV Signature,300,70,EU_F07M,MV Flagship Paris,39688.85,12349.72,83,56026.95,28473.3,10225.14,65,43876.53,51,50,1,39,24,0
MV-19862,Men Pumps Slim,CRM,Cognac,Footwear,Men,Heels,Pumps,MV,Maison Voss,300,50,EU_F07M,MV Flagship Paris,233058.68,78805.68,638,315414.37,235159.07,62269.67,632,312448.09,2525,2442,83,2497,1976,0
MV-96760,Women Blouses Signature,TRP,Taupe,Ready-to-Wear,Women,Tops,Blouses,MV,Maison Voss,300,20,EU_F07M,MV Flagship Paris,1970.22,523.72,5,2563.45,1113.55,383.17,3,1538.07,19,13,6,16,11,0
MV-65851,Women Midi Dresses Slim,SBL,Sable,Ready-to-Wear,Women,Dresses,Midi Dresses,MV,Maison Voss,300,20,EU_F07M,MV Flagship Paris,62285.37,21353.39,99,80692.64,70437.8,21236.11,118,96179.1,218,187,31,268,201,0
MV-52487,Men Mini Bags Luxe,ARG,Argent,Leather Goods,Men,Handbags,Mini Bags,MV,Maison Voss,300,20,EU_F07M,MV Flagship Paris,166266.79,53343.19,474,208498.42,133462.51,42169.04,365,160552.58,631,454,177,443,376,0
MV-57052,Men Day Dresses Signature,CRM,Cognac,Ready-to-Wear,Men,Dresses,Day Dresses,MV,Maison Voss,300,50,EU_F07M,MV Flagship Paris,30303.5,8939.57,67,44614.57,29373.85,8843.89,68,45280.46,82,78,4,89,63,0
MV-83975,Unisex Baseball Caps Classic,BRG,Bordeaux,Accessories,Unisex,Hats,Baseball Caps,MVS,MV Signature,300,50,EU_F07M,MV Flagship Paris,25503.75,9396.7,66,29895.44,29820.43,11100.87,82,37142.82,52,50,2,54,40,0
MV-92478,Women Blazers Classic,GRG,Greige,Ready-to-Wear,Women,Outerwear,Blazers,MV,Maison Voss,300,20,EU_F07M,MV Flagship Paris,23659.34,7790.78,75,32687.47,23809.44,8259.95,72,31379.97,158,111,47,151,103,0
MV-93746,Women Blazers Essential,NVY,Navy,Ready-to-Wear,Women,Suits,Blazers,MV,Maison Voss,300,20,EU_F07M,MV Flagship Paris,120676.92,38898.11,198,166177.71,132132.83,45016.38,242,203106.09,442,265,177,511,316,0
MV-96341,Women Card Holders Signature,NVY,Navy,Leather Goods,Women,Small Leather Goods,Card Holders,MVS,MV Signature,300,20,EU_F07M,MV Flagship Paris,99279.59,36300.68,120,141793.2,88518.71,31321.14,99,116979.39,416,411,5,285,205,0
MV-53064,Men Skirts Slim,NOI,Noir,Ready-to-Wear,Men,Bottoms,Skirts,MV,Maison Voss,300,20,EU_F07M,MV Flagship Paris,94762.8,26295.16,272,118622.26,81236.96,25548.28,242,105538.93,260,246,14,233,215,0
MV-26912,Men Suit Sets Essential,ROG,Rouge,Ready-to-Wear,Men,Suits,Suit Sets,MVS,MV Signature,300,20,EU_F07M,MV Flagship Paris,233460.25,74869.5,472,284704.55,302224.44,77229.59,588,354674.31,1723,1569,154,2382,1447,0
MV-69459,Women Rings Signature,ANT,Anthracite,Accessories,Women,Jewelry,Rings,MV,Maison Voss,300,20,EU_F07M,MV Flagship Paris,89871.05,24475.27,235,109448.34,100316.85,36287.52,249,115968.67,251,236,15,308,281,0
MV-96761,Men Jackets Essential,ROG,Rouge,Ready-to-Wear,Men,Outerwear,Jackets,MVS,MV Signature,300,20,EU_F07M,MV Flagship Paris,26242.19,6607.39,47,32859.85,22077.5,7711.31,38,26567.53,129,113,16,95,92,0
MV-53655,Women Leather Belts Slim,ARG,Argent,Leather Goods,Women,Belts,Leather Belts,MV,Maison Voss,300,20,EU_F07M,MV Flagship Paris,321862.66,111220.93,566,459065.26,406008.35,150548.1,658,533683.64,2195,1799,396,2911,1842,0
MV-95191,Women Coats Signature,ANT,Anthracite,Ready-to-Wear,Women,Outerwear,Coats,MV,Maison Voss,300,20,EU_F07M,MV Flagship Paris,32044.58,10954.82,64,39880.41,33423.81,12108.32,61,38011.02,36,28,8,40,26,0
MV-20350,Women Card Holders Essential,NVY,Navy,Leather Goods,Women,Small Leather Goods,Card Holders,MVS,MV Signature,300,20,EU_F07M,MV Flagship Paris,35910.4,10993.66,34,45446.86,42779.26,14509.56,39,52130.22,103,95,8,98,75,0
MV-38683,Men Tops Slim,NOI,Noir,Ready-to-Wear,Men,Tops,Tops,MVS,MV Signature,300,50,EU_F07M,MV Flagship Paris,7411.26,2718.14,19,9153.69,7341.37,2248.21,19,9153.69,15,12,3,14,12,0
MV-26551,Women Mules Luxe,CRM,Creme,Footwear,Women,Heels,Mules,MV,Maison Voss,300,50,EU_F07M,MV Flagship Paris,56260.95,21329.7,173,77626.64,67278.58,20562.27,197,88395.65,423,277,146,506,338,0
MV-82135,Women Trousers Slim,NVY,Navy,Ready-to-Wear,Women,Bottoms,Trousers,MVS,MV Signature,300,20,EU_F07M,MV Flagship Paris,7192.39,2118.85,25,8666.38,7696.34,2914.38,29,10053.0,99,95,4,128,94,0
MV-20350,Women Card Holders Essential,ARG,Argent,Leather Goods,Women,Small Leather Goods,Card Holders,MVS,MV Signature,300,20,EU_F07M,MV Flagship Paris,12522.91,3355.99,31,16739.76,11245.7,3805.87,29,15659.78,93,63,30,94,71,0
MV-80798,Men Chain Belts Modern,ARG,Argent,Leather Goods,Men,Belts,Chain Belts,MV,Maison Voss,300,20,EU_F07M,MV Flagship Paris,63355.44,17648.0,74,74519.27,66184.44,22745.67,86,86603.47,60,37,23,60,54,0
MV-18163,Men Blazers Slim,NOI,Noir,Ready-to-Wear,Men,Suits,Blazers,MV,Maison Voss,300,20,EU_F07M,MV Flagship Paris,19212.44,5875.6,69,26617.97,16756.34,4607.87,63,24303.36,226,205,21,199,131,0
MV-95918,Women Suit Sets Modern,CRM,Cognac,Ready-to-Wear,Women,Suits,Suit Sets,MV,Maison Voss,300,50,EU_F07M,MV Flagship Paris,102999.73,36767.37,194,129938.75,117184.41,36174.25,223,149362.59,189,150,39,231,219,0
MV-20993,Men Wool Scarves Slim,GRG,Greige,Accessories,Men,Scarves,Wool Scarves,MV,Maison Voss,300,20,EU_F07M,MV Flagship Paris,66249.81,23209.54,355,86347.96,82980.04,24138.93,420,102158.15,519,424,95,602,418,0
MV-59391,Women Weekender Signature,RSE,Rose Poudre,Leather Goods,Women,Luggage,Weekender,MVS,MV Signature,300,20,EU_F07M,MV Flagship Paris,123214.33,38290.35,300,175150.66,89475.58,32234.78,229,133698.34,291,210,81,249,172,0
MV-94323,Women Round Frames Classic,ROG,Rouge,Accessories,Women,Sunglasses,Round Frames,MVS,MV Signature,300,20,EU_F07M,MV Flagship Paris,20909.83,5954.23,63,28162.07,17707.08,5814.82,47,21009.8,85,53,32,77,49,0
MV-77033,Women Weekender Modern,ROG,Rouge,Leather Goods,Women,Luggage,Weekender,MVS,MV Signature,300,70,EU_F07M,MV Flagship Paris,25444.17,6949.07,59,29786.45,20675.47,6950.06,52,26252.47,78,64,14,71,57,0
MV-96761,Men Jackets Essential,ANT,Anthracite,Ready-to-Wear,Men,Outerwear,Jackets,MVS,MV Signature,300,70,EU_F07M,MV Flagship Paris,384116.16,99884.63,707,526221.5,311206.26,94159.24,603,448814.09,414,346,68,414,359,0
MV-82199,Men Shorts Classic,NVY,Navy,Ready-to-Wear,Men,Bottoms,Shorts,MVS,MV Signature,300,50,EU_F07M,MV Flagship Paris,333.59,121.18,1,429.68,0.0,0.0,0,0.0,3,2,1,2,1,0
MV-29597,Women Leather Belts,BLU,Bleu Marine,Leather Goods,Women,Belts,Leather Belts,MV,Maison Voss,300,50,EU_F07M,MV Flagship Paris,218394.75,55371.38,444,295211.74,240004.82,66285.11,499,331780.76,631,476,155,770,635,0
MV-26551,Women Mules Luxe,CHP,Champagne,Footwear,Women,Heels,Mules,MV,Maison Voss,300,20,EU_F07M,MV Flagship Paris,21403.3,8006.94,46,27745.43,18247.73,6893.43,40,24126.46,175,164,11,153,117,0
MV-59009,Women Earrings Slim,IVR,Ivoire,Accessories,Women,Jewelry,Earrings,MVS,MV Signature,300,50,EU_F07M,MV Flagship Paris,114194.18,32693.66,617,151159.13,147294.89,49308.24,765,187417.73,1318,1257,61,1943,1661,0
MV-60432,Women Suit Sets Essential,ECR,Ecru,Ready-to-Wear,Women,Suits,Suit Sets,MVS,MV Signature,300,20,EU_F07M,MV Flagship Paris,41903.24,11460.87,87,53385.97,31347.73,11438.31,69,42340.6,340,300,40,287,195,0
MV-52415,Men Jeans Relaxed,ANT,Anthracite,Ready-to-Wear,Men,Bottoms,Jeans,MV,Maison Voss,300,20,EU_F07M,MV Flagship Paris,77024.47,25186.93,121,96265.54,83250.05,26592.35,118,93878.79,180,157,23,208,136,0
MV-44718,Women Day Dresses Slim,GRG,Greige,Ready-to-Wear,Women,Dresses,Day Dresses,MVS,MV Signature,300,50,EU_F07M,MV Flagship Paris,67354.42,17823.9,257,99412.96,53160.86,19128.42,203,78524.63,821,675,146,621,462,0
MV-12665,Women Suit Trousers Essential,NOI,Noir,Ready-to-Wear,Women,Suits,Suit Trousers,MV,Maison Voss,300,20,EU_F07M,MV Flagship Paris,74384.11,23394.98,185,95758.43,75556.41,19620.8,208,107663.54,730,580,150,970,708,0
MV-33703,Men Earrings Slim,SBL,Sable,Accessories,Men,Jewelry,Earrings,MVS,MV Signature,300,20,EU_F07M,MV Flagship Paris,43885.0,12501.26,80,56228.18,49168.0,15787.47,95,66770.97,238,183,55,278,255,0
MV-40595,Women Day Dresses Heritage,NOI,Noir,Ready-to-Wear,Women,Dresses,Day Dresses,MVS,MV Signature,300,50,EU_F07M,MV Flagship Paris,64899.11,24639.64,169,86782.21,65181.41,19738.7,173,88836.22,340,287,53,355,286,0
MV-20682,Men Loafers Slim,CAM,Camel,Footwear,Men,Flats,Loafers,MVS,MV Signature,300,20,EU_F07M,MV Flagship Paris,205222.15,56526.12,275,255984.65,211331.98,55720.97,291,270878.3,873,806,67,748,471,0
MV-76039,Women Boots Relaxed,GRG,Greige,Footwear,Women,Heels,Boots,MVS,MV Signature,300,50,EU_F07M,MV Flagship Paris,4289.53,1281.65,9,6227.8,3536.2,1069.6,8,5535.82,27,25,2,30,21,0
MV-99181,Women Blazers Modern,CRM,Cognac,Ready-to-Wear,Women,Outerwear,Blazers,MVS,MV Signature,300,20,EU_F07M,MV Flagship Paris,1232.01,327.76,2,1567.01,1253.22,451.98,2,1567.01,7,6,1,8,6,0
MV-72031,Women Blazers,GRG,Greige,Ready-to-Wear,Women,Suits,Blazers,MV,Maison Voss,300,50,EU_F07M,MV Flagship Paris,33867.04,12707.09,128,41621.88,37098.25,14006.65,133,43247.74,72,71,1,83,70,0
MV-99173,Women Card Holders Modern,ECR,Ecru,Leather Goods,Women,Small Leather Goods,Card Holders,MV,Maison Voss,300,20,EU_F07M,MV Flagship Paris,14390.44,4803.97,29,19351.7,17270.69,5663.5,36,24022.79,39,29,10,49,36,0
MV-29597,Women Leather Belts,NVY,Navy,Leather Goods,Women,Belts,Leather Belts,MV,Maison Voss,300,20,EU_F07M,MV Flagship Paris,141381.09,38225.91,228,190452.93,115042.74,36493.36,207,172911.22,842,739,103,841,726,0
MV-33647,Men Coats Heritage,IVR,Ivoire,Ready-to-Wear,Men,Outerwear,Coats,MVS,MV Signature,300,70,EU_F07M,MV Flagship Paris,9467.22,2598.83,50,13158.84,12551.98,4121.52,58,15264.26,123,78,45,159,117,0
MV-99173,Women Card Holders Modern,BRG,Bordeaux,Leather Goods,Women,Small Leather Goods,Card Holders,MV,Maison Voss,300,20,EU_F07M,MV Flagship Paris,102457.9,37215.76,118,127085.47,133607.59,39377.0,151,162626.33,131,117,14,139,134,0
MV-49576,Women Jackets Classic,CAM,Camel,Ready-to-Wear,Women,Outerwear,Jackets,MV,Maison Voss,300,30,EU_F07M,MV Flagship Paris,27040.97,8845.95,46,38160.34,20267.17,6118.79,33,27375.9,95,83,12,63,39,0
MV-85156,Women Chain Belts Essential,ROG,Rouge,Leather Goods,Women,Belts,Chain Belts,MV,Maison Voss,300,20,EU_F07M,MV Flagship Paris,183031.24,48102.1,166,248883.14,210679.01,74328.16,208,311853.57,510,446,64,685,449,0
MV-76542,Men Suit Sets Modern,RSE,Rose Poudre,Ready-to-Wear,Men,Suits,Suit Sets,MVS,MV Signature,300,50,EU_F07M,MV Flagship Paris,14362.96,4767.21,25,19258.01,12977.64,3624.84,23,17717.37,45,37,8,48,40,0
MV-78955,Women Pouches Modern,CAM,Camel,Leather Goods,Women,Small Leather Goods,Pouches,MV,Maison Voss,300,20,EU_F07M,MV Flagship Paris,3317.9,893.97,4,4990.1,3655.86,936.6,4,4990.1,10,8,2,10,6,0
MV-85914,Women Wallets,ARG,Argent,Leather Goods,Women,Small Leather Goods,Wallets,MV,Maison Voss,300,30,EU_F07M,MV Flagship Paris,3760.56,1344.91,11,4573.52,2953.25,950.78,8,3326.2,37,23,14,32,21,0
MV-69048,Women Tops Luxe,ECR,Ecru,Ready-to-Wear,Women,Tops,Tops,MV,Maison Voss,300,20,EU_F07M,MV Flagship Paris,208228.69,61886.99,647,288515.76,256371.17,92252.21,836,372796.26,724,554,170,772,732,0
MV-92345,Women Leather Belts Modern,ANT,Anthracite,Leather Goods,Women,Belts,Leather Belts,MVS,MV Signature,300,70,EU_F07M,MV Flagship Paris,22538.44,6828.21,32,29568.32,22773.97,6376.67,36,33264.36,43,26,17,45,41,0
MV-68878,Men Carry-On Heritage,CAM,Camel,Leather Goods,Men,Luggage,Carry-On,MVS,MV Signature,300,20,EU_F07M,MV Flagship Paris,222915.21,68837.04,258,276674.57,218397.06,78064.28,256,274529.8,566,539,27,509,377,0
MV-40007,Women Tote Bags Modern,CRM,Cognac,Leather Goods,Women,Handbags,Tote Bags,MV,Maison Voss,300,50,EU_F07M,MV Flagship Paris,9378.81,2808.24,14,12992.53,6111.7,2282.02,10,9280.38,39,38,1,26,18,0
MV-82512,Women Shorts Heritage,CHP,Champagne,Ready-to-Wear,Women,Bottoms,Shorts,MV,Maison Voss,300,20,EU_F07M,MV Flagship Paris,15261.92,4920.54,24,22163.3,17291.24,5247.54,28,25857.18,66,64,2,86,75,0
MV-35272,Men Check-In Modern,RSE,Rose Poudre,Leather Goods,Men,Luggage,Check-In,MV,Maison Voss,300,20,EU_F07M,MV Flagship Paris,119076.9,37091.7,149,155056.55,148564.66,47894.02,173,180032.1,291,231,60,316,193,0
MV-86556,Women Evening Dresses Classic,TRP,Taupe,Ready-to-Wear,Women,Dresses,Evening Dresses,MV,Maison Voss,300,30,EU_F07M,MV Flagship Paris,30220.2,7875.39,131,36473.08,32926.07,11316.28,145,40370.96,148,131,17,136,130,0
MV-62034,Women Necklaces Luxe,CAM,Camel,Accessories,Women,Jewelry,Necklaces,MVS,MV Signature,300,20,EU_F07M,MV Flagship Paris,162503.69,42320.55,635,212270.07,148736.58,45394.91,561,187533.09,2371,1702,669,2058,1770,0
MV-82135,Women Trousers Slim,ARG,Argent,Ready-to-Wear,Women,Bottoms,Trousers,MVS,MV Signature,300,20,EU_F07M,MV Flagship Paris,229501.23,64262.02,607,280290.74,159881.83,59259.15,461,212873.19,484,365,119,425,388,0
MV-30253,Men Weekender Essential,CRM,Cognac,Leather Goods,Men,Luggage,Weekender,MVS,MV Signature,300,50,EU_F07M,MV Flagship Paris,189625.63,67634.08,317,248106.22,187478.78,51182.83,339,265324.94,279,204,75,248,242,0
MV-20077,Men Chain Belts Slim,NVY,Navy,Leather Goods,Men,Belts,Chain Belts,MVS,MV Signature,300,30,EU_F07M,MV Flagship Paris,123549.63,42197.02,193,163555.19,153798.53,51046.49,228,193215.46,314,289,25,325,204,0
MV-59834,Women Skirts,ARG,Argent,Ready-to-Wear,Women,Bottoms,Skirts,MVS,MV Signature,300,50,EU_F07M,MV Flagship Paris,29437.64,9315.85,127,40041.9,35577.63,9152.17,138,43510.09,437,389,48,505,472,0
MV-76542,Men Suit Sets Modern,RSE,Rose Poudre,Ready-to-Wear,Men,Suits,Suit Sets,MVS,MV Signature,300,30,EU_F07M,MV Flagship Paris,58898.95,22202.48,92,70515.14,47818.48,16430.71,76,58251.64,96,65,31,87,56,0
MV-54589,Women Carry-On Slim,NOI,Noir,Leather Goods,Women,Luggage,Carry-On,MV,Maison Voss,300,50,EU_F07M,MV Flagship Paris,484407.39,167991.56,616,593429.98,451438.63,137275.74,568,547188.68,449,335,114,387,378,0
MV-65444,Women Berets,TRP,Taupe,Accessories,Women,Hats,Berets,MVS,MV Signature,300,50,EU_F07M,MV Flagship Paris,115650.98,33417.48,193,157399.79,121723.8,34557.64,223,181866.08,413,276,137,553,481,0
MV-94323,Women Round Frames Classic,RSE,Rose Poudre,Accessories,Women,Sunglasses,Round Frames,MVS,MV Signature,300,20,EU_F07M,MV Flagship Paris,51721.09,15838.72,181,75283.35,45159.15,15866.1,157,65301.03,175,125,50,146,115,0
MV-71953,Women Suit Trousers Relaxed,ECR,Ecru,Ready-to-Wear,Women,Suits,Suit Trousers,MVS,MV Signature,300,50,EU_F07M,MV Flagship Paris,34334.38,9910.19,55,48876.49,33178.63,10621.67,51,45321.83,103,68,35,105,91,0
MV-78494,Men Suit Sets Essential,BEG,Beige,Ready-to-Wear,Men,Suits,Suit Sets,MVS,MV Signature,300,50,EU_F07M,MV Flagship Paris,2411.43,849.73,10,3029.95,2007.31,597.52,8,2423.96,30,29,1,24,16,0
MV-32527,Women Mules Luxe,BEG,Beige,Footwear,Women,Heels,Mules,MV,Maison Voss,300,20,EU_F07M,MV Flagship Paris,437657.24,133881.68,609,526397.0,327569.24,96427.14,501,433045.81,1727,1288,439,1549,1504,0
MV-31632,Women Weekender Luxe,TRP,Taupe,Leather Goods,Women,Luggage,Weekender,MV,Maison Voss,300,70,EU_F07M,MV Flagship Paris,32221.83,10269.83,78,42245.49,34662.69,8736.05,85,46036.75,167,150,17,181,129,0
MV-30644,Men Chain Belts Slim,GRG,Greige,Leather Goods,Men,Belts,Chain Belts,MV,Maison Voss,300,70,EU_F07M,MV Flagship Paris,61222.66,15548.79,122,78334.34,50687.21,12721.77,99,63566.39,88,73,15,77,53,0
MV-59308,Men Knitwear Essential,CAM,Camel,Ready-to-Wear,Men,Tops,Knitwear,MVS,MV Signature,300,30,EU_F07M,MV Flagship Paris,7376.99,1901.05,25,10282.29,8540.92,3013.53,30,12338.75,47,33,14,46,34,0
MV-49251,Men Slides Classic,IVR,Ivoire,Footwear,Men,Flats,Slides,MV,Maison Voss,300,20,EU_F07M,MV Flagship Paris,181150.69,59287.61,380,260623.98,137866.54,38413.79,320,219472.82,961,799,162,845,655,0
MV-68138,Women Tops Modern,IVR,Ivoire,Ready-to-Wear,Women,Tops,Tops,MV,Maison Voss,300,50,EU_F07M,MV Flagship Paris,2024.94,707.25,5,2691.25,1699.22,554.44,4,2153.0,15,13,2,15,14,0
MV-44718,Women Day Dresses Slim,ARG,Argent,Ready-to-Wear,Women,Dresses,Day Dresses,MVS,MV Signature,300,20,EU_F07M,MV Flagship Paris,171955.22,43312.05,376,248704.85,186750.41,59990.85,424,280454.41,544,377,167,721,646,0
MV-65296,Women Ankle Boots Slim,CRM,Creme,Footwear,Women,Boots,Ankle Boots,MV,Maison Voss,300,70,EU_F07M,MV Flagship Paris,21125.38,5454.81,31,29087.16,17666.61,4781.8,25,23457.39,29,23,6,19,13,0
MV-70443,Women Card Holders Heritage,NVY,Navy,Leather Goods,Women,Small Leather Goods,Card Holders,MVS,MV Signature,300,20,EU_F07M,MV Flagship Paris,442665.88,136212.07,456,581340.73,480032.87,145162.32,516,657832.93,1330,919,411,1646,1578,0
MV-47512,Men Tops Relaxed,NVY,Navy,Ready-to-Wear,Men,Tops,Tops,MVS,MV Signature,300,20,EU_F07M,MV Flagship Paris,157225.51,57305.87,274,204010.72,122991.81,30902.28,199,148168.37,683,470,213,579,373,0
MV-71057,Women Boots,ROG,Rouge,Footwear,Women,Heels,Boots,MVS,MV Signature,300,30,EU_F07M,MV Flagship Paris,10584.91,3756.79,37,14799.41,13245.24,4922.72,42,16799.33,145,118,27,157,155,0
MV-14877,Women Necklaces Heritage,TRP,Taupe,Accessories,Women,Jewelry,Necklaces,MV,Maison Voss,300,70,EU_F07M,MV Flagship Paris,72507.67,20788.2,175,99062.99,68703.02,24157.83,186,105289.81,594,500,94,510,376,0
MV-30257,Women Weekender Relaxed,BEG,Beige,Leather Goods,Women,Luggage,Weekender,MV,Maison Voss,300,70,EU_F07M,MV Flagship Paris,60429.71,20037.59,78,83023.92,65548.48,16515.79,85,90474.79,44,37,7,49,35,0
MV-54589,Women Carry-On Slim,RSE,Rose Poudre,Leather Goods,Women,Luggage,Carry-On,MV,Maison Voss,300,20,EU_F07M,MV Flagship Paris,39033.05,12544.08,41,56299.62,38860.0,9978.73,42,57672.78,59,48,11,50,46,0
MV-69692,Women Suit Sets Essential,CAM,Camel,Ready-to-Wear,Women,Suits,Suit Sets,MVS,MV Signature,300,20,EU_F07M,MV Flagship Paris,181229.21,52572.55,411,266853.55,186379.19,70626.53,437,283734.79,1239,1156,83,1213,735,0
MV-96760,Women Blouses Signature,TAN,Tan,Ready-to-Wear,Women,Tops,Blouses,MV,Maison Voss,300,20,EU_F07M,MV Flagship Paris,37241.03,10024.85,108,51133.42,31491.52,11097.87,95,44978.47,363,246,117,326,235,0
MV-23434,Women Card Holders,TRP,Taupe,Leather Goods,Women,Small Leather Goods,Card Holders,MV,Maison Voss,300,50,EU_F07M,MV Flagship Paris,103397.47,27799.85,106,136391.35,76916.26,21012.75,85,109370.42,394,388,6,271,238,0
MV-76249,Men Clutches Luxe,RSE,Rose Poudre,Leather Goods,Men,Handbags,Clutches,MV,Maison Voss,300,20,EU_F07M,MV Flagship Paris,41227.26,13383.14,39,54179.54,41647.84,14863.93,42,58347.2,62,47,15,72,56,0
MV-99181,Women Blazers Modern,IVR,Ivoire,Ready-to-Wear,Women,Outerwear,Blazers,MVS,MV Signature,300,20,EU_F07M,MV Flagship Paris,27400.78,6896.16,101,33333.43,36047.77,9775.65,128,42244.34,89,73,16,135,122,0
MV-57052,Men Day Dresses Signature,TRP,Taupe,Ready-to-Wear,Men,Dresses,Day Dresses,MV,Maison Voss,300,20,EU_F07M,MV Flagship Paris,149806.25,50909.34,430,209701.38,129932.07,49133.88,348,169711.82,925,678,247,815,493,0
MV-94058,Women Chain Belts,RSE,Rose Poudre,Leather Goods,Women,Belts,Chain Belts,MVS,MV Signature,300,20,EU_F07M,MV Flagship Paris,59232.9,18462.22,94,68952.03,42996.82,15691.59,73,53547.85,344,342,2,228,152,0
MV-29080,Men Jackets Relaxed,BEG,Beige,Ready-to-Wear,Men,Outerwear,Jackets,MV,Maison Voss,300,70,EU_F07M,MV Flagship Paris,392877.83,142379.66,635,479174.56,344924.02,115222.92,630,475401.53,1879,1615,264,2021,1903,0
MV-68138,Women Tops Modern,ARG,Argent,Ready-to-Wear,Women,Tops,Tops,MV,Maison Voss,300,20,EU_F07M,MV Flagship Paris,130731.5,44394.08,613,156956.89,160207.66,49225.44,776,198692.57,2148,1565,583,2933,2494,0
MV-58434,Women Shoulder Bags Heritage,CRM,Cognac,Leather Goods,Women,Handbags,Shoulder Bags,MV,Maison Voss,300,30,EU_F07M,MV Flagship Paris,14299.94,4406.88,32,21108.65,18817.49,6945.54,38,25066.53,90,81,9,128,85,0
MV-39389,Women Mules Modern,GRG,Greige,Footwear,Women,Heels,Mules,MVS,MV Signature,300,30,EU_F07M,MV Flagship Paris,9873.44,3379.88,40,13468.25,7945.2,2294.48,30,10101.19,151,140,11,137,105,0
MV-76249,Men Clutches Luxe,ECR,Ecru,Leather Goods,Men,Handbags,Clutches,MV,Maison Voss,300,20,EU_F07M,MV Flagship Paris,370689.13,99142.36,416,541625.93,359993.25,114830.75,379,493452.47,735,703,32,718,603,0
MV-38183,Men Suit Trousers Essential,NOI,Noir,Ready-to-Wear,Men,Suits,Suit Trousers,MVS,MV Signature,300,20,EU_F07M,MV Flagship Paris,49606.04,15863.02,104,70052.99,40518.12,14478.85,84,56581.26,410,263,147,392,342,0
MV-12180,Men High Top Signature,BRG,Bordeaux,Footwear,Men,Sneakers,High Top,MVS,MV Signature,300,20,EU_F07M,MV Flagship Paris,243.94,90.7,1,312.0,0.0,0.0,0,0.0,0,0,0,0,0,0
MV-16175,Unisex Day Dresses Modern,NVY,Navy,Ready-to-Wear,Unisex,Dresses,Day Dresses,MV,Maison Voss,300,20,EU_F07M,MV Flagship Paris,18362.72,5646.32,67,23764.04,13106.16,4321.73,48,17024.98,92,74,18,63,61,0
MV-33703,Men Earrings Slim,BRG,Bordeaux,Accessories,Men,Jewelry,Earrings,MVS,MV Signature,300,70,EU_F07M,MV Flagship Paris,85805.4,28076.81,190,105889.73,80377.49,29287.17,184,102545.85,173,148,25,154,139,0
MV-20077,Men Chain Belts Slim,NVY,Navy,Leather Goods,Men,Belts,Chain Belts,MVS,MV Signature,300,20,EU_F07M,MV Flagship Paris,141080.0,51689.21,336,177914.35,122458.84,40622.56,274,145084.92,412,321,91,339,281,0
MV-30644,Men Chain Belts Slim,CRM,Cognac,Leather Goods,Men,Belts,Chain Belts,MV,Maison Voss,300,20,EU_F07M,MV Flagship Paris,32114.64,10411.17,30,40747.76,26978.97,7276.82,28,38031.25,104,76,28,93,91,0
MV-14852,Men Loafers Slim,VRT,Vert,Footwear,Men,Flats,Loafers,MV,Maison Voss,300,50,EU_F07M,MV Flagship Paris,13407.47,4622.22,24,18008.7,14588.95,5195.88,25,18759.06,54,33,21,67,46,0
MV-23133,Men Trousers Essential,CHP,Champagne,Ready-to-Wear,Men,Bottoms,Trousers,MV,Maison Voss,300,50,EU_F07M,MV Flagship Paris,337599.15,118749.67,535,466294.26,321396.2,110043.89,483,420972.2,2124,1312,812,1915,1839,0
MV-58566,Men Leather Belts Relaxed,TRP,Taupe,Leather Goods,Men,Belts,Leather Belts,MVS,MV Signature,300,20,EU_F07M,MV Flagship Paris,178475.26,54732.32,291,242800.72,137456.02,50579.89,231,192738.71,938,646,292,718,653,0
MV-93283,Unisex Wallets Luxe,RSE,Rose Poudre,Leather Goods,Unisex,Small Leather Goods,Wallets,MV,Maison Voss,300,20,EU_F07M,MV Flagship Paris,148585.31,44516.2,186,181482.36,173257.27,64258.81,215,209777.99,183,180,3,234,232,0
MV-60432,Women Suit Sets Essential,NOI,Noir,Ready-to-Wear,Women,Suits,Suit Sets,MVS,MV Signature,300,30,EU_F07M,MV Flagship Paris,213638.58,54966.95,307,289295.47,186820.6,62996.72,285,268564.2,811,606,205,767,765,0
MV-44664,Women Shoulder Bags Modern,TRP,Taupe,Leather Goods,Women,Handbags,Shoulder Bags,MVS,MV Signature,300,30,EU_F07M,MV Flagship Paris,68596.05,22845.7,117,84479.16,87784.95,26702.74,150,108306.62,298,294,4,308,200,0
MV-26074,Women Fedoras Slim,BEG,Beige,Accessories,Women,Hats,Fedoras,MVS,MV Signature,300,50,EU_F07M,MV Flagship Paris,175810.48,60754.19,298,222662.97,114661.15,42886.35,226,168865.2,862,746,116,726,551,0
MV-30257,Women Weekender Relaxed,CHP,Champagne,Leather Goods,Women,Luggage,Weekender,MV,Maison Voss,300,20,EU_F07M,MV Flagship Paris,87495.57,30046.34,97,112006.73,85682.21,29844.06,103,118934.98,83,75,8,100,98,0
MV-57942,Women Chelsea Boots Modern,CRM,Cognac,Footwear,Women,Boots,Chelsea Boots,MVS,MV Signature,300,50,EU_F07M,MV Flagship Paris,23606.61,6548.71,58,29966.98,22290.84,7864.07,63,32550.34,129,110,19,147,101,0
MV-74451,Unisex Weekender Modern,GRG,Greige,Leather Goods,Unisex,Luggage,Weekender,MV,Maison Voss,300,50,EU_F07M,MV Flagship Paris,249640.2,73660.24,273,297188.15,227482.62,69920.61,266,289567.94,488,389,99,558,452,0
MV-42087,Men Slides Slim,ANT,Anthracite,Footwear,Men,Flats,Slides,MV,Maison Voss,300,20,EU_F07M,MV Flagship Paris,62418.01,21553.43,114,78714.49,69009.13,21428.95,129,89071.66,306,218,88,352,349,0
MV-86556,Women Evening Dresses Classic,ECR,Ecru,Ready-to-Wear,Women,Dresses,Evening Dresses,MV,Maison Voss,300,20,EU_F07M,MV Flagship Paris,264305.31,95357.38,835,347384.6,257282.0,89432.44,772,321174.74,2543,1709,834,2621,1906,0
MV-58434,Women Shoulder Bags Heritage,IVR,Ivoire,Leather Goods,Women,Handbags,Shoulder Bags,MV,Maison Voss,300,50,EU_F07M,MV Flagship Paris,90432.33,29234.47,90,115351.34,87170.17,29248.34,81,103816.21,168,113,55,149,95,0
MV-26683,Women Blazers Relaxed,CAM,Camel,Ready-to-Wear,Women,Outerwear,Blazers,MV,Maison Voss,300,70,EU_F07M,MV Flagship Paris,233494.71,76323.3,534,310234.78,225296.03,70673.21,542,314882.5,1911,1378,533,1792,1725,0
MV-73532,Women Midi Dresses Modern,CRM,Creme,Ready-to-Wear,Women,Dresses,Midi Dresses,MVS,MV Signature,300,20,EU_F07M,MV Flagship Paris,188431.35,50995.76,566,252753.68,131973.22,44423.91,399,178177.95,490,446,44,362,255,0
MV-55830,Women Jeans Heritage,TAN,Tan,Ready-to-Wear,Women,Bottoms,Jeans,MV,Maison Voss,300,50,EU_F07M,MV Flagship Paris,26545.89,9032.66,58,34702.66,27975.2,8989.31,55,32907.69,84,64,20,72,68,0
MV-79924,Unisex Blazers Modern,RSE,Rose Poudre,Ready-to-Wear,Unisex,Outerwear,Blazers,MV,Maison Voss,300,30,EU_F07M,MV Flagship Paris,174816.42,50669.46,335,227033.65,157720.83,41726.69,300,203313.72,522,400,122,452,381,0
MV-59009,Women Earrings Slim,CHP,Champagne,Accessories,Women,Jewelry,Earrings,MVS,MV Signature,300,50,EU_F07M,MV Flagship Paris,21084.71,7686.62,119,29025.06,24714.85,9251.39,130,31708.05,462,445,17,551,391,0
MV-67939,Women Weekender Classic,TRP,Taupe,Leather Goods,Women,Luggage,Weekender,MV,Maison Voss,300,50,EU_F07M,MV Flagship Paris,346200.88,102471.1,523,496661.85,368205.53,111582.23,565,536546.74,577,409,168,717,636,0
MV-60052,Unisex Evening Dresses,ARG,Argent,Ready-to-Wear,Unisex,Dresses,Evening Dresses,MVS,MV Signature,300,20,EU_F07M,MV Flagship Paris,66455.28,23069.91,125,93782.08,75264.4,25164.81,145,108787.22,103,62,41,121,96,0
MV-36318,Women Ankle Boots Slim,CRM,Cognac,Footwear,Women,Boots,Ankle Boots,MV,Maison Voss,300,70,EU_F07M,MV Flagship Paris,111426.32,30666.73,286,139381.5,111458.29,38831.45,272,132558.63,1033,970,63,800,592,0
MV-43681,Men Low Top Luxe,ARG,Argent,Footwear,Men,Sneakers,Low Top,MV,Maison Voss,300,70,EU_F07M,MV Flagship Paris,52993.8,17551.96,131,75808.34,51770.49,18060.65,117,67706.68,301,288,13,269,197,0
MV-90301,Men High Top,ROG,Rouge,Footwear,Men,Sneakers,High Top,MVS,MV Signature,300,20,EU_F07M,MV Flagship Paris,44379.36,15378.22,54,56184.44,53578.73,16506.44,67,69710.32,60,41,19,63,56,0
MV-53228,Women Shoulder Bags Essential,TAN,Tan,Leather Goods,Women,Handbags,Shoulder Bags,MV,Maison Voss,300,70,EU_F07M,MV Flagship Paris,38001.15,11257.5,46,55571.43,27779.71,10209.46,33,39866.46,166,101,65,134,117,0
MV-20993,Men Wool Scarves Slim,ECR,Ecru,Accessories,Men,Scarves,Wool Scarves,MV,Maison Voss,300,50,EU_F07M,MV Flagship Paris,20921.48,7711.84,116,27119.78,23688.63,6761.94,133,31094.22,322,267,55,422,411,0
MV-54089,Unisex Blazers,BEG,Beige,Ready-to-Wear,Unisex,Outerwear,Blazers,MVS,MV Signature,300,30,EU_F07M,MV Flagship Paris,172587.22,59495.36,295,235473.23,182315.9,47231.66,344,274585.73,526,389,137,632,574,0
MV-17331,Women Key Holders Relaxed,VRT,Vert,Leather Goods,Women,Small Leather Goods,Key Holders,MVS,MV Signature,300,70,EU_F07M,MV Flagship Paris,64591.54,17864.87,194,83285.82,64049.03,22332.08,188,80709.97,369,261,108,377,291,0
MV-29080,Men Jackets Relaxed,IVR,Ivoire,Ready-to-Wear,Men,Outerwear,Jackets,MV,Maison Voss,300,20,EU_F07M,MV Flagship Paris,104731.84,37191.43,244,129999.06,109626.69,35976.06,281,149712.04,206,179,27,230,176,0
MV-94675,Women Trousers Essential,BEG,Beige,Ready-to-Wear,Women,Bottoms,Trousers,MVS,MV Signature,300,50,EU_F07M,MV Flagship Paris,32040.35,10909.35,69,41952.01,21447.32,6210.98,51,31008.01,275,176,99,199,125,0
MV-24530,Women Day Dresses Luxe,BEG,Beige,Ready-to-Wear,Women,Dresses,Day Dresses,MVS,MV Signature,300,30,EU_F07M,MV Flagship Paris,58433.74,15287.64,137,77233.05,63256.0,20320.43,160,90199.18,139,127,12,144,96,0
MV-76237,Women Skirts Classic,ROG,Rouge,Ready-to-Wear,Women,Bottoms,Skirts,MV,Maison Voss,300,20,EU_F07M,MV Flagship Paris,6081.08,2244.89,9,7221.02,4935.3,1416.1,7,5616.35,28,27,1,23,16,0
MV-33703,Men Earrings Slim,ECR,Ecru,Accessories,Men,Jewelry,Earrings,MVS,MV Signature,300,70,EU_F07M,MV Flagship Paris,189253.35,66766.69,356,262235.2,142317.41,36383.56,259,190783.47,1316,1211,105,1046,658,0
MV-52176,Women Check-In Relaxed,ARG,Argent,Leather Goods,Women,Luggage,Check-In,MVS,MV Signature,300,30,EU_F07M,MV Flagship Paris,879438.47,241318.68,963,1146369.03,684343.02,184477.54,762,907095.74,2855,2197,658,1974,1787,0
MV-38183,Men Suit Trousers Essential,CHP,Champagne,Ready-to-Wear,Men,Suits,Suit Trousers,MVS,MV Signature,300,20,EU_F07M,MV Flagship Paris,43286.14,14731.72,109,59282.93,38568.62,9804.64,100,54388.01,190,187,3,197,175,0
MV-24316,Women Low Top Relaxed,TAN,Tan,Footwear,Women,Sneakers,Low Top,MV,Maison Voss,300,70,EU_F07M,MV Flagship Paris,766.38,195.27,2,1061.98,397.92,114.62,1,530.99,2,1,1,1,0,0
MV-50768,Men Knitwear Modern,ROG,Rouge,Ready-to-Wear,Men,Tops,Knitwear,MVS,MV Signature,300,20,EU_F07M,MV Flagship Paris,18321.41,5677.96,39,25378.23,18175.46,6866.04,37,24076.78,36,28,8,37,35,0
MV-17592,Men Coats Relaxed,BRG,Bordeaux,Ready-to-Wear,Men,Outerwear,Coats,MVS,MV Signature,300,50,EU_F07M,MV Flagship Paris,93334.02,32318.97,221,117094.18,99959.87,27782.16,256,135638.5,115,107,8,158,155,0
MV-56346,Women Clutches Essential,BRG,Bordeaux,Leather Goods,Women,Handbags,Clutches,MV,Maison Voss,300,20,EU_F07M,MV Flagship Paris,59239.44,16840.84,198,81550.04,52018.6,18981.19,152,62604.07,448,273,175,376,346,0
MV-94058,Women Chain Belts,BLU,Bleu Marine,Leather Goods,Women,Belts,Chain Belts,MVS,MV Signature,300,70,EU_F07M,MV Flagship Paris,261246.73,69507.76,325,376141.7,270769.09,78880.78,352,407390.4,368,269,99,321,211,0
MV-70443,Women Card Holders Heritage,TAN,Tan,Leather Goods,Women,Small Leather Goods,Card Holders,MVS,MV Signature,300,20,EU_F07M,MV Flagship Paris,25872.71,8665.27,61,31806.03,29369.31,7663.14,71,37020.14,42,29,13,45,29,0
MV-80282,Unisex Baseball Caps Signature,BRG,Bordeaux,Accessories,Unisex,Hats,Baseball Caps,MV,Maison Voss,300,20,EU_F07M,MV Flagship Paris,127333.0,47541.3,302,166466.95,121092.81,39885.61,331,182452.19,378,292,86,364,266,0
MV-81364,Unisex Crossbody Bags Signature,SBL,Sable,Leather Goods,Unisex,Handbags,Crossbody Bags,MVS,MV Signature,300,20,EU_F07M,MV Flagship Paris,156667.51,52211.93,244,217511.78,131897.39,48819.91,190,169373.93,221,133,88,143,86,0
MV-19862,Men Pumps Slim,ARG,Argent,Footwear,Men,Heels,Pumps,MV,Maison Voss,300,20,EU_F07M,MV Flagship Paris,47379.61,12035.76,81,62053.46,40540.49,12040.66,67,51328.17,146,141,5,120,112,0
MV-27892,Men Suit Trousers Modern,TAN,Tan,Ready-to-Wear,Men,Suits,Suit Trousers,MV,Maison Voss,300,50,EU_F07M,MV Flagship Paris,53372.47,18173.71,165,71068.78,62921.22,21750.47,188,80975.34,320,245,75,385,325,0
MV-81364,Unisex Crossbody Bags Signature,BRG,Bordeaux,Leather Goods,Unisex,Handbags,Crossbody Bags,MVS,MV Signature,300,30,EU_F07M,MV Flagship Paris,33240.63,8900.68,33,42671.74,37753.25,12341.33,35,45257.9,122,91,31,143,112,0
MV-69446,Unisex Evening Dresses Modern,GRG,Greige,Ready-to-Wear,Unisex,Dresses,Evening Dresses,MV,Maison Voss,300,50,EU_F07M,MV Flagship Paris,85157.84,30191.05,126,123819.6,103717.95,37203.93,151,148386.98,326,322,4,465,376,0
MV-49576,Women Jackets Classic,ROG,Rouge,Ready-to-Wear,Women,Outerwear,Jackets,MV,Maison Voss,300,50,EU_F07M,MV Flagship Paris,164094.72,47277.6,446,206887.6,137742.75,42039.16,353,163747.36,724,506,218,538,499,0
MV-99181,Women Blazers Modern,VRT,Vert,Ready-to-Wear,Women,Outerwear,Blazers,MVS,MV Signature,300,70,EU_F07M,MV Flagship Paris,76147.6,26966.63,114,93411.73,55780.78,19647.2,93,76204.31,373,333,40,360,241,0
MV-57920,Women Blazers Slim,IVR,Ivoire,Ready-to-Wear,Women,Outerwear,Blazers,MV,Maison Voss,300,50,EU_F07M,MV Flagship Paris,171663.47,45015.2,383,214570.94,139335.89,36212.21,286,160227.91,737,566,171,442,388,0
MV-23579,Men Cat Eye,RSE,Rose Poudre,Accessories,Men,Sunglasses,Cat Eye,MVS,MV Signature,300,20,EU_F07M,MV Flagship Paris,110110.18,30266.7,187,160418.44,97209.9,30445.44,159,136398.56,155,125,30,146,138,0
MV-81364,Unisex Crossbody Bags Signature,TRP,Taupe,Leather Goods,Unisex,Handbags,Crossbody Bags,MVS,MV Signature,300,20,EU_F07M,MV Flagship Paris,35001.7,9675.87,44,48822.17,28539.07,9160.26,36,39945.42,108,78,30,86,85,0
MV-18799,Women Jeans Modern,TRP,Taupe,Ready-to-Wear,Women,Bottoms,Jeans,MV,Maison Voss,300,50,EU_F07M,MV Flagship Paris,61251.17,22892.16,182,80794.63,66039.18,23487.73,187,83014.27,620,580,40,733,628,0
MV-64524,Women Check-In Modern,BLU,Bleu Marine,Leather Goods,Women,Luggage,Check-In,MV,Maison Voss,300,50,EU_F07M,MV Flagship Paris,72994.23,19471.24,147,92472.15,57718.07,20264.05,114,71713.1,582,372,210,408,324,0
MV-59672,Women Shoulder Bags Classic,CHP,Champagne,Leather Goods,Women,Handbags,Shoulder Bags,MV,Maison Voss,300,70,EU_F07M,MV Flagship Paris,72157.3,23068.38,106,99576.48,54109.61,16330.29,85,79849.06,169,140,29,117,96,0
MV-95918,Women Suit Sets Modern,CHP,Champagne,Ready-to-Wear,Women,Suits,Suit Sets,MV,Maison Voss,300,20,EU_F07M,MV Flagship Paris,9291.0,2365.61,26,11511.58,7971.79,2121.96,21,9297.82,76,51,25,51,48,0
MV-79822,Unisex Fedoras Slim,VRT,Vert,Accessories,Unisex,Hats,Fedoras,MV,Maison Voss,300,20,EU_F07M,MV Flagship Paris,64840.95,18950.22,113,79172.91,50328.38,17736.03,97,67962.59,281,185,96,240,202,0
MV-18799,Women Jeans Modern,ARG,Argent,Ready-to-Wear,Women,Bottoms,Jeans,MV,Maison Voss,300,50,EU_F07M,MV Flagship Paris,2836.68,1056.28,15,3537.61,3109.2,1044.38,17,4009.29,36,34,2,47,28,0
MV-62044,Women Low Top Classic,TAN,Tan,Footwear,Women,Sneakers,Low Top,MVS,MV Signature,300,50,EU_F07M,MV Flagship Paris,10247.12,3031.59,21,14080.76,7908.64,2977.82,16,10728.2,76,49,27,52,40,0
MV-27961,Women Blouses Signature,NOI,Noir,Ready-to-Wear,Women,Tops,Blouses,MV,Maison Voss,300,70,EU_F07M,MV Flagship Paris,44558.34,12692.67,112,53563.25,52342.14,14798.77,139,66475.82,413,371,42,602,554,0
MV-52487,Men Mini Bags Luxe,VRT,Vert,Leather Goods,Men,Handbags,Mini Bags,MV,Maison Voss,300,50,EU_F07M,MV Flagship Paris,43660.38,12493.92,76,62583.14,55864.78,18619.42,97,79875.84,212,151,61,232,229,0
MV-54942,Men Square Frames Relaxed,CRM,Creme,Accessories,Men,Sunglasses,Square Frames,MV,Maison Voss,300,50,EU_F07M,MV Flagship Paris,240701.87,69378.44,544,354018.65,264975.02,97207.28,537,349463.26,1704,1437,267,1843,1435,0
MV-96341,Women Card Holders Signature,BLU,Bleu Marine,Leather Goods,Women,Small Leather Goods,Card Holders,MVS,MV Signature,300,20,EU_F07M,MV Flagship Paris,82735.59,22957.85,98,101412.32,90005.5,27712.97,111,114864.97,271,163,108,256,218,0
MV-84531,Women Check-In Classic,CRM,Cognac,Leather Goods,Women,Luggage,Check-In,MVS,MV Signature,300,20,EU_F07M,MV Flagship Paris,284539.37,86590.81,297,358600.42,329599.56,95220.14,355,428630.14,1086,921,165,1049,769,0
MV-70258,Men Platform Slim,BLU,Bleu Marine,Footwear,Men,Sneakers,Platform,MV,Maison Voss,300,50,EU_F07M,MV Flagship Paris,133631.71,42354.17,158,158859.67,112805.24,34700.92,131,131712.76,180,152,28,157,120,0
MV-16265,Women Chain Belts Signature,ANT,Anthracite,Leather Goods,Women,Belts,Chain Belts,MVS,MV Signature,300,20,EU_F07M,MV Flagship Paris,193925.93,62270.83,255,245823.09,221478.95,75002.55,291,280527.52,871,572,299,1068,1046,0
MV-26704,Men Pouches Classic,ANT,Anthracite,Leather Goods,Men,Small Leather Goods,Pouches,MVS,MV Signature,300,70,EU_F07M,MV Flagship Paris,31456.39,10344.79,63,41249.49,31266.54,9488.82,61,39939.98,131,126,5,134,131,0
MV-26074,Women Fedoras Slim,ROG,Rouge,Accessories,Women,Hats,Fedoras,MVS,MV Signature,300,20,EU_F07M,MV Flagship Paris,195216.05,52148.14,596,230089.64,180445.83,51655.29,594,229317.53,2316,1999,317,2671,1771,0
MV-82512,Women Shorts Heritage,NOI,Noir,Ready-to-Wear,Women,Bottoms,Shorts,MV,Maison Voss,300,20,EU_F07M,MV Flagship Paris,90756.97,29954.82,158,120068.4,70599.3,23980.27,133,101070.24,358,286,72,241,208,0
MV-42541,Women Blazers Slim,SBL,Sable,Ready-to-Wear,Women,Suits,Blazers,MVS,MV Signature,300,50,EU_F07M,MV Flagship Paris,254101.86,83135.63,373,358211.61,221851.23,71656.47,358,343806.32,602,369,233,598,579,0
MV-59009,Women Earrings Slim,ROG,Rouge,Accessories,Women,Jewelry,Earrings,MVS,MV Signature,300,50,EU_F07M,MV Flagship Paris,39557.74,14842.38,95,51063.31,28160.98,10094.25,69,37088.09,359,223,136,293,276,0
MV-54313,Women Wallets Classic,ROG,Rouge,Leather Goods,Women,Small Leather Goods,Wallets,MV,Maison Voss,300,30,EU_F07M,MV Flagship Paris,23343.06,7004.65,22,33752.59,17048.19,5221.99,15,23013.13,36,34,2,26,22,0
MV-31632,Women Weekender Luxe,ANT,Anthracite,Leather Goods,Women,Luggage,Weekender,MV,Maison Voss,300,70,EU_F07M,MV Flagship Paris,78670.12,29069.0,234,94666.2,87252.71,29899.36,247,99925.43,272,199,73,329,294,0
MV-69634,Women Day Dresses Signature,ANT,Anthracite,Ready-to-Wear,Women,Dresses,Day Dresses,MVS,MV Signature,300,50,EU_F07M,MV Flagship Paris,339.38,118.47,1,439.69,304.17,99.93,1,439.69,1,0,1,0,0,0
MV-88222,Men Suit Trousers Heritage,BRG,Bordeaux,Ready-to-Wear,Men,Suits,Suit Trousers,MV,Maison Voss,300,50,EU_F07M,MV Flagship Paris,90870.17,31837.94,135,119968.26,92248.28,24729.37,143,127077.49,228,161,67,202,176,0
MV-48462,Women Ankle Boots Relaxed,NOI,Noir,Footwear,Women,Boots,Ankle Boots,MVS,MV Signature,300,20,EU_F07M,MV Flagship Paris,19778.89,5098.88,44,24177.67,13280.91,4031.56,32,17583.76,37,34,3,29,21,0
MV-79924,Unisex Blazers Modern,BLU,Bleu Marine,Ready-to-Wear,Unisex,Outerwear,Blazers,MV,Maison Voss,300,30,EU_F07M,MV Flagship Paris,94998.15,35277.65,207,131894.3,79367.53,25697.24,172,109593.33,323,218,105,297,263,0
MV-71797,Men Shoulder Bags Classic,GRG,Greige,Leather Goods,Men,Handbags,Shoulder Bags,MVS,MV Signature,300,20,EU_F07M,MV Flagship Paris,285257.36,82142.04,814,415536.88,233408.49,61392.8,658,335900.82,833,527,306,769,587,0
MV-59308,Men Knitwear Essential,VRT,Vert,Ready-to-Wear,Men,Tops,Knitwear,MVS,MV Signature,300,20,EU_F07M,MV Flagship Paris,34635.62,10451.12,130,50500.09,29799.83,9879.2,101,39234.69,417,277,140,342,338,0
MV-78937,Men Carry-On Luxe,CAM,Camel,Leather Goods,Men,Luggage,Carry-On,MVS,MV Signature,300,50,EU_F07M,MV Flagship Paris,227656.79,84724.12,356,276665.24,207160.09,67405.89,339,263453.7,981,960,21,978,802,0
MV-91490,Women Midi Dresses,GRG,Greige,Ready-to-Wear,Women,Dresses,Midi Dresses,MV,Maison Voss,300,20,EU_F07M,MV Flagship Paris,92788.97,24643.0,148,119197.85,84378.31,25943.43,127,102284.64,440,305,135,422,348,0
MV-56346,Women Clutches Essential,ANT,Anthracite,Leather Goods,Women,Handbags,Clutches,MV,Maison Voss,300,50,EU_F07M,MV Flagship Paris,121830.58,38308.92,143,168357.96,122754.49,43641.57,129,151875.36,416,393,23,428,267,0
MV-65444,Women Berets,BRG,Bordeaux,Accessories,Women,Hats,Berets,MVS,MV Signature,300,30,EU_F07M,MV Flagship Paris,192459.52,55084.26,559,269200.31,224916.92,73305.22,708,340954.95,1658,1633,25,1824,1774,0
MV-68838,Men Suit Trousers Signature,ANT,Anthracite,Ready-to-Wear,Men,Suits,Suit Trousers,MV,Maison Voss,300,70,EU_F07M,MV Flagship Paris,186097.96,59936.27,462,261596.73,150335.09,43269.06,389,220262.18,1088,1010,78,808,588,0
MV-88222,Men Suit Trousers Heritage,TRP,Taupe,Ready-to-Wear,Men,Suits,Suit Trousers,MV,Maison Voss,300,70,EU_F07M,MV Flagship Paris,100627.71,30003.09,323,128326.34,92131.81,26180.69,291,115612.89,1185,975,210,959,952,0
MV-73532,Women Midi Dresses Modern,BRG,Bordeaux,Ready-to-Wear,Women,Dresses,Midi Dresses,MVS,MV Signature,300,20,EU_F07M,MV Flagship Paris,26339.74,8362.3,73,37451.37,29541.83,7902.09,82,42068.67,102,88,14,111,78,0
MV-92203,Men Clutches,NVY,Navy,Leather Goods,Men,Handbags,Clutches,MV,Maison Voss,300,20,EU_F07M,MV Flagship Paris,65029.66,22151.35,165,77954.75,76303.18,21099.37,202,95435.52,263,256,7,273,168,0
MV-45986,Women Chain Belts Classic,ECR,Ecru,Leather Goods,Women,Belts,Chain Belts,MV,Maison Voss,300,20,EU_F07M,MV Flagship Paris,54091.47,15152.52,53,64874.77,67694.83,23016.13,63,77115.29,86,81,5,114,99,0
MV-44664,Women Shoulder Bags Modern,ARG,Argent,Leather Goods,Women,Handbags,Shoulder Bags,MVS,MV Signature,300,20,EU_F07M,MV Flagship Paris,46302.82,14956.52,123,64340.0,45088.78,12374.68,125,65386.18,314,276,38,314,304,0
MV-20993,Men Wool Scarves Slim,CRM,Cognac,Accessories,Men,Scarves,Wool Scarves,MV,Maison Voss,300,20,EU_F07M,MV Flagship Paris,38672.78,10992.64,138,51241.21,38297.8,10645.15,134,49755.96,301,181,120,317,237,0
MV-68991,Unisex Pouches Heritage,CAM,Camel,Leather Goods,Unisex,Small Leather Goods,Pouches,MV,Maison Voss,300,30,EU_F07M,MV Flagship Paris,211162.29,66406.86,373,265276.24,174347.59,56747.14,311,221182.07,206,196,10,147,134,0
MV-13761,Women Evening Dresses Luxe,IVR,Ivoire,Ready-to-Wear,Women,Dresses,Evening Dresses,MVS,MV Signature,300,30,EU_F07M,MV Flagship Paris,154627.37,38839.26,474,196606.27,200396.04,61383.91,607,251772.17,898,669,229,1311,966,0
MV-88366,Men Blazers Classic,CAM,Camel,Ready-to-Wear,Men,Outerwear,Blazers,MV,Maison Voss,300,20,EU_F07M,MV Flagship Paris,28402.69,8120.97,112,35312.81,25095.38,6846.06,97,30583.42,152,129,23,118,77,0
MV-44664,Women Shoulder Bags Modern,BLU,Bleu Marine,Leather Goods,Women,Handbags,Shoulder Bags,MVS,MV Signature,300,70,EU_F07M,MV Flagship Paris,1192.06,380.92,3,1689.31,837.29,266.91,2,1126.21,7,4,3,4,3,0
MV-28776,Women Sandals Essential,ARG,Argent,Footwear,Women,Heels,Sandals,MV,Maison Voss,300,50,EU_F07M,MV Flagship Paris,183918.4,51473.54,415,247951.35,189228.04,51298.38,459,274240.17,910,748,162,896,746,0
MV-92478,Women Blazers Classic,VRT,Vert,Ready-to-Wear,Women,Outerwear,Blazers,MV,Maison Voss,300,50,EU_F07M,MV Flagship Paris,12014.21,4354.21,40,14597.34,12147.1,3235.99,43,15692.14,127,120,7,123,78,0
MV-41029,Women Ballet Flats Luxe,SBL,Sable,Footwear,Women,Flats,Ballet Flats,MV,Maison Voss,300,70,EU_F07M,MV Flagship Paris,70980.64,26684.87,204,89266.18,63642.85,19959.36,169,73950.91,360,336,24,245,179,0
MV-98815,Men Check-In,ROG,Rouge,Leather Goods,Men,Luggage,Check-In,MVS,MV Signature,300,30,EU_F07M,MV Flagship Paris,4436.57,1172.79,5,5457.46,4600.03,1486.15,5,5457.46,7,6,1,8,5,0
MV-56019,Men Shorts Slim,GRG,Greige,Ready-to-Wear,Men,Bottoms,Shorts,MV,Maison Voss,300,20,EU_F07M,MV Flagship Paris,54731.44,16545.5,106,69062.23,36171.35,12261.55,74,48213.25,374,258,116,311,267,0
MV-41029,Women Ballet Flats Luxe,ANT,Anthracite,Footwear,Women,Flats,Ballet Flats,MV,Maison Voss,300,20,EU_F07M,MV Flagship Paris,361775.25,116368.64,894,525706.46,280651.97,79419.09,689,405158.56,3164,2126,1038,2647,2470,0
MV-76039,Women Boots Relaxed,ECR,Ecru,Footwear,Women,Heels,Boots,MVS,MV Signature,300,50,EU_F07M,MV Flagship Paris,11331.97,4237.5,22,15189.96,14457.77,4956.83,26,17951.77,37,24,13,50,47,0
MV-69634,Women Day Dresses Signature,RSE,Rose Poudre,Ready-to-Wear,Women,Dresses,Day Dresses,MVS,MV Signature,300,20,EU_F07M,MV Flagship Paris,22662.75,7437.1,115,31021.56,26883.52,9648.15,140,37765.38,332,237,95,331,320,0
MV-20745,Unisex Mini Bags Essential,NVY,Navy,Leather Goods,Unisex,Handbags,Mini Bags,MVS,MV Signature,300,20,EU_F07M,MV Flagship Paris,26635.9,9681.56,76,34919.27,19927.0,7251.38,59,27108.38,87,62,25,61,40,0
MV-52415,Men Jeans Relaxed,BLU,Bleu Marine,Ready-to-Wear,Men,Bottoms,Jeans,MV,Maison Voss,300,50,EU_F07M,MV Flagship Paris,189481.5,66481.44,493,264195.81,233752.27,67892.42,553,296349.46,1916,1693,223,2471,2423,0
MV-70931,Men Chain Belts Essential,CRM,Creme,Leather Goods,Men,Belts,Chain Belts,MVS,MV Signature,300,20,EU_F07M,MV Flagship Paris,478843.15,144399.23,426,645314.31,421161.35,121132.94,414,627136.45,1332,1033,299,1299,1050,0
MV-99181,Women Blazers Modern,NVY,Navy,Ready-to-Wear,Women,Outerwear,Blazers,MVS,MV Signature,300,20,EU_F07M,MV Flagship Paris,13134.51,3297.65,56,18991.29,13298.78,4723.17,56,18991.29,133,120,13,121,72,0
MV-69446,Unisex Evening Dresses Modern,ARG,Argent,Ready-to-Wear,Unisex,Dresses,Evening Dresses,MV,Maison Voss,300,20,EU_F07M,MV Flagship Paris,4050.92,1045.49,17,5476.72,2867.35,853.81,13,4188.08,20,15,5,14,10,0
MV-90301,Men High Top,SBL,Sable,Footwear,Men,Sneakers,High Top,MVS,MV Signature,300,20,EU_F07M,MV Flagship Paris,55291.75,17082.06,206,73271.65,58670.87,14826.32,224,79674.03,129,114,15,130,80,0
MV-43491,Women Earrings Heritage,IVR,Ivoire,Accessories,Women,Jewelry,Earrings,MV,Maison Voss,300,20,EU_F07M,MV Flagship Paris,21276.41,6127.41,86,29308.46,21911.48,5529.6,81,27604.48,269,244,25,213,160,0
MV-62044,Women Low Top Classic,BLU,Bleu Marine,Footwear,Women,Sneakers,Low Top,MVS,MV Signature,300,50,EU_F07M,MV Flagship Paris,73990.38,19391.09,233,103857.19,74481.66,24055.72,260,115892.14,199,179,20,206,165,0
MV-51441,Women Jackets Modern,CRM,Creme,Ready-to-Wear,Women,Outerwear,Jackets,MVS,MV Signature,300,20,EU_F07M,MV Flagship Paris,3561.2,1118.81,6,4788.69,4280.12,1340.67,7,5586.8,6,5,1,9,8,0
MV-19862,Men Pumps Slim,ARG,Argent,Footwear,Men,Heels,Pumps,MV,Maison Voss,300,70,EU_F07M,MV Flagship Paris,23670.23,7726.59,30,30411.86,29654.08,8785.32,34,34466.77,22,18,4,22,16,0
MV-14705,Men Baseball Caps Modern,NOI,Noir,Accessories,Men,Hats,Baseball Caps,MVS,MV Signature,300,30,EU_F07M,MV Flagship Paris,110916.26,33569.46,243,140584.19,136146.57,49374.82,279,161411.48,312,302,10,349,252,0
MV-51441,Women Jackets Modern,SBL,Sable,Ready-to-Wear,Women,Outerwear,Jackets,MVS,MV Signature,300,30,EU_F07M,MV Flagship Paris,27001.2,9641.39,50,39576.03,29333.11,10677.78,50,39576.03,179,178,1,182,163,0
MV-12671,Men Ballet Flats Slim,TRP,Taupe,Footwear,Men,Flats,Ballet Flats,MVS,MV Signature,300,70,EU_F07M,MV Flagship Paris,126284.17,35361.75,408,148774.97,89718.69,28604.4,319,116321.61,1431,866,565,1340,956,0
MV-97684,Unisex Bracelets Luxe,NOI,Noir,Accessories,Unisex,Jewelry,Bracelets,MV,Maison Voss,300,20,EU_F07M,MV Flagship Paris,2245.95,584.0,12,3148.35,2223.74,836.58,11,2885.99,6,3,3,6,5,0
MV-39444,Men Key Holders Relaxed,TRP,Taupe,Leather Goods,Men,Small Leather Goods,Key Holders,MV,Maison Voss,300,50,EU_F07M,MV Flagship Paris,16986.2,4967.38,50,21444.8,12765.24,3297.82,37,15869.16,52,32,20,38,23,0
MV-71474,Men Loafers Relaxed,ANT,Anthracite,Footwear,Men,Flats,Loafers,MV,Maison Voss,300,70,EU_F07M,MV Flagship Paris,924069.95,234540.63,1372,1280515.44,1018702.03,329562.27,1588,1482112.63,3808,3282,526,4092,3107,0
MV-80282,Unisex Baseball Caps Signature,TRP,Taupe,Accessories,Unisex,Hats,Baseball Caps,MV,Maison Voss,300,50,EU_F07M,MV Flagship Paris,26043.94,9848.74,119,36296.12,20923.83,6862.66,93,28365.88,72,58,14,51,50,0
MV-92345,Women Leather Belts Modern,BRG,Bordeaux,Leather Goods,Women,Belts,Leather Belts,MVS,MV Signature,300,20,EU_F07M,MV Flagship Paris,194581.81,58000.68,254,271430.82,179896.68,50703.74,223,238303.43,751,543,208,777,559,0
MV-23133,Men Trousers Essential,ROG,Rouge,Ready-to-Wear,Men,Bottoms,Trousers,MV,Maison Voss,300,20,EU_F07M,MV Flagship Paris,15751.57,4284.46,42,21192.24,15883.73,4796.93,45,22705.98,35,25,10,35,32,0
MV-69829,Men Ballet Flats Slim,BLU,Bleu Marine,Footwear,Men,Flats,Ballet Flats,MV,Maison Voss,300,20,EU_F07M,MV Flagship Paris,149492.35,54637.64,197,214722.78,94543.64,28262.17,139,151504.9,780,609,171,610,465,0
MV-33647,Men Coats Heritage,GRG,Greige,Ready-to-Wear,Men,Outerwear,Coats,MVS,MV Signature,300,50,EU_F07M,MV Flagship Paris,114740.1,40462.99,271,163103.56,125238.12,46748.23,282,169724.0,1012,683,329,1055,793,0
MV-16895,Women Leather Belts Slim,NVY,Navy,Leather Goods,Women,Belts,Leather Belts,MV,Maison Voss,300,20,EU_F07M,MV Flagship Paris,62040.98,17958.08,79,87461.77,48719.15,12309.57,55,60891.11,230,150,80,132,130,0
MV-40007,Women Tote Bags Modern,TRP,Taupe,Leather Goods,Women,Handbags,Tote Bags,MV,Maison Voss,300,30,EU_F07M,MV Flagship Paris,304974.46,85553.99,370,417794.68,356556.86,128974.55,458,517162.06,255,182,73,350,223,0
MV-80143,Men Knitwear Classic,TRP,Taupe,Ready-to-Wear,Men,Tops,Knitwear,MVS,MV Signature,300,50,EU_F07M,MV Flagship Paris,121478.14,37937.04,194,146341.86,90322.61,24131.44,143,107870.55,596,516,80,384,283,0
MV-96870,Women Day Dresses Relaxed,ROG,Rouge,Ready-to-Wear,Women,Dresses,Day Dresses,MVS,MV Signature,300,50,EU_F07M,MV Flagship Paris,45563.05,15809.68,103,66424.05,57159.97,21181.7,129,83191.29,379,234,145,425,388,0
MV-17592,Men Coats Relaxed,GRG,Greige,Ready-to-Wear,Men,Outerwear,Coats,MVS,MV Signature,300,20,EU_F07M,MV Flagship Paris,111365.49,39775.58,171,135966.06,132996.63,43816.23,197,156639.26,325,311,14,370,228,0
MV-70443,Women Card Holders Heritage,CHP,Champagne,Leather Goods,Women,Small Leather Goods,Card Holders,MVS,MV Signature,300,30,EU_F07M,MV Flagship Paris,127018.58,44221.45,180,181854.95,118925.17,31823.09,159,160638.54,322,254,68,311,289,0
MV-79615,Women Midi Dresses Slim,VRT,Vert,Ready-to-Wear,Women,Dresses,Midi Dresses,MV,Maison Voss,300,30,EU_F07M,MV Flagship Paris,9323.01,2685.84,37,10917.55,7761.28,2723.51,30,8852.07,133,110,23,95,71,0
MV-45986,Women Chain Belts Classic,ROG,Rouge,Leather Goods,Women,Belts,Chain Belts,MV,Maison Voss,300,50,EU_F07M,MV Flagship Paris,109618.34,35843.35,108,144404.02,117396.98,42787.19,119,159111.84,117,100,17,135,125,0
MV-90301,Men High Top,CAM,Camel,Footwear,Men,Sneakers,High Top,MVS,MV Signature,300,20,EU_F07M,MV Flagship Paris,45634.56,14834.78,88,68279.76,57786.28,20635.7,97,75262.92,292,271,21,377,294,0
MV-38047,Women Round Frames Relaxed,NVY,Navy,Accessories,Women,Sunglasses,Round Frames,MVS,MV Signature,300,20,EU_F07M,MV Flagship Paris,50398.97,16780.42,107,66026.15,37907.1,9921.0,85,52450.68,107,96,11,71,64,0
MV-44959,Women Blazers Modern,IVR,Ivoire,Ready-to-Wear,Women,Outerwear,Blazers,MVS,MV Signature,300,20,EU_F07M,MV Flagship Paris,189376.61,59689.35,300,262047.28,145369.86,42055.21,246,214878.77,207,189,18,144,108,0
MV-62044,Women Low Top Classic,RSE,Rose Poudre,Footwear,Women,Sneakers,Low Top,MVS,MV Signature,300,30,EU_F07M,MV Flagship Paris,103077.82,29768.32,138,126631.35,130028.55,37275.87,178,163336.09,467,325,142,516,399,0
MV-53655,Women Leather Belts Slim,NVY,Navy,Leather Goods,Women,Belts,Leather Belts,MV,Maison Voss,300,20,EU_F07M,MV Flagship Paris,357381.33,114823.53,591,449093.13,289241.46,89903.01,493,374624.22,2063,1839,224,2031,2012,0
MV-82910,Men Shirts Signature,VRT,Vert,Ready-to-Wear,Men,Tops,Shirts,MV,Maison Voss,300,20,EU_F07M,MV Flagship Paris,44066.92,16323.22,72,57950.68,34593.92,11039.77,53,42658.14,95,60,35,56,38,0
MV-82135,Women Trousers Slim,SBL,Sable,Ready-to-Wear,Women,Bottoms,Trousers,MVS,MV Signature,300,20,EU_F07M,MV Flagship Paris,40685.07,13124.67,112,59347.68,41423.54,15609.43,102,54048.78,297,211,86,282,195,0
MV-96200,Women Suit Sets,CRM,Creme,Ready-to-Wear,Women,Suits,Suit Sets,MVS,MV Signature,300,50,EU_F07M,MV Flagship Paris,73872.21,23958.18,324,88199.41,50841.27,15457.67,243,66149.56,743,466,277,664,502,0
MV-88222,Men Suit Trousers Heritage,ROG,Rouge,Ready-to-Wear,Men,Suits,Suit Trousers,MV,Maison Voss,300,50,EU_F07M,MV Flagship Paris,113783.43,30483.7,165,150313.94,141593.86,42791.69,199,181287.73,136,89,47,172,138,0
MV-78955,Women Pouches Modern,BLU,Bleu Marine,Leather Goods,Women,Small Leather Goods,Pouches,MV,Maison Voss,300,20,EU_F07M,MV Flagship Paris,85110.82,23634.18,166,104322.23,76019.43,26049.1,139,87354.15,186,119,67,142,124,0
MV-65296,Women Ankle Boots Slim,ARG,Argent,Footwear,Women,Boots,Ankle Boots,MV,Maison Voss,300,20,EU_F07M,MV Flagship Paris,4017.76,1425.98,11,5029.22,4117.11,1164.05,11,5029.22,38,31,7,40,31,0
MV-78955,Women Pouches Modern,IVR,Ivoire,Leather Goods,Women,Small Leather Goods,Pouches,MV,Maison Voss,300,20,EU_F07M,MV Flagship Paris,71281.68,20649.37,106,97174.23,58814.02,19706.46,98,89840.33,209,182,27,224,173,0
MV-99173,Women Card Holders Modern,GRG,Greige,Leather Goods,Women,Small Leather Goods,Card Holders,MV,Maison Voss,300,20,EU_F07M,MV Flagship Paris,39484.88,10621.58,66,57795.38,36222.18,10511.82,62,54292.63,123,81,42,127,106,0
MV-49576,Women Jackets Classic,TRP,Taupe,Ready-to-Wear,Women,Outerwear,Jackets,MV,Maison Voss,300,70,EU_F07M,MV Flagship Paris,781681.18,246227.78,1534,1074269.99,997216.92,269771.3,1916,1341787.02,3800,2613,1187,4626,3932,0
MV-99173,Women Card Holders Modern,RSE,Rose Poudre,Leather Goods,Women,Small Leather Goods,Card Holders,MV,Maison Voss,300,20,EU_F07M,MV Flagship Paris,35335.5,9687.18,77,44013.26,48003.64,15586.44,97,55445.28,187,125,62,214,144,0
MV-46421,Women Knee High Slim,BEG,Beige,Footwear,Women,Boots,Knee High,MVS,MV Signature,300,50,EU_F07M,MV Flagship Paris,199363.93,74588.95,452,268266.16,174049.29,44215.86,439,260550.54,508,358,150,454,405,0
MV-25974,Women Chain Belts,CRM,Creme,Leather Goods,Women,Belts,Chain Belts,MV,Maison Voss,300,20,EU_F07M,MV Flagship Paris,194526.49,68916.18,236,256934.64,262408.06,94650.46,287,312458.66,127,106,21,164,117,0
MV-69692,Women Suit Sets Essential,RSE,Rose Poudre,Ready-to-Wear,Women,Suits,Suit Sets,MVS,MV Signature,300,30,EU_F07M,MV Flagship Paris,42939.49,14332.55,87,60296.05,35914.34,12055.22,68,47127.95,266,253,13,227,151,0
MV-89507,Women Blazers Essential,BLU,Bleu Marine,Ready-to-Wear,Women,Outerwear,Blazers,MV,Maison Voss,300,20,EU_F07M,MV Flagship Paris,86053.08,22837.31,164,113289.82,94529.68,27441.16,176,121579.32,549,338,211,627,429,0
MV-65444,Women Berets,GRG,Greige,Accessories,Women,Hats,Berets,MVS,MV Signature,300,20,EU_F07M,MV Flagship Paris,200300.62,55591.07,385,274178.56,179692.66,48977.69,367,261359.82,1277,1082,195,1266,1020,0
MV-87993,Women Fedoras Modern,ARG,Argent,Accessories,Women,Hats,Fedoras,MVS,MV Signature,300,20,EU_F07M,MV Flagship Paris,147577.87,46714.65,450,205246.85,169329.79,50869.82,540,246296.22,1461,1178,283,1948,1606,0
MV-28191,Women Chelsea Boots Luxe,IVR,Ivoire,Footwear,Women,Boots,Chelsea Boots,MV,Maison Voss,300,50,EU_F07M,MV Flagship Paris,27325.36,8205.15,36,39007.0,22286.81,6396.76,32,34672.89,52,49,3,47,42,0
MV-62044,Women Low Top Classic,CRM,Creme,Footwear,Women,Sneakers,Low Top,MVS,MV Signature,300,50,EU_F07M,MV Flagship Paris,40037.05,13730.07,87,51626.07,48576.21,13087.4,96,56966.69,145,136,9,152,107,0
MV-26912,Men Suit Sets Essential,BLU,Bleu Marine,Ready-to-Wear,Men,Suits,Suit Sets,MVS,MV Signature,300,20,EU_F07M,MV Flagship Paris,34380.89,10930.86,85,44166.58,41239.77,15008.9,109,56637.15,194,168,26,239,162,0
MV-27961,Women Blouses Signature,GRG,Greige,Ready-to-Wear,Women,Tops,Blouses,MV,Maison Voss,300,50,EU_F07M,MV Flagship Paris,3392.31,1133.19,9,4759.6,2940.6,900.45,7,3701.91,30,19,11,23,15,0
MV-17331,Women Key Holders Relaxed,BEG,Beige,Leather Goods,Women,Small Leather Goods,Key Holders,MVS,MV Signature,300,20,EU_F07M,MV Flagship Paris,203675.09,59080.34,191,257809.75,225686.76,72147.61,211,284805.54,112,68,44,139,105,0
MV-59015,Unisex Baseball Caps Relaxed,CAM,Camel,Accessories,Unisex,Hats,Baseball Caps,MV,Maison Voss,300,20,EU_F07M,MV Flagship Paris,242635.2,63475.62,404,314900.71,273237.03,86309.05,455,354653.02,246,211,35,255,220,0
MV-20336,Men Blazers Heritage,ROG,Rouge,Ready-to-Wear,Men,Suits,Blazers,MV,Maison Voss,300,50,EU_F07M,MV Flagship Paris,49338.06,16935.28,100,68615.76,53822.51,13559.75,124,85083.55,222,194,28,241,197,0
MV-66881,Men Trousers Modern,ROG,Rouge,Ready-to-Wear,Men,Bottoms,Trousers,MV,Maison Voss,300,70,EU_F07M,MV Flagship Paris,100474.92,31598.45,282,143806.88,91255.29,26028.95,253,129018.23,1015,997,18,734,685,0
MV-70931,Men Chain Belts Essential,BLU,Bleu Marine,Leather Goods,Men,Belts,Chain Belts,MVS,MV Signature,300,20,EU_F07M,MV Flagship Paris,165059.48,60675.27,207,217057.88,148892.47,43126.04,183,191891.75,130,83,47,104,82,0
MV-13396,Women Wallets Slim,CAM,Camel,Leather Goods,Women,Small Leather Goods,Wallets,MVS,MV Signature,300,20,EU_F07M,MV Flagship Paris,56495.53,14477.48,98,72642.95,72364.89,26925.22,113,83761.77,104,100,4,113,88,0
MV-10336,Men Blazers Heritage,GRG,Greige,Ready-to-Wear,Men,Suits,Blazers,MV,Maison Voss,300,30,EU_F07M,MV Flagship Paris,11408.22,3726.83,31,16656.53,8758.73,3144.28,26,13970.0,82,59,23,68,62,0
MV-55830,Women Jeans Heritage,IVR,Ivoire,Ready-to-Wear,Women,Bottoms,Jeans,MV,Maison Voss,300,20,EU_F07M,MV Flagship Paris,104084.82,34523.29,259,148697.92,89472.01,23627.81,237,136067.21,356,221,135,342,291,0
MV-62772,Men Tote Bags Signature,IVR,Ivoire,Leather Goods,Men,Handbags,Tote Bags,MV,Maison Voss,300,30,EU_F07M,MV Flagship Paris,265454.25,98741.93,404,388595.93,222267.03,60365.78,313,301065.66,426,387,39,302,183,0
MV-99224,Men Day Dresses Relaxed,BLU,Bleu Marine,Ready-to-Wear,Men,Dresses,Day Dresses,MVS,MV Signature,300,50,EU_F07M,MV Flagship Paris,125978.74,39885.83,242,161611.31,147925.43,42752.09,293,195669.89,588,402,186,583,355,0
MV-97684,Unisex Bracelets Luxe,VRT,Vert,Accessories,Unisex,Jewelry,Bracelets,MV,Maison Voss,300,20,EU_F07M,MV Flagship Paris,748.14,203.48,3,940.86,758.79,269.87,3,940.86,5,3,2,4,2,0
MV-54942,Men Square Frames Relaxed,VRT,Vert,Accessories,Men,Sunglasses,Square Frames,MV,Maison Voss,300,20,EU_F07M,MV Flagship Paris,23849.29,8505.3,51,33381.34,23053.52,8757.69,54,35344.94,120,94,26,109,103,0
MV-54725,Women Suit Trousers Classic,RSE,Rose Poudre,Ready-to-Wear,Women,Suits,Suit Trousers,MV,Maison Voss,300,20,EU_F07M,MV Flagship Paris,4501.66,1499.19,15,5593.03,4128.24,1359.01,13,4847.29,58,41,17,47,37,0
MV-80236,Women Coats Slim,CHP,Champagne,Ready-to-Wear,Women,Outerwear,Coats,MVS,MV Signature,300,50,EU_F07M,MV Flagship Paris,99552.62,27358.93,177,130988.2,117495.87,33653.64,204,150969.45,554,375,179,511,363,0
MV-69692,Women Suit Sets Essential,CAM,Camel,Ready-to-Wear,Women,Suits,Suit Sets,MVS,MV Signature,300,20,EU_F07M,MV Flagship Paris,164593.99,48424.64,296,214174.81,216434.54,54700.01,349,252523.67,1109,860,249,1393,1069,0
MV-84531,Women Check-In Classic,NVY,Navy,Leather Goods,Women,Luggage,Check-In,MVS,MV Signature,300,20,EU_F07M,MV Flagship Paris,10497.59,3851.4,24,14356.67,12893.15,3801.03,29,17347.64,71,43,28,91,70,0
MV-39389,Women Mules Modern,ANT,Anthracite,Footwear,Women,Heels,Mules,MVS,MV Signature,300,70,EU_F07M,MV Flagship Paris,268982.84,92925.02,382,371935.35,212298.77,55796.73,277,269701.81,888,758,130,694,425,0
MV-50768,Men Knitwear Modern,BRG,Bordeaux,Ready-to-Wear,Men,Tops,Knitwear,MVS,MV Signature,300,20,EU_F07M,MV Flagship Paris,43288.24,13436.96,170,54224.09,31821.83,9313.32,120,38275.83,414,271,143,340,310,0
MV-82135,Women Trousers Slim,NOI,Noir,Ready-to-Wear,Women,Bottoms,Trousers,MVS,MV Signature,300,70,EU_F07M,MV Flagship Paris,142085.33,48932.32,245,169345.86,131926.17,46731.43,243,167963.45,689,661,28,591,402,0
MV-35272,Men Check-In Modern,IVR,Ivoire,Leather Goods,Men,Luggage,Check-In,MV,Maison Voss,300,20,EU_F07M,MV Flagship Paris,525854.21,186514.48,745,653456.17,426440.53,117464.52,601,527150.55,2618,1683,935,2017,1736,0
MV-70443,Women Card Holders Heritage,NVY,Navy,Leather Goods,Women,Small Leather Goods,Card Holders,MVS,MV Signature,300,30,EU_F07M,MV Flagship Paris,14741.48,4624.49,18,20755.19,16181.74,4888.86,20,23061.32,20,19,1,20,19,0
MV-70648,Women Tops,GRG,Greige,Ready-to-Wear,Women,Tops,Tops,MV,Maison Voss,300,20,EU_F07M,MV Flagship Paris,169765.39,63556.4,485,245848.25,174690.68,49919.25,515,261055.36,403,349,54,501,456,0
MV-83975,Unisex Baseball Caps Classic,VRT,Vert,Accessories,Unisex,Hats,Baseball Caps,MVS,MV Signature,300,20,EU_F07M,MV Flagship Paris,5111.98,1308.09,28,6937.09,4999.37,1782.89,30,7432.59,71,60,11,72,51,0
MV-71057,Women Boots,CAM,Camel,Footwear,Women,Heels,Boots,MVS,MV Signature,300,20,EU_F07M,MV Flagship Paris,70817.77,25858.26,104,96059.4,83232.44,29791.52,127,117303.31,273,254,19,310,286,0
MV-63225,Unisex Key Holders,NOI,Noir,Leather Goods,Unisex,Small Leather Goods,Key Holders,MVS,MV Signature,300,50,EU_F07M,MV Flagship Paris,161492.15,57273.86,399,239949.32,172208.93,45669.52,382,229725.92,1180,845,335,1278,851,0
MV-86484,Men Blazers Essential,VRT,Vert,Ready-to-Wear,Men,Suits,Blazers,MV,Maison Voss,300,50,EU_F07M,MV Flagship Paris,125634.53,38367.53,496,177789.8,118796.22,33586.39,473,169545.52,1862,1755,107,1787,1209,0
MV-51441,Women Jackets Modern,ANT,Anthracite,Ready-to-Wear,Women,Outerwear,Jackets,MVS,MV Signature,300,70,EU_F07M,MV Flagship Paris,56501.06,19618.73,148,80174.52,71117.04,25843.32,170,92092.35,544,466,78,603,525,0
MV-40595,Women Day Dresses Heritage,ECR,Ecru,Ready-to-Wear,Women,Dresses,Day Dresses,MVS,MV Signature,300,20,EU_F07M,MV Flagship Paris,68904.64,19407.88,189,91298.83,75530.66,22913.76,202,97578.65,452,401,51,551,431,0
MV-20328,Men Clutches,CHP,Champagne,Leather Goods,Men,Handbags,Clutches,MVS,MV Signature,300,50,EU_F07M,MV Flagship Paris,169263.27,47050.14,258,216981.18,130803.75,42421.86,184,154746.27,912,802,110,638,388,0
MV-54725,Women Suit Trousers Classic,ECR,Ecru,Ready-to-Wear,Women,Suits,Suit Trousers,MV,Maison Voss,300,30,EU_F07M,MV Flagship Paris,93925.92,27499.6,375,126801.44,107898.21,36700.52,403,136269.29,297,244,53,300,262,0
MV-79615,Women Midi Dresses Slim,SBL,Sable,Ready-to-Wear,Women,Dresses,Midi Dresses,MV,Maison Voss,300,30,EU_F07M,MV Flagship Paris,16818.42,6040.69,27,22342.01,20585.44,6108.39,35,28961.87,13,9,4,18,14,0
MV-12180,Men High Top Signature,SBL,Sable,Footwear,Men,Sneakers,High Top,MVS,MV Signature,300,70,EU_F07M,MV Flagship Paris,229228.48,80513.1,348,311363.66,172324.11,64452.8,280,250522.49,1083,658,425,1002,615,0
MV-85156,Women Chain Belts Essential,CHP,Champagne,Leather Goods,Women,Belts,Chain Belts,MV,Maison Voss,300,50,EU_F07M,MV Flagship Paris,58404.28,17631.23,137,84291.48,52794.43,13769.55,126,77523.55,110,77,33,91,59,0
MV-78146,Men Day Dresses,NOI,Noir,Ready-to-Wear,Men,Dresses,Day Dresses,MV,Maison Voss,300,30,EU_F07M,MV Flagship Paris,60117.83,16166.4,125,75889.29,50491.37,14818.74,108,65568.35,77,71,6,65,59,0
MV-28191,Women Chelsea Boots Luxe,BLU,Bleu Marine,Footwear,Women,Boots,Chelsea Boots,MV,Maison Voss,300,20,EU_F07M,MV Flagship Paris,59692.21,19506.0,115,72606.99,44567.22,12932.61,99,62505.15,426,298,128,368,255,0
MV-82512,Women Shorts Heritage,BEG,Beige,Ready-to-Wear,Women,Bottoms,Shorts,MV,Maison Voss,300,30,EU_F07M,MV Flagship Paris,41231.74,14958.85,149,58600.54,45909.14,15154.53,153,60173.7,515,457,58,529,391,0
MV-71057,Women Boots,BLU,Bleu Marine,Footwear,Women,Heels,Boots,MVS,MV Signature,300,30,EU_F07M,MV Flagship Paris,417027.22,147444.1,608,553232.54,370964.37,133868.28,553,503186.83,699,518,181,537,389,0
MV-45986,Women Chain Belts Classic,ARG,Argent,Leather Goods,Women,Belts,Chain Belts,MV,Maison Voss,300,20,EU_F07M,MV Flagship Paris,110275.49,39023.2,166,131735.57,134179.67,34023.77,189,149988.08,387,367,20,500,337,0
MV-68138,Women Tops Modern,GRG,Greige,Ready-to-Wear,Women,Tops,Tops,MV,Maison Voss,300,50,EU_F07M,MV Flagship Paris,243892.87,77244.98,642,307239.2,181197.8,58139.6,508,243111.4,765,677,88,719,450,0
MV-73736,Women Key Holders Relaxed,ROG,Rouge,Leather Goods,Women,Small Leather Goods,Key Holders,MV,Maison Voss,300,20,EU_F07M,MV Flagship Paris,36048.93,10627.88,41,45666.12,42540.57,12593.05,46,51235.16,110,68,42,147,140,0
MV-82924,Women Low Top Classic,GRG,Greige,Footwear,Women,Sneakers,Low Top,MV,Maison Voss,300,70,EU_F07M,MV Flagship Paris,209452.04,61043.04,270,295602.22,260660.75,91338.43,349,382093.24,742,478,264,948,909,0
MV-62044,Women Low Top Classic,GRG,Greige,Footwear,Women,Sneakers,Low Top,MVS,MV Signature,300,20,EU_F07M,MV Flagship Paris,138672.32,44651.33,350,174689.03,192098.66,72800.05,451,225099.3,974,672,302,1185,986,0
MV-35272,Men Check-In Modern,CRM,Cognac,Leather Goods,Men,Luggage,Check-In,MV,Maison Voss,300,20,EU_F07M,MV Flagship Paris,185693.8,66862.66,238,273484.44,221711.11,80703.42,299,343579.19,671,500,171,713,456,0
MV-76039,Women Boots Relaxed,CRM,Creme,Footwear,Women,Heels,Boots,MVS,MV Signature,300,20,EU_F07M,MV Flagship Paris,144892.4,42541.22,195,178136.39,140730.19,44934.73,207,189098.63,763,642,121,740,731,0
MV-48462,Women Ankle Boots Relaxed,CHP,Champagne,Footwear,Women,Boots,Ankle Boots,MVS,MV Signature,300,50,EU_F07M,MV Flagship Paris,117471.76,42123.25,174,157050.17,137210.44,36841.62,195,176004.5,323,214,109,336,327,0
MV-71057,Women Boots,VRT,Vert,Footwear,Women,Heels,Boots,MVS,MV Signature,300,50,EU_F07M,MV Flagship Paris,148713.89,42537.04,413,190120.92,174486.31,56600.19,447,205772.52,1402,1300,102,1473,916,0
MV-65296,Women Ankle Boots Slim,BLU,Bleu Marine,Footwear,Women,Boots,Ankle Boots,MV,Maison Voss,300,50,EU_F07M,MV Flagship Paris,187488.47,61333.48,361,253717.63,180089.6,56647.95,335,235444.34,761,725,36,742,589,0
MV-44664,Women Shoulder Bags Modern,CRM,Cognac,Leather Goods,Women,Handbags,Shoulder Bags,MVS,MV Signature,300,30,EU_F07M,MV Flagship Paris,22087.13,7875.44,27,30451.77,28222.68,9266.89,34,38346.68,78,48,30,109,107,0
MV-29080,Men Jackets Relaxed,SBL,Sable,Ready-to-Wear,Men,Outerwear,Jackets,MV,Maison Voss,300,50,EU_F07M,MV Flagship Paris,255623.81,76208.33,395,315871.86,220466.21,72755.58,347,277487.43,1030,763,267,755,561,0
MV-76249,Men Clutches Luxe,BRG,Bordeaux,Leather Goods,Men,Handbags,Clutches,MV,Maison Voss,300,50,EU_F07M,MV Flagship Paris,82823.72,29332.79,112,117336.87,68361.1,23709.41,86,90097.96,142,120,22,129,114,0
MV-62196,Women Blazers,ANT,Anthracite,Ready-to-Wear,Women,Outerwear,Blazers,MV,Maison Voss,300,50,EU_F07M,MV Flagship Paris,20535.17,7131.49,61,26203.09,24825.29,8573.06,74,31787.35,61,40,21,67,57,0
MV-26683,Women Blazers Relaxed,ROG,Rouge,Ready-to-Wear,Women,Outerwear,Blazers,MV,Maison Voss,300,20,EU_F07M,MV Flagship Paris,204785.55,55359.75,427,294214.15,171103.6,42786.37,376,259073.82,1427,1010,417,1067,726,0
MV-65296,Women Ankle Boots Slim,NOI,Noir,Footwear,Women,Boots,Ankle Boots,MV,Maison Voss,300,50,EU_F07M,MV Flagship Paris,69805.87,20934.11,118,98551.55,75579.69,26733.12,115,96046.0,435,321,114,400,252,0
MV-42541,Women Blazers Slim,BLU,Bleu Marine,Ready-to-Wear,Women,Suits,Blazers,MVS,MV Signature,300,20,EU_F07M,MV Flagship Paris,205311.26,69323.96,346,266001.74,226076.79,73242.94,375,288296.68,1337,1124,213,1336,1323,0
MV-16895,Women Leather Belts Slim,BLU,Bleu Marine,Leather Goods,Women,Belts,Leather Belts,MV,Maison Voss,300,50,EU_F07M,MV Flagship Paris,49836.52,14930.34,64,60054.01,43919.82,12914.53,57,53485.6,100,63,37,96,64,0
MV-12260,Men Knee High Modern,IVR,Ivoire,Footwear,Men,Boots,Knee High,MVS,MV Signature,300,50,EU_F07M,MV Flagship Paris,559.48,161.25,1,714.39,590.22,180.21,1,714.39,2,1,1,2,1,0
MV-33509,Unisex Fedoras Signature,NVY,Navy,Accessories,Unisex,Hats,Fedoras,MVS,MV Signature,300,20,EU_F07M,MV Flagship Paris,87852.69,26726.1,143,120234.15,88615.76,24483.52,140,117711.76,362,259,103,324,312,0
MV-54185,Men Trousers Heritage,ARG,Argent,Ready-to-Wear,Men,Bottoms,Trousers,MVS,MV Signature,300,20,EU_F07M,MV Flagship Paris,6690.33,2312.2,22,10025.15,9144.76,3001.71,28,12759.28,75,72,3,107,103,0
MV-58434,Women Shoulder Bags Heritage,CAM,Camel,Leather Goods,Women,Handbags,Shoulder Bags,MV,Maison Voss,300,20,EU_F07M,MV Flagship Paris,127186.81,48119.53,294,154713.05,123450.98,45381.71,288,151555.64,682,445,237,637,587,0
MV-78494,Men Suit Sets Essential,CRM,Cognac,Ready-to-Wear,Men,Suits,Suit Sets,MVS,MV Signature,300,20,EU_F07M,MV Flagship Paris,16789.79,6081.03,67,23845.7,12836.21,3523.83,48,17083.49,205,162,43,137,86,0
MV-57942,Women Chelsea Boots Modern,SBL,Sable,Footwear,Women,Boots,Chelsea Boots,MVS,MV Signature,300,50,EU_F07M,MV Flagship Paris,71937.31,25468.07,122,97459.49,65880.95,21846.28,109,87074.46,202,151,51,148,147,0
MV-47243,Men Boots Heritage,IVR,Ivoire,Footwear,Men,Heels,Boots,MV,Maison Voss,300,50,EU_F07M,MV Flagship Paris,4519.95,1502.39,19,5917.94,3116.34,1023.49,14,4360.59,12,7,5,7,6,0
MV-67939,Women Weekender Classic,SBL,Sable,Leather Goods,Women,Luggage,Weekender,MV,Maison Voss,300,50,EU_F07M,MV Flagship Paris,38781.77,12539.56,70,50770.05,30549.72,7670.71,58,42066.61,140,104,36,104,70,0
MV-76263,Women High Top Essential,NVY,Navy,Footwear,Women,Sneakers,High Top,MV,Maison Voss,300,20,EU_F07M,MV Flagship Paris,127507.34,36956.08,319,150245.74,111057.6,38992.48,290,136587.04,464,416,48,445,357,0
MV-72722,Women Midi Dresses Slim,TRP,Taupe,Ready-to-Wear,Women,Dresses,Midi Dresses,MVS,MV Signature,300,20,EU_F07M,MV Flagship Paris,7368.01,2551.95,34,9784.91,5203.5,1365.81,27,7770.37,90,54,36,59,35,0
MV-60052,Unisex Evening Dresses,BRG,Bordeaux,Ready-to-Wear,Unisex,Dresses,Evening Dresses,MVS,MV Signature,300,70,EU_F07M,MV Flagship Paris,152709.34,51358.44,218,201525.95,122661.04,41863.17,174,160850.99,467,402,65,365,317,0
MV-94058,Women Chain Belts,CHP,Champagne,Leather Goods,Women,Belts,Chain Belts,MVS,MV Signature,300,20,EU_F07M,MV Flagship Paris,346779.57,131193.99,523,411874.41,376271.97,109353.04,610,480388.89,1952,1718,234,2466,1774,0
MV-65444,Women Berets,TRP,Taupe,Accessories,Women,Hats,Berets,MVS,MV Signature,300,30,EU_F07M,MV Flagship Paris,50075.99,14471.13,238,67049.9,39473.9,10272.65,195,54935.84,644,501,143,533,338,0
MV-49618,Men Square Frames Classic,CAM,Camel,Accessories,Men,Sunglasses,Square Frames,MV,Maison Voss,300,30,EU_F07M,MV Flagship Paris,124854.0,34442.05,349,164795.09,113809.47,30080.53,311,146851.79,230,180,50,207,129,0
MV-88366,Men Blazers Classic,BEG,Beige,Ready-to-Wear,Men,Outerwear,Blazers,MV,Maison Voss,300,20,EU_F07M,MV Flagship Paris,7340.39,2392.29,24,10065.12,7485.77,2447.4,27,11323.26,59,43,16,78,51,0
MV-42541,Women Blazers Slim,GRG,Greige,Ready-to-Wear,Women,Suits,Blazers,MVS,MV Signature,300,70,EU_F07M,MV Flagship Paris,19849.75,5031.4,60,24536.37,18032.89,6393.62,51,20855.91,197,148,49,171,165,0
MV-40005,Men Silk Scarves Classic,ECR,Ecru,Accessories,Men,Scarves,Silk Scarves,MVS,MV Signature,300,20,EU_F07M,MV Flagship Paris,235041.57,65417.09,471,339409.71,239224.48,61125.39,480,345895.24,496,478,18,516,314,0
MV-12128,Women Cat Eye Signature,CHP,Champagne,Accessories,Women,Sunglasses,Cat Eye,MV,Maison Voss,300,20,EU_F07M,MV Flagship Paris,91683.45,23954.03,263,115756.63,75497.08,20965.6,235,103432.73,228,148,80,238,151,0
MV-48177,Women Card Holders Essential,GRG,Greige,Leather Goods,Women,Small Leather Goods,Card Holders,MV,Maison Voss,300,30,EU_F07M,MV Flagship Paris,193132.47,52160.82,214,234893.87,233433.68,61097.3,264,289775.61,218,157,61,283,192,0
MV-44687,Men Card Holders Modern,ARG,Argent,Leather Goods,Men,Small Leather Goods,Card Holders,MVS,MV Signature,300,70,EU_F07M,MV Flagship Paris,252524.48,88287.78,228,294845.01,272155.62,75779.48,265,342692.67,758,624,134,706,470,0
MV-64377,Women Trousers Essential,NVY,Navy,Ready-to-Wear,Women,Bottoms,Trousers,MVS,MV Signature,300,70,EU_F07M,MV Flagship Paris,65205.67,20974.97,112,90909.72,62294.73,19353.82,105,85227.86,439,423,16,350,248,0
MV-48462,Women Ankle Boots Relaxed,CHP,Champagne,Footwear,Women,Boots,Ankle Boots,MVS,MV Signature,300,20,EU_F07M,MV Flagship Paris,7000.74,1887.49,9,8695.56,7194.14,2661.3,10,9661.73,5,3,2,6,5,0
MV-17816,Women Trousers Slim,CRM,Cognac,Ready-to-Wear,Women,Bottoms,Trousers,MV,Maison Voss,300,20,EU_F07M,MV Flagship Paris,199518.66,65320.6,321,231123.71,229567.67,80106.9,373,268564.31,161,113,48,206,197,0
MV-80798,Men Chain Belts Modern,ECR,Ecru,Leather Goods,Men,Belts,Chain Belts,MV,Maison Voss,300,50,EU_F07M,MV Flagship Paris,216511.05,69583.27,238,268395.42,194758.8,51230.55,207,233436.35,149,144,5,137,104,0
MV-11214,Men Coats Heritage,TRP,Taupe,Ready-to-Wear,Men,Outerwear,Coats,MVS,MV Signature,300,20,EU_F07M,MV Flagship Paris,77069.85,20289.67,134,100180.9,69199.84,25670.59,118,88219.0,180,179,1,181,127,0
MV-91830,Women Bracelets,NVY,Navy,Accessories,Women,Jewelry,Bracelets,MV,Maison Voss,300,20,EU_F07M,MV Flagship Paris,274873.51,78173.94,482,399796.03,336074.56,95754.96,539,447074.81,1099,661,438,1404,1111,0
MV-14705,Men Baseball Caps Modern,CAM,Camel,Accessories,Men,Hats,Baseball Caps,MVS,MV Signature,300,50,EU_F07M,MV Flagship Paris,41533.38,13780.08,85,59587.06,50880.31,17519.98,103,72205.5,42,26,16,43,27,0
MV-59308,Men Knitwear Essential,VRT,Vert,Ready-to-Wear,Men,Tops,Knitwear,MVS,MV Signature,300,20,EU_F07M,MV Flagship Paris,40472.94,12634.54,73,49292.66,45812.97,16515.4,84,56720.32,82,55,27,113,96,0
MV-12128,Women Cat Eye Signature,ROG,Rouge,Accessories,Women,Sunglasses,Cat Eye,MV,Maison Voss,300,20,EU_F07M,MV Flagship Paris,225091.72,81063.31,432,293513.48,205623.13,65117.61,408,277207.17,1672,1398,274,1320,1309,0
MV-83975,Unisex Baseball Caps Classic,ANT,Anthracite,Accessories,Unisex,Hats,Baseball Caps,MVS,MV Signature,300,50,EU_F07M,MV Flagship Paris,81352.98,29548.57,334,105976.27,68735.4,22264.68,307,97409.33,1041,898,143,1030,863,0
MV-23238,Women Knitwear Essential,CAM,Camel,Ready-to-Wear,Women,Tops,Knitwear,MV,Maison Voss,300,20,EU_F07M,MV Flagship Paris,51671.75,18998.59,151,68399.7,56083.54,16128.9,155,70211.62,203,173,30,249,187,0
MV-88366,Men Blazers Classic,CHP,Champagne,Ready-to-Wear,Men,Outerwear,Blazers,MV,Maison Voss,300,70,EU_F07M,MV Flagship Paris,18853.28,5260.0,29,25880.18,23556.66,8375.19,34,30342.29,61,56,5,66,61,0
MV-29597,Women Leather Belts,BRG,Bordeaux,Leather Goods,Women,Belts,Leather Belts,MV,Maison Voss,300,20,EU_F07M,MV Flagship Paris,38598.03,9854.29,50,48263.24,35058.0,9961.32,42,40541.12,51,37,14,35,25,0
MV-84341,Men Sandals Signature,ROG,Rouge,Footwear,Men,Heels,Sandals,MV,Maison Voss,300,20,EU_F07M,MV Flagship Paris,82633.85,24937.76,223,105465.42,76348.06,24469.53,220,104046.6,177,150,27,177,176,0
MV-95191,Women Coats Signature,BEG,Beige,Ready-to-Wear,Women,Outerwear,Coats,MV,Maison Voss,300,20,EU_F07M,MV Flagship Paris,33918.84,9880.31,101,44540.84,28401.06,9669.06,83,36602.87,195,126,69,135,90,0
MV-73532,Women Midi Dresses Modern,IVR,Ivoire,Ready-to-Wear,Women,Dresses,Midi Dresses,MVS,MV Signature,300,20,EU_F07M,MV Flagship Paris,239557.04,63035.87,379,351794.4,192200.02,65198.3,321,297957.79,1415,951,464,1116,939,0
MV-44959,Women Blazers Modern,BLU,Bleu Marine,Ready-to-Wear,Women,Outerwear,Blazers,MVS,MV Signature,300,20,EU_F07M,MV Flagship Paris,406795.58,105829.71,628,570572.98,418735.78,115475.95,643,584201.31,1283,939,344,1190,976,0
MV-30257,Women Weekender Relaxed,GRG,Greige,Leather Goods,Women,Luggage,Weekender,MV,Maison Voss,300,50,EU_F07M,MV Flagship Paris,318898.91,94864.12,343,476194.52,417154.17,154543.57,430,596978.55,998,798,200,1429,991,0
MV-69634,Women Day Dresses Signature,NOI,Noir,Ready-to-Wear,Women,Dresses,Day Dresses,MVS,MV Signature,300,20,EU_F07M,MV Flagship Paris,65896.04,17415.69,99,93274.83,66362.34,24722.87,91,85737.47,137,131,6,115,96,0
MV-46421,Women Knee High Slim,ECR,Ecru,Footwear,Women,Boots,Knee High,MVS,MV Signature,300,70,EU_F07M,MV Flagship Paris,211926.14,61557.78,326,284520.55,223718.31,65893.42,342,298484.75,1223,995,228,1085,906,0
MV-51116,Unisex Tops Essential,CRM,Creme,Ready-to-Wear,Unisex,Tops,Tops,MV,Maison Voss,300,20,EU_F07M,MV Flagship Paris,51569.27,19347.07,90,71923.96,37996.18,12434.03,65,51945.09,94,89,5,69,62,0
MV-65296,Women Ankle Boots Slim,TRP,Taupe,Footwear,Women,Boots,Ankle Boots,MV,Maison Voss,300,50,EU_F07M,MV Flagship Paris,23200.6,7409.44,38,32208.87,18696.43,6194.15,32,27123.26,85,64,21,70,54,0
MV-44687,Men Card Holders Modern,RSE,Rose Poudre,Leather Goods,Men,Small Leather Goods,Card Holders,MVS,MV Signature,300,20,EU_F07M,MV Flagship Paris,6093.36,1577.27,7,8763.42,5089.52,1321.27,6,7511.5,19,13,6,17,14,0
MV-45986,Women Chain Belts Classic,TRP,Taupe,Leather Goods,Women,Belts,Chain Belts,MV,Maison Voss,300,20,EU_F07M,MV Flagship Paris,57152.71,20405.83,102,85991.16,67034.37,18645.66,116,97793.87,204,145,59,231,219,0
MV-96760,Women Blouses Signature,RSE,Rose Poudre,Ready-to-Wear,Women,Tops,Blouses,MV,Maison Voss,300,20,EU_F07M,MV Flagship Paris,172854.25,51284.74,490,237718.03,138455.5,39396.5,430,208609.7,615,525,90,446,360,0
MV-38760,Unisex Rings Heritage,IVR,Ivoire,Accessories,Unisex,Jewelry,Rings,MV,Maison Voss,300,20,EU_F07M,MV Flagship Paris,19036.52,6081.47,57,23736.11,16738.19,4602.44,49,20404.73,122,108,14,85,65,0
MV-93746,Women Blazers Essential,TAN,Tan,Ready-to-Wear,Women,Suits,Blazers,MV,Maison Voss,300,50,EU_F07M,MV Flagship Paris,34064.56,11322.0,48,46498.79,26557.6,8070.14,39,37780.27,127,98,29,94,77,0
MV-20543,Men Check-In Classic,BEG,Beige,Leather Goods,Men,Luggage,Check-In,MVS,MV Signature,300,30,EU_F07M,MV Flagship Paris,315335.76,111638.15,734,403088.84,386837.89,146595.42,856,470087.26,522,500,22,550,340,0
MV-99224,Men Day Dresses Relaxed,CRM,Creme,Ready-to-Wear,Men,Dresses,Day Dresses,MVS,MV Signature,300,50,EU_F07M,MV Flagship Paris,1997.64,754.37,5,2797.16,1983.87,522.48,5,2797.16,9,6,3,8,7,0
MV-41029,Women Ballet Flats Luxe,SBL,Sable,Footwear,Women,Flats,Ballet Flats,MV,Maison Voss,300,30,EU_F07M,MV Flagship Paris,141119.17,48597.17,323,186572.88,153757.69,43530.06,362,209100.26,971,768,203,1191,964,0
MV-12128,Women Cat Eye Signature,SBL,Sable,Accessories,Women,Sunglasses,Cat Eye,MV,Maison Voss,300,30,EU_F07M,MV Flagship Paris,45882.4,17174.78,81,55257.79,35608.71,10418.01,63,42978.28,53,38,15,41,34,0
MV-79924,Unisex Blazers Modern,ANT,Anthracite,Ready-to-Wear,Unisex,Outerwear,Blazers,MV,Maison Voss,300,30,EU_F07M,MV Flagship Paris,2664.81,757.59,8,3329.06,1819.79,675.71,6,2496.79,13,8,5,8,7,0
MV-79822,Unisex Fedoras Slim,RSE,Rose Poudre,Accessories,Unisex,Hats,Fedoras,MV,Maison Voss,300,50,EU_F07M,MV Flagship Paris,141530.18,41379.64,524,165549.83,147228.58,51968.27,522,164917.96,2093,1514,579,1992,1665,0
MV-25043,Men Loafers,CRM,Cognac,Footwear,Men,Flats,Loafers,MVS,MV Signature,300,50,EU_F07M,MV Flagship Paris,24564.72,7041.74,31,31082.4,32136.34,9534.85,38,38101.01,21,13,8,28,23,0
MV-33509,Unisex Fedoras Signature,SBL,Sable,Accessories,Unisex,Hats,Fedoras,MVS,MV Signature,300,50,EU_F07M,MV Flagship Paris,76346.75,28797.24,168,108162.63,74018.51,20584.86,151,97217.61,392,312,80,324,235,0
MV-62034,Women Necklaces Luxe,ROG,Rouge,Accessories,Women,Jewelry,Necklaces,MVS,MV Signature,300,20,EU_F07M,MV Flagship Paris,18235.41,5202.28,67,21915.43,15988.19,4408.96,62,20279.95,240,220,20,194,173,0
MV-24316,Women Low Top Relaxed,BRG,Bordeaux,Footwear,Women,Sneakers,Low Top,MV,Maison Voss,300,20,EU_F07M,MV Flagship Paris,10917.27,2929.94,14,13175.07,12446.14,3979.29,16,15057.22,25,19,6,26,18,0
MV-25396,Women Clutches Slim,ANT,Anthracite,Leather Goods,Women,Handbags,Clutches,MVS,MV Signature,300,50,EU_F07M,MV Flagship Paris,6219.05,2285.78,10,9082.22,4514.71,1477.11,7,6357.56,6,3,3,5,4,0
MV-51704,Women Fedoras Luxe,TAN,Tan,Accessories,Women,Hats,Fedoras,MV,Maison Voss,300,20,EU_F07M,MV Flagship Paris,15232.48,5647.53,25,21942.72,15216.36,3945.91,23,20187.31,98,63,35,79,59,0
MV-78955,Women Pouches Modern,ANT,Anthracite,Leather Goods,Women,Small Leather Goods,Pouches,MV,Maison Voss,300,50,EU_F07M,MV Flagship Paris,5675.56,2019.16,15,7192.08,4709.14,1665.95,12,5753.66,53,46,7,40,38,0
MV-68878,Men Carry-On Heritage,ARG,Argent,Leather Goods,Men,Luggage,Carry-On,MVS,MV Signature,300,70,EU_F07M,MV Flagship Paris,306070.58,78377.18,299,431357.18,249855.9,63753.14,255,367879.87,401,344,57,347,273,0
MV-96760,Women Blouses Signature,ARG,Argent,Ready-to-Wear,Women,Tops,Blouses,MV,Maison Voss,300,20,EU_F07M,MV Flagship Paris,100547.32,36910.31,139,123320.87,114054.91,32681.77,176,156147.29,470,424,46,618,517,0
MV-26074,Women Fedoras Slim,VRT,Vert,Accessories,Women,Hats,Fedoras,MVS,MV Signature,300,50,EU_F07M,MV Flagship Paris,28935.12,7237.33,88,36175.18,26093.03,8991.94,76,31242.2,330,326,4,323,222,0
MV-88366,Men Blazers Classic,TRP,Taupe,Ready-to-Wear,Men,Outerwear,Blazers,MV,Maison Voss,300,50,EU_F07M,MV Flagship Paris,73326.73,27203.78,113,106398.96,88516.9,24009.04,125,117697.97,314,232,82,395,318,0
MV-44335,Women Slides Slim,CRM,Creme,Footwear,Women,Flats,Slides,MV,Maison Voss,300,70,EU_F07M,MV Flagship Paris,167288.6,42391.78,554,209798.33,172392.38,58803.62,617,233656.27,1791,1671,120,1922,1377,0
MV-49618,Men Square Frames Classic,BEG,Beige,Accessories,Men,Sunglasses,Square Frames,MV,Maison Voss,300,50,EU_F07M,MV Flagship Paris,159698.73,42532.35,506,213780.36,179968.74,48158.43,602,254339.48,481,474,7,481,453,0
MV-60052,Unisex Evening Dresses,GRG,Greige,Ready-to-Wear,Unisex,Dresses,Evening Dresses,MVS,MV Signature,300,20,EU_F07M,MV Flagship Paris,179963.95,52826.33,263,250949.06,202996.11,64728.79,336,320604.12,837,610,227,1133,996,0
MV-59308,Men Knitwear Essential,TRP,Taupe,Ready-to-Wear,Men,Tops,Knitwear,MVS,MV Signature,300,50,EU_F07M,MV Flagship Paris,179925.46,46797.68,453,236164.93,167742.38,53575.12,445,231994.24,1271,1193,78,1051,996,0
MV-28714,Men Trousers Luxe,ANT,Anthracite,Ready-to-Wear,Men,Bottoms,Trousers,MV,Maison Voss,300,70,EU_F07M,MV Flagship Paris,30737.55,11138.56,80,40614.84,21203.9,5677.93,60,30461.13,154,115,39,119,91,0
MV-20077,Men Chain Belts Slim,ROG,Rouge,Leather Goods,Men,Belts,Chain Belts,MVS,MV Signature,300,70,EU_F07M,MV Flagship Paris,87250.61,32801.77,100,114465.32,112332.33,34447.1,129,147660.26,392,339,53,498,308,0
MV-54313,Women Wallets Classic,CAM,Camel,Leather Goods,Women,Small Leather Goods,Wallets,MV,Maison Voss,300,50,EU_F07M,MV Flagship Paris,206260.63,66152.96,199,286423.92,150595.36,47629.78,147,211579.48,290,177,113,241,198,0
MV-51116,Unisex Tops Essential,BRG,Bordeaux,Ready-to-Wear,Unisex,Tops,Tops,MV,Maison Voss,300,20,EU_F07M,MV Flagship Paris,117202.26,29306.44,204,162098.72,96974.04,27435.32,163,129520.06,637,439,198,470,406,0
MV-51441,Women Jackets Modern,CHP,Champagne,Ready-to-Wear,Women,Outerwear,Jackets,MVS,MV Signature,300,50,EU_F07M,MV Flagship Paris,43044.45,13469.65,137,57161.13,52789.16,18182.39,160,66757.53,434,390,44,567,491,0
MV-59009,Women Earrings Slim,CRM,Creme,Accessories,Women,Jewelry,Earrings,MVS,MV Signature,300,50,EU_F07M,MV Flagship Paris,27371.88,8557.32,107,37758.23,19716.41,7085.73,79,27877.57,58,36,22,35,31,0
MV-17331,Women Key Holders Relaxed,ECR,Ecru,Leather Goods,Women,Small Leather Goods,Key Holders,MVS,MV Signature,300,50,EU_F07M,MV Flagship Paris,615883.86,183336.55,898,917265.07,526979.89,139571.18,750,766089.98,1439,927,512,980,949,0
MV-58566,Men Leather Belts Relaxed,ARG,Argent,Leather Goods,Men,Belts,Leather Belts,MVS,MV Signature,300,20,EU_F07M,MV Flagship Paris,117258.06,42878.15,361,159888.1,94760.53,31895.21,305,135085.51,962,927,35,940,571,0
MV-68878,Men Carry-On Heritage,ARG,Argent,Leather Goods,Men,Luggage,Carry-On,MVS,MV Signature,300,70,EU_F07M,MV Flagship Paris,49267.5,16755.31,119,69402.01,54177.11,20184.34,146,85148.69,258,191,67,260,159,0
MV-76542,Men Suit Sets Modern,BRG,Bordeaux,Ready-to-Wear,Men,Suits,Suit Sets,MVS,MV Signature,300,70,EU_F07M,MV Flagship Paris,184270.73,47920.79,272,229528.2,181543.27,47904.43,299,252312.25,192,163,29,232,162,0
MV-46655,Women Cat Eye Heritage,VRT,Vert,Accessories,Women,Sunglasses,Cat Eye,MV,Maison Voss,300,20,EU_F07M,MV Flagship Paris,21670.49,8135.46,65,27562.5,24096.24,7147.02,68,28834.61,172,119,53,173,125,0
MV-82512,Women Shorts Heritage,SBL,Sable,Ready-to-Wear,Women,Bottoms,Shorts,MV,Maison Voss,300,20,EU_F07M,MV Flagship Paris,6606.36,1986.84,22,9148.92,6350.96,1590.0,20,8317.2,33,24,9,29,28,0
MV-73242,Men Chain Belts Luxe,SBL,Sable,Leather Goods,Men,Belts,Chain Belts,MV,Maison Voss,300,70,EU_F07M,MV Flagship Paris,48070.22,17210.1,91,56844.19,46184.52,11585.56,94,58718.18,320,242,78,398,335,0
MV-52415,Men Jeans Relaxed,BRG,Bordeaux,Ready-to-Wear,Men,Bottoms,Jeans,MV,Maison Voss,300,20,EU_F07M,MV Flagship Paris,39143.52,14367.23,108,51392.89,45692.81,13015.45,136,64716.98,195,150,45,291,220,0
MV-65444,Women Berets,RSE,Rose Poudre,Accessories,Women,Hats,Berets,MVS,MV Signature,300,70,EU_F07M,MV Flagship Paris,696.81,193.09,3,906.19,475.52,137.47,2,604.13,8,5,3,5,3,0
MV-87993,Women Fedoras Modern,TAN,Tan,Accessories,Women,Hats,Fedoras,MVS,MV Signature,300,30,EU_F07M,MV Flagship Paris,141171.45,44474.88,353,193548.3,127808.8,38028.59,345,189161.94,333,220,113,374,351,0
MV-96870,Women Day Dresses Relaxed,TRP,Taupe,Ready-to-Wear,Women,Dresses,Day Dresses,MVS,MV Signature,300,20,EU_F07M,MV Flagship Paris,37554.46,9615.53,93,50550.68,28116.46,8038.86,67,36418.23,284,243,41,224,178,0
MV-76263,Women High Top Essential,RSE,Rose Poudre,Footwear,Women,Sneakers,High Top,MV,Maison Voss,300,50,EU_F07M,MV Flagship Paris,150141.07,54397.67,182,185005.79,180871.19,46321.99,234,237864.58,653,588,65,958,638,0
MV-47880,Women Shorts Relaxed,RSE,Rose Poudre,Ready-to-Wear,Women,Bottoms,Shorts,MV,Maison Voss,300,50,EU_F07M,MV Flagship Paris,6183.55,1910.86,16,8918.18,6701.24,2346.46,16,8918.18,58,56,2,60,40,0
MV-20077,Men Chain Belts Slim,VRT,Vert,Leather Goods,Men,Belts,Chain Belts,MVS,MV Signature,300,20,EU_F07M,MV Flagship Paris,20322.81,6203.93,40,28468.01,17794.95,5845.02,33,23486.11,22,20,2,20,12,0
MV-26505,Men Leather Belts Relaxed,SBL,Sable,Leather Goods,Men,Belts,Leather Belts,MV,Maison Voss,300,50,EU_F07M,MV Flagship Paris,384704.65,121228.66,462,479226.78,300375.75,79698.07,388,402467.51,1290,1247,43,1170,1033,0
MV-69473,Women Chain Belts Heritage,NVY,Navy,Leather Goods,Women,Belts,Chain Belts,MVS,MV Signature,300,20,EU_F07M,MV Flagship Paris,102940.62,38611.77,196,120983.25,122721.89,45638.79,250,154315.37,292,210,82,428,297,0
MV-80236,Women Coats Slim,CRM,Cognac,Ready-to-Wear,Women,Outerwear,Coats,MVS,MV Signature,300,20,EU_F07M,MV Flagship Paris,225781.11,56837.79,629,265018.84,292463.02,76765.83,787,331589.56,954,878,76,1093,772,0
MV-77033,Women Weekender Modern,BLU,Bleu Marine,Leather Goods,Women,Luggage,Weekender,MVS,MV Signature,300,50,EU_F07M,MV Flagship Paris,1309270.41,473378.88,1402,1755753.64,1202129.09,352163.01,1152,1442673.47,3025,2851,174,2872,2436,0
MV-20350,Women Card Holders Essential,TRP,Taupe,Leather Goods,Women,Small Leather Goods,Card Holders,MVS,MV Signature,300,50,EU_F07M,MV Flagship Paris,84137.1,24110.72,97,109355.58,60959.8,23021.32,74,83425.91,195,176,19,137,111,0
MV-18163,Men Blazers Slim,GRG,Greige,Ready-to-Wear,Men,Suits,Blazers,MV,Maison Voss,300,20,EU_F07M,MV Flagship Paris,32148.52,9914.9,74,42837.35,36390.49,10539.04,93,53836.13,101,92,9,151,120,0
MV-59834,Women Skirts,CHP,Champagne,Ready-to-Wear,Women,Bottoms,Skirts,MVS,MV Signature,300,50,EU_F07M,MV Flagship Paris,248409.82,63176.02,409,333928.06,174727.59,59443.47,312,254732.4,1368,1227,141,1127,820,0
MV-65296,Women Ankle Boots Slim,ARG,Argent,Footwear,Women,Boots,Ankle Boots,MV,Maison Voss,300,30,EU_F07M,MV Flagship Paris,1135486.71,335782.49,1380,1385904.51,1246168.23,324912.86,1736,1743427.7,2993,2251,742,4269,2693,0
MV-46559,Men Ballet Flats Luxe,SBL,Sable,Footwear,Men,Flats,Ballet Flats,MV,Maison Voss,300,20,EU_F07M,MV Flagship Paris,170215.86,63500.65,208,239462.16,139026.66,35807.33,152,174991.58,370,352,18,224,187,0
MV-54589,Women Carry-On Slim,BEG,Beige,Leather Goods,Women,Luggage,Carry-On,MV,Maison Voss,300,70,EU_F07M,MV Flagship Paris,106321.42,30622.96,332,137696.75,82874.5,30545.52,259,107420.06,546,401,145,427,331,0
MV-49618,Men Square Frames Classic,TRP,Taupe,Accessories,Men,Sunglasses,Square Frames,MV,Maison Voss,300,20,EU_F07M,MV Flagship Paris,121892.24,31634.52,319,147031.16,131852.19,42462.42,399,183904.18,751,608,143,994,749,0
MV-22097,Men Leather Belts Essential,NOI,Noir,Leather Goods,Men,Belts,Leather Belts,MV,Maison Voss,300,20,EU_F07M,MV Flagship Paris,57707.56,19931.31,92,80896.1,67356.2,25215.69,104,91447.76,356,351,5,331,226,0
MV-48504,Women Slides Signature,CHP,Champagne,Footwear,Women,Flats,Slides,MVS,MV Signature,300,20,EU_F07M,MV Flagship Paris,103212.46,30572.19,179,139219.18,103773.15,30453.1,196,152441.11,212,170,42,189,124,0
MV-60052,Unisex Evening Dresses,ROG,Rouge,Ready-to-Wear,Unisex,Dresses,Evening Dresses,MVS,MV Signature,300,50,EU_F07M,MV Flagship Paris,211955.8,78083.61,375,286437.87,259565.81,80550.38,451,344489.28,393,303,90,501,422,0
MV-90031,Women Loafers Heritage,CRM,Creme,Footwear,Women,Flats,Loafers,MV,Maison Voss,300,50,EU_F07M,MV Flagship Paris,158663.93,58212.95,244,207573.92,167744.15,51730.8,244,207573.92,128,88,40,145,143,0
MV-78955,Women Pouches Modern,CAM,Camel,Leather Goods,Women,Small Leather Goods,Pouches,MV,Maison Voss,300,50,EU_F07M,MV Flagship Paris,3988.83,1269.74,4,5758.86,4450.46,1422.23,4,5758.86,14,9,5,15,12,0
MV-76237,Women Skirts Classic,NVY,Navy,Ready-to-Wear,Women,Bottoms,Skirts,MV,Maison Voss,300,20,EU_F07M,MV Flagship Paris,33001.0,9010.16,86,43855.98,40957.26,10699.69,102,52015.24,243,190,53,258,188,0
MV-25974,Women Chain Belts,GRG,Greige,Leather Goods,Women,Belts,Chain Belts,MV,Maison Voss,300,20,EU_F07M,MV Flagship Paris,34442.97,12846.2,32,45572.11,31222.71,11229.62,28,39875.6,112,93,19,106,76,0
MV-48504,Women Slides Signature,TAN,Tan,Footwear,Women,Flats,Slides,MVS,MV Signature,300,20,EU_F07M,MV Flagship Paris,17065.25,4643.69,55,21439.98,22182.52,5577.97,70,27287.24,140,117,23,156,122,0
MV-46655,Women Cat Eye Heritage,ANT,Anthracite,Accessories,Women,Sunglasses,Cat Eye,MV,Maison Voss,300,50,EU_F07M,MV Flagship Paris,244567.44,88775.31,494,340956.58,278326.64,86130.93,573,395482.02,1975,1913,62,2745,1853,0
MV-64377,Women Trousers Essential,VRT,Vert,Ready-to-Wear,Women,Bottoms,Trousers,MVS,MV Signature,300,50,EU_F07M,MV Flagship Paris,2224.96,600.96,7,2859.45,2310.09,598.51,7,2859.45,4,2,2,3,2,0
MV-67905,Women High Top Luxe,ROG,Rouge,Footwear,Women,Sneakers,High Top,MV,Maison Voss,300,70,EU_F07M,MV Flagship Paris,36933.71,13580.69,52,50232.82,47226.56,13989.2,62,59892.98,97,88,9,110,77,0
MV-15958,Men Pumps Heritage,SBL,Sable,Footwear,Men,Heels,Pumps,MVS,MV Signature,300,20,EU_F07M,MV Flagship Paris,42383.56,12232.76,77,50269.69,42439.94,12857.47,74,48311.13,99,79,20,94,91,0
MV-38683,Men Tops Slim,NOI,Noir,Ready-to-Wear,Men,Tops,Tops,MVS,MV Signature,300,20,EU_F07M,MV Flagship Paris,42917.21,11410.83,201,56800.82,56083.48,20208.13,238,67256.69,428,305,123,519,407,0
MV-88222,Men Suit Trousers Heritage,SBL,Sable,Ready-to-Wear,Men,Suits,Suit Trousers,MV,Maison Voss,300,20,EU_F07M,MV Flagship Paris,72663.16,21589.32,160,99820.64,63465.89,18623.81,148,92334.1,111,93,18,96,73,0
MV-39389,Women Mules Modern,NOI,Noir,Footwear,Women,Heels,Mules,MVS,MV Signature,300,20,EU_F07M,MV Flagship Paris,37898.72,11370.1,51,48770.09,26722.57,9633.56,37,35382.22,109,85,24,63,40,0
MV-68929,Women Crossbody Bags Relaxed,NOI,Noir,Leather Goods,Women,Handbags,Crossbody Bags,MV,Maison Voss,300,30,EU_F07M,MV Flagship Paris,34957.84,11669.78,37,46378.59,35460.19,8994.31,39,48885.54,49,47,2,48,28,0
MV-47196,Women Wallets,BEG,Beige,Leather Goods,Women,Small Leather Goods,Wallets,MVS,MV Signature,300,30,EU_F07M,MV Flagship Paris,23791.16,7280.58,56,30761.28,22634.26,6960.71,57,31310.59,71,66,5,80,57,0
MV-27139,Men Jackets Signature,NOI,Noir,Ready-to-Wear,Men,Outerwear,Jackets,MVS,MV Signature,300,50,EU_F07M,MV Flagship Paris,43673.5,13328.54,146,55858.1,49944.46,18514.96,160,61214.35,188,169,19,204,203,0
MV-78494,Men Suit Sets Essential,TRP,Taupe,Ready-to-Wear,Men,Suits,Suit Sets,MVS,MV Signature,300,50,EU_F07M,MV Flagship Paris,36044.39,9880.94,66,48229.68,38195.63,13464.32,69,50421.94,60,53,7,63,57,0
MV-25396,Women Clutches Slim,BRG,Bordeaux,Leather Goods,Women,Handbags,Clutches,MVS,MV Signature,300,50,EU_F07M,MV Flagship Paris,326816.0,117781.96,618,452838.48,284287.36,83155.13,546,400080.6,1708,1586,122,1262,1079,0
MV-20328,Men Clutches,GRG,Greige,Leather Goods,Men,Handbags,Clutches,MVS,MV Signature,300,50,EU_F07M,MV Flagship Paris,117451.05,33169.83,130,163768.17,113426.49,42981.71,141,177625.48,343,319,24,381,379,0
MV-48462,Women Ankle Boots Relaxed,CRM,Creme,Footwear,Women,Boots,Ankle Boots,MVS,MV Signature,300,20,EU_F07M,MV Flagship Paris,7972.91,2665.48,12,11719.99,7251.35,2457.4,10,9766.66,31,29,2,27,20,0
MV-26912,Men Suit Sets Essential,CRM,Cognac,Ready-to-Wear,Men,Suits,Suit Sets,MVS,MV Signature,300,50,EU_F07M,MV Flagship Paris,99488.04,31320.79,274,127845.96,135195.14,47419.68,354,165173.25,923,577,346,1094,812,0
MV-30253,Men Weekender Essential,TAN,Tan,Leather Goods,Men,Luggage,Weekender,MVS,MV Signature,300,50,EU_F07M,MV Flagship Paris,72917.0,23496.65,83,89157.78,83487.66,29552.49,101,108493.2,199,181,18,271,241,0
MV-26505,Men Leather Belts Relaxed,RSE,Rose Poudre,Leather Goods,Men,Belts,Leather Belts,MV,Maison Voss,300,50,EU_F07M,MV Flagship Paris,200762.32,56576.5,222,250654.91,153056.47,50636.52,162,182910.34,250,153,97,186,133,0
MV-67905,Women High Top Luxe,ECR,Ecru,Footwear,Women,Sneakers,High Top,MV,Maison Voss,300,20,EU_F07M,MV Flagship Paris,25052.94,8727.3,68,30023.44,26273.44,7000.13,70,30906.48,220,132,88,229,193,0
MV-20543,Men Check-In Classic,ANT,Anthracite,Leather Goods,Men,Luggage,Check-In,MVS,MV Signature,300,50,EU_F07M,MV Flagship Paris,157509.5,40787.85,177,209152.98,156033.35,44227.4,174,205608.02,256,178,78,234,156,0
MV-16265,Women Chain Belts Signature,CHP,Champagne,Leather Goods,Women,Belts,Chain Belts,MVS,MV Signature,300,20,EU_F07M,MV Flagship Paris,293300.74,104876.33,310,387575.89,317228.18,97641.76,374,467591.56,824,662,162,972,914,0
MV-12260,Men Knee High Modern,BEG,Beige,Footwear,Men,Boots,Knee High,MVS,MV Signature,300,20,EU_F07M,MV Flagship Paris,197278.59,68451.63,551,278619.32,165839.72,47133.98,487,246257.01,777,748,29,570,550,0
MV-26704,Men Pouches Classic,CRM,Cognac,Leather Goods,Men,Small Leather Goods,Pouches,MVS,MV Signature,300,20,EU_F07M,MV Flagship Paris,63614.58,21788.36,63,82332.79,81682.83,27750.44,81,105856.45,83,80,3,116,99,0
MV-95191,Women Coats Signature,NOI,Noir,Ready-to-Wear,Women,Outerwear,Coats,MV,Maison Voss,300,20,EU_F07M,MV Flagship Paris,22110.75,6997.25,85,27362.05,25484.98,6674.49,103,33156.37,223,184,39,297,268,0
MV-80807,Men Ballet Flats Heritage,GRG,Greige,Footwear,Men,Flats,Ballet Flats,MV,Maison Voss,300,20,EU_F07M,MV Flagship Paris,46217.42,15929.86,130,59885.99,43573.3,13707.54,140,64492.6,216,168,48,222,172,0
MV-69634,Women Day Dresses Signature,CHP,Champagne,Ready-to-Wear,Women,Dresses,Day Dresses,MVS,MV Signature,300,50,EU_F07M,MV Flagship Paris,182664.89,55569.04,549,237821.27,183509.64,68863.81,534,231323.42,1457,1340,117,1689,1259,0
MV-20543,Men Check-In Classic,ARG,Argent,Leather Goods,Men,Luggage,Check-In,MVS,MV Signature,300,30,EU_F07M,MV Flagship Paris,198923.54,57460.18,485,292704.81,226180.47,72867.12,484,292101.29,1145,855,290,1299,1236,0
MV-74038,Women Pouches,ECR,Ecru,Leather Goods,Women,Small Leather Goods,Pouches,MV,Maison Voss,300,20,EU_F07M,MV Flagship Paris,16921.68,5033.24,19,22910.52,14239.9,3592.56,15,18087.25,36,28,8,24,21,0
MV-23238,Women Knitwear Essential,BEG,Beige,Ready-to-Wear,Women,Tops,Knitwear,MV,Maison Voss,300,20,EU_F07M,MV Flagship Paris,8339.28,2992.43,29,11344.0,6322.84,2104.75,21,8214.62,60,43,17,46,35,0
MV-78146,Men Day Dresses,VRT,Vert,Ready-to-Wear,Men,Dresses,Day Dresses,MV,Maison Voss,300,20,EU_F07M,MV Flagship Paris,60450.55,19667.62,143,76197.21,82625.82,24494.6,174,92715.48,552,357,195,753,747,0
MV-26299,Men High Top Luxe,TRP,Taupe,Footwear,Men,Sneakers,High Top,MVS,MV Signature,300,30,EU_F07M,MV Flagship Paris,6493.06,2163.79,23,7661.11,4022.9,1352.14,16,5329.47,36,25,11,25,17,0
MV-96200,Women Suit Sets,ANT,Anthracite,Ready-to-Wear,Women,Suits,Suit Sets,MVS,MV Signature,300,20,EU_F07M,MV Flagship Paris,47313.84,14775.94,88,59759.53,37611.76,9841.29,66,44819.65,184,159,25,139,86,0
MV-66531,Unisex Key Holders Modern,CHP,Champagne,Leather Goods,Unisex,Small Leather Goods,Key Holders,MVS,MV Signature,300,20,EU_F07M,MV Flagship Paris,31403.8,9287.85,33,36471.88,25297.97,8755.05,26,28735.42,49,46,3,35,34,0
MV-49251,Men Slides Classic,VRT,Vert,Footwear,Men,Flats,Slides,MV,Maison Voss,300,20,EU_F07M,MV Flagship Paris,143231.03,42628.33,212,185433.6,152021.5,43971.6,241,210799.51,123,105,18,146,92,0
MV-95191,Women Coats Signature,TRP,Taupe,Ready-to-Wear,Women,Outerwear,Coats,MV,Maison Voss,300,50,EU_F07M,MV Flagship Paris,274294.13,100847.84,626,330375.22,278915.29,80858.3,620,327208.68,2333,2178,155,2006,1861,0
MV-70521,Men Mules Luxe,IVR,Ivoire,Footwear,Men,Heels,Mules,MV,Maison Voss,300,50,EU_F07M,MV Flagship Paris,920493.61,233107.57,1200,1339107.86,1114438.76,400536.19,1338,1493105.26,3691,3577,114,4015,2426,0
MV-51704,Women Fedoras Luxe,NVY,Navy,Accessories,Women,Hats,Fedoras,MV,Maison Voss,300,20,EU_F07M,MV Flagship Paris,26446.18,8396.2,98,33401.33,30580.3,10667.87,103,35105.48,228,206,22,245,213,0
MV-85914,Women Wallets,ARG,Argent,Leather Goods,Women,Small Leather Goods,Wallets,MV,Maison Voss,300,70,EU_F07M,MV Flagship Paris,202315.54,52734.9,191,262310.06,161378.62,42104.45,164,225229.58,120,109,11,121,108,0
MV-59308,Men Knitwear Essential,CHP,Champagne,Ready-to-Wear,Men,Tops,Knitwear,MVS,MV Signature,300,70,EU_F07M,MV Flagship Paris,205999.9,68622.64,406,269107.11,143670.45,50138.34,292,193545.01,339,298,41,280,238,0
MV-87993,Women Fedoras Modern,NOI,Noir,Accessories,Women,Hats,Fedoras,MVS,MV Signature,300,50,EU_F07M,MV Flagship Paris,13229.93,3865.58,26,18502.94,10241.01,3239.65,22,15656.34,29,21,8,26,20,0
MV-75308,Men Ballet Flats,SBL,Sable,Footwear,Men,Flats,Ballet Flats,MVS,MV Signature,300,50,EU_F07M,MV Flagship Paris,202309.18,69077.91,245,254648.65,236339.56,74395.38,276,286869.5,206,129,77,216,143,0
MV-59391,Women Weekender Signature,CHP,Champagne,Leather Goods,Women,Luggage,Weekender,MVS,MV Signature,300,50,EU_F07M,MV Flagship Paris,36821.05,11749.76,110,48006.63,43132.28,13053.11,131,57171.53,334,212,122,426,417,0
MV-69692,Women Suit Sets Essential,NOI,Noir,Ready-to-Wear,Women,Suits,Suit Sets,MVS,MV Signature,300,20,EU_F07M,MV Flagship Paris,14929.02,4944.48,48,21415.56,17088.84,4637.97,53,23646.34,165,112,53,160,120,0
MV-78494,Men Suit Sets Essential,NOI,Noir,Ready-to-Wear,Men,Suits,Suit Sets,MVS,MV Signature,300,20,EU_F07M,MV Flagship Paris,50590.03,17709.49,108,64359.22,50749.34,18135.39,104,61975.54,222,218,4,218,137,0
MV-20077,Men Chain Belts Slim,GRG,Greige,Leather Goods,Men,Belts,Chain Belts,MVS,MV Signature,300,20,EU_F07M,MV Flagship Paris,15459.06,4140.25,16,22124.73,16171.22,4512.39,18,24890.32,55,49,6,74,60,0
MV-76249,Men Clutches Luxe,IVR,Ivoire,Leather Goods,Men,Handbags,Clutches,MV,Maison Voss,300,20,EU_F07M,MV Flagship Paris,200026.56,70473.36,249,288064.97,140885.32,36764.27,187,216337.95,940,727,213,566,471,0
MV-29080,Men Jackets Relaxed,CHP,Champagne,Ready-to-Wear,Men,Outerwear,Jackets,MV,Maison Voss,300,20,EU_F07M,MV Flagship Paris,34540.63,11705.8,61,42787.15,38812.27,12928.5,68,47697.15,101,92,9,123,83,0
MV-42541,Women Blazers Slim,BEG,Beige,Ready-to-Wear,Women,Suits,Blazers,MVS,MV Signature,300,20,EU_F07M,MV Flagship Paris,31840.42,11921.25,78,38235.3,26764.04,7289.17,75,36764.71,46,32,14,48,34,0
MV-53228,Women Shoulder Bags Essential,TRP,Taupe,Leather Goods,Women,Handbags,Shoulder Bags,MV,Maison Voss,300,50,EU_F07M,MV Flagship Paris,28399.46,10338.87,27,35665.22,25875.52,6675.38,25,33023.35,103,92,11,87,82,0
MV-69446,Unisex Evening Dresses Modern,GRG,Greige,Ready-to-Wear,Unisex,Dresses,Evening Dresses,MV,Maison Voss,300,20,EU_F07M,MV Flagship Paris,181797.2,46941.69,419,258430.07,171786.35,52443.41,433,267064.96,1559,1478,81,1779,1319,0
MV-15014,Women Bracelets Modern,CRM,Creme,Accessories,Women,Jewelry,Bracelets,MVS,MV Signature,300,70,EU_F07M,MV Flagship Paris,32427.61,9799.74,142,43555.1,41904.62,12316.77,174,53370.33,509,372,137,614,455,0
MV-80282,Unisex Baseball Caps Signature,ROG,Rouge,Accessories,Unisex,Hats,Baseball Caps,MV,Maison Voss,300,20,EU_F07M,MV Flagship Paris,96660.73,33397.22,178,140358.12,123899.27,47035.7,207,163225.46,424,360,64,418,310,0
MV-69692,Women Suit Sets Essential,CRM,Cognac,Ready-to-Wear,Women,Suits,Suit Sets,MVS,MV Signature,300,20,EU_F07M,MV Flagship Paris,68674.75,23282.62,176,89054.24,91015.7,28937.96,225,113847.75,481,384,97,502,493,0
MV-26074,Women Fedoras Slim,TAN,Tan,Accessories,Women,Hats,Fedoras,MVS,MV Signature,300,50,EU_F07M,MV Flagship Paris,46113.87,17247.55,110,66949.76,49097.78,13693.41,120,73036.1,281,239,42,273,189,0
MV-99353,Women Tote Bags,CRM,Creme,Leather Goods,Women,Handbags,Tote Bags,MV,Maison Voss,300,20,EU_F07M,MV Flagship Paris,38956.74,9917.73,44,50777.41,37605.24,14053.66,43,49623.38,159,153,6,137,102,0
MV-53064,Men Skirts Slim,ROG,Rouge,Ready-to-Wear,Men,Bottoms,Skirts,MV,Maison Voss,300,20,EU_F07M,MV Flagship Paris,125492.27,40970.58,286,176059.59,113458.78,33124.63,240,147742.31,1077,718,359,736,631,0
MV-20336,Men Blazers Heritage,BEG,Beige,Ready-to-Wear,Men,Suits,Blazers,MV,Maison Voss,300,30,EU_F07M,MV Flagship Paris,15347.06,4736.57,28,19235.82,13009.39,4576.7,24,16487.85,68,44,24,53,42,0
MV-71474,Men Loafers Relaxed,ROG,Rouge,Footwear,Men,Flats,Loafers,MV,Maison Voss,300,20,EU_F07M,MV Flagship Paris,15449.61,5527.67,23,23062.38,20472.0,6652.56,28,28075.94,85,70,15,102,66,0
MV-65851,Women Midi Dresses Slim,ANT,Anthracite,Ready-to-Wear,Women,Dresses,Midi Dresses,MV,Maison Voss,300,20,EU_F07M,MV Flagship Paris,63988.37,22485.75,259,90277.54,55961.67,15900.35,208,72500.88,398,366,32,343,277,0
MV-59015,Unisex Baseball Caps Relaxed,NOI,Noir,Accessories,Unisex,Hats,Baseball Caps,MV,Maison Voss,300,50,EU_F07M,MV Flagship Paris,24573.05,6984.0,49,32677.73,25181.53,6433.6,48,32010.84,177,108,69,150,136,0
MV-25974,Women Chain Belts,CHP,Champagne,Leather Goods,Women,Belts,Chain Belts,MV,Maison Voss,300,20,EU_F07M,MV Flagship Paris,64928.95,16739.53,76,87978.38,72176.33,20521.37,85,98396.87,223,139,84,208,171,0
MV-58434,Women Shoulder Bags Heritage,IVR,Ivoire,Leather Goods,Women,Handbags,Shoulder Bags,MV,Maison Voss,300,20,EU_F07M,MV Flagship Paris,80587.33,26910.71,135,114575.87,80705.58,21766.75,144,122214.26,202,133,69,200,136,0
MV-54657,Women Evening Dresses Slim,SBL,Sable,Ready-to-Wear,Women,Dresses,Evening Dresses,MV,Maison Voss,300,20,EU_F07M,MV Flagship Paris,56322.82,15792.37,125,72029.18,57862.71,15861.77,147,84706.31,72,55,17,69,55,0
MV-19862,Men Pumps Slim,CRM,Cognac,Footwear,Men,Heels,Pumps,MV,Maison Voss,300,20,EU_F07M,MV Flagship Paris,114302.76,31640.27,258,149584.28,118510.31,33128.06,232,134509.89,164,130,34,130,93,0
MV-84531,Women Check-In Classic,GRG,Greige,Leather Goods,Women,Luggage,Check-In,MVS,MV Signature,300,50,EU_F07M,MV Flagship Paris,217068.21,59918.39,204,297326.25,208998.23,75431.43,210,306071.14,652,443,209,682,639,0
MV-73532,Women Midi Dresses Modern,TRP,Taupe,Ready-to-Wear,Women,Dresses,Midi Dresses,MVS,MV Signature,300,30,EU_F07M,MV Flagship Paris,85241.08,24495.29,216,111297.81,90240.97,23588.01,219,112843.61,477,319,158,566,399,0
MV-20682,Men Loafers Slim,CRM,Creme,Footwear,Men,Flats,Loafers,MVS,MV Signature,300,20,EU_F07M,MV Flagship Paris,71891.39,18167.04,262,97498.45,65073.27,23417.46,236,87823.03,635,575,60,570,480,0
MV-17816,Women Trousers Slim,RSE,Rose Poudre,Ready-to-Wear,Women,Bottoms,Trousers,MV,Maison Voss,300,20,EU_F07M,MV Flagship Paris,38865.07,11307.11,72,54131.19,44426.61,15510.94,87,65408.52,175,112,63,218,200,0
MV-29080,Men Jackets Relaxed,BEG,Beige,Ready-to-Wear,Men,Outerwear,Jackets,MV,Maison Voss,300,20,EU_F07M,MV Flagship Paris,37051.09,9915.41,81,47337.1,28482.0,8656.84,64,37402.15,145,107,38,122,88,0
MV-87993,Women Fedoras Modern,CRM,Cognac,Accessories,Women,Hats,Fedoras,MVS,MV Signature,300,20,EU_F07M,MV Flagship Paris,22871.88,7619.48,120,31387.41,20504.84,5945.95,105,27463.98,290,192,98,280,247,0
MV-66531,Unisex Key Holders Modern,GRG,Greige,Leather Goods,Unisex,Small Leather Goods,Key Holders,MVS,MV Signature,300,20,EU_F07M,MV Flagship Paris,83525.03,31057.38,77,121739.37,70007.57,18596.95,64,101185.97,247,246,1,184,148,0
MV-70521,Men Mules Luxe,IVR,Ivoire,Footwear,Men,Heels,Mules,MV,Maison Voss,300,20,EU_F07M,MV Flagship Paris,723180.45,223836.24,880,992344.27,804673.77,270733.78,975,1099472.34,1300,889,411,1573,1545,0
MV-20077,Men Chain Belts Slim,VRT,Vert,Leather Goods,Men,Belts,Chain Belts,MVS,MV Signature,300,70,EU_F07M,MV Flagship Paris,113852.87,33214.36,352,143946.0,122891.57,31774.88,397,162348.19,863,750,113,781,497,0
MV-57942,Women Chelsea Boots Modern,BRG,Bordeaux,Footwear,Women,Boots,Chelsea Boots,MVS,MV Signature,300,50,EU_F07M,MV Flagship Paris,26500.48,8278.95,37,32239.2,28221.96,9006.3,38,33110.53,73,43,30,73,52,0
MV-76542,Men Suit Sets Modern,BEG,Beige,Ready-to-Wear,Men,Suits,Suit Sets,MVS,MV Signature,300,20,EU_F07M,MV Flagship Paris,661.61,247.82,1,799.27,634.19,170.69,1,799.27,3,2,1,3,2,0
MV-64377,Women Trousers Essential,TRP,Taupe,Ready-to-Wear,Women,Bottoms,Trousers,MVS,MV Signature,300,30,EU_F07M,MV Flagship Paris,1783.21,464.59,9,2247.57,1582.3,488.44,8,1997.84,4,2,2,3,1,0
MV-54657,Women Evening Dresses Slim,IVR,Ivoire,Ready-to-Wear,Women,Dresses,Evening Dresses,MV,Maison Voss,300,20,EU_F07M,MV Flagship Paris,35581.77,10417.41,58,48004.54,48769.28,12982.83,74,61247.17,58,40,18,75,64,0
MV-20077,Men Chain Belts Slim,NVY,Navy,Leather Goods,Men,Belts,Chain Belts,MVS,MV Signature,300,50,EU_F07M,MV Flagship Paris,25709.27,9019.15,25,36350.12,28714.84,10626.47,25,36350.12,70,65,5,72,66,0
MV-86556,Women Evening Dresses Classic,BLU,Bleu Marine,Ready-to-Wear,Women,Dresses,Evening Dresses,MV,Maison Voss,300,20,EU_F07M,MV Flagship Paris,46797.48,13454.58,159,58467.74,53546.18,16495.22,185,68028.5,497,385,112,665,662,0
MV-77033,Women Weekender Modern,ANT,Anthracite,Leather Goods,Women,Luggage,Weekender,MVS,MV Signature,300,70,EU_F07M,MV Flagship Paris,253881.58,77203.37,409,359983.62,307768.35,112357.02,482,424234.97,337,236,101,360,336,0
MV-40007,Women Tote Bags Modern,CRM,Creme,Leather Goods,Women,Handbags,Tote Bags,MV,Maison Voss,300,20,EU_F07M,MV Flagship Paris,90821.95,24658.38,279,123541.59,71717.66,26631.31,235,104058.33,411,252,159,311,202,0
MV-67637,Men Midi Dresses Essential,BLU,Bleu Marine,Ready-to-Wear,Men,Dresses,Midi Dresses,MV,Maison Voss,300,50,EU_F07M,MV Flagship Paris,15867.56,4999.73,50,19383.65,16935.98,4710.14,61,23648.06,31,20,11,30,29,0
MV-78146,Men Day Dresses,NOI,Noir,Ready-to-Wear,Men,Dresses,Day Dresses,MV,Maison Voss,300,70,EU_F07M,MV Flagship Paris,61758.57,18152.76,106,83658.47,81497.35,21701.87,133,104967.7,153,119,34,178,177,0
MV-48177,Women Card Holders Essential,ARG,Argent,Leather Goods,Women,Small Leather Goods,Card Holders,MV,Maison Voss,300,20,EU_F07M,MV Flagship Paris,118487.63,29965.63,148,148665.07,139229.94,39273.37,160,160718.99,292,268,24,337,259,0
MV-95191,Women Coats Signature,NOI,Noir,Ready-to-Wear,Women,Outerwear,Coats,MV,Maison Voss,300,20,EU_F07M,MV Flagship Paris,174788.91,47209.08,348,235453.93,189671.33,69322.41,380,257104.87,471,447,24,423,283,0
MV-51441,Women Jackets Modern,BLU,Bleu Marine,Ready-to-Wear,Women,Outerwear,Jackets,MVS,MV Signature,300,30,EU_F07M,MV Flagship Paris,188578.88,61809.05,383,277090.75,136043.35,44918.16,278,201125.92,965,725,240,588,551,0
MV-69446,Unisex Evening Dresses Modern,ANT,Anthracite,Ready-to-Wear,Unisex,Dresses,Evening Dresses,MV,Maison Voss,300,20,EU_F07M,MV Flagship Paris,123854.23,42455.67,504,143013.9,83196.7,23289.66,377,106976.67,1549,1025,524,1133,958,0
MV-41029,Women Ballet Flats Luxe,CHP,Champagne,Footwear,Women,Flats,Ballet Flats,MV,Maison Voss,300,50,EU_F07M,MV Flagship Paris,107778.99,31971.21,149,132307.83,90402.15,30615.07,138,122540.14,157,99,58,129,93,0
MV-20993,Men Wool Scarves Slim,ROG,Rouge,Accessories,Men,Scarves,Wool Scarves,MV,Maison Voss,300,50,EU_F07M,MV Flagship Paris,72893.73,20491.66,248,107398.38,70374.07,20755.11,230,99603.34,199,120,79,185,168,0
MV-71797,Men Shoulder Bags Classic,BEG,Beige,Leather Goods,Men,Handbags,Shoulder Bags,MVS,MV Signature,300,30,EU_F07M,MV Flagship Paris,7659.1,2248.98,24,8811.53,8929.79,2456.76,27,9912.98,92,88,4,99,74,0
MV-53228,Women Shoulder Bags Essential,CRM,Cognac,Leather Goods,Women,Handbags,Shoulder Bags,MV,Maison Voss,300,50,EU_F07M,MV Flagship Paris,120105.02,30244.5,174,160180.94,135052.02,39387.7,218,200686.46,460,341,119,614,517,0
MV-26683,Women Blazers Relaxed,ROG,Rouge,Ready-to-Wear,Women,Outerwear,Blazers,MV,Maison Voss,300,20,EU_F07M,MV Flagship Paris,12386.27,3802.54,59,16753.9,15987.36,4742.86,72,20445.44,136,135,1,193,182,0
MV-54589,Women Carry-On Slim,CHP,Champagne,Leather Goods,Women,Luggage,Carry-On,MV,Maison Voss,300,50,EU_F07M,MV Flagship Paris,45819.92,16616.11,118,60610.13,50528.12,16405.95,131,67287.52,340,319,21,330,250,0
MV-86484,Men Blazers Essential,ANT,Anthracite,Ready-to-Wear,Men,Suits,Blazers,MV,Maison Voss,300,30,EU_F07M,MV Flagship Paris,111248.49,37241.41,210,144493.63,99476.68,28579.62,202,138989.11,758,690,68,872,827,0
MV-26683,Women Blazers Relaxed,CAM,Camel,Ready-to-Wear,Women,Outerwear,Blazers,MV,Maison Voss,300,20,EU_F07M,MV Flagship Paris,32611.38,10435.05,62,45310.48,37450.36,12909.72,70,51156.99,36,23,13,43,34,0
MV-39389,Women Mules Modern,TRP,Taupe,Footwear,Women,Heels,Mules,MVS,MV Signature,300,30,EU_F07M,MV Flagship Paris,3241.08,1046.14,11,4393.4,2515.61,800.33,8,3195.2,26,16,10,20,12,0
MV-33509,Unisex Fedoras Signature,BEG,Beige,Accessories,Unisex,Hats,Fedoras,MVS,MV Signature,300,50,EU_F07M,MV Flagship Paris,817.18,253.58,2,995.31,409.62,150.49,1,497.65,6,3,3,6,5,0
MV-43681,Men Low Top Luxe,CRM,Cognac,Footwear,Men,Sneakers,Low Top,MV,Maison Voss,300,30,EU_F07M,MV Flagship Paris,1401.94,407.94,4,1825.14,676.8,235.33,2,912.57,6,3,3,3,2,0
MV-21164,Men Shorts Relaxed,CAM,Camel,Ready-to-Wear,Men,Bottoms,Shorts,MV,Maison Voss,300,20,EU_F07M,MV Flagship Paris,577.25,157.42,1,765.11,566.7,152.29,1,765.11,0,0,0,0,0,0
MV-59672,Women Shoulder Bags Classic,CRM,Cognac,Leather Goods,Women,Handbags,Shoulder Bags,MV,Maison Voss,300,20,EU_F07M,MV Flagship Paris,24899.93,8096.85,24,36119.39,29352.42,10971.07,26,39129.34,69,64,5,72,50,0
MV-51441,Women Jackets Modern,TAN,Tan,Ready-to-Wear,Women,Outerwear,Jackets,MVS,MV Signature,300,50,EU_F07M,MV Flagship Paris,17813.19,6224.77,57,24013.35,18772.69,6034.19,57,24013.35,100,84,16,100,65,0
MV-74866,Women Wool Scarves Luxe,CAM,Camel,Accessories,Women,Scarves,Wool Scarves,MV,Maison Voss,300,20,EU_F07M,MV Flagship Paris,31403.77,11131.53,52,44046.91,24030.27,8728.91,43,36423.4,66,46,20,65,49,0
MV-22097,Men Leather Belts Essential,CAM,Camel,Leather Goods,Men,Belts,Leather Belts,MV,Maison Voss,300,20,EU_F07M,MV Flagship Paris,996706.81,251946.45,907,1204856.47,817032.56,267227.9,754,1001611.66,1862,1618,244,1595,1236,0
MV-51441,Women Jackets Modern,VRT,Vert,Ready-to-Wear,Women,Outerwear,Jackets,MVS,MV Signature,300,50,EU_F07M,MV Flagship Paris,35644.19,9890.82,76,48325.58,29254.62,7567.35,66,41966.95,161,97,64,122,111,0
MV-37535,Men Shirts Relaxed,TAN,Tan,Ready-to-Wear,Men,Tops,Shirts,MVS,MV Signature,300,20,EU_F07M,MV Flagship Paris,12573.19,3910.45,28,15485.32,14641.2,4627.54,34,18803.6,20,12,8,21,18,0
MV-90209,Men Suit Sets Modern,CRM,Cognac,Ready-to-Wear,Men,Suits,Suit Sets,MV,Maison Voss,300,20,EU_F07M,MV Flagship Paris,53693.35,17542.42,165,72992.17,63143.47,18197.9,191,84493.96,359,275,84,359,335,0
MV-99173,Women Card Holders Modern,ROG,Rouge,Leather Goods,Women,Small Leather Goods,Card Holders,MV,Maison Voss,300,20,EU_F07M,MV Flagship Paris,433848.29,114009.5,409,569352.76,411631.7,123778.1,350,487221.19,594,434,160,530,360,0
MV-62772,Men Tote Bags Signature,TRP,Taupe,Leather Goods,Men,Handbags,Tote Bags,MV,Maison Voss,300,50,EU_F07M,MV Flagship Paris,126751.02,36726.37,237,172515.47,113702.67,35110.18,198,144126.85,225,220,5,220,133,0
MV-86483,Women Wallets Luxe,NVY,Navy,Leather Goods,Women,Small Leather Goods,Wallets,MVS,MV Signature,300,50,EU_F07M,MV Flagship Paris,76596.28,26729.49,73,98050.25,66483.64,22209.79,65,87305.02,286,208,78,207,171,0
MV-12671,Men Ballet Flats Slim,IVR,Ivoire,Footwear,Men,Flats,Ballet Flats,MVS,MV Signature,300,20,EU_F07M,MV Flagship Paris,105010.29,38593.48,172,147328.85,70162.26,22728.18,121,103644.13,514,309,205,421,281,0
MV-62296,Unisex Bracelets Signature,ANT,Anthracite,Accessories,Unisex,Jewelry,Bracelets,MVS,MV Signature,300,50,EU_F07M,MV Flagship Paris,139560.2,41746.62,263,179752.81,152359.09,55503.86,303,207091.64,431,420,11,486,413,0
MV-49576,Women Jackets Classic,CAM,Camel,Ready-to-Wear,Women,Outerwear,Jackets,MV,Maison Voss,300,20,EU_F07M,MV Flagship Paris,162002.77,46204.09,273,191399.9,124586.31,44470.11,209,146529.59,791,547,244,499,412,0
MV-65255,Women Evening Dresses Heritage,ROG,Rouge,Ready-to-Wear,Women,Dresses,Evening Dresses,MV,Maison Voss,300,20,EU_F07M,MV Flagship Paris,100659.0,32683.91,230,137159.88,92214.24,33306.96,205,122251.2,722,579,143,751,731,0
MV-35995,Unisex Check-In Modern,IVR,Ivoire,Leather Goods,Unisex,Luggage,Check-In,MVS,MV Signature,300,20,EU_F07M,MV Flagship Paris,392326.61,109041.98,429,484218.77,424879.72,151312.13,463,522595.08,407,324,83,441,401,0
MV-27892,Men Suit Trousers Modern,TAN,Tan,Ready-to-Wear,Men,Suits,Suit Trousers,MV,Maison Voss,300,70,EU_F07M,MV Flagship Paris,203083.66,73266.73,428,290332.52,171401.93,52930.46,366,248275.0,1090,786,304,970,873,0
MV-44335,Women Slides Slim,NVY,Navy,Footwear,Women,Flats,Slides,MV,Maison Voss,300,50,EU_F07M,MV Flagship Paris,144266.87,51024.21,181,194607.78,102907.19,29606.86,130,139773.55,215,129,86,154,95,0
MV-69829,Men Ballet Flats Slim,TRP,Taupe,Footwear,Men,Flats,Ballet Flats,MV,Maison Voss,300,50,EU_F07M,MV Flagship Paris,62086.64,20357.78,117,79078.78,73091.97,27670.04,148,100031.28,310,274,36,341,225,0
MV-30730,Men High Top Luxe,NOI,Noir,Footwear,Men,Sneakers,High Top,MV,Maison Voss,300,20,EU_F07M,MV Flagship Paris,82483.24,29823.87,215,108348.41,109753.36,30395.21,257,129514.15,758,606,152,733,594,0
MV-31632,Women Weekender Luxe,CRM,Cognac,Leather Goods,Women,Luggage,Weekender,MV,Maison Voss,300,30,EU_F07M,MV Flagship Paris,374322.15,109851.76,357,520184.7,465671.28,166441.12,445,648409.5,718,577,141,893,801,0
MV-11214,Men Coats Heritage,TRP,Taupe,Ready-to-Wear,Men,Outerwear,Coats,MVS,MV Signature,300,70,EU_F07M,MV Flagship Paris,277.14,74.51,1,391.77,299.12,100.12,1,391.77,3,2,1,3,2,0
MV-54942,Men Square Frames Relaxed,SBL,Sable,Accessories,Men,Sunglasses,Square Frames,MV,Maison Voss,300,20,EU_F07M,MV Flagship Paris,321308.19,105104.64,1012,381414.62,363629.14,122925.63,1265,476768.28,3022,2519,503,3073,2515,0
MV-90031,Women Loafers Heritage,CRM,Creme,Footwear,Women,Flats,Loafers,MV,Maison Voss,300,50,EU_F07M,MV Flagship Paris,23001.91,6470.78,42,31156.88,26887.51,7539.94,45,33382.37,80,58,22,89,60,0
MV-26074,Women Fedoras Slim,ANT,Anthracite,Accessories,Women,Hats,Fedoras,MVS,MV Signature,300,20,EU_F07M,MV Flagship Paris,30401.65,8926.13,133,39096.74,32859.78,9520.24,130,38214.86,320,302,18,370,332,0
MV-40595,Women Day Dresses Heritage,NOI,Noir,Ready-to-Wear,Women,Dresses,Day Dresses,MVS,MV Signature,300,20,EU_F07M,MV Flagship Paris,145911.55,41414.74,431,210356.35,185659.93,61601.85,517,252330.01,1083,1005,78,1295,1158,0
MV-64524,Women Check-In Modern,CRM,Creme,Leather Goods,Women,Luggage,Check-In,MV,Maison Voss,300,20,EU_F07M,MV Flagship Paris,24608.64,7581.42,53,36419.71,19362.21,5694.17,40,27486.57,206,194,12,132,85,0
MV-88222,Men Suit Trousers Heritage,ECR,Ecru,Ready-to-Wear,Men,Suits,Suit Trousers,MV,Maison Voss,300,20,EU_F07M,MV Flagship Paris,32773.66,11218.03,135,40367.07,39183.26,11322.06,170,50832.6,481,339,142,716,513,0
MV-94058,Women Chain Belts,BLU,Bleu Marine,Leather Goods,Women,Belts,Chain Belts,MVS,MV Signature,300,20,EU_F07M,MV Flagship Paris,21571.32,6402.8,29,25039.28,22882.22,7498.24,31,26766.12,50,39,11,52,43,0
MV-17816,Women Trousers Slim,ECR,Ecru,Ready-to-Wear,Women,Bottoms,Trousers,MV,Maison Voss,300,30,EU_F07M,MV Flagship Paris,66514.6,22486.21,105,91475.02,72887.95,18708.71,125,108898.83,199,167,32,239,170,0
MV-80282,Unisex Baseball Caps Signature,ARG,Argent,Accessories,Unisex,Hats,Baseball Caps,MV,Maison Voss,300,30,EU_F07M,MV Flagship Paris,18154.92,4902.26,40,25177.01,16523.09,5748.48,32,20141.61,54,41,13,44,26,0
MV-20328,Men Clutches,ARG,Argent,Leather Goods,Men,Handbags,Clutches,MVS,MV Signature,300,20,EU_F07M,MV Flagship Paris,32131.29,9346.95,94,44587.53,31543.8,9570.29,89,42215.85,374,300,74,379,247,0
MV-80798,Men Chain Belts Modern,BLU,Bleu Marine,Leather Goods,Men,Belts,Chain Belts,MV,Maison Voss,300,20,EU_F07M,MV Flagship Paris,71156.83,19772.71,98,100958.77,88018.78,33346.78,110,113321.07,237,202,35,300,223,0
MV-99181,Women Blazers Modern,SBL,Sable,Ready-to-Wear,Women,Outerwear,Blazers,MVS,MV Signature,300,70,EU_F07M,MV Flagship Paris,489993.47,185747.07,1045,624568.45,551598.77,165120.5,1293,772791.39,1185,772,413,1469,1076,0
MV-43586,Women Jeans Signature,SBL,Sable,Ready-to-Wear,Women,Bottoms,Jeans,MV,Maison Voss,300,20,EU_F07M,MV Flagship Paris,265884.76,76076.74,1103,335047.46,202807.37,62758.54,785,238451.73,873,790,83,687,582,0
MV-72031,Women Blazers,CRM,Cognac,Ready-to-Wear,Women,Suits,Blazers,MV,Maison Voss,300,20,EU_F07M,MV Flagship Paris,15401.89,5706.37,25,22232.58,18992.3,6639.27,31,27568.39,53,38,15,54,40,0
MV-17592,Men Coats Relaxed,TAN,Tan,Ready-to-Wear,Men,Outerwear,Coats,MVS,MV Signature,300,20,EU_F07M,MV Flagship Paris,143348.41,42767.67,271,195278.08,161454.0,60056.63,281,202483.91,668,465,203,713,650,0
MV-71474,Men Loafers Relaxed,NOI,Noir,Footwear,Men,Flats,Loafers,MV,Maison Voss,300,20,EU_F07M,MV Flagship Paris,5843.58,1753.34,11,7170.85,5325.12,1693.61,9,5867.06,37,24,13,26,22,0
MV-95191,Women Coats Signature,CRM,Cognac,Ready-to-Wear,Women,Outerwear,Coats,MV,Maison Voss,300,20,EU_F07M,MV Flagship Paris,4007.54,1322.96,6,4854.64,3850.98,1214.51,6,4854.64,10,8,2,9,8,0
MV-46421,Women Knee High Slim,CRM,Cognac,Footwear,Women,Boots,Knee High,MVS,MV Signature,300,20,EU_F07M,MV Flagship Paris,10370.88,3714.7,23,13668.12,11075.72,3715.93,22,13073.85,65,49,16,52,46,0
MV-96200,Women Suit Sets,CAM,Camel,Ready-to-Wear,Women,Suits,Suit Sets,MVS,MV Signature,300,20,EU_F07M,MV Flagship Paris,190383.56,57189.87,706,243401.91,183946.17,48938.74,698,240643.82,1642,1433,209,1925,1537,0
MV-79822,Unisex Fedoras Slim,CRM,Cognac,Accessories,Unisex,Hats,Fedoras,MV,Maison Voss,300,70,EU_F07M,MV Flagship Paris,241966.47,62814.18,593,326210.07,297313.82,82584.2,766,421377.59,1398,937,461,1464,1380,0
MV-56346,Women Clutches Essential,CHP,Champagne,Leather Goods,Women,Handbags,Clutches,MV,Maison Voss,300,50,EU_F07M,MV Flagship Paris,21715.72,7414.88,45,29405.92,26632.42,8172.34,57,37247.5,75,54,21,95,85,0
MV-41029,Women Ballet Flats Luxe,TRP,Taupe,Footwear,Women,Flats,Ballet Flats,MV,Maison Voss,300,30,EU_F07M,MV Flagship Paris,25970.23,7520.27,36,36266.82,17226.1,5824.91,26,26192.7,123,79,44,81,59,0
MV-20745,Unisex Mini Bags Essential,CHP,Champagne,Leather Goods,Unisex,Handbags,Mini Bags,MVS,MV Signature,300,20,EU_F07M,MV Flagship Paris,52315.22,13290.06,57,68913.69,55634.68,16490.53,63,76167.77,88,67,21,98,95,0
MV-17816,Women Trousers Slim,BLU,Bleu Marine,Ready-to-Wear,Women,Bottoms,Trousers,MV,Maison Voss,300,50,EU_F07M,MV Flagship Paris,101728.89,35167.78,152,134808.89,70134.01,19905.89,108,95785.27,427,374,53,311,229,0
MV-73242,Men Chain Belts Luxe,SBL,Sable,Leather Goods,Men,Belts,Chain Belts,MV,Maison Voss,300,50,EU_F07M,MV Flagship Paris,99468.45,25672.43,176,141226.05,108983.7,32612.55,185,148447.83,498,455,43,479,315,0
MV-87993,Women Fedoras Modern,GRG,Greige,Accessories,Women,Hats,Fedoras,MVS,MV Signature,300,20,EU_F07M,MV Flagship Paris,24973.87,9416.77,52,34284.4,18675.71,6475.29,39,25713.3,69,48,21,50,37,0
MV-70931,Men Chain Belts Essential,BLU,Bleu Marine,Leather Goods,Men,Belts,Chain Belts,MVS,MV Signature,300,50,EU_F07M,MV Flagship Paris,177989.96,45463.18,296,257856.84,141939.73,40694.91,253,220397.91,927,918,9,856,653,0
MV-37460,Men Jackets Heritage,VRT,Vert,Ready-to-Wear,Men,Outerwear,Jackets,MV,Maison Voss,300,20,EU_F07M,MV Flagship Paris,20425.02,5125.14,77,28622.84,17557.97,6391.0,70,26020.77,286,271,15,267,195,0
MV-28714,Men Trousers Luxe,RSE,Rose Poudre,Ready-to-Wear,Men,Bottoms,Trousers,MV,Maison Voss,300,50,EU_F07M,MV Flagship Paris,265196.4,85104.64,535,366642.99,243263.75,68007.77,451,309076.61,899,611,288,762,724,0
MV-80143,Men Knitwear Classic,TRP,Taupe,Ready-to-Wear,Men,Tops,Knitwear,MVS,MV Signature,300,20,EU_F07M,MV Flagship Paris,87901.44,29644.29,224,111055.43,113640.99,28913.95,258,127912.06,448,313,135,586,452,0
MV-62296,Unisex Bracelets Signature,BEG,Beige,Accessories,Unisex,Jewelry,Bracelets,MVS,MV Signature,300,20,EU_F07M,MV Flagship Paris,52632.9,15724.88,120,78535.58,62617.06,17237.54,134,87698.07,314,195,119,328,213,0
MV-33647,Men Coats Heritage,ARG,Argent,Ready-to-Wear,Men,Outerwear,Coats,MVS,MV Signature,300,20,EU_F07M,MV Flagship Paris,193511.34,62354.63,327,252616.54,168331.07,42213.96,323,249526.43,942,831,111,1060,664,0
MV-66349,Women Crossbody Bags Modern,TRP,Taupe,Leather Goods,Women,Handbags,Crossbody Bags,MV,Maison Voss,300,20,EU_F07M,MV Flagship Paris,353758.76,93121.21,357,527949.27,291653.25,84821.84,257,380064.32,771,750,21,490,488,0
MV-53655,Women Leather Belts Slim,TAN,Tan,Leather Goods,Women,Belts,Leather Belts,MV,Maison Voss,300,20,EU_F07M,MV Flagship Paris,44795.18,12357.19,71,57362.96,34463.24,10993.89,62,50091.6,242,190,52,218,171,0
MV-96760,Women Blouses Signature,BLU,Bleu Marine,Ready-to-Wear,Women,Tops,Blouses,MV,Maison Voss,300,20,EU_F07M,MV Flagship Paris,56649.2,20256.67,87,78731.79,75420.46,25363.91,110,99545.95,91,55,36,113,90,0
MV-80236,Women Coats Slim,IVR,Ivoire,Ready-to-Wear,Women,Outerwear,Coats,MVS,MV Signature,300,20,EU_F07M,MV Flagship Paris,161742.15,49688.03,576,234380.59,168138.56,57547.34,549,223394.0,1039,703,336,1147,897,0
MV-59009,Women Earrings Slim,BLU,Bleu Marine,Accessories,Women,Jewelry,Earrings,MVS,MV Signature,300,50,EU_F07M,MV Flagship Paris,21803.68,5769.22,37,29604.18,14307.23,3702.87,26,20802.94,26,18,8,21,12,0
MV-55830,Women Jeans Heritage,RSE,Rose Poudre,Ready-to-Wear,Women,Bottoms,Jeans,MV,Maison Voss,300,20,EU_F07M,MV Flagship Paris,6094.78,1960.98,9,8614.13,5570.59,1750.04,8,7657.0,33,28,5,31,30,0
MV-62196,Women Blazers,IVR,Ivoire,Ready-to-Wear,Women,Outerwear,Blazers,MV,Maison Voss,300,20,EU_F07M,MV Flagship Paris,47208.98,17427.24,126,65020.15,36994.13,9381.89,96,49539.16,446,358,88,292,261,0
MV-82199,Men Shorts Classic,VRT,Vert,Ready-to-Wear,Men,Bottoms,Shorts,MVS,MV Signature,300,20,EU_F07M,MV Flagship Paris,78736.42,24304.2,338,100344.1,61009.51,16504.52,244,72437.75,1150,977,173,726,453,0
MV-40005,Men Silk Scarves Classic,ECR,Ecru,Accessories,Men,Scarves,Silk Scarves,MVS,MV Signature,300,20,EU_F07M,MV Flagship Paris,94185.39,31000.48,309,116919.67,108023.15,29435.46,370,140000.9,483,355,128,466,337,0
MV-93746,Women Blazers Essential,NOI,Noir,Ready-to-Wear,Women,Suits,Blazers,MV,Maison Voss,300,20,EU_F07M,MV Flagship Paris,273027.56,72430.14,528,361759.95,343002.48,87272.28,621,425479.03,2041,1315,726,1975,1455,0
MV-93746,Women Blazers Essential,ANT,Anthracite,Ready-to-Wear,Women,Suits,Blazers,MV,Maison Voss,300,70,EU_F07M,MV Flagship Paris,88087.91,22395.64,159,107865.5,106075.56,38540.81,188,127539.08,272,229,43,362,303,0
MV-78146,Men Day Dresses,RSE,Rose Poudre,Ready-to-Wear,Men,Dresses,Day Dresses,MV,Maison Voss,300,30,EU_F07M,MV Flagship Paris,13124.05,4782.48,22,17287.88,11447.43,3408.27,19,14930.44,73,68,5,53,52,0
MV-70443,Women Card Holders Heritage,BRG,Bordeaux,Leather Goods,Women,Small Leather Goods,Card Holders,MVS,MV Signature,300,20,EU_F07M,MV Flagship Paris,162989.61,51535.53,186,202755.54,225504.11,56490.19,238,259439.89,734,447,287,919,693,0
MV-60432,Women Suit Sets Essential,TRP,Taupe,Ready-to-Wear,Women,Suits,Suit Sets,MVS,MV Signature,300,50,EU_F07M,MV Flagship Paris,101019.72,29972.69,316,123687.44,101164.28,30707.32,300,117424.78,392,357,35,367,293,0
MV-30730,Men High Top Luxe,CHP,Champagne,Footwear,Men,Sneakers,High Top,MV,Maison Voss,300,50,EU_F07M,MV Flagship Paris,13351.59,4567.28,20,20151.72,14148.4,4807.07,19,19144.13,41,39,2,38,25,0
MV-96341,Women Card Holders Signature,ANT,Anthracite,Leather Goods,Women,Small Leather Goods,Card Holders,MVS,MV Signature,300,50,EU_F07M,MV Flagship Paris,16027.09,4409.83,39,22104.71,15993.29,4515.57,42,23805.07,69,46,23,76,65,0
MV-73736,Women Key Holders Relaxed,TAN,Tan,Leather Goods,Women,Small Leather Goods,Key Holders,MV,Maison Voss,300,70,EU_F07M,MV Flagship Paris,1256.43,463.88,2,1629.8,702.13,238.36,1,814.9,4,3,1,4,2,0
MV-90301,Men High Top,GRG,Greige,Footwear,Men,Sneakers,High Top,MVS,MV Signature,300,20,EU_F07M,MV Flagship Paris,146015.17,41884.64,188,202286.44,139665.27,47754.59,191,205514.41,376,275,101,341,254,0
MV-69829,Men Ballet Flats Slim,GRG,Greige,Footwear,Men,Flats,Ballet Flats,MV,Maison Voss,300,50,EU_F07M,MV Flagship Paris,248981.76,64699.9,456,328322.24,205902.7,68653.1,333,239761.64,287,183,104,212,200,0
MV-35272,Men Check-In Modern,RSE,Rose Poudre,Leather Goods,Men,Luggage,Check-In,MV,Maison Voss,300,50,EU_F07M,MV Flagship Paris,224675.12,59138.67,232,311375.66,232496.51,82102.0,239,320770.61,389,253,136,357,236,0
MV-56955,Women Ballet Flats Relaxed,TRP,Taupe,Footwear,Women,Flats,Ballet Flats,MVS,MV Signature,300,20,EU_F07M,MV Flagship Paris,564932.89,202631.56,843,801287.57,477097.0,147350.88,654,621639.47,3272,2441,831,2382,1869,0
MV-68838,Men Suit Trousers Signature,CHP,Champagne,Ready-to-Wear,Men,Suits,Suit Trousers,MV,Maison Voss,300,30,EU_F07M,MV Flagship Paris,6327.87,2141.31,13,8793.76,5881.63,1971.81,13,8793.76,47,42,5,49,42,0
MV-81364,Unisex Crossbody Bags Signature,CRM,Creme,Leather Goods,Unisex,Handbags,Crossbody Bags,MVS,MV Signature,300,20,EU_F07M,MV Flagship Paris,422882.81,107215.26,489,591291.43,341764.6,122302.49,364,440143.31,512,382,130,436,409,0
MV-69692,Women Suit Sets Essential,ANT,Anthracite,Ready-to-Wear,Women,Suits,Suit Sets,MVS,MV Signature,300,50,EU_F07M,MV Flagship Paris,217083.4,67318.86,352,265445.91,260582.77,87672.44,422,318233.45,204,151,53,215,132,0
MV-22833,Women Midi Dresses Classic,RSE,Rose Poudre,Ready-to-Wear,Women,Dresses,Midi Dresses,MVS,MV Signature,300,50,EU_F07M,MV Flagship Paris,23061.05,7839.39,79,30075.9,26659.76,9737.31,88,33502.26,262,221,41,332,238,0
MV-98815,Men Check-In,NVY,Navy,Leather Goods,Men,Luggage,Check-In,MVS,MV Signature,300,50,EU_F07M,MV Flagship Paris,788978.57,282227.58,761,1019184.34,755516.07,208164.74,673,901328.59,1715,1700,15,1583,1237,0
MV-53228,Women Shoulder Bags Essential,BEG,Beige,Leather Goods,Women,Handbags,Shoulder Bags,MV,Maison Voss,300,30,EU_F07M,MV Flagship Paris,64243.55,16407.27,71,79884.07,78632.36,21659.42,91,102386.62,233,173,60,334,329,0
MV-26912,Men Suit Sets Essential,CRM,Creme,Ready-to-Wear,Men,Suits,Suit Sets,MVS,MV Signature,300,50,EU_F07M,MV Flagship Paris,215029.98,67289.08,461,289184.79,247685.03,79880.63,502,314904.05,233,180,53,281,172,0
MV-99173,Women Card Holders Modern,ARG,Argent,Leather Goods,Women,Small Leather Goods,Card Holders,MV,Maison Voss,300,20,EU_F07M,MV Flagship Paris,261655.97,79000.12,446,341110.36,316036.73,86525.41,537,410709.11,502,501,1,542,424,0
MV-84531,Women Check-In Classic,VRT,Vert,Leather Goods,Women,Luggage,Check-In,MVS,MV Signature,300,30,EU_F07M,MV Flagship Paris,195737.1,70038.33,297,272820.07,204624.39,57371.76,282,259041.28,258,211,47,281,191,0
MV-92345,Women Leather Belts Modern,TRP,Taupe,Leather Goods,Women,Belts,Leather Belts,MVS,MV Signature,300,50,EU_F07M,MV Flagship Paris,133409.98,48339.19,173,187267.06,126677.23,42130.6,151,163452.75,243,180,63,236,186,0
MV-59391,Women Weekender Signature,ROG,Rouge,Leather Goods,Women,Luggage,Weekender,MVS,MV Signature,300,50,EU_F07M,MV Flagship Paris,10146.42,3377.59,26,12221.03,6863.84,2288.16,19,8930.76,45,37,8,35,22,0
MV-20745,Unisex Mini Bags Essential,TAN,Tan,Leather Goods,Unisex,Handbags,Mini Bags,MVS,MV Signature,300,70,EU_F07M,MV Flagship Paris,85073.14,21435.53,159,113510.5,92217.76,24910.42,180,128502.45,182,167,15,173,140,0
MV-38760,Unisex Rings Heritage,BRG,Bordeaux,Accessories,Unisex,Jewelry,Rings,MV,Maison Voss,300,20,EU_F07M,MV Flagship Paris,30141.25,7951.18,92,40079.67,24880.26,8499.01,79,34416.24,226,182,44,173,136,0
MV-78937,Men Carry-On Luxe,ROG,Rouge,Leather Goods,Men,Luggage,Carry-On,MVS,MV Signature,300,30,EU_F07M,MV Flagship Paris,251851.29,76075.59,329,334649.63,216193.59,78488.37,287,291928.4,1141,1072,69,965,849,0
MV-80798,Men Chain Belts Modern,CAM,Camel,Leather Goods,Men,Belts,Chain Belts,MV,Maison Voss,300,50,EU_F07M,MV Flagship Paris,198197.17,52807.42,297,234503.85,156427.92,57435.89,266,210027.02,431,346,85,384,370,0
MV-46421,Women Knee High Slim,BEG,Beige,Footwear,Women,Boots,Knee High,MVS,MV Signature,300,20,EU_F07M,MV Flagship Paris,278502.97,82114.1,506,334784.85,247393.78,82925.08,483,319567.36,1025,730,295,1097,701,0
MV-36143,Unisex Weekender Heritage,ARG,Argent,Leather Goods,Unisex,Luggage,Weekender,MVS,MV Signature,300,20,EU_F07M,MV Flagship Paris,2218.01,759.91,3,2977.07,1362.25,483.11,2,1984.71,7,5,2,5,3,0
MV-31581,Men Key Holders Slim,TRP,Taupe,Leather Goods,Men,Small Leather Goods,Key Holders,MVS,MV Signature,300,50,EU_F07M,MV Flagship Paris,367166.12,122249.72,347,464558.64,446470.47,114643.84,397,531497.93,770,604,166,767,658,0
MV-26704,Men Pouches Classic,IVR,Ivoire,Leather Goods,Men,Small Leather Goods,Pouches,MVS,MV Signature,300,20,EU_F07M,MV Flagship Paris,389767.5,117151.58,584,549440.21,469467.26,177440.1,705,663279.71,2113,1651,462,2525,2420,0
MV-79329,Men Suit Trousers Classic,ECR,Ecru,Ready-to-Wear,Men,Suits,Suit Trousers,MVS,MV Signature,300,20,EU_F07M,MV Flagship Paris,96543.9,34719.21,326,127467.44,90479.9,22840.98,304,118865.34,1226,882,344,1173,842,0
MV-23979,Women Check-In Relaxed,ECR,Ecru,Leather Goods,Women,Luggage,Check-In,MV,Maison Voss,300,70,EU_F07M,MV Flagship Paris,20471.65,7103.78,29,27787.42,13539.03,4012.18,21,20121.93,36,25,11,23,15,0
MV-92203,Men Clutches,ROG,Rouge,Leather Goods,Men,Handbags,Clutches,MV,Maison Voss,300,50,EU_F07M,MV Flagship Paris,10759.06,2959.98,17,15623.45,13463.58,3897.72,19,17461.51,9,8,1,9,5,0
MV-16839,Unisex Key Holders Luxe,TAN,Tan,Leather Goods,Unisex,Small Leather Goods,Key Holders,MVS,MV Signature,300,20,EU_F07M,MV Flagship Paris,3441.94,1194.73,4,4645.47,2526.99,813.91,3,3484.1,15,14,1,16,14,0
MV-39389,Women Mules Modern,CRM,Cognac,Footwear,Women,Heels,Mules,MVS,MV Signature,300,20,EU_F07M,MV Flagship Paris,103461.57,29791.26,207,125931.39,82722.09,26250.54,178,108288.83,676,453,223,596,583,0
MV-28714,Men Trousers Luxe,TAN,Tan,Ready-to-Wear,Men,Bottoms,Trousers,MV,Maison Voss,300,20,EU_F07M,MV Flagship Paris,84661.73,23886.36,208,115145.38,101807.87,35897.06,243,134520.8,136,121,15,158,154,0
MV-56955,Women Ballet Flats Relaxed,NOI,Noir,Footwear,Women,Flats,Ballet Flats,MVS,MV Signature,300,50,EU_F07M,MV Flagship Paris,338079.16,114915.01,909,438566.59,339366.12,120935.83,903,435671.76,2324,2112,212,2621,1841,0
MV-49139,Men Wool Scarves Essential,ECR,Ecru,Accessories,Men,Scarves,Wool Scarves,MV,Maison Voss,300,30,EU_F07M,MV Flagship Paris,56791.93,21497.86,106,71003.89,39090.22,10259.09,79,52917.99,423,344,79,344,307,0
MV-80143,Men Knitwear Classic,SBL,Sable,Ready-to-Wear,Men,Tops,Knitwear,MVS,MV Signature,300,20,EU_F07M,MV Flagship Paris,49847.22,13474.96,84,63371.85,42208.49,15060.0,75,56582.01,325,219,106,277,168,0
MV-91490,Women Midi Dresses,ROG,Rouge,Ready-to-Wear,Women,Dresses,Midi Dresses,MV,Maison Voss,300,50,EU_F07M,MV Flagship Paris,116467.48,32192.2,205,154689.79,94370.49,33222.57,170,128279.34,191,132,59,179,125,0
MV-23133,Men Trousers Essential,NVY,Navy,Ready-to-Wear,Men,Bottoms,Trousers,MV,Maison Voss,300,30,EU_F07M,MV Flagship Paris,169409.24,57173.39,366,236764.1,205666.93,77802.98,429,277518.58,923,674,249,973,714,0
MV-67939,Women Weekender Classic,TRP,Taupe,Leather Goods,Women,Luggage,Weekender,MV,Maison Voss,300,20,EU_F07M,MV Flagship Paris,408643.36,122349.36,579,505600.69,457905.29,125800.34,624,544896.08,2044,1564,480,1983,1453,0
MV-44335,Women Slides Slim,NVY,Navy,Footwear,Women,Flats,Slides,MV,Maison Voss,300,30,EU_F07M,MV Flagship Paris,282834.53,84481.2,340,404764.39,269557.13,83762.11,300,357145.05,1131,1092,39,1003,650,0
MV-29080,Men Jackets Relaxed,ANT,Anthracite,Ready-to-Wear,Men,Outerwear,Jackets,MV,Maison Voss,300,70,EU_F07M,MV Flagship Paris,47564.59,15676.88,116,65173.46,34037.65,11530.82,87,48880.09,115,83,32,98,82,0
MV-23133,Men Trousers Essential,ARG,Argent,Ready-to-Wear,Men,Bottoms,Trousers,MV,Maison Voss,300,50,EU_F07M,MV Flagship Paris,92091.79,31752.13,211,122160.94,119731.88,38877.32,247,143003.57,566,351,215,635,388,0
MV-17816,Women Trousers Slim,NOI,Noir,Ready-to-Wear,Women,Bottoms,Trousers,MV,Maison Voss,300,50,EU_F07M,MV Flagship Paris,170292.32,46557.48,406,231589.11,173626.45,56433.77,386,220180.78,701,484,217,676,455,0
MV-99181,Women Blazers Modern,CAM,Camel,Ready-to-Wear,Women,Outerwear,Blazers,MVS,MV Signature,300,20,EU_F07M,MV Flagship Paris,40477.9,11077.38,141,58288.98,48872.94,15956.05,171,70690.89,145,141,4,209,133,0
MV-44664,Women Shoulder Bags Modern,VRT,Vert,Leather Goods,Women,Handbags,Shoulder Bags,MVS,MV Signature,300,30,EU_F07M,MV Flagship Paris,21438.41,5436.15,51,31390.81,19421.21,7176.24,44,27082.26,170,104,66,126,94,0
MV-15014,Women Bracelets Modern,SBL,Sable,Accessories,Women,Jewelry,Bracelets,MVS,MV Signature,300,50,EU_F07M,MV Flagship Paris,18530.91,5436.69,39,23465.23,14869.58,5116.47,32,19253.52,45,36,9,33,32,0
MV-49576,Women Jackets Classic,BLU,Bleu Marine,Ready-to-Wear,Women,Outerwear,Jackets,MV,Maison Voss,300,20,EU_F07M,MV Flagship Paris,260.89,67.59,1,366.2,0.0,0.0,0,0.0,3,2,1,2,1,0
MV-54657,Women Evening Dresses Slim,CRM,Cognac,Ready-to-Wear,Women,Dresses,Evening Dresses,MV,Maison Voss,300,20,EU_F07M,MV Flagship Paris,144685.87,38859.35,265,183664.4,157813.31,47377.21,299,207228.89,813,711,102,1022,984,0
MV-95918,Women Suit Sets Modern,IVR,Ivoire,Ready-to-Wear,Women,Suits,Suit Sets,MV,Maison Voss,300,20,EU_F07M,MV Flagship Paris,7963.82,2811.14,24,11420.25,6956.91,2068.71,21,9992.72,78,63,15,80,62,0
MV-84531,Women Check-In Classic,NVY,Navy,Leather Goods,Women,Luggage,Check-In,MVS,MV Signature,300,20,EU_F07M,MV Flagship Paris,53454.61,16815.74,58,69687.36,44049.5,12005.72,51,61276.82,157,131,26,141,104,0
MV-96760,Women Blouses Signature,SBL,Sable,Ready-to-Wear,Women,Tops,Blouses,MV,Maison Voss,300,20,EU_F07M,MV Flagship Paris,30048.29,9696.42,74,36814.88,26689.38,8246.55,67,33332.39,282,237,45,289,218,0
MV-71057,Women Boots,GRG,Greige,Footwear,Women,Heels,Boots,MVS,MV Signature,300,50,EU_F07M,MV Flagship Paris,72455.91,19570.17,172,94426.15,82565.94,27388.22,176,96622.1,380,315,65,398,239,0
MV-57052,Men Day Dresses Signature,CAM,Camel,Ready-to-Wear,Men,Dresses,Day Dresses,MV,Maison Voss,300,30,EU_F07M,MV Flagship Paris,62606.2,23414.42,106,88825.59,47830.29,13185.17,82,68714.13,307,287,20,281,209,0
MV-20328,Men Clutches,NVY,Navy,Leather Goods,Men,Handbags,Clutches,MVS,MV Signature,300,20,EU_F07M,MV Flagship Paris,181270.82,64180.85,235,247191.14,141981.74,39623.06,187,196701.03,671,613,58,553,540,0
MV-67939,Women Weekender Classic,GRG,Greige,Leather Goods,Women,Luggage,Weekender,MV,Maison Voss,300,30,EU_F07M,MV Flagship Paris,9503.67,2781.64,12,12943.88,8853.85,2543.07,12,12943.88,13,12,1,11,8,0
MV-80798,Men Chain Belts Modern,ANT,Anthracite,Leather Goods,Men,Belts,Chain Belts,MV,Maison Voss,300,50,EU_F07M,MV Flagship Paris,16536.78,6047.24,27,24710.0,12990.16,4682.18,21,19218.89,101,88,13,70,51,0
MV-96870,Women Day Dresses Relaxed,NVY,Navy,Ready-to-Wear,Women,Dresses,Day Dresses,MVS,MV Signature,300,50,EU_F07M,MV Flagship Paris,103606.68,29491.8,145,119045.75,70052.28,18941.26,109,89489.56,490,391,99,339,220,0
MV-59009,Women Earrings Slim,ANT,Anthracite,Accessories,Women,Jewelry,Earrings,MVS,MV Signature,300,20,EU_F07M,MV Flagship Paris,55545.34,14746.17,86,76896.46,40219.81,13090.66,65,58119.42,315,274,41,244,181,0
MV-89963,Women Cat Eye Luxe,CAM,Camel,Accessories,Women,Sunglasses,Cat Eye,MV,Maison Voss,300,20,EU_F07M,MV Flagship Paris,12858.0,4580.1,73,18187.78,13690.27,4650.48,76,18935.22,202,177,25,209,159,0
MV-92345,Women Leather Belts Modern,CAM,Camel,Leather Goods,Women,Belts,Leather Belts,MVS,MV Signature,300,20,EU_F07M,MV Flagship Paris,4562.21,1238.01,14,5625.17,3027.22,886.71,9,3616.18,10,8,2,7,5,0
MV-69048,Women Tops Luxe,SBL,Sable,Ready-to-Wear,Women,Tops,Tops,MV,Maison Voss,300,20,EU_F07M,MV Flagship Paris,205984.21,65584.33,474,254190.43,174726.52,49014.85,404,216651.76,1468,1268,200,1100,730,0
MV-47880,Women Shorts Relaxed,CHP,Champagne,Ready-to-Wear,Women,Bottoms,Shorts,MV,Maison Voss,300,20,EU_F07M,MV Flagship Paris,159689.99,48361.38,246,209031.22,128360.38,41269.99,195,165695.48,402,315,87,352,337,0
MV-69048,Women Tops Luxe,TAN,Tan,Ready-to-Wear,Women,Tops,Tops,MV,Maison Voss,300,30,EU_F07M,MV Flagship Paris,15534.19,4941.0,27,21428.13,13326.99,3504.66,25,19840.86,52,50,2,58,49,0
MV-54657,Women Evening Dresses Slim,VRT,Vert,Ready-to-Wear,Women,Dresses,Evening Dresses,MV,Maison Voss,300,50,EU_F07M,MV Flagship Paris,9134.26,3296.48,14,11443.23,6385.08,1638.24,11,8991.11,44,33,11,41,26,0
MV-43586,Women Jeans Signature,ECR,Ecru,Ready-to-Wear,Women,Bottoms,Jeans,MV,Maison Voss,300,20,EU_F07M,MV Flagship Paris,293265.85,110088.68,772,405266.23,292096.4,103147.93,806,423114.74,1318,1088,230,1454,1133,0
MV-15958,Men Pumps Heritage,VRT,Vert,Footwear,Men,Heels,Pumps,MVS,MV Signature,300,20,EU_F07M,MV Flagship Paris,187051.16,57607.1,239,253578.35,160133.6,53044.29,184,195223.5,183,121,62,139,124,0
MV-57920,Women Blazers Slim,TRP,Taupe,Ready-to-Wear,Women,Outerwear,Blazers,MV,Maison Voss,300,20,EU_F07M,MV Flagship Paris,34082.26,9287.6,113,42585.12,23658.3,6494.29,83,31279.33,446,324,122,365,313,0
MV-56346,Women Clutches Essential,VRT,Vert,Leather Goods,Women,Handbags,Clutches,MV,Maison Voss,300,20,EU_F07M,MV Flagship Paris,123198.2,38303.52,253,178237.21,85046.8,21779.4,186,131036.05,624,544,80,443,269,0
MV-64377,Women Trousers Essential,TRP,Taupe,Ready-to-Wear,Women,Bottoms,Trousers,MVS,MV Signature,300,70,EU_F07M,MV Flagship Paris,80509.07,24055.9,296,97930.65,94273.44,27683.03,357,118112.3,506,440,66,635,448,0
MV-35272,Men Check-In Modern,NOI,Noir,Leather Goods,Men,Luggage,Check-In,MV,Maison Voss,300,50,EU_F07M,MV Flagship Paris,305874.36,113349.67,317,363053.11,239820.2,86726.0,249,285174.21,1183,906,277,788,631,0
MV-35995,Unisex Check-In Modern,ANT,Anthracite,Leather Goods,Unisex,Luggage,Check-In,MVS,MV Signature,300,70,EU_F07M,MV Flagship Paris,61173.22,20892.98,136,83899.93,65927.15,22927.69,157,96855.06,160,122,38,196,160,0
MV-76039,Women Boots Relaxed,CHP,Champagne,Footwear,Women,Heels,Boots,MVS,MV Signature,300,50,EU_F07M,MV Flagship Paris,37061.33,9737.38,117,51077.14,35837.37,10396.25,112,48894.36,441,342,99,463,337,0
MV-67637,Men Midi Dresses Essential,NOI,Noir,Ready-to-Wear,Men,Dresses,Midi Dresses,MV,Maison Voss,300,20,EU_F07M,MV Flagship Paris,1200.08,399.08,2,1410.24,1078.83,277.26,2,1410.24,1,0,1,1,0,0
MV-79822,Unisex Fedoras Slim,CHP,Champagne,Accessories,Unisex,Hats,Fedoras,MV,Maison Voss,300,20,EU_F07M,MV Flagship Paris,241207.54,70808.93,547,309462.05,256144.85,96861.81,618,349629.88,728,558,170,659,549,0
MV-15958,Men Pumps Heritage,NVY,Navy,Footwear,Men,Heels,Pumps,MVS,MV Signature,300,20,EU_F07M,MV Flagship Paris,139029.51,49595.29,193,169979.97,104847.16,39597.08,149,131228.06,147,111,36,91,79,0
MV-41358,Men Chelsea Boots Heritage,CRM,Cognac,Footwear,Men,Boots,Chelsea Boots,MV,Maison Voss,300,20,EU_F07M,MV Flagship Paris,25070.4,8261.17,47,32203.36,31691.98,12006.63,58,39740.31,166,123,43,182,122,0
MV-70443,Women Card Holders Heritage,IVR,Ivoire,Leather Goods,Women,Small Leather Goods,Card Holders,MVS,MV Signature,300,20,EU_F07M,MV Flagship Paris,576050.64,186467.31,528,709960.22,469023.48,141763.73,424,570119.57,608,485,123,522,315,0
MV-74038,Women Pouches,CRM,Creme,Leather Goods,Women,Small Leather Goods,Pouches,MV,Maison Voss,300,70,EU_F07M,MV Flagship Paris,266756.73,82041.45,516,369733.78,339014.92,91432.35,663,475064.91,1447,1136,311,2043,1269,0
MV-22097,Men Leather Belts Essential,BRG,Bordeaux,Leather Goods,Men,Belts,Leather Belts,MV,Maison Voss,300,20,EU_F07M,MV Flagship Paris,375978.49,96330.51,949,495629.52,531815.12,191575.38,1176,614183.68,521,451,70,693,683,0
MV-49618,Men Square Frames Classic,RSE,Rose Poudre,Accessories,Men,Sunglasses,Square Frames,MV,Maison Voss,300,70,EU_F07M,MV Flagship Paris,138477.19,43330.3,434,197805.12,146007.99,42076.13,452,206009.02,752,567,185,746,538,0
MV-13396,Women Wallets Slim,CAM,Camel,Leather Goods,Women,Small Leather Goods,Wallets,MVS,MV Signature,300,20,EU_F07M,MV Flagship Paris,780037.02,280476.84,1282,1052343.78,879774.77,301371.11,1355,1112266.63,3385,2754,631,3733,3550,0
MV-80807,Men Ballet Flats Heritage,NVY,Navy,Footwear,Men,Flats,Ballet Flats,MV,Maison Voss,300,70,EU_F07M,MV Flagship Paris,37868.97,13759.8,58,46847.06,37655.03,11083.52,62,50077.89,136,107,29,156,116,0
MV-14877,Women Necklaces Heritage,RSE,Rose Poudre,Accessories,Women,Jewelry,Necklaces,MV,Maison Voss,300,50,EU_F07M,MV Flagship Paris,221905.88,58837.89,387,283240.63,285789.77,98887.67,461,337400.34,583,445,138,786,770,0
MV-48462,Women Ankle Boots Relaxed,ARG,Argent,Footwear,Women,Boots,Ankle Boots,MVS,MV Signature,300,20,EU_F07M,MV Flagship Paris,220413.82,71234.95,363,268219.59,208508.41,72912.67,357,263786.21,1275,1026,249,1466,1156,0
MV-50768,Men Knitwear Modern,SBL,Sable,Ready-to-Wear,Men,Tops,Knitwear,MVS,MV Signature,300,50,EU_F07M,MV Flagship Paris,23987.81,6230.59,55,32587.65,31276.77,8199.99,68,40290.18,218,193,25,252,156,0
MV-99181,Women Blazers Modern,SBL,Sable,Ready-to-Wear,Women,Outerwear,Blazers,MVS,MV Signature,300,50,EU_F07M,MV Flagship Paris,6891.8,2315.13,21,9116.83,5989.44,2244.81,18,7814.43,36,27,9,28,18,0
MV-98815,Men Check-In,CHP,Champagne,Leather Goods,Men,Luggage,Check-In,MVS,MV Signature,300,20,EU_F07M,MV Flagship Paris,343262.75,123345.87,814,457915.51,263442.99,79844.61,671,377470.89,980,673,307,903,608,0
MV-12671,Men Ballet Flats Slim,ECR,Ecru,Footwear,Men,Flats,Ballet Flats,MVS,MV Signature,300,50,EU_F07M,MV Flagship Paris,48120.29,13563.54,73,59808.89,56670.95,15680.91,82,67182.59,167,132,35,175,138,0
MV-47243,Men Boots Heritage,CHP,Champagne,Footwear,Men,Heels,Boots,MV,Maison Voss,300,20,EU_F07M,MV Flagship Paris,264331.28,91326.39,429,326576.71,286715.98,92753.44,477,363116.77,493,465,28,650,412,0
MV-49363,Unisex Cashmere Scarves,ANT,Anthracite,Accessories,Unisex,Scarves,Cashmere Scarves,MVS,MV Signature,300,50,EU_F07M,MV Flagship Paris,168.38,45.17,1,239.34,0.0,0.0,0,0.0,0,0,0,0,0,0
MV-46421,Women Knee High Slim,VRT,Vert,Footwear,Women,Boots,Knee High,MVS,MV Signature,300,20,EU_F07M,MV Flagship Paris,2118.37,679.64,4,3017.9,1575.35,501.49,3,2263.42,4,3,1,2,1,0
MV-43586,Women Jeans Signature,CHP,Champagne,Ready-to-Wear,Women,Bottoms,Jeans,MV,Maison Voss,300,50,EU_F07M,MV Flagship Paris,72242.09,27000.64,131,106411.23,90782.55,30164.13,149,121032.62,422,395,27,539,332,0
MV-82512,Women Shorts Heritage,NVY,Navy,Ready-to-Wear,Women,Bottoms,Shorts,MV,Maison Voss,300,20,EU_F07M,MV Flagship Paris,21446.27,5823.64,57,25955.9,22717.03,6501.53,69,31420.3,151,112,39,194,128,0
MV-14705,Men Baseball Caps Modern,NOI,Noir,Accessories,Men,Hats,Baseball Caps,MVS,MV Signature,300,20,EU_F07M,MV Flagship Paris,92811.77,24695.26,245,117746.6,104791.0,29855.52,255,122552.58,421,314,107,431,374,0
MV-13396,Women Wallets Slim,TAN,Tan,Leather Goods,Women,Small Leather Goods,Wallets,MVS,MV Signature,300,20,EU_F07M,MV Flagship Paris,176296.76,55965.9,174,248291.49,216917.69,75065.0,201,286819.48,362,262,100,394,338,0
MV-66349,Women Crossbody Bags Modern,NVY,Navy,Leather Goods,Women,Handbags,Crossbody Bags,MV,Maison Voss,300,50,EU_F07M,MV Flagship Paris,14208.24,5392.83,16,18034.44,14069.56,3907.96,15,16907.28,10,7,3,8,6,0
MV-74038,Women Pouches,ECR,Ecru,Leather Goods,Women,Small Leather Goods,Pouches,MV,Maison Voss,300,20,EU_F07M,MV Flagship Paris,36690.52,13391.67,37,51737.39,36891.9,11533.67,41,57330.62,95,64,31,99,72,0
MV-29597,Women Leather Belts,CRM,Creme,Leather Goods,Women,Belts,Leather Belts,MV,Maison Voss,300,30,EU_F07M,MV Flagship Paris,50701.29,16823.34,103,67224.71,39107.43,10016.97,75,48950.03,223,158,65,147,146,0
MV-78146,Men Day Dresses,SBL,Sable,Ready-to-Wear,Men,Dresses,Day Dresses,MV,Maison Voss,300,50,EU_F07M,MV Flagship Paris,13188.45,4043.0,43,19185.17,12879.44,3459.12,41,18292.84,84,51,33,75,69,0
MV-14705,Men Baseball Caps Modern,GRG,Greige,Accessories,Men,Hats,Baseball Caps,MVS,MV Signature,300,50,EU_F07M,MV Flagship Paris,131820.35,40985.21,329,155486.57,117293.13,37041.14,321,151705.74,881,668,213,850,521,0
MV-99224,Men Day Dresses Relaxed,BEG,Beige,Ready-to-Wear,Men,Dresses,Day Dresses,MVS,MV Signature,300,20,EU_F07M,MV Flagship Paris,31876.66,8136.31,112,45630.87,35368.07,13037.36,117,47667.96,330,283,47,374,250,0
MV-54313,Women Wallets Classic,NOI,Noir,Leather Goods,Women,Small Leather Goods,Wallets,MV,Maison Voss,300,20,EU_F07M,MV Flagship Paris,16027.97,6030.77,20,20854.64,15903.73,4302.26,20,20854.64,22,14,8,22,19,0
MV-16175,Unisex Day Dresses Modern,NVY,Navy,Ready-to-Wear,Unisex,Dresses,Day Dresses,MV,Maison Voss,300,20,EU_F07M,MV Flagship Paris,33234.53,9088.99,138,41152.03,24644.17,7003.02,98,29223.91,101,73,28,73,48,0
MV-54942,Men Square Frames Relaxed,RSE,Rose Poudre,Accessories,Men,Sunglasses,Square Frames,MV,Maison Voss,300,20,EU_F07M,MV Flagship Paris,9042.7,2942.76,19,11846.78,9602.1,2778.19,19,11846.78,12,11,1,12,11,0
MV-30253,Men Weekender Essential,ARG,Argent,Leather Goods,Men,Luggage,Weekender,MVS,MV Signature,300,20,EU_F07M,MV Flagship Paris,27659.73,7773.96,28,38678.38,28402.15,9890.59,28,38678.38,19,12,7,19,17,0
MV-62383,Men Berets Relaxed,VRT,Vert,Accessories,Men,Hats,Berets,MVS,MV Signature,300,50,EU_F07M,MV Flagship Paris,26555.56,7356.25,57,35910.74,22042.77,6151.85,46,28980.6,168,121,47,158,101,0
MV-12665,Women Suit Trousers Essential,ARG,Argent,Ready-to-Wear,Women,Suits,Suit Trousers,MV,Maison Voss,300,20,EU_F07M,MV Flagship Paris,164331.32,51297.46,411,202850.7,116905.86,32259.43,293,144611.33,878,734,144,623,460,0
MV-28776,Women Sandals Essential,RSE,Rose Poudre,Footwear,Women,Heels,Sandals,MV,Maison Voss,300,20,EU_F07M,MV Flagship Paris,356054.21,103558.6,542,460914.1,432944.33,158035.41,658,559559.92,1669,1055,614,2421,1804,0
MV-96200,Women Suit Sets,BRG,Bordeaux,Ready-to-Wear,Women,Suits,Suit Sets,MVS,MV Signature,300,20,EU_F07M,MV Flagship Paris,76116.2,21098.75,367,101559.4,76316.42,23742.07,377,104326.69,285,216,69,251,244,0
MV-85914,Women Wallets,TRP,Taupe,Leather Goods,Women,Small Leather Goods,Wallets,MV,Maison Voss,300,70,EU_F07M,MV Flagship Paris,68572.74,22587.32,85,91825.05,56992.92,18863.09,71,76700.93,295,285,10,259,190,0
MV-16175,Unisex Day Dresses Modern,CRM,Cognac,Ready-to-Wear,Unisex,Dresses,Day Dresses,MV,Maison Voss,300,50,EU_F07M,MV Flagship Paris,37683.29,10097.46,66,50408.6,37945.26,10717.98,74,56518.73,57,55,2,68,49,0
MV-63225,Unisex Key Holders,ROG,Rouge,Leather Goods,Unisex,Small Leather Goods,Key Holders,MVS,MV Signature,300,50,EU_F07M,MV Flagship Paris,176120.91,64973.8,167,214200.39,119869.11,32397.13,128,164177.55,201,158,43,144,104,0
MV-85156,Women Chain Belts Essential,TRP,Taupe,Leather Goods,Women,Belts,Chain Belts,MV,Maison Voss,300,20,EU_F07M,MV Flagship Paris,210031.91,57096.94,268,252368.4,169373.09,54322.25,216,203401.39,1049,950,99,904,583,0
MV-44959,Women Blazers Modern,BRG,Bordeaux,Ready-to-Wear,Women,Outerwear,Blazers,MVS,MV Signature,300,20,EU_F07M,MV Flagship Paris,318088.16,101146.95,1052,427491.52,256792.3,65302.16,899,365318.33,4086,2945,1141,4049,3145,0
MV-84341,Men Sandals Signature,SBL,Sable,Footwear,Men,Heels,Sandals,MV,Maison Voss,300,20,EU_F07M,MV Flagship Paris,7654.06,2290.97,29,10821.98,6923.17,2549.06,26,9702.46,47,28,19,48,33,0
MV-82135,Women Trousers Slim,CAM,Camel,Ready-to-Wear,Women,Bottoms,Trousers,MVS,MV Signature,300,20,EU_F07M,MV Flagship Paris,5004.17,1768.73,10,6188.54,4490.58,1205.64,9,5569.68,35,32,3,26,25,0
MV-21164,Men Shorts Relaxed,CRM,Creme,Ready-to-Wear,Men,Bottoms,Shorts,MV,Maison Voss,300,20,EU_F07M,MV Flagship Paris,109029.7,40285.42,248,156366.75,116868.57,37675.84,250,157627.78,467,311,156,472,340,0
MV-71953,Women Suit Trousers Relaxed,SBL,Sable,Ready-to-Wear,Women,Suits,Suit Trousers,MVS,MV Signature,300,50,EU_F07M,MV Flagship Paris,193670.3,53708.61,374,282780.99,260847.83,98270.81,474,358390.88,842,803,39,954,933,0
MV-21164,Men Shorts Relaxed,ARG,Argent,Ready-to-Wear,Men,Bottoms,Shorts,MV,Maison Voss,300,70,EU_F07M,MV Flagship Paris,89425.58,30205.18,392,117978.4,101165.83,28327.65,501,150783.61,915,858,57,1403,1094,0
MV-93746,Women Blazers Essential,CRM,Cognac,Ready-to-Wear,Women,Suits,Blazers,MV,Maison Voss,300,30,EU_F07M,MV Flagship Paris,98049.26,34978.64,238,129233.07,125101.19,41732.83,291,158011.86,831,755,76,1204,745,0
MV-52487,Men Mini Bags Luxe,NVY,Navy,Leather Goods,Men,Handbags,Mini Bags,MV,Maison Voss,300,70,EU_F07M,MV Flagship Paris,662380.61,194318.11,645,901751.05,452817.45,167350.07,498,696235.7,1943,1481,462,1654,1192,0
MV-88222,Men Suit Trousers Heritage,NOI,Noir,Ready-to-Wear,Men,Suits,Suit Trousers,MV,Maison Voss,300,30,EU_F07M,MV Flagship Paris,93524.78,32127.31,150,126534.41,82417.25,21819.05,144,121473.03,599,396,203,614,488,0
MV-60181,Women Jackets Classic,VRT,Vert,Ready-to-Wear,Women,Outerwear,Jackets,MVS,MV Signature,300,50,EU_F07M,MV Flagship Paris,177126.38,50005.09,514,229997.08,185579.55,68857.92,531,237603.98,353,344,9,416,304,0
MV-50213,Women Tops Slim,CRM,Creme,Ready-to-Wear,Women,Tops,Tops,MV,Maison Voss,300,20,EU_F07M,MV Flagship Paris,361104.68,102826.75,720,455034.82,288652.95,80406.99,567,358339.92,1217,1191,26,984,897,0
MV-38047,Women Round Frames Relaxed,ARG,Argent,Accessories,Women,Sunglasses,Round Frames,MVS,MV Signature,300,20,EU_F07M,MV Flagship Paris,139220.58,48486.45,394,191701.03,101270.97,25573.93,276,134288.03,1057,783,274,632,503,0
MV-94675,Women Trousers Essential,CRM,Creme,Ready-to-Wear,Women,Bottoms,Trousers,MVS,MV Signature,300,20,EU_F07M,MV Flagship Paris,15856.46,4970.01,77,21075.86,17262.26,5945.97,93,25455.26,257,249,8,307,291,0
MV-30644,Men Chain Belts Slim,CAM,Camel,Leather Goods,Men,Belts,Chain Belts,MV,Maison Voss,300,20,EU_F07M,MV Flagship Paris,21290.84,6481.92,45,25360.89,23380.47,6060.24,48,27051.61,147,104,43,189,135,0
MV-71953,Women Suit Trousers Relaxed,RSE,Rose Poudre,Ready-to-Wear,Women,Suits,Suit Trousers,MVS,MV Signature,300,70,EU_F07M,MV Flagship Paris,77673.33,25842.55,166,101211.9,106427.09,32799.97,211,128648.86,637,635,2,841,839,0
MV-57052,Men Day Dresses Signature,ROG,Rouge,Ready-to-Wear,Men,Dresses,Day Dresses,MV,Maison Voss,300,30,EU_F07M,MV Flagship Paris,67521.1,17365.34,126,81534.7,86955.7,29428.99,160,103536.13,261,191,70,309,229,0
MV-42541,Women Blazers Slim,ECR,Ecru,Ready-to-Wear,Women,Suits,Blazers,MVS,MV Signature,300,20,EU_F07M,MV Flagship Paris,105930.31,29039.54,440,124798.14,88523.13,30298.25,412,116856.44,556,388,168,579,419,0
MV-56955,Women Ballet Flats Relaxed,ARG,Argent,Footwear,Women,Flats,Ballet Flats,MVS,MV Signature,300,20,EU_F07M,MV Flagship Paris,13745.0,4790.71,22,18277.22,16601.16,4716.43,27,22431.14,84,68,16,94,89,0
MV-84341,Men Sandals Signature,TRP,Taupe,Footwear,Men,Heels,Sandals,MV,Maison Voss,300,20,EU_F07M,MV Flagship Paris,33217.97,10658.01,62,41033.81,20338.91,7188.02,43,28458.93,229,192,37,185,168,0
MV-78937,Men Carry-On Luxe,ANT,Anthracite,Leather Goods,Men,Luggage,Carry-On,MVS,MV Signature,300,70,EU_F07M,MV Flagship Paris,230376.44,65132.14,292,339650.08,208715.07,53269.06,259,301264.97,293,185,108,234,196,0
MV-78937,Men Carry-On Luxe,IVR,Ivoire,Leather Goods,Men,Luggage,Carry-On,MVS,MV Signature,300,20,EU_F07M,MV Flagship Paris,20288.85,7450.76,20,28299.02,18757.24,5824.78,18,25469.12,79,52,27,82,80,0
MV-80236,Women Coats Slim,BEG,Beige,Ready-to-Wear,Women,Outerwear,Coats,MVS,MV Signature,300,30,EU_F07M,MV Flagship Paris,24887.21,8391.86,81,29815.94,28362.22,9862.17,93,34233.11,90,73,17,117,103,0
MV-13761,Women Evening Dresses Luxe,ECR,Ecru,Ready-to-Wear,Women,Dresses,Evening Dresses,MVS,MV Signature,300,20,EU_F07M,MV Flagship Paris,56010.57,16987.55,102,74474.22,62049.16,18732.75,107,78124.92,182,111,71,207,190,0
MV-40595,Women Day Dresses Heritage,CRM,Cognac,Ready-to-Wear,Women,Dresses,Day Dresses,MVS,MV Signature,300,30,EU_F07M,MV Flagship Paris,57801.27,21825.22,204,68565.3,50722.31,16843.59,173,58146.06,614,445,169,525,343,0
MV-96870,Women Day Dresses Relaxed,CRM,Creme,Ready-to-Wear,Women,Dresses,Day Dresses,MVS,MV Signature,300,20,EU_F07M,MV Flagship Paris,8760.89,2714.78,36,12273.13,9825.71,2898.76,44,15000.49,38,36,2,40,31,0
MV-53228,Women Shoulder Bags Essential,TAN,Tan,Leather Goods,Women,Handbags,Shoulder Bags,MV,Maison Voss,300,20,EU_F07M,MV Flagship Paris,237955.71,78282.0,413,305383.9,245270.26,70615.78,456,337179.32,1378,1174,204,1323,885,0
MV-82135,Women Trousers Slim,VRT,Vert,Ready-to-Wear,Women,Bottoms,Trousers,MVS,MV Signature,300,70,EU_F07M,MV Flagship Paris,47858.85,16940.25,124,66002.24,62233.31,17880.71,152,80905.98,373,334,39,416,349,0
MV-27139,Men Jackets Signature,VRT,Vert,Ready-to-Wear,Men,Outerwear,Jackets,MVS,MV Signature,300,50,EU_F07M,MV Flagship Paris,264384.2,77639.15,522,366457.23,219635.94,63621.11,435,305381.03,1045,846,199,805,615,0
MV-38683,Men Tops Slim,BLU,Bleu Marine,Ready-to-Wear,Men,Tops,Tops,MVS,MV Signature,300,50,EU_F07M,MV Flagship Paris,46546.21,16050.67,132,59720.85,61957.3,23395.5,160,72388.91,292,176,116,307,226,0
MV-16265,Women Chain Belts Signature,IVR,Ivoire,Leather Goods,Women,Belts,Chain Belts,MVS,MV Signature,300,20,EU_F07M,MV Flagship Paris,33948.33,12822.89,67,47816.62,41698.38,12953.99,82,58521.84,160,126,34,186,168,0
MV-59308,Men Knitwear Essential,TAN,Tan,Ready-to-Wear,Men,Tops,Knitwear,MVS,MV Signature,300,20,EU_F07M,MV Flagship Paris,7307.17,2462.19,32,9641.86,7607.37,2376.29,36,10847.1,39,33,6,37,36,0
MV-22833,Women Midi Dresses Classic,RSE,Rose Poudre,Ready-to-Wear,Women,Dresses,Midi Dresses,MVS,MV Signature,300,20,EU_F07M,MV Flagship Paris,628.91,162.69,1,769.84,646.38,228.0,1,769.84,3,2,1,3,1,0
MV-59308,Men Knitwear Essential,CHP,Champagne,Ready-to-Wear,Men,Tops,Knitwear,MVS,MV Signature,300,20,EU_F07M,MV Flagship Paris,64733.66,20612.01,159,90962.08,49670.14,13646.79,131,74943.6,393,298,95,277,260,0
MV-48177,Women Card Holders Essential,ROG,Rouge,Leather Goods,Women,Small Leather Goods,Card Holders,MV,Maison Voss,300,20,EU_F07M,MV Flagship Paris,14290.6,3631.19,23,21006.61,12124.11,4280.23,19,17353.29,51,38,13,39,36,0
MV-44959,Women Blazers Modern,BLU,Bleu Marine,Ready-to-Wear,Women,Outerwear,Blazers,MVS,MV Signature,300,50,EU_F07M,MV Flagship Paris,39591.58,10762.93,104,47900.09,43029.54,16220.52,123,56651.07,218,138,80,310,210,0
MV-87993,Women Fedoras Modern,ANT,Anthracite,Accessories,Women,Hats,Fedoras,MVS,MV Signature,300,20,EU_F07M,MV Flagship Paris,77218.97,22054.08,186,107485.22,61128.75,21900.76,141,81480.73,390,281,109,281,236,0
MV-85156,Women Chain Belts Essential,ROG,Rouge,Leather Goods,Women,Belts,Chain Belts,MV,Maison Voss,300,20,EU_F07M,MV Flagship Paris,57028.8,18521.16,67,78305.6,56760.42,18135.77,67,78305.6,52,47,5,62,44,0
MV-59672,Women Shoulder Bags Classic,CAM,Camel,Leather Goods,Women,Handbags,Shoulder Bags,MV,Maison Voss,300,20,EU_F07M,MV Flagship Paris,17181.15,4571.27,40,21434.28,16843.77,4942.12,44,23577.7,135,100,35,176,116,0
MV-64377,Women Trousers Essential,ARG,Argent,Ready-to-Wear,Women,Bottoms,Trousers,MVS,MV Signature,300,20,EU_F07M,MV Flagship Paris,206431.83,75966.68,312,294150.23,249297.84,75088.48,360,339404.12,304,249,55,350,286,0
MV-56955,Women Ballet Flats Relaxed,NOI,Noir,Footwear,Women,Flats,Ballet Flats,MVS,MV Signature,300,50,EU_F07M,MV Flagship Paris,396896.14,123501.51,615,536855.6,321829.13,120317.56,510,445197.33,1579,1176,403,1342,1108,0
MV-32527,Women Mules Luxe,CHP,Champagne,Footwear,Women,Heels,Mules,MV,Maison Voss,300,20,EU_F07M,MV Flagship Paris,12581.15,3941.82,22,17106.34,15038.57,3904.83,24,18661.46,78,65,13,87,57,0
MV-20077,Men Chain Belts Slim,ANT,Anthracite,Leather Goods,Men,Belts,Chain Belts,MVS,MV Signature,300,20,EU_F07M,MV Flagship Paris,26613.33,8478.2,35,36647.68,28676.21,7609.59,36,37694.76,80,76,4,92,78,0
MV-99181,Women Blazers Modern,CRM,Cognac,Ready-to-Wear,Women,Outerwear,Blazers,MVS,MV Signature,300,50,EU_F07M,MV Flagship Paris,466368.08,125039.97,675,629307.82,579144.96,180575.81,858,799920.16,340,278,62,455,375,0
MV-72031,Women Blazers,VRT,Vert,Ready-to-Wear,Women,Suits,Blazers,MV,Maison Voss,300,30,EU_F07M,MV Flagship Paris,2660.56,807.48,8,3270.74,3711.88,1395.39,10,4088.42,26,23,3,27,18,0
MV-80468,Men Blouses Relaxed,ANT,Anthracite,Ready-to-Wear,Men,Tops,Blouses,MVS,MV Signature,300,50,EU_F07M,MV Flagship Paris,263927.94,83397.73,797,361288.91,251049.02,66932.4,805,364915.4,811,570,241,718,432,0
MV-85156,Women Chain Belts Essential,ARG,Argent,Leather Goods,Women,Belts,Chain Belts,MV,Maison Voss,300,70,EU_F07M,MV Flagship Paris,707.2,215.08,1,960.02,670.34,228.89,1,960.02,2,1,1,1,0,0
MV-12128,Women Cat Eye Signature,VRT,Vert,Accessories,Women,Sunglasses,Cat Eye,MV,Maison Voss,300,20,EU_F07M,MV Flagship Paris,271054.38,93976.31,433,324755.05,291086.62,81982.96,537,402756.26,1346,840,506,1794,1585,0
MV-19869,Women Wool Scarves Slim,ANT,Anthracite,Accessories,Women,Scarves,Wool Scarves,MVS,MV Signature,300,70,EU_F07M,MV Flagship Paris,36665.1,9850.41,77,54669.4,35505.78,13387.92,73,51829.43,204,126,78,230,198,0
MV-69692,Women Suit Sets Essential,GRG,Greige,Ready-to-Wear,Women,Suits,Suit Sets,MVS,MV Signature,300,20,EU_F07M,MV Flagship Paris,386467.36,142118.16,585,527800.25,279401.08,102004.27,453,408706.86,529,394,135,407,316,0
MV-77033,Women Weekender Modern,ECR,Ecru,Leather Goods,Women,Luggage,Weekender,MVS,MV Signature,300,50,EU_F07M,MV Flagship Paris,55869.8,17191.45,79,67212.09,50140.18,15753.07,70,59555.02,132,99,33,129,119,0
