plm_style_code,style_description,color_code,colorway_short_description,gmh_sector_text,gmh_gender_text,gmh_category_text,gmh_sub_category_text,gmh_sub_brand_code,gmh_sub_brand_text,company_code,distribution_channel_code,site_number,site_text,netslsamt_cy,netslscstmerch_cy,netslsqty_cy,netmsrpamt_cy,netslsamt_ly,netslscstmerch_ly,netslsqty_ly,netmsrpamt_ly,eohttlqty_cy,eohstrqty_cy,intranqty_cy,eohttlqty_ly,eohstrqty_ly,intranqty_ly
MV-44687,Men Card Holders Modern,NOI,Noir,Leather Goods,Men,Small Leather Goods,Card Holders,MVS,MV Signature,200,20,J347,MV Flagship Tokyo,3242.75,854.95,7,4626.56,3965.26,1121.08,8,5287.5,19,16,3,20,12,0
MV-44664,Women Shoulder Bags Modern,SBL,Sable,Leather Goods,Women,Handbags,Shoulder Bags,MVS,MV Signature,200,70,J347,MV Flagship Tokyo,41751.09,14510.05,40,52868.1,47915.66,12514.1,44,58154.91,143,112,31,182,128,0
MV-24316,Women Low Top Relaxed,ECR,Ecru,Footwear,Women,Sneakers,Low Top,MV,Maison Voss,200,50,J347,MV Flagship Tokyo,197836.98,50365.21,344,257818.6,129932.19,37566.8,243,182121.86,214,135,79,139,112,0
MV-64524,Women Check-In Modern,GRG,Greige,Leather Goods,Women,Luggage,Check-In,MV,Maison Voss,200,50,J347,MV Flagship Tokyo,238762.36,77929.9,282,322851.57,263667.45,90252.51,337,385819.08,412,316,96,548,486,0
MV-92203,Men Clutches,VRT,Vert,Leather Goods,Men,Handbags,Clutches,MV,Maison Voss,200,30,J347,MV Flagship Tokyo,46871.56,17447.86,83,56045.93,53729.78,19973.96,104,70226.22,191,151,40,213,136,0
MV-69473,Women Chain Belts Heritage,IVR,Ivoire,Leather Goods,Women,Belts,Chain Belts,MVS,MV Signature,200,20,J347,MV Flagship Tokyo,31821.4,8403.1,91,47902.89,31001.92,10948.47,81,42638.84,149,126,23,158,100,0
MV-88222,Men Suit Trousers Heritage,CRM,Cognac,Ready-to-Wear,Men,Suits,Suit Trousers,MV,Maison Voss,200,20,J347,MV Flagship Tokyo,62278.32,15686.07,147,74815.47,72850.15,26350.91,161,81940.76,403,298,105,376,335,0
MV-69829,Men Ballet Flats Slim,TAN,Tan,Footwear,Men,Flats,Ballet Flats,MV,Maison Voss,200,30,J347,MV Flagship Tokyo,529.42,161.96,1,728.18,0.0,0.0,0,0.0,2,1,1,1,0,0
MV-95918,Women Suit Sets Modern,CAM,Camel,Ready-to-Wear,Women,Suits,Suit Sets,MV,Maison Voss,200,70,J347,MV Flagship Tokyo,18769.76,6728.91,53,26654.98,24580.44,8577.29,66,33193.0,32,28,4,38,33,0
MV-96275,Women Coats Essential,ANT,Anthracite,Ready-to-Wear,Women,Outerwear,Coats,MV,Maison Voss,200,50,J347,MV Flagship Tokyo,26206.44,8180.66,45,38314.85,33454.51,9315.19,52,44274.94,140,109,31,153,149,0
MV-98188,Women Knee High Heritage,SBL,Sable,Footwear,Women,Boots,Knee High,MV,Maison Voss,200,50,J347,MV Flagship Tokyo,43990.61,13339.7,55,62037.8,37132.43,9405.58,45,50758.2,71,66,5,62,45,0
MV-73242,Men Chain Belts Luxe,ANT,Anthracite,Leather Goods,Men,Belts,Chain Belts,MV,Maison Voss,200,50,J347,MV Flagship Tokyo,115536.64,33520.69,317,166629.2,83072.26,30420.36,230,120898.16,848,748,100,560,500,0
MV-97684,Unisex Bracelets Luxe,ROG,Rouge,Accessories,Unisex,Jewelry,Bracelets,MV,Maison Voss,200,50,J347,MV Flagship Tokyo,26546.35,7005.32,63,34462.87,35830.2,9317.57,78,42668.32,120,113,7,153,99,0
MV-76263,Women High Top Essential,CRM,Creme,Footwear,Women,Sneakers,High Top,MV,Maison Voss,200,50,J347,MV Flagship Tokyo,36119.06,10115.62,41,48590.98,24490.57,6208.27,29,34369.23,78,65,13,57,51,0
MV-16265,Women Chain Belts Signature,ANT,Anthracite,Leather Goods,Women,Belts,Chain Belts,MVS,MV Signature,200,20,J347,MV Flagship Tokyo,103045.43,30572.73,135,129642.0,128782.29,45334.55,162,155570.4,214,171,43,241,237,0
MV-20543,Men Check-In Classic,VRT,Vert,Leather Goods,Men,Luggage,Check-In,MVS,MV Signature,200,20,J347,MV Flagship Tokyo,314290.14,83678.42,389,365185.51,381260.99,140561.69,502,471267.67,926,568,358,1245,967,0
MV-73242,Men Chain Belts Luxe,CHP,Champagne,Leather Goods,Men,Belts,Chain Belts,MV,Maison Voss,200,20,J347,MV Flagship Tokyo,22887.98,7564.37,53,29816.05,24658.74,8486.13,53,29816.05,102,98,4,85,74,0
MV-59672,Women Shoulder Bags Classic,CAM,Camel,Leather Goods,Women,Handbags,Shoulder Bags,MV,Maison Voss,200,50,J347,MV Flagship Tokyo,8862.78,2954.28,15,10879.21,6927.71,2418.1,11,7978.08,17,15,2,14,11,0
MV-86483,Women Wallets Luxe,NOI,Noir,Leather Goods,Women,Small Leather Goods,Wallets,MVS,MV Signature,200,20,J347,MV Flagship Tokyo,57176.56,20752.31,85,70316.46,52760.87,18460.69,81,67007.45,147,111,36,113,110,0
MV-98501,Women Blouses Relaxed,NOI,Noir,Ready-to-Wear,Women,Tops,Blouses,MVS,MV Signature,200,50,J347,MV Flagship Tokyo,185020.82,51481.32,266,268300.59,227101.29,70057.27,299,301586.0,452,382,70,516,360,0
MV-62521,Women Silk Scarves Luxe,CRM,Creme,Accessories,Women,Scarves,Silk Scarves,MVS,MV Signature,200,20,J347,MV Flagship Tokyo,68291.14,17172.1,155,86592.09,68617.36,19973.04,163,91061.36,429,426,3,446,348,0
MV-40595,Women Day Dresses Heritage,ECR,Ecru,Ready-to-Wear,Women,Dresses,Day Dresses,MVS,MV Signature,200,50,J347,MV Flagship Tokyo,82341.07,30462.13,328,103120.32,93529.05,26762.43,399,125442.1,246,236,10,324,294,0
MV-47243,Men Boots Heritage,ANT,Anthracite,Footwear,Men,Heels,Boots,MV,Maison Voss,200,20,J347,MV Flagship Tokyo,423691.88,106340.48,621,554887.41,458912.16,152988.67,702,627264.03,882,839,43,950,834,0
MV-30730,Men High Top Luxe,ARG,Argent,Footwear,Men,Sneakers,High Top,MV,Maison Voss,200,20,J347,MV Flagship Tokyo,227344.68,61609.75,304,326958.74,291284.77,94351.43,391,420529.17,951,708,243,1229,803,0
MV-68138,Women Tops Modern,ROG,Rouge,Ready-to-Wear,Women,Tops,Tops,MV,Maison Voss,200,30,J347,MV Flagship Tokyo,50811.45,17652.09,179,66523.46,49418.2,14972.28,171,63550.34,463,381,82,531,423,0
MV-84341,Men Sandals Signature,ECR,Ecru,Footwear,Men,Heels,Sandals,MV,Maison Voss,200,20,J347,MV Flagship Tokyo,71324.39,23663.83,131,103467.95,67111.35,17062.57,121,95569.64,355,242,113,271,268,0
MV-44664,Women Shoulder Bags Modern,BLU,Bleu Marine,Leather Goods,Women,Handbags,Shoulder Bags,MVS,MV Signature,200,20,J347,MV Flagship Tokyo,3227.64,1076.67,7,4079.98,2239.65,831.95,5,2914.27,9,7,2,6,5,0
MV-62044,Women Low Top Classic,CHP,Champagne,Footwear,Women,Sneakers,Low Top,MVS,MV Signature,200,50,J347,MV Flagship Tokyo,430182.33,112675.42,805,574219.46,427706.61,149611.41,872,622011.64,3184,2521,663,2829,2181,0
MV-59308,Men Knitwear Essential,VRT,Vert,Ready-to-Wear,Men,Tops,Knitwear,MVS,MV Signature,200,30,J347,MV Flagship Tokyo,38934.05,12735.28,93,51310.27,40525.26,11406.81,92,50758.55,337,264,73,276,236,0
MV-31581,Men Key Holders Slim,CRM,Creme,Leather Goods,Men,Small Leather Goods,Key Holders,MVS,MV Signature,200,30,J347,MV Flagship Tokyo,19607.8,7172.62,32,28536.06,16240.29,5691.61,25,22293.79,65,43,22,45,44,0
MV-92203,Men Clutches,IVR,Ivoire,Leather Goods,Men,Handbags,Clutches,MV,Maison Voss,200,50,J347,MV Flagship Tokyo,199377.52,72140.09,212,301099.62,230247.63,86460.03,215,305360.47,127,124,3,140,93,0
MV-80468,Men Blouses Relaxed,BRG,Bordeaux,Ready-to-Wear,Men,Tops,Blouses,MVS,MV Signature,200,50,J347,MV Flagship Tokyo,30130.52,10672.25,64,41915.9,33120.2,12434.96,69,45190.58,169,145,24,169,147,0
MV-38760,Unisex Rings Heritage,IVR,Ivoire,Accessories,Unisex,Jewelry,Rings,MV,Maison Voss,200,20,J347,MV Flagship Tokyo,87139.13,25208.23,170,113032.18,88806.09,31203.68,181,120346.02,504,490,14,621,514,0
MV-48462,Women Ankle Boots Relaxed,ROG,Rouge,Footwear,Women,Boots,Ankle Boots,MVS,MV Signature,200,50,J347,MV Flagship Tokyo,70770.53,26639.85,171,92730.55,60342.62,21308.13,169,91645.98,451,339,112,366,224,0
MV-28714,Men Trousers Luxe,BLU,Bleu Marine,Ready-to-Wear,Men,Bottoms,Trousers,MV,Maison Voss,200,50,J347,MV Flagship Tokyo,69146.63,20182.51,114,85304.5,51382.37,15409.62,92,68842.23,348,225,123,305,190,0
MV-31632,Women Weekender Luxe,BRG,Bordeaux,Leather Goods,Women,Luggage,Weekender,MV,Maison Voss,200,20,J347,MV Flagship Tokyo,123505.72,46181.65,350,177907.05,122859.61,45618.65,388,197222.67,914,770,144,981,818,0
MV-40595,Women Day Dresses Heritage,BLU,Bleu Marine,Ready-to-Wear,Women,Dresses,Day Dresses,MVS,MV Signature,200,70,J347,MV Flagship Tokyo,18447.14,4756.86,59,22933.55,14450.59,3907.05,52,20212.62,129,123,6,95,58,0
MV-99181,Women Blazers Modern,BRG,Bordeaux,Ready-to-Wear,Women,Outerwear,Blazers,MVS,MV Signature,200,20,J347,MV Flagship Tokyo,69477.04,24486.74,115,93016.72,81935.14,29685.74,145,117281.95,314,218,96,338,274,0
MV-22833,Women Midi Dresses Classic,CHP,Champagne,Ready-to-Wear,Women,Dresses,Midi Dresses,MVS,MV Signature,200,20,J347,MV Flagship Tokyo,48796.84,14071.75,149,65229.52,38544.12,12677.36,115,50344.93,320,242,78,202,156,0
MV-28776,Women Sandals Essential,ECR,Ecru,Footwear,Women,Heels,Sandals,MV,Maison Voss,200,50,J347,MV Flagship Tokyo,84482.34,27112.57,211,102187.18,66353.67,21829.78,160,77487.91,172,131,41,111,92,0
MV-38760,Unisex Rings Heritage,CRM,Cognac,Accessories,Unisex,Jewelry,Rings,MV,Maison Voss,200,50,J347,MV Flagship Tokyo,85030.37,28529.57,296,100039.93,92669.16,34400.13,361,122008.15,270,184,86,320,192,0
MV-49363,Unisex Cashmere Scarves,RSE,Rose Poudre,Accessories,Unisex,Scarves,Cashmere Scarves,MVS,MV Signature,200,30,J347,MV Flagship Tokyo,27212.25,9663.42,97,38111.86,21766.89,8162.75,77,30253.75,101,63,38,93,73,0
MV-38760,Unisex Rings Heritage,BLU,Bleu Marine,Accessories,Unisex,Jewelry,Rings,MV,Maison Voss,200,20,J347,MV Flagship Tokyo,65533.02,22048.51,201,81297.87,57157.12,20808.05,185,74826.39,185,134,51,170,110,0
MV-14705,Men Baseball Caps Modern,VRT,Vert,Accessories,Men,Hats,Baseball Caps,MVS,MV Signature,200,20,J347,MV Flagship Tokyo,7642.62,2467.1,31,9615.53,8830.48,2600.21,37,11476.6,38,34,4,42,35,0
MV-62383,Men Berets Relaxed,GRG,Greige,Accessories,Men,Hats,Berets,MVS,MV Signature,200,20,J347,MV Flagship Tokyo,332460.55,101744.79,522,444307.63,407603.15,116535.93,645,549000.81,1915,1607,308,1942,1832,0
MV-90301,Men High Top,CAM,Camel,Footwear,Men,Sneakers,High Top,MVS,MV Signature,200,20,J347,MV Flagship Tokyo,69167.51,22908.65,93,85973.43,76375.98,24148.4,98,90595.66,332,323,9,377,306,0
MV-39389,Women Mules Modern,BRG,Bordeaux,Footwear,Women,Heels,Mules,MVS,MV Signature,200,20,J347,MV Flagship Tokyo,67785.16,21551.98,253,98445.4,71126.49,21629.11,251,97667.17,771,560,211,885,610,0
MV-50213,Women Tops Slim,IVR,Ivoire,Ready-to-Wear,Women,Tops,Tops,MV,Maison Voss,200,20,J347,MV Flagship Tokyo,2015.09,651.45,3,2598.34,1855.04,533.52,3,2598.34,2,1,1,2,1,0
MV-74866,Women Wool Scarves Luxe,RSE,Rose Poudre,Accessories,Women,Scarves,Wool Scarves,MV,Maison Voss,200,20,J347,MV Flagship Tokyo,20847.21,5384.15,44,25790.05,17820.9,4797.63,41,24031.64,175,126,49,151,107,0
MV-79615,Women Midi Dresses Slim,BRG,Bordeaux,Ready-to-Wear,Women,Dresses,Midi Dresses,MV,Maison Voss,200,20,J347,MV Flagship Tokyo,79397.21,21232.58,129,113211.39,93523.38,24778.99,158,138662.01,131,78,53,166,107,0
MV-55830,Women Jeans Heritage,CRM,Cognac,Ready-to-Wear,Women,Bottoms,Jeans,MV,Maison Voss,200,20,J347,MV Flagship Tokyo,250632.31,69139.63,408,334675.81,226821.24,64845.75,364,298583.32,878,861,17,857,837,0
MV-74866,Women Wool Scarves Luxe,GRG,Greige,Accessories,Women,Scarves,Wool Scarves,MV,Maison Voss,200,20,J347,MV Flagship Tokyo,85864.27,29367.27,145,121970.81,92849.2,30775.43,157,132064.95,300,298,2,304,236,0
MV-25974,Women Chain Belts,BEG,Beige,Leather Goods,Women,Belts,Chain Belts,MV,Maison Voss,200,20,J347,MV Flagship Tokyo,329706.7,89087.63,515,409532.23,334664.62,85561.33,523,415893.89,1412,1180,232,1560,1555,0
MV-68529,Men Ankle Boots,CHP,Champagne,Footwear,Men,Boots,Ankle Boots,MVS,MV Signature,200,20,J347,MV Flagship Tokyo,110950.06,40789.29,128,152458.84,134472.38,36722.54,146,173898.36,361,323,38,381,374,0
MV-98188,Women Knee High Heritage,BEG,Beige,Footwear,Women,Boots,Knee High,MV,Maison Voss,200,20,J347,MV Flagship Tokyo,67317.89,22353.34,130,89915.3,65992.16,17851.74,137,94756.89,203,123,80,252,164,0
MV-35995,Unisex Check-In Modern,NVY,Navy,Leather Goods,Unisex,Luggage,Check-In,MVS,MV Signature,200,20,J347,MV Flagship Tokyo,15588.87,5850.78,24,22560.66,17790.51,5620.77,27,25380.74,55,48,7,67,65,0
MV-20682,Men Loafers Slim,TRP,Taupe,Footwear,Men,Flats,Loafers,MVS,MV Signature,200,20,J347,MV Flagship Tokyo,169326.75,54245.1,314,220907.33,108830.85,29397.11,220,154775.83,497,447,50,333,284,0
MV-23434,Women Card Holders,CRM,Cognac,Leather Goods,Women,Small Leather Goods,Card Holders,MV,Maison Voss,200,20,J347,MV Flagship Tokyo,40627.11,14226.15,54,60071.51,33222.54,10898.71,43,47834.72,80,60,20,64,60,0
MV-56019,Men Shorts Slim,CAM,Camel,Ready-to-Wear,Men,Bottoms,Shorts,MV,Maison Voss,200,20,J347,MV Flagship Tokyo,105506.88,38068.9,445,141739.57,104491.24,38542.03,443,141102.54,1489,1158,331,1638,1522,0
MV-22833,Women Midi Dresses Classic,TRP,Taupe,Ready-to-Wear,Women,Dresses,Midi Dresses,MVS,MV Signature,200,20,J347,MV Flagship Tokyo,149937.91,41710.79,468,180829.28,136994.61,42558.37,468,180829.28,344,323,21,363,239,0
MV-59391,Women Weekender Signature,GRG,Greige,Leather Goods,Women,Luggage,Weekender,MVS,MV Signature,200,20,J347,MV Flagship Tokyo,380557.2,113773.47,556,483087.5,383308.07,138941.0,537,466579.11,1996,1796,200,1743,1708,0
MV-49363,Unisex Cashmere Scarves,RSE,Rose Poudre,Accessories,Unisex,Scarves,Cashmere Scarves,MVS,MV Signature,200,20,J347,MV Flagship Tokyo,45900.3,17227.46,142,63869.6,35687.54,10909.69,119,53524.53,104,62,42,75,53,0
MV-66531,Unisex Key Holders Modern,TRP,Taupe,Leather Goods,Unisex,Small Leather Goods,Key Holders,MVS,MV Signature,200,70,J347,MV Flagship Tokyo,102083.01,34924.92,219,147541.88,103507.64,33786.05,235,158321.2,340,284,56,354,247,0
MV-51116,Unisex Tops Essential,CRM,Cognac,Ready-to-Wear,Unisex,Tops,Tops,MV,Maison Voss,200,20,J347,MV Flagship Tokyo,76033.34,24521.7,292,107382.25,52614.11,13740.36,215,79065.7,586,432,154,439,351,0
MV-17816,Women Trousers Slim,CHP,Champagne,Ready-to-Wear,Women,Bottoms,Trousers,MV,Maison Voss,200,70,J347,MV Flagship Tokyo,12328.96,4427.28,27,17816.63,8341.25,2149.77,19,12537.63,87,75,12,72,51,0
MV-56955,Women Ballet Flats Relaxed,TAN,Tan,Footwear,Women,Flats,Ballet Flats,MVS,MV Signature,200,20,J347,MV Flagship Tokyo,98333.49,32924.49,178,114211.67,73090.84,25291.53,146,93679.23,611,575,36,481,450,0
MV-95918,Women Suit Sets Modern,IVR,Ivoire,Ready-to-Wear,Women,Suits,Suit Sets,MV,Maison Voss,200,20,J347,MV Flagship Tokyo,2436.15,643.35,6,3398.47,2615.66,952.65,6,3398.47,20,15,5,27,23,0
MV-69048,Women Tops Luxe,BEG,Beige,Ready-to-Wear,Women,Tops,Tops,MV,Maison Voss,200,20,J347,MV Flagship Tokyo,71008.15,23655.29,133,90393.81,82532.96,30041.04,144,97869.99,158,131,27,164,131,0
MV-80236,Women Coats Slim,BRG,Bordeaux,Ready-to-Wear,Women,Outerwear,Coats,MVS,MV Signature,200,20,J347,MV Flagship Tokyo,16475.77,5643.53,32,23141.87,18619.18,4745.09,38,27480.97,25,23,2,33,23,0
MV-99224,Men Day Dresses Relaxed,ARG,Argent,Ready-to-Wear,Men,Dresses,Day Dresses,MVS,MV Signature,200,20,J347,MV Flagship Tokyo,25912.79,7138.17,39,33029.64,29942.05,8253.92,45,38111.12,145,122,23,148,98,0
MV-93746,Women Blazers Essential,TRP,Taupe,Ready-to-Wear,Women,Suits,Blazers,MV,Maison Voss,200,50,J347,MV Flagship Tokyo,49008.09,18136.91,88,63692.23,42512.01,11898.2,79,57178.26,73,70,3,76,73,0
MV-80807,Men Ballet Flats Heritage,ECR,Ecru,Footwear,Men,Flats,Ballet Flats,MV,Maison Voss,200,20,J347,MV Flagship Tokyo,69534.58,23093.99,109,85997.95,72883.0,18731.77,127,100199.45,227,161,66,248,211,0
MV-99181,Women Blazers Modern,ROG,Rouge,Ready-to-Wear,Women,Outerwear,Blazers,MVS,MV Signature,200,50,J347,MV Flagship Tokyo,57568.01,18883.84,189,69265.95,40499.25,10441.28,136,49842.16,662,397,265,536,426,0
MV-30866,Women Loafers Modern,GRG,Greige,Footwear,Women,Flats,Loafers,MVS,MV Signature,200,50,J347,MV Flagship Tokyo,3402.67,1107.45,14,4867.93,3034.41,1061.05,12,4172.51,22,17,5,21,14,0
MV-86483,Women Wallets Luxe,BRG,Bordeaux,Leather Goods,Women,Small Leather Goods,Wallets,MVS,MV Signature,200,20,J347,MV Flagship Tokyo,119418.21,35406.88,135,159456.45,86339.9,28335.75,95,112210.09,202,155,47,136,128,0
MV-93717,Women Leather Belts Heritage,GRG,Greige,Leather Goods,Women,Belts,Leather Belts,MVS,MV Signature,200,30,J347,MV Flagship Tokyo,37527.73,11012.86,39,46043.87,29664.76,8035.69,32,37779.58,68,42,26,59,39,0
MV-71797,Men Shoulder Bags Classic,CHP,Champagne,Leather Goods,Men,Handbags,Shoulder Bags,MVS,MV Signature,200,20,J347,MV Flagship Tokyo,101804.05,32143.87,165,143976.48,124352.73,40899.03,181,157937.83,124,121,3,162,111,0
MV-69473,Women Chain Belts Heritage,ARG,Argent,Leather Goods,Women,Belts,Chain Belts,MVS,MV Signature,200,20,J347,MV Flagship Tokyo,133759.42,44253.02,196,181462.95,143840.17,54608.96,200,185166.28,569,492,77,645,584,0
MV-72722,Women Midi Dresses Slim,RSE,Rose Poudre,Ready-to-Wear,Women,Dresses,Midi Dresses,MVS,MV Signature,200,20,J347,MV Flagship Tokyo,61325.62,15790.81,157,80253.87,80235.9,24855.29,203,103767.74,100,72,28,129,82,0
MV-49363,Unisex Cashmere Scarves,TRP,Taupe,Accessories,Unisex,Scarves,Cashmere Scarves,MVS,MV Signature,200,20,J347,MV Flagship Tokyo,141514.64,49242.21,259,185697.58,106953.21,31989.94,197,141244.88,791,530,261,562,413,0
MV-35203,Men Blazers Modern,VRT,Vert,Ready-to-Wear,Men,Outerwear,Blazers,MVS,MV Signature,200,50,J347,MV Flagship Tokyo,32087.33,8735.26,79,40204.11,44869.43,11458.54,100,50891.28,60,58,2,73,44,0
MV-91830,Women Bracelets,BRG,Bordeaux,Accessories,Women,Jewelry,Bracelets,MV,Maison Voss,200,20,J347,MV Flagship Tokyo,56469.3,14739.69,280,77082.92,57833.11,20857.62,311,85617.1,599,425,174,623,417,0
MV-49363,Unisex Cashmere Scarves,CAM,Camel,Accessories,Unisex,Scarves,Cashmere Scarves,MVS,MV Signature,200,20,J347,MV Flagship Tokyo,57823.42,19311.0,109,75480.99,58396.57,15941.91,120,83098.33,319,241,78,349,310,0
MV-53025,Men Loafers Heritage,SBL,Sable,Footwear,Men,Flats,Loafers,MV,Maison Voss,200,50,J347,MV Flagship Tokyo,85058.54,24929.73,128,113100.32,95828.47,31255.73,152,134306.63,245,235,10,272,206,0
MV-94058,Women Chain Belts,BRG,Bordeaux,Leather Goods,Women,Belts,Chain Belts,MVS,MV Signature,200,20,J347,MV Flagship Tokyo,124698.47,45373.24,202,170002.99,98276.35,32318.07,178,149804.61,211,194,17,176,131,0
MV-90356,Women Loafers Signature,GRG,Greige,Footwear,Women,Flats,Loafers,MV,Maison Voss,200,50,J347,MV Flagship Tokyo,1954.38,500.62,3,2543.65,1296.58,488.79,2,1695.77,3,2,1,2,1,0
MV-30644,Men Chain Belts Slim,IVR,Ivoire,Leather Goods,Men,Belts,Chain Belts,MV,Maison Voss,200,20,J347,MV Flagship Tokyo,187743.34,48658.55,205,248933.73,141398.48,48498.62,167,202789.92,393,322,71,372,295,0
MV-76249,Men Clutches Luxe,TAN,Tan,Leather Goods,Men,Handbags,Clutches,MV,Maison Voss,200,20,J347,MV Flagship Tokyo,145793.45,38838.89,186,201463.29,110071.49,36074.48,135,146223.35,346,235,111,231,223,0
MV-88222,Men Suit Trousers Heritage,VRT,Vert,Ready-to-Wear,Men,Suits,Suit Trousers,MV,Maison Voss,200,20,J347,MV Flagship Tokyo,16800.7,4424.12,71,24562.88,14093.86,4137.15,63,21795.23,121,78,43,123,89,0
MV-91490,Women Midi Dresses,ECR,Ecru,Ready-to-Wear,Women,Dresses,Midi Dresses,MV,Maison Voss,200,20,J347,MV Flagship Tokyo,4592.95,1620.88,17,5570.99,3893.84,1327.23,14,4587.87,24,19,5,18,13,0
MV-69048,Women Tops Luxe,NVY,Navy,Ready-to-Wear,Women,Tops,Tops,MV,Maison Voss,200,50,J347,MV Flagship Tokyo,7851.68,2331.9,18,10760.19,4654.74,1442.61,12,7173.46,20,16,4,16,13,0
MV-62521,Women Silk Scarves Luxe,TAN,Tan,Accessories,Women,Scarves,Silk Scarves,MVS,MV Signature,200,20,J347,MV Flagship Tokyo,196735.41,68032.9,497,266586.95,161398.48,57896.85,389,208656.59,1656,1452,204,1537,1014,0
MV-89507,Women Blazers Essential,CRM,Creme,Ready-to-Wear,Women,Outerwear,Blazers,MV,Maison Voss,200,20,J347,MV Flagship Tokyo,158728.18,58671.41,226,185700.16,119721.96,35895.77,191,156941.29,287,243,44,217,136,0
MV-42087,Men Slides Slim,SBL,Sable,Footwear,Men,Flats,Slides,MV,Maison Voss,200,20,J347,MV Flagship Tokyo,12868.35,4036.91,26,15553.1,9916.11,2528.11,21,12562.12,89,64,25,75,64,0
MV-52487,Men Mini Bags Luxe,BLU,Bleu Marine,Leather Goods,Men,Handbags,Mini Bags,MV,Maison Voss,200,50,J347,MV Flagship Tokyo,31755.52,11694.26,85,42689.29,24744.89,9048.17,60,30133.62,155,147,8,100,78,0
MV-29080,Men Jackets Relaxed,RSE,Rose Poudre,Ready-to-Wear,Men,Outerwear,Jackets,MV,Maison Voss,200,50,J347,MV Flagship Tokyo,47803.78,15315.38,173,65463.21,46995.95,17050.65,183,69247.21,483,405,78,589,561,0
MV-90031,Women Loafers Heritage,NOI,Noir,Footwear,Women,Flats,Loafers,MV,Maison Voss,200,50,J347,MV Flagship Tokyo,228935.45,59587.12,349,333797.2,215149.25,61433.01,307,293626.76,1222,1131,91,1080,897,0
MV-69634,Women Day Dresses Signature,BLU,Bleu Marine,Ready-to-Wear,Women,Dresses,Day Dresses,MVS,MV Signature,200,20,J347,MV Flagship Tokyo,1722.06,524.02,8,2377.31,1432.0,383.31,6,1782.98,20,19,1,13,9,0
MV-72722,Women Midi Dresses Slim,ECR,Ecru,Ready-to-Wear,Women,Dresses,Midi Dresses,MVS,MV Signature,200,20,J347,MV Flagship Tokyo,27695.84,7073.88,52,33765.05,17713.24,6177.4,38,24674.46,111,108,3,89,67,0
MV-59308,Men Knitwear Essential,GRG,Greige,Ready-to-Wear,Men,Tops,Knitwear,MVS,MV Signature,200,20,J347,MV Flagship Tokyo,139789.45,39242.35,427,183804.95,182045.92,53032.52,514,221254.67,1645,1323,322,1799,1516,0
MV-49363,Unisex Cashmere Scarves,IVR,Ivoire,Accessories,Unisex,Scarves,Cashmere Scarves,MVS,MV Signature,200,20,J347,MV Flagship Tokyo,227.93,57.04,1,273.08,203.57,68.23,1,273.08,0,0,0,0,0,0
MV-69459,Women Rings Signature,CAM,Camel,Accessories,Women,Jewelry,Rings,MV,Maison Voss,200,20,J347,MV Flagship Tokyo,9805.77,3616.79,43,12615.88,8059.05,2884.34,35,10268.74,137,97,40,108,67,0
MV-80282,Unisex Baseball Caps Signature,CAM,Camel,Accessories,Unisex,Hats,Baseball Caps,MV,Maison Voss,200,50,J347,MV Flagship Tokyo,245907.47,69792.9,619,352322.29,255722.36,83769.99,648,368828.51,1107,975,132,1149,1128,0
MV-33703,Men Earrings Slim,IVR,Ivoire,Accessories,Men,Jewelry,Earrings,MVS,MV Signature,200,70,J347,MV Flagship Tokyo,70797.36,19736.72,184,106916.14,53106.04,14564.54,142,82511.37,435,300,135,404,270,0
MV-79942,Men Blazers Essential,BLU,Bleu Marine,Ready-to-Wear,Men,Outerwear,Blazers,MVS,MV Signature,200,20,J347,MV Flagship Tokyo,28972.48,9737.86,58,40209.87,23500.59,6086.54,45,31197.31,122,96,26,89,70,0
MV-57920,Women Blazers Slim,ECR,Ecru,Ready-to-Wear,Women,Outerwear,Blazers,MV,Maison Voss,200,20,J347,MV Flagship Tokyo,2725.68,811.49,13,3526.94,3125.18,1164.74,14,3798.24,30,28,2,35,30,0
MV-62521,Women Silk Scarves Luxe,TAN,Tan,Accessories,Women,Scarves,Silk Scarves,MVS,MV Signature,200,30,J347,MV Flagship Tokyo,1991.32,556.54,5,2658.43,1989.58,691.34,5,2658.43,13,8,5,12,8,0
MV-29597,Women Leather Belts,CHP,Champagne,Leather Goods,Women,Belts,Leather Belts,MV,Maison Voss,200,20,J347,MV Flagship Tokyo,30834.96,10924.58,54,44490.82,39003.06,13256.32,67,55201.57,162,159,3,232,141,0
MV-54657,Women Evening Dresses Slim,ECR,Ecru,Ready-to-Wear,Women,Dresses,Evening Dresses,MV,Maison Voss,200,50,J347,MV Flagship Tokyo,92344.46,32833.88,413,123614.1,115657.72,40745.57,500,149653.88,1617,1463,154,1815,1428,0
MV-86556,Women Evening Dresses Classic,NOI,Noir,Ready-to-Wear,Women,Dresses,Evening Dresses,MV,Maison Voss,200,70,J347,MV Flagship Tokyo,24825.39,7960.63,104,29838.52,28630.93,9286.97,129,37011.24,340,256,84,392,283,0
MV-31798,Women Shoulder Bags Essential,CAM,Camel,Leather Goods,Women,Handbags,Shoulder Bags,MV,Maison Voss,200,50,J347,MV Flagship Tokyo,243139.12,83346.26,246,310948.9,189095.2,67065.42,182,230051.63,931,928,3,815,609,0
MV-49618,Men Square Frames Classic,CRM,Cognac,Accessories,Men,Sunglasses,Square Frames,MV,Maison Voss,200,30,J347,MV Flagship Tokyo,122757.06,32535.41,485,154251.28,115036.05,34700.41,463,147254.32,766,486,280,663,641,0
MV-54725,Women Suit Trousers Classic,GRG,Greige,Ready-to-Wear,Women,Suits,Suit Trousers,MV,Maison Voss,200,20,J347,MV Flagship Tokyo,65770.11,16947.54,101,78470.82,67270.44,20276.73,114,88571.02,139,85,54,139,114,0
MV-51704,Women Fedoras Luxe,GRG,Greige,Accessories,Women,Hats,Fedoras,MV,Maison Voss,200,20,J347,MV Flagship Tokyo,19250.63,5723.47,41,27219.79,17808.2,5871.7,35,23236.41,160,158,2,126,100,0
MV-79822,Unisex Fedoras Slim,CHP,Champagne,Accessories,Unisex,Hats,Fedoras,MV,Maison Voss,200,20,J347,MV Flagship Tokyo,88456.57,22126.15,141,117529.06,105419.01,29766.89,170,141701.71,75,73,2,78,61,0
MV-72722,Women Midi Dresses Slim,TRP,Taupe,Ready-to-Wear,Women,Dresses,Midi Dresses,MVS,MV Signature,200,30,J347,MV Flagship Tokyo,141713.75,50173.91,462,196201.59,119600.35,41282.66,362,153733.72,1460,1261,199,948,619,0
MV-30253,Men Weekender Essential,ANT,Anthracite,Leather Goods,Men,Luggage,Weekender,MVS,MV Signature,200,50,J347,MV Flagship Tokyo,302804.81,93557.06,316,412368.6,300651.29,101018.46,288,375829.61,610,492,118,543,399,0
MV-80807,Men Ballet Flats Heritage,VRT,Vert,Footwear,Men,Flats,Ballet Flats,MV,Maison Voss,200,30,J347,MV Flagship Tokyo,7794.15,2083.8,13,9091.24,7492.91,2684.67,12,8391.91,40,25,15,37,30,0
MV-97684,Unisex Bracelets Luxe,CAM,Camel,Accessories,Unisex,Jewelry,Bracelets,MV,Maison Voss,200,30,J347,MV Flagship Tokyo,54784.82,16037.73,228,75931.76,39595.3,11000.67,170,56615.79,159,125,34,126,93,0
MV-64524,Women Check-In Modern,ANT,Anthracite,Leather Goods,Women,Luggage,Check-In,MV,Maison Voss,200,30,J347,MV Flagship Tokyo,108514.46,33418.28,164,132836.97,127638.43,35307.74,188,152276.53,608,387,221,785,650,0
MV-60052,Unisex Evening Dresses,VRT,Vert,Ready-to-Wear,Unisex,Dresses,Evening Dresses,MVS,MV Signature,200,20,J347,MV Flagship Tokyo,317258.33,85296.84,461,403977.06,374923.15,114932.33,500,438152.99,1122,1026,96,1075,708,0
MV-46421,Women Knee High Slim,ROG,Rouge,Footwear,Women,Boots,Knee High,MVS,MV Signature,200,20,J347,MV Flagship Tokyo,16904.78,4817.17,25,23347.78,19321.39,7028.51,30,28017.34,15,13,2,21,19,0
MV-70648,Women Tops,TAN,Tan,Ready-to-Wear,Women,Tops,Tops,MV,Maison Voss,200,20,J347,MV Flagship Tokyo,48605.68,17590.36,147,64125.01,49128.83,16145.85,156,68051.03,536,444,92,490,430,0
MV-78146,Men Day Dresses,ANT,Anthracite,Ready-to-Wear,Men,Dresses,Day Dresses,MV,Maison Voss,200,20,J347,MV Flagship Tokyo,123131.66,42416.59,410,175643.6,96967.96,34070.78,351,150368.06,953,867,86,742,711,0
MV-36318,Women Ankle Boots Slim,VRT,Vert,Footwear,Women,Boots,Ankle Boots,MV,Maison Voss,200,20,J347,MV Flagship Tokyo,34060.76,10348.93,102,43365.97,41989.19,13139.89,120,51018.79,339,229,110,412,288,0
MV-54089,Unisex Blazers,BRG,Bordeaux,Ready-to-Wear,Unisex,Outerwear,Blazers,MVS,MV Signature,200,20,J347,MV Flagship Tokyo,45147.86,12892.06,127,60850.15,36774.36,12873.61,101,48392.64,355,223,132,333,317,0
MV-51116,Unisex Tops Essential,BEG,Beige,Ready-to-Wear,Unisex,Tops,Tops,MV,Maison Voss,200,50,J347,MV Flagship Tokyo,8352.32,2276.88,14,11143.45,8867.54,2245.43,15,11939.41,29,27,2,30,27,0
MV-71057,Women Boots,SBL,Sable,Footwear,Women,Heels,Boots,MVS,MV Signature,200,30,J347,MV Flagship Tokyo,18200.84,5753.53,63,24195.31,18288.57,6073.72,66,25347.47,201,185,16,181,110,0
MV-76249,Men Clutches Luxe,SBL,Sable,Leather Goods,Men,Handbags,Clutches,MV,Maison Voss,200,20,J347,MV Flagship Tokyo,33461.25,8955.09,76,47747.95,24251.99,6467.73,56,35182.7,233,174,59,197,167,0
MV-89963,Women Cat Eye Luxe,CHP,Champagne,Accessories,Women,Sunglasses,Cat Eye,MV,Maison Voss,200,30,J347,MV Flagship Tokyo,330196.25,83304.44,562,410971.52,280617.04,82689.15,509,372214.42,1574,1091,483,1174,793,0
MV-26505,Men Leather Belts Relaxed,ECR,Ecru,Leather Goods,Men,Belts,Leather Belts,MV,Maison Voss,200,50,J347,MV Flagship Tokyo,49168.58,17312.85,64,63810.73,48023.05,15647.24,66,65804.82,221,171,50,245,221,0
MV-55830,Women Jeans Heritage,CHP,Champagne,Ready-to-Wear,Women,Bottoms,Jeans,MV,Maison Voss,200,20,J347,MV Flagship Tokyo,25963.35,7988.59,119,33169.27,21734.92,6676.77,105,29267.0,169,156,13,168,115,0
MV-94675,Women Trousers Essential,ANT,Anthracite,Ready-to-Wear,Women,Bottoms,Trousers,MVS,MV Signature,200,50,J347,MV Flagship Tokyo,73356.06,24700.24,215,95152.13,55307.02,17001.58,161,71253.46,838,821,17,593,442,0
MV-53655,Women Leather Belts Slim,CHP,Champagne,Leather Goods,Women,Belts,Leather Belts,MV,Maison Voss,200,20,J347,MV Flagship Tokyo,25408.15,6812.32,34,32464.95,20147.67,6905.49,27,25780.99,134,93,41,112,75,0
MV-14705,Men Baseball Caps Modern,IVR,Ivoire,Accessories,Men,Hats,Baseball Caps,MVS,MV Signature,200,50,J347,MV Flagship Tokyo,32192.38,11301.49,129,43814.69,31740.44,11451.21,136,46192.23,116,72,44,118,76,0
MV-96275,Women Coats Essential,ECR,Ecru,Ready-to-Wear,Women,Outerwear,Coats,MV,Maison Voss,200,70,J347,MV Flagship Tokyo,96235.43,27382.79,259,118251.65,85205.12,25183.64,225,102728.27,258,222,36,249,233,0
MV-38903,Men Coats Essential,VRT,Vert,Ready-to-Wear,Men,Outerwear,Coats,MV,Maison Voss,200,20,J347,MV Flagship Tokyo,203010.08,65530.93,390,291991.98,250755.29,78847.34,504,377343.48,387,356,31,478,455,0
MV-41029,Women Ballet Flats Luxe,ARG,Argent,Footwear,Women,Flats,Ballet Flats,MV,Maison Voss,200,20,J347,MV Flagship Tokyo,77771.02,21547.35,190,113046.18,64635.96,23521.96,162,96386.75,610,582,28,565,500,0
MV-54185,Men Trousers Heritage,NOI,Noir,Ready-to-Wear,Men,Bottoms,Trousers,MVS,MV Signature,200,20,J347,MV Flagship Tokyo,112680.01,40418.88,214,145911.87,82665.25,21157.8,154,105002.0,167,110,57,111,106,0
MV-47196,Women Wallets,CHP,Champagne,Leather Goods,Women,Small Leather Goods,Wallets,MVS,MV Signature,200,70,J347,MV Flagship Tokyo,10184.86,3101.88,26,14809.37,7275.14,2407.2,18,10252.64,80,56,24,51,38,0
MV-14852,Men Loafers Slim,CAM,Camel,Footwear,Men,Flats,Loafers,MV,Maison Voss,200,20,J347,MV Flagship Tokyo,325581.15,88487.7,564,476150.27,439497.87,162730.56,720,607851.41,662,463,199,678,483,0
MV-68529,Men Ankle Boots,ANT,Anthracite,Footwear,Men,Boots,Ankle Boots,MVS,MV Signature,200,20,J347,MV Flagship Tokyo,15299.79,4765.04,27,20062.21,13581.77,4675.83,23,17090.03,39,30,9,38,25,0
MV-31798,Women Shoulder Bags Essential,CHP,Champagne,Leather Goods,Women,Handbags,Shoulder Bags,MV,Maison Voss,200,20,J347,MV Flagship Tokyo,327860.48,112912.72,288,404999.7,246632.91,65470.62,209,293906.04,1144,851,293,692,689,0
MV-36318,Women Ankle Boots Slim,BLU,Bleu Marine,Footwear,Women,Boots,Ankle Boots,MV,Maison Voss,200,20,J347,MV Flagship Tokyo,25067.36,9525.46,59,30901.27,29875.3,8158.95,69,36138.77,134,109,25,155,109,0
MV-73736,Women Key Holders Relaxed,NOI,Noir,Leather Goods,Women,Small Leather Goods,Key Holders,MV,Maison Voss,200,50,J347,MV Flagship Tokyo,565965.8,171486.52,525,792664.69,658273.6,245854.83,622,939118.93,1518,1256,262,1829,1150,0
MV-59672,Women Shoulder Bags Classic,BRG,Bordeaux,Leather Goods,Women,Handbags,Shoulder Bags,MV,Maison Voss,200,20,J347,MV Flagship Tokyo,79472.64,22998.4,246,100461.75,101759.81,33576.91,280,114346.7,836,555,281,897,640,0
MV-90031,Women Loafers Heritage,NOI,Noir,Footwear,Women,Flats,Loafers,MV,Maison Voss,200,20,J347,MV Flagship Tokyo,162475.99,50291.41,271,227886.22,133282.8,49872.17,235,197613.51,384,247,137,353,283,0
MV-14852,Men Loafers Slim,CRM,Cognac,Footwear,Men,Flats,Loafers,MV,Maison Voss,200,50,J347,MV Flagship Tokyo,16455.47,4118.29,47,19617.39,18485.82,6725.57,50,20869.56,49,33,16,62,43,0
MV-25043,Men Loafers,RSE,Rose Poudre,Footwear,Men,Flats,Loafers,MVS,MV Signature,200,20,J347,MV Flagship Tokyo,78526.93,25157.22,113,108745.75,59072.46,15515.26,81,77950.49,90,89,1,64,49,0
MV-87993,Women Fedoras Modern,NOI,Noir,Accessories,Women,Hats,Fedoras,MVS,MV Signature,200,50,J347,MV Flagship Tokyo,46887.67,13119.77,186,54168.65,40447.78,14578.01,167,48635.3,664,482,182,670,554,0
MV-77538,Men Check-In Signature,TAN,Tan,Leather Goods,Men,Luggage,Check-In,MV,Maison Voss,200,20,J347,MV Flagship Tokyo,213891.66,53707.92,284,314776.55,235329.39,83917.53,334,370194.96,364,361,3,509,415,0
MV-50213,Women Tops Slim,CRM,Cognac,Ready-to-Wear,Women,Tops,Tops,MV,Maison Voss,200,20,J347,MV Flagship Tokyo,6458.16,2189.92,21,8478.88,7917.37,2403.42,26,10497.66,78,60,18,84,83,0
MV-28714,Men Trousers Luxe,CRM,Cognac,Ready-to-Wear,Men,Bottoms,Trousers,MV,Maison Voss,200,20,J347,MV Flagship Tokyo,393407.27,132706.64,635,507166.54,416408.32,133854.17,662,528731.11,909,548,361,1114,677,0
MV-65296,Women Ankle Boots Slim,CRM,Creme,Footwear,Women,Boots,Ankle Boots,MV,Maison Voss,200,20,J347,MV Flagship Tokyo,186959.15,59570.42,428,259628.97,173108.47,53621.57,395,239610.85,1691,1603,88,1712,1138,0
MV-68493,Women Chain Belts Relaxed,ROG,Rouge,Leather Goods,Women,Belts,Chain Belts,MV,Maison Voss,200,50,J347,MV Flagship Tokyo,27591.88,8987.14,61,39125.84,25267.43,9124.22,59,37843.02,178,132,46,148,97,0
MV-93283,Unisex Wallets Luxe,ECR,Ecru,Leather Goods,Unisex,Small Leather Goods,Wallets,MV,Maison Voss,200,20,J347,MV Flagship Tokyo,326732.67,102756.43,335,431922.49,246735.13,84330.38,250,322330.22,942,603,339,830,522,0
MV-65444,Women Berets,NOI,Noir,Accessories,Women,Hats,Berets,MVS,MV Signature,200,20,J347,MV Flagship Tokyo,54490.53,20045.12,141,65634.34,74860.97,24051.55,178,82857.54,202,139,63,236,205,0
MV-45986,Women Chain Belts Classic,ROG,Rouge,Leather Goods,Women,Belts,Chain Belts,MV,Maison Voss,200,70,J347,MV Flagship Tokyo,45881.02,16613.02,120,60309.68,43685.54,16231.58,120,60309.68,261,168,93,259,195,0
MV-86484,Men Blazers Essential,IVR,Ivoire,Ready-to-Wear,Men,Suits,Blazers,MV,Maison Voss,200,30,J347,MV Flagship Tokyo,18886.19,5073.33,73,27878.83,23753.56,8417.52,87,33225.46,201,138,63,198,156,0
MV-14852,Men Loafers Slim,SBL,Sable,Footwear,Men,Flats,Loafers,MV,Maison Voss,200,20,J347,MV Flagship Tokyo,112004.01,32767.81,168,147878.7,80354.72,22826.33,130,114429.95,615,560,55,516,339,0
MV-79924,Unisex Blazers Modern,NOI,Noir,Ready-to-Wear,Unisex,Outerwear,Blazers,MV,Maison Voss,200,20,J347,MV Flagship Tokyo,169734.34,54763.85,253,215791.53,137746.79,41385.59,218,185938.94,227,182,45,194,147,0
MV-71797,Men Shoulder Bags Classic,SBL,Sable,Leather Goods,Men,Handbags,Shoulder Bags,MVS,MV Signature,200,20,J347,MV Flagship Tokyo,42664.64,10686.09,102,58539.16,53129.2,16734.73,123,70591.33,176,158,18,231,172,0
MV-38683,Men Tops Slim,CAM,Camel,Ready-to-Wear,Men,Tops,Tops,MVS,MV Signature,200,20,J347,MV Flagship Tokyo,50754.7,13483.49,192,66576.69,45769.44,14659.94,168,58254.6,306,225,81,236,192,0
MV-80236,Women Coats Slim,GRG,Greige,Ready-to-Wear,Women,Outerwear,Coats,MVS,MV Signature,200,20,J347,MV Flagship Tokyo,64114.06,20022.59,232,89337.3,90262.19,26665.68,296,113982.07,417,265,152,449,340,0
MV-47512,Men Tops Relaxed,ARG,Argent,Ready-to-Wear,Men,Tops,Tops,MVS,MV Signature,200,70,J347,MV Flagship Tokyo,132163.37,44487.67,240,157045.69,124894.32,46988.91,225,147230.33,769,686,83,635,569,0
MV-54725,Women Suit Trousers Classic,ANT,Anthracite,Ready-to-Wear,Women,Suits,Suit Trousers,MV,Maison Voss,200,20,J347,MV Flagship Tokyo,3979.42,1338.3,10,5389.42,3111.86,1117.83,8,4311.53,13,11,2,8,5,0
MV-23579,Men Cat Eye,TAN,Tan,Accessories,Men,Sunglasses,Cat Eye,MVS,MV Signature,200,20,J347,MV Flagship Tokyo,73617.66,27050.36,380,97869.67,86197.67,32641.2,480,123624.84,1001,689,312,1478,1221,0
MV-25043,Men Loafers,NVY,Navy,Footwear,Men,Flats,Loafers,MVS,MV Signature,200,20,J347,MV Flagship Tokyo,51087.45,15013.31,118,69253.19,48924.32,18463.73,117,68666.29,172,157,15,149,103,0
MV-99181,Women Blazers Modern,TAN,Tan,Ready-to-Wear,Women,Outerwear,Blazers,MVS,MV Signature,200,50,J347,MV Flagship Tokyo,30555.59,9946.34,58,41870.91,34060.43,9361.22,67,48368.12,69,49,20,92,83,0
MV-68138,Women Tops Modern,BRG,Bordeaux,Ready-to-Wear,Women,Tops,Tops,MV,Maison Voss,200,50,J347,MV Flagship Tokyo,33175.31,9065.15,53,46696.51,31178.04,8092.77,48,42291.18,82,55,27,86,75,0
MV-22097,Men Leather Belts Essential,BEG,Beige,Leather Goods,Men,Belts,Leather Belts,MV,Maison Voss,200,20,J347,MV Flagship Tokyo,94116.13,31316.76,127,139373.8,70235.75,23053.57,98,107548.29,304,210,94,260,215,0
MV-85965,Men Fedoras Signature,VRT,Vert,Accessories,Men,Hats,Fedoras,MV,Maison Voss,200,20,J347,MV Flagship Tokyo,178129.82,49809.48,422,252090.72,147319.14,43125.78,335,200119.41,327,249,78,247,234,0
MV-91490,Women Midi Dresses,GRG,Greige,Ready-to-Wear,Women,Dresses,Midi Dresses,MV,Maison Voss,200,20,J347,MV Flagship Tokyo,62275.57,20609.97,92,81186.34,56789.14,15222.33,80,70596.82,317,244,73,309,307,0
MV-84177,Men Leather Belts Classic,RSE,Rose Poudre,Leather Goods,Men,Belts,Leather Belts,MV,Maison Voss,200,70,J347,MV Flagship Tokyo,234329.71,79510.33,268,312355.6,213214.29,65955.29,239,278555.93,962,764,198,801,482,0
MV-27892,Men Suit Trousers Modern,GRG,Greige,Ready-to-Wear,Men,Suits,Suit Trousers,MV,Maison Voss,200,20,J347,MV Flagship Tokyo,10709.76,3732.06,19,13045.33,9458.74,2644.53,17,11672.14,22,15,7,20,18,0
MV-62034,Women Necklaces Luxe,ANT,Anthracite,Accessories,Women,Jewelry,Necklaces,MVS,MV Signature,200,50,J347,MV Flagship Tokyo,62110.66,19431.02,125,77756.59,59705.9,15404.16,119,74024.27,99,84,15,78,48,0
MV-54725,Women Suit Trousers Classic,BEG,Beige,Ready-to-Wear,Women,Suits,Suit Trousers,MV,Maison Voss,200,50,J347,MV Flagship Tokyo,625307.11,205777.32,928,827240.3,751123.21,281996.64,1183,1054553.1,1590,1262,328,2073,1908,0
MV-94675,Women Trousers Essential,CRM,Cognac,Ready-to-Wear,Women,Bottoms,Trousers,MVS,MV Signature,200,50,J347,MV Flagship Tokyo,181165.97,65362.23,285,237577.12,126815.82,46299.35,203,169221.6,183,159,24,119,112,0
MV-12260,Men Knee High Modern,NVY,Navy,Footwear,Men,Boots,Knee High,MVS,MV Signature,200,20,J347,MV Flagship Tokyo,25231.39,8797.24,45,33065.44,23926.41,7296.32,39,28656.71,24,16,8,24,19,0
MV-53064,Men Skirts Slim,SBL,Sable,Ready-to-Wear,Men,Bottoms,Skirts,MV,Maison Voss,200,20,J347,MV Flagship Tokyo,42651.51,13810.42,134,53797.54,29414.99,7892.33,97,38942.99,502,467,35,414,261,0
MV-62521,Women Silk Scarves Luxe,IVR,Ivoire,Accessories,Women,Scarves,Silk Scarves,MVS,MV Signature,200,50,J347,MV Flagship Tokyo,19528.99,7046.23,51,23740.82,18018.74,6479.34,48,22344.3,180,162,18,172,152,0
MV-53025,Men Loafers Heritage,BEG,Beige,Footwear,Men,Flats,Loafers,MV,Maison Voss,200,50,J347,MV Flagship Tokyo,63768.63,16773.24,102,82348.77,70047.33,21048.56,104,83963.45,297,192,105,270,232,0
MV-20543,Men Check-In Classic,CHP,Champagne,Leather Goods,Men,Luggage,Check-In,MVS,MV Signature,200,70,J347,MV Flagship Tokyo,112804.48,36275.62,293,142486.38,160842.19,44133.56,371,180417.91,593,468,125,897,826,0
MV-73242,Men Chain Belts Luxe,CHP,Champagne,Leather Goods,Men,Belts,Chain Belts,MV,Maison Voss,200,20,J347,MV Flagship Tokyo,110084.79,40417.52,285,126740.61,78897.91,21085.11,232,103171.3,563,529,34,534,513,0
MV-15513,Unisex Shorts Heritage,CHP,Champagne,Ready-to-Wear,Unisex,Bottoms,Shorts,MVS,MV Signature,200,20,J347,MV Flagship Tokyo,36349.33,12074.7,50,50844.96,32664.75,10360.02,49,49828.06,160,133,27,130,125,0
MV-89507,Women Blazers Essential,TAN,Tan,Ready-to-Wear,Women,Outerwear,Blazers,MV,Maison Voss,200,50,J347,MV Flagship Tokyo,335012.06,111107.58,494,460092.9,238329.6,61421.9,347,323182.66,1044,946,98,761,477,0
MV-92345,Women Leather Belts Modern,SBL,Sable,Leather Goods,Women,Belts,Leather Belts,MVS,MV Signature,200,50,J347,MV Flagship Tokyo,161488.67,47883.74,174,214262.32,183935.81,52210.78,176,216725.11,277,211,66,302,221,0
MV-74451,Unisex Weekender Modern,CAM,Camel,Leather Goods,Unisex,Luggage,Weekender,MV,Maison Voss,200,20,J347,MV Flagship Tokyo,72907.99,25693.89,92,97995.15,69941.65,22456.17,96,102255.81,52,31,21,55,49,0
MV-16895,Women Leather Belts Slim,ANT,Anthracite,Leather Goods,Women,Belts,Leather Belts,MV,Maison Voss,200,50,J347,MV Flagship Tokyo,138753.01,50930.32,135,165493.76,150400.52,39867.83,153,187559.6,131,107,24,145,133,0
MV-99181,Women Blazers Modern,BLU,Bleu Marine,Ready-to-Wear,Women,Outerwear,Blazers,MVS,MV Signature,200,30,J347,MV Flagship Tokyo,118119.25,36953.61,180,145733.04,82632.47,28479.96,140,113347.92,362,267,95,244,154,0
MV-56438,Men Boots Essential,VRT,Vert,Footwear,Men,Heels,Boots,MV,Maison Voss,200,50,J347,MV Flagship Tokyo,138539.78,45278.81,159,179042.92,142137.11,46940.8,152,171160.53,147,121,26,144,110,0
MV-93746,Women Blazers Essential,TAN,Tan,Ready-to-Wear,Women,Suits,Blazers,MV,Maison Voss,200,30,J347,MV Flagship Tokyo,92236.72,33633.0,129,112002.19,93125.2,29308.83,137,118948.06,296,288,8,284,212,0
MV-77033,Women Weekender Modern,BEG,Beige,Leather Goods,Women,Luggage,Weekender,MVS,MV Signature,200,30,J347,MV Flagship Tokyo,129180.85,40389.96,136,170442.3,163890.06,52087.17,161,201773.6,315,263,52,373,313,0
MV-13761,Women Evening Dresses Luxe,CAM,Camel,Ready-to-Wear,Women,Dresses,Evening Dresses,MVS,MV Signature,200,30,J347,MV Flagship Tokyo,21967.65,6720.14,37,27074.29,19249.58,6253.89,33,24147.34,30,28,2,27,23,0
MV-49618,Men Square Frames Classic,NOI,Noir,Accessories,Men,Sunglasses,Square Frames,MV,Maison Voss,200,50,J347,MV Flagship Tokyo,210691.2,67301.79,324,284070.22,276198.8,102305.48,409,358594.82,921,661,260,1210,1178,0
MV-60181,Women Jackets Classic,TAN,Tan,Ready-to-Wear,Women,Outerwear,Jackets,MVS,MV Signature,200,50,J347,MV Flagship Tokyo,94076.3,33550.86,151,116662.39,72996.34,23531.88,121,93484.43,431,421,10,411,391,0
MV-62383,Men Berets Relaxed,ROG,Rouge,Accessories,Men,Hats,Berets,MVS,MV Signature,200,20,J347,MV Flagship Tokyo,11457.69,2869.53,27,14713.34,14111.1,4564.31,30,16348.15,94,72,22,127,102,0
MV-76263,Women High Top Essential,GRG,Greige,Footwear,Women,Sneakers,High Top,MV,Maison Voss,200,50,J347,MV Flagship Tokyo,70082.23,21680.9,281,95797.03,89155.4,31362.4,348,118638.32,679,487,192,717,699,0
MV-69634,Women Day Dresses Signature,SBL,Sable,Ready-to-Wear,Women,Dresses,Day Dresses,MVS,MV Signature,200,50,J347,MV Flagship Tokyo,343278.8,89904.75,522,470011.02,263481.66,75470.83,441,397078.28,2034,1482,552,1382,954,0
MV-23979,Women Check-In Relaxed,ROG,Rouge,Leather Goods,Women,Luggage,Check-In,MV,Maison Voss,200,20,J347,MV Flagship Tokyo,602458.02,161951.48,570,815653.71,592391.92,164568.11,550,787034.28,806,725,81,902,643,0
MV-77538,Men Check-In Signature,BEG,Beige,Leather Goods,Men,Luggage,Check-In,MV,Maison Voss,200,70,J347,MV Flagship Tokyo,58585.45,17096.84,89,77679.82,58123.64,19221.1,94,82043.85,98,94,4,99,78,0
MV-89928,Men Suit Trousers Slim,ANT,Anthracite,Ready-to-Wear,Men,Suits,Suit Trousers,MVS,MV Signature,200,50,J347,MV Flagship Tokyo,10181.27,3610.16,28,14443.18,12195.66,3055.81,31,15990.66,40,32,8,44,40,0
MV-38760,Unisex Rings Heritage,TAN,Tan,Accessories,Unisex,Jewelry,Rings,MV,Maison Voss,200,20,J347,MV Flagship Tokyo,64089.8,18120.61,141,89554.95,65555.97,19567.59,134,85108.96,70,59,11,61,36,0
MV-16175,Unisex Day Dresses Modern,BEG,Beige,Ready-to-Wear,Unisex,Dresses,Day Dresses,MV,Maison Voss,200,50,J347,MV Flagship Tokyo,6613.4,2236.26,23,9486.57,6912.83,2095.74,24,9899.03,80,60,20,77,66,0
MV-15014,Women Bracelets Modern,ARG,Argent,Accessories,Women,Jewelry,Bracelets,MVS,MV Signature,200,20,J347,MV Flagship Tokyo,95275.52,30299.03,526,123217.82,106156.66,39168.5,538,126028.87,1826,1342,484,1866,1658,0
MV-68991,Unisex Pouches Heritage,IVR,Ivoire,Leather Goods,Unisex,Small Leather Goods,Pouches,MV,Maison Voss,200,70,J347,MV Flagship Tokyo,37466.9,14013.97,39,47571.16,29144.33,8526.06,28,34153.65,87,61,26,56,36,0
MV-82512,Women Shorts Heritage,TAN,Tan,Ready-to-Wear,Women,Bottoms,Shorts,MV,Maison Voss,200,20,J347,MV Flagship Tokyo,31011.06,8283.81,56,42907.23,27466.1,6891.4,54,41374.83,139,116,23,119,107,0
MV-44718,Women Day Dresses Slim,BEG,Beige,Ready-to-Wear,Women,Dresses,Day Dresses,MVS,MV Signature,200,20,J347,MV Flagship Tokyo,39729.43,13474.11,101,54486.57,45575.47,16180.99,128,69052.29,321,199,122,461,382,0
MV-20543,Men Check-In Classic,ROG,Rouge,Leather Goods,Men,Luggage,Check-In,MVS,MV Signature,200,20,J347,MV Flagship Tokyo,46684.07,14269.47,93,66546.27,40644.61,14095.36,85,60821.86,254,241,13,209,197,0
MV-96760,Women Blouses Signature,TAN,Tan,Ready-to-Wear,Women,Tops,Blouses,MV,Maison Voss,200,50,J347,MV Flagship Tokyo,183745.17,67147.44,306,252618.39,187057.47,51196.54,337,278210.45,721,572,149,917,638,0
MV-15513,Unisex Shorts Heritage,CHP,Champagne,Ready-to-Wear,Unisex,Bottoms,Shorts,MVS,MV Signature,200,20,J347,MV Flagship Tokyo,48731.88,17198.52,118,62259.47,42394.82,13941.6,92,48541.28,132,94,38,84,55,0
MV-36318,Women Ankle Boots Slim,BLU,Bleu Marine,Footwear,Women,Boots,Ankle Boots,MV,Maison Voss,200,20,J347,MV Flagship Tokyo,11101.58,3268.65,36,14345.3,8293.8,2074.17,28,11157.46,105,95,10,82,61,0
MV-52487,Men Mini Bags Luxe,ANT,Anthracite,Leather Goods,Men,Handbags,Mini Bags,MV,Maison Voss,200,70,J347,MV Flagship Tokyo,39405.96,9977.47,60,52362.81,37067.68,11929.53,55,47999.24,32,23,9,30,27,0
MV-76249,Men Clutches Luxe,SBL,Sable,Leather Goods,Men,Handbags,Clutches,MV,Maison Voss,200,70,J347,MV Flagship Tokyo,136993.25,49335.62,137,171938.24,98069.18,27064.05,100,125502.36,483,394,89,370,249,0
MV-74038,Women Pouches,ROG,Rouge,Leather Goods,Women,Small Leather Goods,Pouches,MV,Maison Voss,200,30,J347,MV Flagship Tokyo,23015.63,7191.29,30,29615.12,28481.26,7938.77,35,34550.98,57,42,15,66,41,0
MV-53025,Men Loafers Heritage,TRP,Taupe,Footwear,Men,Flats,Loafers,MV,Maison Voss,200,20,J347,MV Flagship Tokyo,111215.81,36431.49,183,152672.79,112379.41,41687.85,196,163518.4,319,316,3,281,235,0
MV-90356,Women Loafers Signature,VRT,Vert,Footwear,Women,Flats,Loafers,MV,Maison Voss,200,30,J347,MV Flagship Tokyo,85384.29,26593.48,161,122181.92,116131.68,29970.33,190,144189.84,205,146,59,226,197,0
MV-62296,Unisex Bracelets Signature,CRM,Cognac,Accessories,Unisex,Jewelry,Bracelets,MVS,MV Signature,200,50,J347,MV Flagship Tokyo,50478.38,16136.25,243,63355.68,60353.85,19946.88,294,76652.56,652,398,254,801,731,0
MV-46421,Women Knee High Slim,CRM,Creme,Footwear,Women,Boots,Knee High,MVS,MV Signature,200,50,J347,MV Flagship Tokyo,402631.48,111809.66,537,523971.5,415974.21,154597.59,542,528850.19,564,484,80,508,498,0
MV-33703,Men Earrings Slim,BLU,Bleu Marine,Accessories,Men,Jewelry,Earrings,MVS,MV Signature,200,20,J347,MV Flagship Tokyo,97507.75,24694.69,471,132631.44,91114.72,33603.47,430,121086.03,864,703,161,704,609,0
MV-54589,Women Carry-On Slim,ARG,Argent,Leather Goods,Women,Luggage,Carry-On,MV,Maison Voss,200,30,J347,MV Flagship Tokyo,210169.0,65870.26,565,298013.8,171127.9,50809.81,419,221004.92,1278,809,469,980,699,0
MV-20350,Women Card Holders Essential,ANT,Anthracite,Leather Goods,Women,Small Leather Goods,Card Holders,MVS,MV Signature,200,20,J347,MV Flagship Tokyo,36954.58,12065.42,54,46399.5,48707.27,17372.75,66,56710.5,61,45,16,77,72,0
MV-65444,Women Berets,CRM,Creme,Accessories,Women,Hats,Berets,MVS,MV Signature,200,20,J347,MV Flagship Tokyo,5261.91,1722.75,27,6596.25,5372.28,1870.98,25,6107.64,22,14,8,17,12,0
MV-42087,Men Slides Slim,SBL,Sable,Footwear,Men,Flats,Slides,MV,Maison Voss,200,20,J347,MV Flagship Tokyo,37422.68,9607.74,69,52025.1,43139.48,13084.7,88,66350.85,249,198,51,358,280,0
MV-48462,Women Ankle Boots Relaxed,ROG,Rouge,Footwear,Women,Boots,Ankle Boots,MVS,MV Signature,200,20,J347,MV Flagship Tokyo,201843.27,64968.5,436,269714.81,206913.27,77760.42,483,298789.57,537,403,134,521,503,0
MV-38683,Men Tops Slim,ARG,Argent,Ready-to-Wear,Men,Tops,Tops,MVS,MV Signature,200,20,J347,MV Flagship Tokyo,305582.11,98726.17,693,428000.1,366755.71,96387.86,832,513847.16,1786,1693,93,2050,1426,0
MV-27139,Men Jackets Signature,NVY,Navy,Ready-to-Wear,Men,Outerwear,Jackets,MVS,MV Signature,200,20,J347,MV Flagship Tokyo,240335.14,75290.47,380,351868.37,244108.95,73801.19,349,323163.32,1026,856,170,1053,821,0
MV-71797,Men Shoulder Bags Classic,NVY,Navy,Leather Goods,Men,Handbags,Shoulder Bags,MVS,MV Signature,200,50,J347,MV Flagship Tokyo,20661.8,7460.31,22,25886.7,24354.93,6366.86,26,30593.37,35,32,3,38,31,0
MV-70258,Men Platform Slim,CAM,Camel,Footwear,Men,Sneakers,Platform,MV,Maison Voss,200,20,J347,MV Flagship Tokyo,238781.67,87175.34,570,312314.41,222651.29,74005.05,554,303547.69,588,555,33,509,428,0
MV-35203,Men Blazers Modern,CAM,Camel,Ready-to-Wear,Men,Outerwear,Blazers,MVS,MV Signature,200,50,J347,MV Flagship Tokyo,50920.87,18110.76,106,68757.14,37557.19,11420.22,80,51892.18,85,55,30,67,64,0
MV-98815,Men Check-In,TRP,Taupe,Leather Goods,Men,Luggage,Check-In,MVS,MV Signature,200,20,J347,MV Flagship Tokyo,575.52,156.81,1,764.73,532.15,193.07,1,764.73,1,0,1,1,0,0
MV-21542,Women Clutches Signature,BEG,Beige,Leather Goods,Women,Handbags,Clutches,MVS,MV Signature,200,20,J347,MV Flagship Tokyo,53563.78,17309.83,113,75863.97,57339.56,18454.96,123,82577.6,415,319,96,422,310,0
MV-76237,Women Skirts Classic,NOI,Noir,Ready-to-Wear,Women,Bottoms,Skirts,MV,Maison Voss,200,70,J347,MV Flagship Tokyo,2358.66,672.25,9,2940.79,2393.06,846.01,9,2940.79,28,18,10,30,28,0
MV-53064,Men Skirts Slim,TAN,Tan,Ready-to-Wear,Men,Bottoms,Skirts,MV,Maison Voss,200,50,J347,MV Flagship Tokyo,107236.21,28173.53,152,134915.67,83943.2,28013.8,118,104737.17,458,371,87,309,282,0
MV-59672,Women Shoulder Bags Classic,VRT,Vert,Leather Goods,Women,Handbags,Shoulder Bags,MV,Maison Voss,200,20,J347,MV Flagship Tokyo,72492.2,19888.99,80,91139.19,59476.09,20968.18,63,71772.11,161,99,62,140,106,0
MV-73736,Women Key Holders Relaxed,CHP,Champagne,Leather Goods,Women,Small Leather Goods,Key Holders,MV,Maison Voss,200,20,J347,MV Flagship Tokyo,136901.96,40379.41,124,194496.91,97441.63,30960.02,96,150578.26,234,158,76,185,148,0
MV-58434,Women Shoulder Bags Heritage,CRM,Creme,Leather Goods,Women,Handbags,Shoulder Bags,MV,Maison Voss,200,50,J347,MV Flagship Tokyo,74069.25,26237.11,184,90078.85,59253.03,19974.86,158,77350.32,248,196,52,254,153,0
MV-67939,Women Weekender Classic,GRG,Greige,Leather Goods,Women,Luggage,Weekender,MV,Maison Voss,200,50,J347,MV Flagship Tokyo,120941.68,33846.71,393,155889.53,166383.31,58773.17,486,192779.41,443,399,44,614,448,0
MV-46421,Women Knee High Slim,ANT,Anthracite,Footwear,Women,Boots,Knee High,MVS,MV Signature,200,70,J347,MV Flagship Tokyo,78112.34,21537.4,210,111853.11,82935.96,28729.28,221,117712.09,535,437,98,668,651,0
MV-20336,Men Blazers Heritage,TAN,Tan,Ready-to-Wear,Men,Suits,Blazers,MV,Maison Voss,200,30,J347,MV Flagship Tokyo,70348.75,19442.93,110,102366.62,82969.03,22626.36,137,127492.97,266,262,4,300,228,0
MV-78955,Women Pouches Modern,TRP,Taupe,Leather Goods,Women,Small Leather Goods,Pouches,MV,Maison Voss,200,20,J347,MV Flagship Tokyo,336287.34,107696.68,331,470180.72,400491.61,124987.16,368,522738.68,677,496,181,852,653,0
MV-33703,Men Earrings Slim,BEG,Beige,Accessories,Men,Jewelry,Earrings,MVS,MV Signature,200,50,J347,MV Flagship Tokyo,147835.02,51572.8,457,203985.61,162427.91,46410.67,516,230320.73,1794,1585,209,1660,1426,0
MV-88222,Men Suit Trousers Heritage,CAM,Camel,Ready-to-Wear,Men,Suits,Suit Trousers,MV,Maison Voss,200,50,J347,MV Flagship Tokyo,8364.65,2909.1,24,10012.23,6132.71,1671.41,20,8343.52,29,24,5,27,26,0
MV-90031,Women Loafers Heritage,BEG,Beige,Footwear,Women,Flats,Loafers,MV,Maison Voss,200,50,J347,MV Flagship Tokyo,106966.12,36442.84,147,142764.78,112649.06,30752.25,169,164130.93,133,117,16,135,120,0
MV-56346,Women Clutches Essential,CAM,Camel,Leather Goods,Women,Handbags,Clutches,MV,Maison Voss,200,70,J347,MV Flagship Tokyo,37112.38,9357.65,64,46755.74,39368.14,11304.47,61,44564.07,68,53,15,52,35,0
MV-24530,Women Day Dresses Luxe,ARG,Argent,Ready-to-Wear,Women,Dresses,Day Dresses,MVS,MV Signature,200,20,J347,MV Flagship Tokyo,2076.99,764.56,9,2990.12,2236.14,748.2,9,2990.12,32,21,11,38,27,0
MV-69048,Women Tops Luxe,SBL,Sable,Ready-to-Wear,Women,Tops,Tops,MV,Maison Voss,200,50,J347,MV Flagship Tokyo,63279.89,22517.5,214,81624.81,78616.96,28973.67,249,94974.67,819,744,75,910,611,0
MV-93283,Unisex Wallets Luxe,CRM,Creme,Leather Goods,Unisex,Small Leather Goods,Wallets,MV,Maison Voss,200,30,J347,MV Flagship Tokyo,411010.41,132430.52,384,512353.42,531769.75,148774.17,481,641776.02,285,248,37,371,327,0
MV-51704,Women Fedoras Luxe,IVR,Ivoire,Accessories,Women,Hats,Fedoras,MV,Maison Voss,200,20,J347,MV Flagship Tokyo,10149.68,2726.83,34,13604.49,10819.54,3740.68,35,14004.62,74,63,11,87,59,0
MV-79942,Men Blazers Essential,BRG,Bordeaux,Ready-to-Wear,Men,Outerwear,Blazers,MVS,MV Signature,200,50,J347,MV Flagship Tokyo,202643.22,57264.44,324,266763.69,202760.53,72126.98,285,234653.25,458,349,109,483,370,0
MV-40005,Men Silk Scarves Classic,ARG,Argent,Accessories,Men,Scarves,Silk Scarves,MVS,MV Signature,200,70,J347,MV Flagship Tokyo,219879.74,59707.35,372,323108.33,204241.34,67186.49,331,287496.93,556,385,171,425,258,0
MV-57943,Women Shorts Essential,TRP,Taupe,Ready-to-Wear,Women,Bottoms,Shorts,MV,Maison Voss,200,30,J347,MV Flagship Tokyo,303054.81,104563.19,476,453709.25,280835.09,79610.7,422,402238.03,615,402,213,648,420,0
MV-77538,Men Check-In Signature,NOI,Noir,Leather Goods,Men,Luggage,Check-In,MV,Maison Voss,200,50,J347,MV Flagship Tokyo,56361.89,14792.55,59,70852.72,44759.96,12136.19,52,62446.46,235,167,68,248,179,0
MV-76263,Women High Top Essential,NVY,Navy,Footwear,Women,Sneakers,High Top,MV,Maison Voss,200,20,J347,MV Flagship Tokyo,139827.75,45785.18,454,169466.23,137200.51,38334.9,476,177678.25,1158,1028,130,1152,861,0
MV-80236,Women Coats Slim,BEG,Beige,Ready-to-Wear,Women,Outerwear,Coats,MVS,MV Signature,200,20,J347,MV Flagship Tokyo,52925.85,16114.66,74,71836.17,62220.82,20066.44,85,82514.52,107,95,12,102,79,0
MV-63225,Unisex Key Holders,CAM,Camel,Leather Goods,Unisex,Small Leather Goods,Key Holders,MVS,MV Signature,200,20,J347,MV Flagship Tokyo,59888.5,16117.63,155,82354.71,47956.24,12696.56,114,60570.56,137,86,51,89,84,0
MV-78614,Women Trousers Signature,VRT,Vert,Ready-to-Wear,Women,Bottoms,Trousers,MV,Maison Voss,200,20,J347,MV Flagship Tokyo,2323.41,641.73,10,3201.87,2232.19,692.99,10,3201.87,17,14,3,14,11,0
MV-94323,Women Round Frames Classic,ECR,Ecru,Accessories,Women,Sunglasses,Round Frames,MVS,MV Signature,200,20,J347,MV Flagship Tokyo,4346.31,1637.59,8,5437.41,2823.61,917.85,5,3398.38,12,9,3,8,5,0
MV-60181,Women Jackets Classic,CAM,Camel,Ready-to-Wear,Women,Outerwear,Jackets,MVS,MV Signature,200,50,J347,MV Flagship Tokyo,78399.72,19798.15,246,97960.01,95049.69,29211.43,313,124640.18,825,588,237,877,866,0
MV-81364,Unisex Crossbody Bags Signature,BEG,Beige,Leather Goods,Unisex,Handbags,Crossbody Bags,MVS,MV Signature,200,20,J347,MV Flagship Tokyo,111626.87,38389.93,113,140390.56,153223.51,56225.78,136,168965.63,129,78,51,183,117,0
MV-51441,Women Jackets Modern,SBL,Sable,Ready-to-Wear,Women,Outerwear,Jackets,MVS,MV Signature,200,20,J347,MV Flagship Tokyo,37306.37,12517.36,57,54896.84,30546.74,11426.37,45,43339.61,200,132,68,129,80,0
MV-13396,Women Wallets Slim,CRM,Cognac,Leather Goods,Women,Small Leather Goods,Wallets,MVS,MV Signature,200,20,J347,MV Flagship Tokyo,13321.6,4186.41,40,19546.52,16893.33,5968.91,46,22478.5,52,37,15,70,52,0
MV-62044,Women Low Top Classic,ARG,Argent,Footwear,Women,Sneakers,Low Top,MVS,MV Signature,200,20,J347,MV Flagship Tokyo,177352.3,49529.95,214,250172.41,176647.55,51342.48,215,251341.44,447,382,65,396,294,0
MV-97782,Women Leather Belts Signature,CAM,Camel,Leather Goods,Women,Belts,Leather Belts,MV,Maison Voss,200,50,J347,MV Flagship Tokyo,480.51,157.24,1,655.13,0.0,0.0,0,0.0,1,0,1,0,0,0
MV-66881,Men Trousers Modern,CHP,Champagne,Ready-to-Wear,Men,Bottoms,Trousers,MV,Maison Voss,200,20,J347,MV Flagship Tokyo,142188.44,52384.14,317,185389.47,108834.75,41027.72,232,135679.36,994,600,394,658,639,0
MV-73242,Men Chain Belts Luxe,GRG,Greige,Leather Goods,Men,Belts,Chain Belts,MV,Maison Voss,200,20,J347,MV Flagship Tokyo,14813.13,4169.12,16,19921.25,17503.21,6428.48,19,23656.49,51,47,4,64,50,0
MV-33703,Men Earrings Slim,GRG,Greige,Accessories,Men,Jewelry,Earrings,MVS,MV Signature,200,20,J347,MV Flagship Tokyo,17418.8,4436.01,41,22615.58,13724.78,5047.6,33,18202.79,69,51,18,45,33,0
MV-30644,Men Chain Belts Slim,ECR,Ecru,Leather Goods,Men,Belts,Chain Belts,MV,Maison Voss,200,70,J347,MV Flagship Tokyo,86300.16,23725.43,94,119198.32,81302.73,25721.99,83,105249.58,263,190,73,253,219,0
MV-57943,Women Shorts Essential,SBL,Sable,Ready-to-Wear,Women,Bottoms,Shorts,MV,Maison Voss,200,20,J347,MV Flagship Tokyo,41585.2,10793.59,128,60100.77,43054.83,15069.69,143,67143.82,261,220,41,345,328,0
MV-87993,Women Fedoras Modern,NOI,Noir,Accessories,Women,Hats,Fedoras,MVS,MV Signature,200,20,J347,MV Flagship Tokyo,36527.5,12692.49,84,48310.38,32917.63,8744.66,81,46585.01,177,127,50,167,111,0
MV-96870,Women Day Dresses Relaxed,CHP,Champagne,Ready-to-Wear,Women,Dresses,Day Dresses,MVS,MV Signature,200,50,J347,MV Flagship Tokyo,17975.88,5894.42,74,22310.17,14492.86,3789.69,62,18692.31,195,128,67,161,128,0
MV-12665,Women Suit Trousers Essential,CRM,Cognac,Ready-to-Wear,Women,Suits,Suit Trousers,MV,Maison Voss,200,20,J347,MV Flagship Tokyo,252653.39,65376.63,643,373280.58,303333.48,88936.75,701,406951.3,1244,1038,206,1493,960,0
MV-37535,Men Shirts Relaxed,BEG,Beige,Ready-to-Wear,Men,Tops,Shirts,MVS,MV Signature,200,20,J347,MV Flagship Tokyo,113021.2,34287.93,198,148587.1,104195.04,35417.64,191,143334.02,293,247,46,280,265,0
MV-60052,Unisex Evening Dresses,NVY,Navy,Ready-to-Wear,Unisex,Dresses,Evening Dresses,MVS,MV Signature,200,30,J347,MV Flagship Tokyo,937.75,330.85,4,1155.21,466.18,136.91,2,577.6,10,9,1,7,5,0
MV-28191,Women Chelsea Boots Luxe,GRG,Greige,Footwear,Women,Boots,Chelsea Boots,MV,Maison Voss,200,20,J347,MV Flagship Tokyo,59464.17,20900.81,108,76057.42,44552.55,12025.13,85,59860.0,198,151,47,125,104,0
MV-26912,Men Suit Sets Essential,RSE,Rose Poudre,Ready-to-Wear,Men,Suits,Suit Sets,MVS,MV Signature,200,70,J347,MV Flagship Tokyo,277876.45,75083.01,403,369169.39,246475.55,64547.51,324,296801.2,226,187,39,188,187,0
MV-20543,Men Check-In Classic,ECR,Ecru,Leather Goods,Men,Luggage,Check-In,MVS,MV Signature,200,50,J347,MV Flagship Tokyo,44358.3,13956.68,69,56887.91,44819.64,12779.14,72,59361.29,215,192,23,197,152,0
MV-24530,Women Day Dresses Luxe,ROG,Rouge,Ready-to-Wear,Women,Dresses,Day Dresses,MVS,MV Signature,200,70,J347,MV Flagship Tokyo,7413.85,2188.52,19,8988.18,6551.52,2206.88,19,8988.18,24,22,2,26,20,0
MV-35203,Men Blazers Modern,TRP,Taupe,Ready-to-Wear,Men,Outerwear,Blazers,MVS,MV Signature,200,20,J347,MV Flagship Tokyo,187579.33,66980.73,275,255938.19,241941.76,61722.32,337,313640.62,316,285,31,426,317,0
MV-59015,Unisex Baseball Caps Relaxed,CRM,Creme,Accessories,Unisex,Hats,Baseball Caps,MV,Maison Voss,200,20,J347,MV Flagship Tokyo,34963.31,11825.06,180,50301.61,35612.45,11680.77,187,52257.79,662,482,180,737,722,0
MV-49618,Men Square Frames Classic,TRP,Taupe,Accessories,Men,Sunglasses,Square Frames,MV,Maison Voss,200,50,J347,MV Flagship Tokyo,86809.34,31862.87,163,120456.76,96797.59,36582.54,176,130063.74,91,87,4,112,106,0
MV-56019,Men Shorts Slim,CAM,Camel,Ready-to-Wear,Men,Bottoms,Shorts,MV,Maison Voss,200,20,J347,MV Flagship Tokyo,5486.5,1664.09,10,8278.95,6220.33,2095.01,10,8278.95,20,15,5,20,13,0
MV-90031,Women Loafers Heritage,CAM,Camel,Footwear,Women,Flats,Loafers,MV,Maison Voss,200,50,J347,MV Flagship Tokyo,15680.64,5354.95,29,21535.81,16784.38,4281.34,32,23763.65,63,38,25,82,68,0
MV-82512,Women Shorts Heritage,BLU,Bleu Marine,Ready-to-Wear,Women,Bottoms,Shorts,MV,Maison Voss,200,20,J347,MV Flagship Tokyo,106495.13,37427.72,188,137615.44,134808.35,36479.03,224,163967.33,448,274,174,573,443,0
MV-54657,Women Evening Dresses Slim,BLU,Bleu Marine,Ready-to-Wear,Women,Dresses,Evening Dresses,MV,Maison Voss,200,20,J347,MV Flagship Tokyo,14466.85,5238.12,45,18869.63,15276.51,5640.88,52,21804.91,140,114,26,138,101,0
MV-66881,Men Trousers Modern,GRG,Greige,Ready-to-Wear,Men,Bottoms,Trousers,MV,Maison Voss,200,50,J347,MV Flagship Tokyo,67243.66,23322.41,135,82867.32,59177.15,18227.56,118,72432.18,468,442,26,371,308,0
MV-88366,Men Blazers Classic,CRM,Creme,Ready-to-Wear,Men,Outerwear,Blazers,MV,Maison Voss,200,20,J347,MV Flagship Tokyo,94453.72,34282.96,152,118404.31,80816.93,20897.49,145,112951.48,234,220,14,203,182,0
MV-16895,Women Leather Belts Slim,BRG,Bordeaux,Leather Goods,Women,Belts,Leather Belts,MV,Maison Voss,200,20,J347,MV Flagship Tokyo,65749.48,19688.94,64,83319.76,52661.55,15241.4,57,74206.66,117,92,25,85,51,0
MV-49251,Men Slides Classic,ECR,Ecru,Footwear,Men,Flats,Slides,MV,Maison Voss,200,50,J347,MV Flagship Tokyo,297525.94,108064.62,574,417189.01,311049.16,83850.33,583,423730.31,1148,1117,31,1213,890,0
MV-35272,Men Check-In Modern,ANT,Anthracite,Leather Goods,Men,Luggage,Check-In,MV,Maison Voss,200,50,J347,MV Flagship Tokyo,356481.55,106984.73,358,486681.54,292283.08,76941.37,319,433663.16,304,203,101,309,285,0
MV-12671,Men Ballet Flats Slim,ARG,Argent,Footwear,Men,Flats,Ballet Flats,MVS,MV Signature,200,70,J347,MV Flagship Tokyo,150778.75,55969.29,248,202452.81,114461.27,38634.91,199,162452.05,678,646,32,541,352,0
MV-25396,Women Clutches Slim,ANT,Anthracite,Leather Goods,Women,Handbags,Clutches,MVS,MV Signature,200,50,J347,MV Flagship Tokyo,12807.33,3975.72,15,18339.7,10286.31,2784.57,12,14671.76,19,12,7,13,11,0
MV-89928,Men Suit Trousers Slim,BRG,Bordeaux,Ready-to-Wear,Men,Suits,Suit Trousers,MVS,MV Signature,200,30,J347,MV Flagship Tokyo,9733.62,2691.59,21,14575.05,12428.0,4028.51,25,17351.25,62,50,12,71,44,0
MV-93717,Women Leather Belts Heritage,BLU,Bleu Marine,Leather Goods,Women,Belts,Leather Belts,MVS,MV Signature,200,20,J347,MV Flagship Tokyo,136461.23,47764.08,131,183511.48,151529.84,57096.44,160,224136.16,474,424,50,511,458,0
MV-79924,Unisex Blazers Modern,ECR,Ecru,Ready-to-Wear,Unisex,Outerwear,Blazers,MV,Maison Voss,200,20,J347,MV Flagship Tokyo,17320.55,5513.35,33,21561.84,17941.35,6120.96,34,22215.23,40,28,12,48,33,0
MV-68138,Women Tops Modern,IVR,Ivoire,Ready-to-Wear,Women,Tops,Tops,MV,Maison Voss,200,50,J347,MV Flagship Tokyo,322718.73,101067.83,742,439688.64,316237.29,89179.38,732,433762.91,1568,1274,294,1413,1219,0
MV-12665,Women Suit Trousers Essential,BEG,Beige,Ready-to-Wear,Women,Suits,Suit Trousers,MV,Maison Voss,200,50,J347,MV Flagship Tokyo,13737.8,4658.81,33,17070.66,13940.23,4939.02,33,17070.66,42,29,13,37,35,0
MV-41358,Men Chelsea Boots Heritage,SBL,Sable,Footwear,Men,Boots,Chelsea Boots,MV,Maison Voss,200,30,J347,MV Flagship Tokyo,58978.48,21553.0,129,77663.03,60517.63,16105.07,125,75254.87,237,233,4,258,180,0
MV-57920,Women Blazers Slim,ARG,Argent,Ready-to-Wear,Women,Outerwear,Blazers,MV,Maison Voss,200,20,J347,MV Flagship Tokyo,56996.33,19560.54,87,66902.16,73188.61,22702.69,109,83819.95,183,127,56,272,207,0
MV-95918,Women Suit Sets Modern,RSE,Rose Poudre,Ready-to-Wear,Women,Suits,Suit Sets,MV,Maison Voss,200,70,J347,MV Flagship Tokyo,97989.72,32261.77,197,131593.77,95401.09,30074.9,190,126917.85,457,284,173,455,430,0
MV-54657,Women Evening Dresses Slim,CHP,Champagne,Ready-to-Wear,Women,Dresses,Evening Dresses,MV,Maison Voss,200,70,J347,MV Flagship Tokyo,6061.77,2029.86,26,8042.6,5111.89,1450.67,22,6805.28,49,46,3,47,36,0
MV-78146,Men Day Dresses,RSE,Rose Poudre,Ready-to-Wear,Men,Dresses,Day Dresses,MV,Maison Voss,200,70,J347,MV Flagship Tokyo,72733.7,21728.75,109,99672.74,99073.58,30103.45,139,127105.6,390,358,32,411,363,0
MV-12665,Women Suit Trousers Essential,CRM,Cognac,Ready-to-Wear,Women,Suits,Suit Trousers,MV,Maison Voss,200,20,J347,MV Flagship Tokyo,35415.57,11818.49,62,48123.33,32295.64,10312.58,61,47347.15,73,63,10,60,52,0
MV-56955,Women Ballet Flats Relaxed,ECR,Ecru,Footwear,Women,Flats,Ballet Flats,MVS,MV Signature,200,50,J347,MV Flagship Tokyo,235443.95,74074.44,423,337281.34,237693.43,76163.24,432,344457.54,1649,1469,180,1606,1342,0
MV-78937,Men Carry-On Luxe,NOI,Noir,Leather Goods,Men,Luggage,Carry-On,MVS,MV Signature,200,20,J347,MV Flagship Tokyo,8412.32,2915.28,8,11320.33,11204.36,2904.76,10,14150.42,25,23,2,35,24,0
MV-52415,Men Jeans Relaxed,ARG,Argent,Ready-to-Wear,Men,Bottoms,Jeans,MV,Maison Voss,200,20,J347,MV Flagship Tokyo,281999.64,75408.63,474,391469.0,315735.29,84644.87,498,411290.21,554,439,115,503,439,0
MV-43491,Women Earrings Heritage,SBL,Sable,Accessories,Women,Jewelry,Earrings,MV,Maison Voss,200,20,J347,MV Flagship Tokyo,105348.55,26586.7,346,124468.46,106918.04,30095.86,376,135260.52,1326,1068,258,1322,1298,0
MV-40595,Women Day Dresses Heritage,IVR,Ivoire,Ready-to-Wear,Women,Dresses,Day Dresses,MVS,MV Signature,200,20,J347,MV Flagship Tokyo,25995.77,6820.28,68,33200.1,28455.56,7561.91,80,39058.94,194,141,53,227,187,0
MV-62383,Men Berets Relaxed,IVR,Ivoire,Accessories,Men,Hats,Berets,MVS,MV Signature,200,30,J347,MV Flagship Tokyo,90061.7,29126.38,301,119960.14,120335.59,40465.58,364,145068.08,871,653,218,1049,927,0
MV-27892,Men Suit Trousers Modern,NOI,Noir,Ready-to-Wear,Men,Suits,Suit Trousers,MV,Maison Voss,200,70,J347,MV Flagship Tokyo,4127.9,1416.09,6,6146.46,5340.98,1955.33,7,7170.87,14,9,5,15,11,0
MV-90031,Women Loafers Heritage,ECR,Ecru,Footwear,Women,Flats,Loafers,MV,Maison Voss,200,20,J347,MV Flagship Tokyo,434412.67,145657.44,660,546674.36,376738.2,109884.59,596,493663.51,1561,1117,444,1688,1485,0
MV-79942,Men Blazers Essential,CAM,Camel,Ready-to-Wear,Men,Outerwear,Blazers,MVS,MV Signature,200,20,J347,MV Flagship Tokyo,75102.82,26975.05,144,92097.05,72455.23,20173.59,153,97853.12,529,416,113,654,616,0
MV-29597,Women Leather Belts,RSE,Rose Poudre,Leather Goods,Women,Belts,Leather Belts,MV,Maison Voss,200,30,J347,MV Flagship Tokyo,80739.51,22118.76,70,103206.96,87691.45,28423.04,83,122373.97,62,43,19,82,64,0
MV-71537,Women Trousers Heritage,SBL,Sable,Ready-to-Wear,Women,Bottoms,Trousers,MVS,MV Signature,200,50,J347,MV Flagship Tokyo,43307.92,11896.68,87,60310.28,37571.42,10233.45,77,53378.06,204,196,8,212,197,0
MV-39389,Women Mules Modern,GRG,Greige,Footwear,Women,Heels,Mules,MVS,MV Signature,200,20,J347,MV Flagship Tokyo,4605.73,1400.5,13,6231.91,3745.06,1387.15,10,4793.77,23,21,2,17,14,0
MV-76237,Women Skirts Classic,CRM,Cognac,Ready-to-Wear,Women,Bottoms,Skirts,MV,Maison Voss,200,50,J347,MV Flagship Tokyo,283186.25,89365.3,880,422702.06,289251.26,106539.65,939,451042.32,880,787,93,803,665,0
MV-62383,Men Berets Relaxed,SBL,Sable,Accessories,Men,Hats,Berets,MVS,MV Signature,200,20,J347,MV Flagship Tokyo,2537.67,890.51,7,3074.96,2587.4,905.68,8,3514.24,22,18,4,22,15,0
MV-47196,Women Wallets,CHP,Champagne,Leather Goods,Women,Small Leather Goods,Wallets,MVS,MV Signature,200,20,J347,MV Flagship Tokyo,227070.21,61898.02,206,300332.59,218490.98,70665.0,182,265342.38,569,512,57,586,469,0
MV-88222,Men Suit Trousers Heritage,NOI,Noir,Ready-to-Wear,Men,Suits,Suit Trousers,MV,Maison Voss,200,20,J347,MV Flagship Tokyo,42878.79,11592.77,113,56376.29,36762.01,12067.79,89,44402.56,60,47,13,55,38,0
MV-73736,Women Key Holders Relaxed,GRG,Greige,Leather Goods,Women,Small Leather Goods,Key Holders,MV,Maison Voss,200,20,J347,MV Flagship Tokyo,639188.25,222023.51,576,924524.85,824263.17,237005.92,671,1077007.25,2184,1938,246,2924,2816,0
MV-92345,Women Leather Belts Modern,CHP,Champagne,Leather Goods,Women,Belts,Leather Belts,MVS,MV Signature,200,20,J347,MV Flagship Tokyo,59693.93,16358.03,54,72443.44,53302.64,19589.74,48,64394.17,78,48,30,68,60,0
MV-66881,Men Trousers Modern,CHP,Champagne,Ready-to-Wear,Men,Bottoms,Trousers,MV,Maison Voss,200,50,J347,MV Flagship Tokyo,34923.5,10394.24,147,48201.51,33648.84,11714.08,126,41315.58,535,369,166,464,287,0
MV-50213,Women Tops Slim,CRM,Creme,Ready-to-Wear,Women,Tops,Tops,MV,Maison Voss,200,50,J347,MV Flagship Tokyo,40238.68,11861.44,127,58247.61,30951.0,10536.52,98,44946.97,423,405,18,333,267,0
MV-12180,Men High Top Signature,GRG,Greige,Footwear,Men,Sneakers,High Top,MVS,MV Signature,200,30,J347,MV Flagship Tokyo,68461.35,17924.53,235,99951.14,59724.34,16995.36,180,76558.32,129,81,48,111,106,0
MV-54185,Men Trousers Heritage,NVY,Navy,Ready-to-Wear,Men,Bottoms,Trousers,MVS,MV Signature,200,20,J347,MV Flagship Tokyo,6200.48,2067.58,13,8579.16,5871.27,1784.18,13,8579.16,11,10,1,11,9,0
MV-56438,Men Boots Essential,CAM,Camel,Footwear,Men,Heels,Boots,MV,Maison Voss,200,20,J347,MV Flagship Tokyo,13447.42,3417.18,41,18143.42,11435.13,3716.91,37,16373.33,149,109,40,129,84,0
MV-68929,Women Crossbody Bags Relaxed,RSE,Rose Poudre,Leather Goods,Women,Handbags,Crossbody Bags,MV,Maison Voss,200,50,J347,MV Flagship Tokyo,18498.36,6923.87,46,25153.04,23414.77,7670.0,55,30074.29,35,31,4,35,30,0
MV-30644,Men Chain Belts Slim,ECR,Ecru,Leather Goods,Men,Belts,Chain Belts,MV,Maison Voss,200,20,J347,MV Flagship Tokyo,247531.07,64922.64,259,335156.14,203648.26,72453.83,216,279512.45,321,276,45,319,275,0
MV-30866,Women Loafers Modern,CRM,Cognac,Footwear,Women,Flats,Loafers,MVS,MV Signature,200,20,J347,MV Flagship Tokyo,15680.53,5175.89,40,19318.33,10996.11,3233.99,30,14488.75,116,88,28,96,90,0
MV-82512,Women Shorts Heritage,VRT,Vert,Ready-to-Wear,Women,Bottoms,Shorts,MV,Maison Voss,200,50,J347,MV Flagship Tokyo,84327.53,32030.98,165,105456.81,110537.3,36327.9,195,124630.78,342,216,126,381,379,0
MV-76542,Men Suit Sets Modern,BEG,Beige,Ready-to-Wear,Men,Suits,Suit Sets,MVS,MV Signature,200,70,J347,MV Flagship Tokyo,15553.08,5507.23,46,20160.12,14677.33,5428.76,43,18845.33,178,140,38,150,108,0
MV-59834,Women Skirts,TAN,Tan,Ready-to-Wear,Women,Bottoms,Skirts,MVS,MV Signature,200,70,J347,MV Flagship Tokyo,182799.96,55656.12,383,244874.28,182666.27,60649.19,420,268530.54,1054,713,341,944,743,0
MV-79924,Unisex Blazers Modern,GRG,Greige,Ready-to-Wear,Unisex,Outerwear,Blazers,MV,Maison Voss,200,20,J347,MV Flagship Tokyo,180882.96,53227.68,552,260969.92,194285.28,72751.96,652,308247.08,2205,2014,191,2552,2374,0
MV-48462,Women Ankle Boots Relaxed,BRG,Bordeaux,Footwear,Women,Boots,Ankle Boots,MVS,MV Signature,200,20,J347,MV Flagship Tokyo,74425.96,26227.53,141,97125.99,84155.71,24123.26,157,108147.38,497,424,73,661,554,0
MV-21164,Men Shorts Relaxed,CRM,Creme,Ready-to-Wear,Men,Bottoms,Shorts,MV,Maison Voss,200,50,J347,MV Flagship Tokyo,39731.8,12769.11,84,55362.48,47199.6,14613.52,102,67225.87,125,118,7,181,115,0
MV-56346,Women Clutches Essential,TAN,Tan,Leather Goods,Women,Handbags,Clutches,MV,Maison Voss,200,20,J347,MV Flagship Tokyo,41163.49,13427.24,51,53385.17,42262.05,14420.75,53,55478.7,201,163,38,237,167,0
MV-70648,Women Tops,BLU,Bleu Marine,Ready-to-Wear,Women,Tops,Tops,MV,Maison Voss,200,30,J347,MV Flagship Tokyo,5738.46,2047.21,9,7359.71,5706.73,1688.71,9,7359.71,21,13,8,25,21,0
MV-12665,Women Suit Trousers Essential,RSE,Rose Poudre,Ready-to-Wear,Women,Suits,Suit Trousers,MV,Maison Voss,200,20,J347,MV Flagship Tokyo,36837.67,10997.54,60,48287.49,35527.67,11245.99,66,53116.24,182,119,63,208,136,0
MV-67104,Men Sandals Essential,ARG,Argent,Footwear,Men,Heels,Sandals,MV,Maison Voss,200,20,J347,MV Flagship Tokyo,169678.72,55468.61,205,241561.44,171261.46,49988.22,199,234491.35,215,186,29,247,195,0
MV-47196,Women Wallets,SBL,Sable,Leather Goods,Women,Small Leather Goods,Wallets,MVS,MV Signature,200,50,J347,MV Flagship Tokyo,116252.24,31756.72,147,144895.16,150625.31,50347.39,190,187279.45,93,82,11,139,115,0
MV-69048,Women Tops Luxe,BRG,Bordeaux,Ready-to-Wear,Women,Tops,Tops,MV,Maison Voss,200,20,J347,MV Flagship Tokyo,223833.12,63369.52,558,298587.7,292788.17,80160.08,705,377247.9,1830,1324,506,2238,1748,0
MV-58434,Women Shoulder Bags Heritage,CRM,Creme,Leather Goods,Women,Handbags,Shoulder Bags,MV,Maison Voss,200,20,J347,MV Flagship Tokyo,40927.47,14142.82,97,50765.93,40060.57,14502.77,96,50242.57,98,88,10,104,88,0
MV-47196,Women Wallets,RSE,Rose Poudre,Leather Goods,Women,Small Leather Goods,Wallets,MVS,MV Signature,200,70,J347,MV Flagship Tokyo,82592.66,25471.9,229,117123.77,71452.39,23131.09,185,94619.64,224,165,59,153,124,0
MV-79924,Unisex Blazers Modern,BLU,Bleu Marine,Ready-to-Wear,Unisex,Outerwear,Blazers,MV,Maison Voss,200,30,J347,MV Flagship Tokyo,40639.28,10381.11,130,52312.38,36126.4,13499.31,109,43861.92,390,384,6,312,199,0
MV-60052,Unisex Evening Dresses,CHP,Champagne,Ready-to-Wear,Unisex,Dresses,Evening Dresses,MVS,MV Signature,200,20,J347,MV Flagship Tokyo,42762.39,11255.5,139,54656.57,34850.53,12470.55,117,46005.89,541,503,38,445,342,0
MV-59834,Women Skirts,ROG,Rouge,Ready-to-Wear,Women,Bottoms,Skirts,MVS,MV Signature,200,20,J347,MV Flagship Tokyo,24557.7,7190.92,60,30703.19,27932.71,10493.48,70,35820.39,175,166,9,214,131,0
MV-66349,Women Crossbody Bags Modern,ROG,Rouge,Leather Goods,Women,Handbags,Crossbody Bags,MV,Maison Voss,200,50,J347,MV Flagship Tokyo,71400.91,18138.27,117,88407.24,64123.22,17762.74,105,79339.83,79,52,27,78,54,0
MV-94058,Women Chain Belts,IVR,Ivoire,Leather Goods,Women,Belts,Chain Belts,MVS,MV Signature,200,20,J347,MV Flagship Tokyo,42327.79,12216.01,123,58057.61,35754.87,9038.88,110,51921.44,483,293,190,395,379,0
MV-12128,Women Cat Eye Signature,RSE,Rose Poudre,Accessories,Women,Sunglasses,Cat Eye,MV,Maison Voss,200,20,J347,MV Flagship Tokyo,100160.5,30766.01,237,125982.25,95546.33,24885.82,241,128108.54,508,408,100,510,473,0
MV-71953,Women Suit Trousers Relaxed,VRT,Vert,Ready-to-Wear,Women,Suits,Suit Trousers,MVS,MV Signature,200,20,J347,MV Flagship Tokyo,206270.75,72766.8,547,290210.13,153631.24,47985.05,443,235033.07,1927,1687,240,1495,1284,0
MV-58434,Women Shoulder Bags Heritage,TRP,Taupe,Leather Goods,Women,Handbags,Shoulder Bags,MV,Maison Voss,200,20,J347,MV Flagship Tokyo,34790.09,8853.33,77,41912.79,27838.1,7481.35,68,37013.89,167,149,18,170,122,0
MV-26074,Women Fedoras Slim,CRM,Cognac,Accessories,Women,Hats,Fedoras,MVS,MV Signature,200,30,J347,MV Flagship Tokyo,2665.82,757.41,8,3646.93,2270.03,650.11,7,3191.06,18,13,5,16,10,0
MV-80798,Men Chain Belts Modern,CAM,Camel,Leather Goods,Men,Belts,Chain Belts,MV,Maison Voss,200,50,J347,MV Flagship Tokyo,120963.53,39414.02,132,173279.23,90211.57,26234.32,93,122083.09,128,108,20,84,57,0
MV-36143,Unisex Weekender Heritage,VRT,Vert,Leather Goods,Unisex,Luggage,Weekender,MVS,MV Signature,200,50,J347,MV Flagship Tokyo,132511.39,48427.11,152,182500.24,128391.65,47321.92,136,163289.69,348,257,91,313,193,0
MV-22833,Women Midi Dresses Classic,TAN,Tan,Ready-to-Wear,Women,Dresses,Midi Dresses,MVS,MV Signature,200,20,J347,MV Flagship Tokyo,19342.64,5586.44,35,26788.27,20887.15,5401.27,40,30615.16,81,66,15,104,74,0
MV-33647,Men Coats Heritage,CRM,Cognac,Ready-to-Wear,Men,Outerwear,Coats,MVS,MV Signature,200,20,J347,MV Flagship Tokyo,180554.73,45895.29,276,233771.6,228761.95,58552.97,324,274427.53,819,509,310,1052,827,0
MV-69048,Women Tops Luxe,BLU,Bleu Marine,Ready-to-Wear,Women,Tops,Tops,MV,Maison Voss,200,50,J347,MV Flagship Tokyo,377513.94,126441.37,812,480098.31,319032.78,113379.41,701,414469.11,2541,1738,803,2345,1670,0
MV-20682,Men Loafers Slim,CRM,Cognac,Footwear,Men,Flats,Loafers,MVS,MV Signature,200,20,J347,MV Flagship Tokyo,301625.81,107495.83,564,362986.5,370492.88,100529.66,722,464674.21,826,596,230,1005,824,0
MV-65851,Women Midi Dresses Slim,NOI,Noir,Ready-to-Wear,Women,Dresses,Midi Dresses,MV,Maison Voss,200,50,J347,MV Flagship Tokyo,14399.14,4812.78,42,20037.17,14771.95,3967.33,43,20514.25,123,118,5,116,98,0
MV-20993,Men Wool Scarves Slim,GRG,Greige,Accessories,Men,Scarves,Wool Scarves,MV,Maison Voss,200,20,J347,MV Flagship Tokyo,80964.78,23307.35,403,96746.94,72680.87,26956.38,352,84503.53,887,543,344,873,802,0
MV-54657,Women Evening Dresses Slim,ANT,Anthracite,Ready-to-Wear,Women,Dresses,Evening Dresses,MV,Maison Voss,200,20,J347,MV Flagship Tokyo,64424.83,18357.83,236,92004.28,77002.82,25858.99,297,115785.05,925,586,339,1326,1165,0
MV-74866,Women Wool Scarves Luxe,BLU,Bleu Marine,Accessories,Women,Scarves,Wool Scarves,MV,Maison Voss,200,50,J347,MV Flagship Tokyo,52021.02,18207.06,117,71227.97,51164.66,16379.95,125,76098.26,85,80,5,101,68,0
MV-58434,Women Shoulder Bags Heritage,RSE,Rose Poudre,Leather Goods,Women,Handbags,Shoulder Bags,MV,Maison Voss,200,50,J347,MV Flagship Tokyo,151605.08,46079.83,150,222601.31,170514.72,62943.25,152,225569.32,249,244,5,248,241,0
MV-44335,Women Slides Slim,ANT,Anthracite,Footwear,Women,Flats,Slides,MV,Maison Voss,200,20,J347,MV Flagship Tokyo,116101.02,34069.95,367,149327.79,148803.14,39749.31,463,188389.01,478,369,109,651,450,0
MV-28776,Women Sandals Essential,RSE,Rose Poudre,Footwear,Women,Heels,Sandals,MV,Maison Voss,200,20,J347,MV Flagship Tokyo,32286.95,9980.4,126,42740.09,34596.36,12532.48,137,46471.36,220,178,42,235,213,0
MV-52487,Men Mini Bags Luxe,NOI,Noir,Leather Goods,Men,Handbags,Mini Bags,MV,Maison Voss,200,50,J347,MV Flagship Tokyo,90094.29,23692.26,90,117814.35,96069.22,27228.39,107,140068.17,76,57,19,92,57,0
MV-49472,Men Square Frames Modern,BRG,Bordeaux,Accessories,Men,Sunglasses,Square Frames,MV,Maison Voss,200,50,J347,MV Flagship Tokyo,39349.99,13368.62,131,51568.15,35901.32,12580.77,118,46450.7,417,263,154,348,278,0
MV-59672,Women Shoulder Bags Classic,TRP,Taupe,Leather Goods,Women,Handbags,Shoulder Bags,MV,Maison Voss,200,20,J347,MV Flagship Tokyo,155681.14,41461.09,167,199661.4,154673.97,53995.4,161,192487.93,411,281,130,401,246,0
MV-54589,Women Carry-On Slim,CAM,Camel,Leather Goods,Women,Luggage,Carry-On,MV,Maison Voss,200,70,J347,MV Flagship Tokyo,38768.06,14412.7,40,56086.01,25379.37,8983.05,29,40662.36,35,30,5,27,21,0
MV-67637,Men Midi Dresses Essential,SBL,Sable,Ready-to-Wear,Men,Dresses,Midi Dresses,MV,Maison Voss,200,20,J347,MV Flagship Tokyo,235503.79,63390.24,448,326797.05,238007.48,59638.16,496,361811.02,327,260,67,366,265,0
MV-20682,Men Loafers Slim,BRG,Bordeaux,Footwear,Men,Flats,Loafers,MVS,MV Signature,200,20,J347,MV Flagship Tokyo,113025.67,31042.8,217,139562.42,102812.03,27495.28,180,115766.07,170,135,35,169,113,0
MV-60181,Women Jackets Classic,ROG,Rouge,Ready-to-Wear,Women,Outerwear,Jackets,MVS,MV Signature,200,20,J347,MV Flagship Tokyo,68736.72,24551.38,194,85704.8,49679.25,13739.23,147,64941.27,255,215,40,155,120,0
MV-18163,Men Blazers Slim,GRG,Greige,Ready-to-Wear,Men,Suits,Blazers,MV,Maison Voss,200,20,J347,MV Flagship Tokyo,4121.03,1517.3,20,6046.72,3161.32,945.18,14,4232.7,72,47,25,57,37,0
MV-26074,Women Fedoras Slim,BRG,Bordeaux,Accessories,Women,Hats,Fedoras,MVS,MV Signature,200,20,J347,MV Flagship Tokyo,99072.92,25508.1,179,127541.46,95916.92,33376.34,172,122553.81,119,84,35,108,70,0
MV-30644,Men Chain Belts Slim,RSE,Rose Poudre,Leather Goods,Men,Belts,Chain Belts,MV,Maison Voss,200,70,J347,MV Flagship Tokyo,11134.68,3205.38,24,15437.45,10900.67,3617.57,24,15437.45,43,40,3,48,37,0
MV-79329,Men Suit Trousers Classic,GRG,Greige,Ready-to-Wear,Men,Suits,Suit Trousers,MVS,MV Signature,200,20,J347,MV Flagship Tokyo,3174.44,883.69,15,4232.83,3004.49,1039.89,16,4515.02,39,35,4,47,37,0
MV-85965,Men Fedoras Signature,NVY,Navy,Accessories,Men,Hats,Fedoras,MV,Maison Voss,200,20,J347,MV Flagship Tokyo,50908.81,14914.92,145,68071.53,55268.1,18551.24,154,72296.65,413,284,129,384,236,0
MV-90209,Men Suit Sets Modern,SBL,Sable,Ready-to-Wear,Men,Suits,Suit Sets,MV,Maison Voss,200,20,J347,MV Flagship Tokyo,57838.93,21039.39,99,69663.21,43678.72,16593.54,70,49256.82,293,290,3,176,108,0
MV-48177,Women Card Holders Essential,CAM,Camel,Leather Goods,Women,Small Leather Goods,Card Holders,MV,Maison Voss,200,50,J347,MV Flagship Tokyo,75402.19,24794.19,172,98703.6,65635.79,17974.85,138,79192.42,397,351,46,282,200,0
MV-52176,Women Check-In Relaxed,ECR,Ecru,Leather Goods,Women,Luggage,Check-In,MVS,MV Signature,200,20,J347,MV Flagship Tokyo,14827.67,5607.43,18,20981.54,20549.47,5370.74,23,26809.75,54,52,2,72,62,0
MV-99173,Women Card Holders Modern,GRG,Greige,Leather Goods,Women,Small Leather Goods,Card Holders,MV,Maison Voss,200,50,J347,MV Flagship Tokyo,89068.25,33198.56,109,116973.86,73982.58,21207.29,95,101949.69,263,227,36,200,125,0
MV-81364,Unisex Crossbody Bags Signature,BEG,Beige,Leather Goods,Unisex,Handbags,Crossbody Bags,MVS,MV Signature,200,30,J347,MV Flagship Tokyo,37330.88,11018.04,37,49170.09,30696.54,8417.83,34,45183.33,78,62,16,79,71,0
MV-79615,Women Midi Dresses Slim,CRM,Creme,Ready-to-Wear,Women,Dresses,Midi Dresses,MV,Maison Voss,200,20,J347,MV Flagship Tokyo,279641.52,103392.63,843,398653.47,305557.53,81280.36,920,435066.66,1383,887,496,1389,1021,0
MV-96200,Women Suit Sets,CAM,Camel,Ready-to-Wear,Women,Suits,Suit Sets,MVS,MV Signature,200,20,J347,MV Flagship Tokyo,114158.66,30369.17,159,141009.74,75746.86,25124.49,113,100214.47,502,363,139,373,282,0
MV-30253,Men Weekender Essential,CAM,Camel,Leather Goods,Men,Luggage,Weekender,MVS,MV Signature,200,20,J347,MV Flagship Tokyo,234184.34,79655.61,225,303046.44,287591.26,75549.11,258,347493.25,779,475,304,817,498,0
MV-86556,Women Evening Dresses Classic,TAN,Tan,Ready-to-Wear,Women,Dresses,Evening Dresses,MV,Maison Voss,200,20,J347,MV Flagship Tokyo,38172.57,12566.08,76,51790.81,42540.17,13414.01,79,53835.18,259,223,36,241,190,0
MV-96341,Women Card Holders Signature,NOI,Noir,Leather Goods,Women,Small Leather Goods,Card Holders,MVS,MV Signature,200,20,J347,MV Flagship Tokyo,11038.48,4074.83,19,15690.61,12488.65,4062.78,23,18993.89,65,52,13,66,54,0
MV-78494,Men Suit Sets Essential,GRG,Greige,Ready-to-Wear,Men,Suits,Suit Sets,MVS,MV Signature,200,50,J347,MV Flagship Tokyo,451049.34,142570.11,721,570566.64,428895.59,117458.34,671,530998.92,384,244,140,288,242,0
MV-82135,Women Trousers Slim,CRM,Cognac,Ready-to-Wear,Women,Bottoms,Trousers,MVS,MV Signature,200,20,J347,MV Flagship Tokyo,33353.07,10511.82,65,40709.32,41827.94,11054.99,79,49477.48,96,78,18,117,82,0
MV-78937,Men Carry-On Luxe,CAM,Camel,Leather Goods,Men,Luggage,Carry-On,MVS,MV Signature,200,30,J347,MV Flagship Tokyo,95023.85,32741.01,106,118340.33,91517.48,29950.34,100,111641.82,157,132,25,161,149,0
MV-18799,Women Jeans Modern,ANT,Anthracite,Ready-to-Wear,Women,Bottoms,Jeans,MV,Maison Voss,200,70,J347,MV Flagship Tokyo,45720.98,11726.83,203,56165.41,55293.88,16319.1,249,68892.55,402,289,113,441,310,0
MV-56346,Women Clutches Essential,SBL,Sable,Leather Goods,Women,Handbags,Clutches,MV,Maison Voss,200,30,J347,MV Flagship Tokyo,2605.07,894.84,4,3586.33,2035.53,619.78,3,2689.74,10,9,1,7,6,0
MV-12665,Women Suit Trousers Essential,ANT,Anthracite,Ready-to-Wear,Women,Suits,Suit Trousers,MV,Maison Voss,200,20,J347,MV Flagship Tokyo,147649.46,50078.17,322,175362.32,137285.11,46335.77,324,176451.53,591,487,104,491,334,0
MV-93717,Women Leather Belts Heritage,BEG,Beige,Leather Goods,Women,Belts,Leather Belts,MVS,MV Signature,200,20,J347,MV Flagship Tokyo,59561.54,18543.91,149,76035.88,55546.15,17643.48,144,73484.34,220,141,79,184,128,0
MV-38683,Men Tops Slim,ECR,Ecru,Ready-to-Wear,Men,Tops,Tops,MVS,MV Signature,200,20,J347,MV Flagship Tokyo,14407.61,4176.14,63,21459.87,18006.92,5020.92,70,23844.3,130,125,5,118,103,0
MV-56955,Women Ballet Flats Relaxed,ARG,Argent,Footwear,Women,Flats,Ballet Flats,MVS,MV Signature,200,20,J347,MV Flagship Tokyo,8956.35,3009.41,12,12519.73,7143.62,2433.16,9,9389.8,28,17,11,20,19,0
MV-15958,Men Pumps Heritage,TAN,Tan,Footwear,Men,Heels,Pumps,MVS,MV Signature,200,20,J347,MV Flagship Tokyo,20086.32,5179.08,34,25764.67,14357.95,3794.31,25,18944.61,108,94,14,78,76,0
MV-21164,Men Shorts Relaxed,RSE,Rose Poudre,Ready-to-Wear,Men,Bottoms,Shorts,MV,Maison Voss,200,20,J347,MV Flagship Tokyo,251731.58,92705.89,436,353908.08,203501.28,61680.53,358,290594.25,1458,928,530,1205,1158,0
MV-56955,Women Ballet Flats Relaxed,CRM,Cognac,Footwear,Women,Flats,Ballet Flats,MVS,MV Signature,200,20,J347,MV Flagship Tokyo,161882.99,50744.04,224,208523.94,200084.46,57886.37,279,259724.02,573,445,128,770,573,0
MV-49618,Men Square Frames Classic,TAN,Tan,Accessories,Men,Sunglasses,Square Frames,MV,Maison Voss,200,20,J347,MV Flagship Tokyo,12539.98,4145.95,55,15362.25,14963.77,5471.93,64,17876.08,182,134,48,204,177,0
MV-76237,Women Skirts Classic,VRT,Vert,Ready-to-Wear,Women,Bottoms,Skirts,MV,Maison Voss,200,50,J347,MV Flagship Tokyo,4490.03,1432.79,13,5787.37,5185.35,1913.11,15,6677.74,48,33,15,48,29,0
MV-59015,Unisex Baseball Caps Relaxed,TRP,Taupe,Accessories,Unisex,Hats,Baseball Caps,MV,Maison Voss,200,20,J347,MV Flagship Tokyo,45970.41,15886.23,227,65611.16,47637.51,15460.36,235,67923.45,826,744,82,860,526,0
MV-51116,Unisex Tops Essential,VRT,Vert,Ready-to-Wear,Unisex,Tops,Tops,MV,Maison Voss,200,20,J347,MV Flagship Tokyo,98631.25,35831.63,164,119956.57,107008.13,33135.77,169,123613.78,251,189,62,215,143,0
MV-54657,Women Evening Dresses Slim,CRM,Cognac,Ready-to-Wear,Women,Dresses,Evening Dresses,MV,Maison Voss,200,20,J347,MV Flagship Tokyo,32188.37,11175.32,100,38898.81,38343.83,9879.15,126,49012.5,358,350,8,475,297,0
MV-96870,Women Day Dresses Relaxed,NVY,Navy,Ready-to-Wear,Women,Dresses,Day Dresses,MVS,MV Signature,200,50,J347,MV Flagship Tokyo,37229.5,14039.84,87,53804.74,43537.37,11476.31,104,64318.31,311,282,29,337,291,0
MV-13761,Women Evening Dresses Luxe,CRM,Cognac,Ready-to-Wear,Women,Dresses,Evening Dresses,MVS,MV Signature,200,20,J347,MV Flagship Tokyo,15114.57,4173.82,47,17586.25,16141.98,5977.89,49,18334.6,136,131,5,142,107,0
MV-53064,Men Skirts Slim,BLU,Bleu Marine,Ready-to-Wear,Men,Bottoms,Skirts,MV,Maison Voss,200,20,J347,MV Flagship Tokyo,52839.08,15891.79,214,69786.7,63972.02,20949.79,264,86092.01,257,225,32,257,222,0
MV-20328,Men Clutches,CHP,Champagne,Leather Goods,Men,Handbags,Clutches,MVS,MV Signature,200,20,J347,MV Flagship Tokyo,612204.23,168753.38,683,748939.22,667412.7,200937.25,756,828986.89,1928,1831,97,2542,2275,0
MV-79615,Women Midi Dresses Slim,NOI,Noir,Ready-to-Wear,Women,Dresses,Midi Dresses,MV,Maison Voss,200,20,J347,MV Flagship Tokyo,21836.89,6561.32,37,31897.52,18747.06,6111.13,29,25000.76,30,29,1,20,14,0
MV-76132,Unisex Leather Belts Slim,IVR,Ivoire,Leather Goods,Unisex,Belts,Leather Belts,MV,Maison Voss,200,50,J347,MV Flagship Tokyo,102002.94,32882.22,176,146190.41,136234.19,35319.72,218,181076.76,397,279,118,502,476,0
MV-43586,Women Jeans Signature,RSE,Rose Poudre,Ready-to-Wear,Women,Bottoms,Jeans,MV,Maison Voss,200,20,J347,MV Flagship Tokyo,21759.27,5474.87,106,30435.48,30577.44,9495.41,131,37613.66,163,101,62,206,178,0
MV-35272,Men Check-In Modern,CRM,Creme,Leather Goods,Men,Luggage,Check-In,MV,Maison Voss,200,20,J347,MV Flagship Tokyo,69751.99,19227.8,114,91440.37,70194.21,22022.49,123,98659.34,414,385,29,410,320,0
MV-93717,Women Leather Belts Heritage,RSE,Rose Poudre,Leather Goods,Women,Belts,Leather Belts,MVS,MV Signature,200,70,J347,MV Flagship Tokyo,27191.59,7925.68,56,37243.64,37480.11,13141.09,69,45889.48,44,40,4,53,36,0
MV-54589,Women Carry-On Slim,CRM,Creme,Leather Goods,Women,Luggage,Carry-On,MV,Maison Voss,200,70,J347,MV Flagship Tokyo,269216.95,70956.45,337,337696.41,315106.89,105298.37,417,417861.73,1228,790,438,1633,1328,0
MV-12180,Men High Top Signature,VRT,Vert,Footwear,Men,Sneakers,High Top,MVS,MV Signature,200,20,J347,MV Flagship Tokyo,56243.18,19873.34,128,78531.14,42000.06,15820.65,99,60738.93,207,130,77,142,126,0
MV-93283,Unisex Wallets Luxe,ARG,Argent,Leather Goods,Unisex,Small Leather Goods,Wallets,MV,Maison Voss,200,20,J347,MV Flagship Tokyo,142700.47,53280.23,151,196030.9,112715.93,31068.41,127,164873.67,181,161,20,154,146,0
MV-71057,Women Boots,BLU,Bleu Marine,Footwear,Women,Heels,Boots,MVS,MV Signature,200,20,J347,MV Flagship Tokyo,54850.24,19160.02,70,72017.64,37999.83,11013.02,50,51441.17,121,75,46,84,78,0
MV-99173,Women Card Holders Modern,SBL,Sable,Leather Goods,Women,Small Leather Goods,Card Holders,MV,Maison Voss,200,20,J347,MV Flagship Tokyo,39527.04,14874.06,38,52833.43,42353.52,13281.68,42,58394.85,128,121,7,149,107,0
MV-73242,Men Chain Belts Luxe,IVR,Ivoire,Leather Goods,Men,Belts,Chain Belts,MV,Maison Voss,200,20,J347,MV Flagship Tokyo,5767.38,1484.66,17,6648.41,4986.56,1845.01,17,6648.41,43,31,12,50,30,0
MV-38183,Men Suit Trousers Essential,NVY,Navy,Ready-to-Wear,Men,Suits,Suit Trousers,MVS,MV Signature,200,50,J347,MV Flagship Tokyo,86177.22,28978.59,242,122164.51,68928.14,17608.86,191,96419.1,380,269,111,360,292,0
MV-38683,Men Tops Slim,ROG,Rouge,Ready-to-Wear,Men,Tops,Tops,MVS,MV Signature,200,20,J347,MV Flagship Tokyo,26571.82,7920.0,42,32920.27,22174.17,5749.0,33,25865.93,113,90,23,78,47,0
MV-74866,Women Wool Scarves Luxe,BRG,Bordeaux,Accessories,Women,Scarves,Wool Scarves,MV,Maison Voss,200,20,J347,MV Flagship Tokyo,125779.58,47364.05,227,156044.45,113856.67,29004.59,206,141608.62,714,557,157,659,441,0
MV-71797,Men Shoulder Bags Classic,TRP,Taupe,Leather Goods,Men,Handbags,Shoulder Bags,MVS,MV Signature,200,20,J347,MV Flagship Tokyo,93815.15,35609.69,95,130041.88,71499.66,20512.36,71,97189.19,324,313,11,244,176,0
MV-74451,Unisex Weekender Modern,TRP,Taupe,Leather Goods,Unisex,Luggage,Weekender,MV,Maison Voss,200,20,J347,MV Flagship Tokyo,109748.76,38066.39,104,152777.03,117901.99,43110.04,112,164529.11,269,229,40,271,213,0
MV-97782,Women Leather Belts Signature,ANT,Anthracite,Leather Goods,Women,Belts,Leather Belts,MV,Maison Voss,200,20,J347,MV Flagship Tokyo,120369.11,39468.9,122,154000.23,135107.05,49299.26,149,188082.25,473,433,40,621,373,0
MV-63225,Unisex Key Holders,BLU,Bleu Marine,Leather Goods,Unisex,Small Leather Goods,Key Holders,MVS,MV Signature,200,30,J347,MV Flagship Tokyo,34453.32,10190.44,88,47610.89,40020.32,13734.96,110,59513.61,270,178,92,362,350,0
MV-50213,Women Tops Slim,NVY,Navy,Ready-to-Wear,Women,Tops,Tops,MV,Maison Voss,200,70,J347,MV Flagship Tokyo,8497.27,3208.63,20,12154.5,8488.97,2555.23,21,12762.23,38,28,10,43,40,0
MV-38047,Women Round Frames Relaxed,CRM,Cognac,Accessories,Women,Sunglasses,Round Frames,MVS,MV Signature,200,20,J347,MV Flagship Tokyo,20433.81,7100.16,71,24842.76,18519.55,6117.92,66,23093.27,129,116,13,100,63,0
MV-79822,Unisex Fedoras Slim,RSE,Rose Poudre,Accessories,Unisex,Hats,Fedoras,MV,Maison Voss,200,20,J347,MV Flagship Tokyo,121187.81,37493.63,211,151196.42,111661.86,37348.95,186,133282.15,378,247,131,338,208,0
MV-31581,Men Key Holders Slim,BLU,Bleu Marine,Leather Goods,Men,Small Leather Goods,Key Holders,MVS,MV Signature,200,50,J347,MV Flagship Tokyo,67945.71,19128.75,212,92354.68,61798.19,23064.3,197,85820.15,708,669,39,595,501,0
MV-76237,Women Skirts Classic,ROG,Rouge,Ready-to-Wear,Women,Bottoms,Skirts,MV,Maison Voss,200,30,J347,MV Flagship Tokyo,18989.21,6194.22,65,22592.71,19933.05,7180.95,69,23983.03,147,102,45,164,102,0
MV-49576,Women Jackets Classic,ARG,Argent,Ready-to-Wear,Women,Outerwear,Jackets,MV,Maison Voss,200,50,J347,MV Flagship Tokyo,65166.81,19784.25,119,91486.0,70917.17,19267.74,138,106093.01,91,74,17,113,72,0
MV-85914,Women Wallets,NVY,Navy,Leather Goods,Women,Small Leather Goods,Wallets,MV,Maison Voss,200,20,J347,MV Flagship Tokyo,15272.34,3843.06,41,18592.6,13869.94,5082.41,36,16325.21,128,90,38,118,114,0
MV-64524,Women Check-In Modern,CAM,Camel,Leather Goods,Women,Luggage,Check-In,MV,Maison Voss,200,50,J347,MV Flagship Tokyo,34114.81,9865.86,45,48735.37,25334.78,8510.77,33,35739.27,146,99,47,116,82,0
MV-67905,Women High Top Luxe,ANT,Anthracite,Footwear,Women,Sneakers,High Top,MV,Maison Voss,200,50,J347,MV Flagship Tokyo,2734.88,933.12,4,3718.55,2376.96,861.67,4,3718.55,15,9,6,14,8,0
MV-36143,Unisex Weekender Heritage,ARG,Argent,Leather Goods,Unisex,Luggage,Weekender,MVS,MV Signature,200,20,J347,MV Flagship Tokyo,352916.28,94650.31,440,444131.41,236010.71,87220.01,332,335117.34,1629,1405,224,1265,787,0
MV-99181,Women Blazers Modern,ANT,Anthracite,Ready-to-Wear,Women,Outerwear,Blazers,MVS,MV Signature,200,50,J347,MV Flagship Tokyo,26589.71,6893.96,45,33037.5,21389.13,7959.86,36,26430.0,48,47,1,43,38,0
MV-28776,Women Sandals Essential,NOI,Noir,Footwear,Women,Heels,Sandals,MV,Maison Voss,200,20,J347,MV Flagship Tokyo,36817.59,13146.0,50,49785.91,33701.33,9162.61,45,44807.32,114,110,4,121,75,0
MV-15014,Women Bracelets Modern,GRG,Greige,Accessories,Women,Jewelry,Bracelets,MVS,MV Signature,200,30,J347,MV Flagship Tokyo,11446.34,3524.01,63,16296.08,9615.29,3460.09,49,12674.73,204,157,47,145,92,0
MV-49251,Men Slides Classic,ARG,Argent,Footwear,Men,Flats,Slides,MV,Maison Voss,200,20,J347,MV Flagship Tokyo,8448.86,2238.93,26,10625.23,8151.11,2650.89,27,11033.89,81,57,24,78,55,0
MV-30730,Men High Top Luxe,BEG,Beige,Footwear,Men,Sneakers,High Top,MV,Maison Voss,200,20,J347,MV Flagship Tokyo,148904.79,49439.78,197,206386.11,118101.62,42550.67,165,172861.47,221,168,53,162,131,0
MV-78494,Men Suit Sets Essential,VRT,Vert,Ready-to-Wear,Men,Suits,Suit Sets,MVS,MV Signature,200,20,J347,MV Flagship Tokyo,5018.49,1392.49,15,6936.5,3996.48,1387.45,12,5549.2,39,28,11,36,23,0
MV-20350,Women Card Holders Essential,CAM,Camel,Leather Goods,Women,Small Leather Goods,Card Holders,MVS,MV Signature,200,20,J347,MV Flagship Tokyo,17251.42,4459.29,27,20759.01,11929.09,4134.93,20,15377.04,21,19,2,15,14,0
MV-25974,Women Chain Belts,CRM,Cognac,Leather Goods,Women,Belts,Chain Belts,MV,Maison Voss,200,50,J347,MV Flagship Tokyo,166962.46,53047.54,200,214619.08,201609.21,63092.87,259,277931.7,263,204,59,392,250,0
MV-99381,Women Fedoras Signature,GRG,Greige,Accessories,Women,Hats,Fedoras,MVS,MV Signature,200,20,J347,MV Flagship Tokyo,46219.21,17140.35,80,59521.04,35360.32,10121.21,63,46872.82,74,58,16,49,43,0
MV-95918,Women Suit Sets Modern,CAM,Camel,Ready-to-Wear,Women,Suits,Suit Sets,MV,Maison Voss,200,50,J347,MV Flagship Tokyo,86553.8,28162.62,238,116386.94,94473.79,29487.51,265,129590.5,899,626,273,968,758,0
MV-58566,Men Leather Belts Relaxed,RSE,Rose Poudre,Leather Goods,Men,Belts,Leather Belts,MVS,MV Signature,200,50,J347,MV Flagship Tokyo,161690.15,50139.63,157,199901.99,185002.57,62363.09,179,227913.73,98,81,17,133,117,0
MV-82924,Women Low Top Classic,BRG,Bordeaux,Footwear,Women,Sneakers,Low Top,MV,Maison Voss,200,70,J347,MV Flagship Tokyo,41703.46,12540.4,57,52426.74,44480.3,13060.72,63,57945.35,75,57,18,90,85,0
MV-86556,Women Evening Dresses Classic,NVY,Navy,Ready-to-Wear,Women,Dresses,Evening Dresses,MV,Maison Voss,200,30,J347,MV Flagship Tokyo,135760.18,41346.14,203,189957.7,137609.52,49172.53,186,174049.91,300,273,27,278,223,0
MV-52487,Men Mini Bags Luxe,CRM,Creme,Leather Goods,Men,Handbags,Mini Bags,MV,Maison Voss,200,50,J347,MV Flagship Tokyo,24679.65,8988.98,23,30179.51,21150.63,5598.48,21,27555.2,22,14,8,23,22,0
MV-85965,Men Fedoras Signature,BRG,Bordeaux,Accessories,Men,Hats,Fedoras,MV,Maison Voss,200,20,J347,MV Flagship Tokyo,82876.06,22646.06,148,105683.52,86809.93,22627.3,135,96400.51,587,352,235,619,494,0
MV-59391,Women Weekender Signature,RSE,Rose Poudre,Leather Goods,Women,Luggage,Weekender,MVS,MV Signature,200,70,J347,MV Flagship Tokyo,65031.17,21310.07,111,90253.42,74671.57,19293.44,119,96758.18,268,164,104,315,206,0
MV-15513,Unisex Shorts Heritage,RSE,Rose Poudre,Ready-to-Wear,Unisex,Bottoms,Shorts,MVS,MV Signature,200,70,J347,MV Flagship Tokyo,22373.09,7965.64,60,29462.54,27408.27,6852.12,71,34864.0,98,71,27,111,102,0
MV-49576,Women Jackets Classic,ECR,Ecru,Ready-to-Wear,Women,Outerwear,Jackets,MV,Maison Voss,200,20,J347,MV Flagship Tokyo,111231.42,32949.09,179,149643.07,137238.67,51437.08,208,173886.92,438,415,23,460,320,0
MV-73242,Men Chain Belts Luxe,VRT,Vert,Leather Goods,Men,Belts,Chain Belts,MV,Maison Voss,200,20,J347,MV Flagship Tokyo,258755.62,82807.17,397,362032.54,250028.66,78291.65,365,332851.07,659,592,67,547,381,0
MV-96761,Men Jackets Essential,BRG,Bordeaux,Ready-to-Wear,Men,Outerwear,Jackets,MVS,MV Signature,200,50,J347,MV Flagship Tokyo,854317.05,301471.02,1321,1162629.45,933174.55,271420.35,1577,1387938.42,3527,2467,1060,4463,3400,0
MV-23133,Men Trousers Essential,GRG,Greige,Ready-to-Wear,Men,Bottoms,Trousers,MV,Maison Voss,200,50,J347,MV Flagship Tokyo,52491.32,19154.59,181,65192.82,66092.38,17766.98,226,81400.98,625,586,39,635,618,0
MV-51116,Unisex Tops Essential,ARG,Argent,Ready-to-Wear,Unisex,Tops,Tops,MV,Maison Voss,200,50,J347,MV Flagship Tokyo,67638.99,25422.95,100,91216.16,74142.77,21706.04,102,93040.48,227,209,18,202,121,0
MV-76132,Unisex Leather Belts Slim,CRM,Creme,Leather Goods,Unisex,Belts,Leather Belts,MV,Maison Voss,200,20,J347,MV Flagship Tokyo,50305.87,13539.97,49,64302.08,58240.75,17178.97,58,76112.66,192,143,49,239,178,0
MV-11214,Men Coats Heritage,GRG,Greige,Ready-to-Wear,Men,Outerwear,Coats,MVS,MV Signature,200,50,J347,MV Flagship Tokyo,32530.13,9093.57,57,46047.13,41719.04,13672.47,66,53317.73,130,118,12,144,120,0
MV-85914,Women Wallets,BLU,Bleu Marine,Leather Goods,Women,Small Leather Goods,Wallets,MV,Maison Voss,200,50,J347,MV Flagship Tokyo,121666.22,34921.07,126,155584.69,151287.03,44121.25,155,191393.87,495,394,101,693,535,0
MV-44335,Women Slides Slim,TAN,Tan,Footwear,Women,Flats,Slides,MV,Maison Voss,200,20,J347,MV Flagship Tokyo,66934.84,17672.29,88,88106.88,84058.96,27862.24,106,106128.74,239,150,89,296,186,0
MV-40007,Women Tote Bags Modern,SBL,Sable,Leather Goods,Women,Handbags,Tote Bags,MV,Maison Voss,200,20,J347,MV Flagship Tokyo,360371.28,120877.25,475,452042.56,294270.52,93901.34,412,392087.45,1732,1132,600,1376,960,0
MV-46655,Women Cat Eye Heritage,BRG,Bordeaux,Accessories,Women,Sunglasses,Cat Eye,MV,Maison Voss,200,20,J347,MV Flagship Tokyo,43449.6,14537.76,89,64999.67,62780.98,23467.87,112,81797.34,185,136,49,223,195,0
MV-44335,Women Slides Slim,CRM,Cognac,Footwear,Women,Flats,Slides,MV,Maison Voss,200,20,J347,MV Flagship Tokyo,64061.46,22566.56,90,93792.4,70769.81,22570.96,87,90665.99,91,63,28,73,45,0
MV-57943,Women Shorts Essential,CRM,Creme,Ready-to-Wear,Women,Bottoms,Shorts,MV,Maison Voss,200,30,J347,MV Flagship Tokyo,51223.72,18816.91,93,67243.64,41791.59,11769.65,74,53505.69,261,213,48,240,149,0
MV-90356,Women Loafers Signature,CRM,Creme,Footwear,Women,Flats,Loafers,MV,Maison Voss,200,70,J347,MV Flagship Tokyo,274838.63,90764.06,351,367742.73,216659.85,69884.46,263,275545.12,1178,1081,97,728,545,0
MV-98815,Men Check-In,NOI,Noir,Leather Goods,Men,Luggage,Check-In,MVS,MV Signature,200,50,J347,MV Flagship Tokyo,183580.72,66363.69,203,236108.61,177761.71,57025.14,208,241924.09,651,552,99,629,503,0
MV-62772,Men Tote Bags Signature,IVR,Ivoire,Leather Goods,Men,Handbags,Tote Bags,MV,Maison Voss,200,20,J347,MV Flagship Tokyo,130084.96,38426.0,184,187240.54,177672.25,65066.04,229,233033.07,493,397,96,610,587,0
MV-99381,Women Fedoras Signature,NVY,Navy,Accessories,Women,Hats,Fedoras,MVS,MV Signature,200,20,J347,MV Flagship Tokyo,18435.09,6521.64,78,26029.27,16386.04,5076.27,64,21357.35,217,170,47,193,119,0
MV-94323,Women Round Frames Classic,BLU,Bleu Marine,Accessories,Women,Sunglasses,Round Frames,MVS,MV Signature,200,20,J347,MV Flagship Tokyo,138481.85,51147.82,330,170106.59,155150.13,49571.69,407,209798.13,351,271,80,517,510,0
MV-62034,Women Necklaces Luxe,BRG,Bordeaux,Accessories,Women,Jewelry,Necklaces,MVS,MV Signature,200,20,J347,MV Flagship Tokyo,2255.78,838.97,7,2844.82,1149.68,324.59,4,1625.61,4,2,2,3,2,0
MV-49251,Men Slides Classic,NOI,Noir,Footwear,Men,Flats,Slides,MV,Maison Voss,200,30,J347,MV Flagship Tokyo,181969.45,48195.92,396,260426.36,219296.54,75089.98,472,310407.17,582,444,138,707,470,0
MV-83975,Unisex Baseball Caps Classic,VRT,Vert,Accessories,Unisex,Hats,Baseball Caps,MVS,MV Signature,200,50,J347,MV Flagship Tokyo,63914.85,17809.42,139,76092.49,67693.62,21004.19,161,88135.9,222,160,62,232,224,0
MV-62196,Women Blazers,BRG,Bordeaux,Ready-to-Wear,Women,Outerwear,Blazers,MV,Maison Voss,200,70,J347,MV Flagship Tokyo,51561.04,13324.24,98,65033.7,42639.72,14946.81,91,60388.43,371,233,138,390,270,0
MV-23979,Women Check-In Relaxed,BLU,Bleu Marine,Leather Goods,Women,Luggage,Check-In,MV,Maison Voss,200,30,J347,MV Flagship Tokyo,119269.85,32908.38,133,177916.67,136693.7,42697.06,138,184605.27,524,485,39,494,461,0
MV-22097,Men Leather Belts Essential,BLU,Bleu Marine,Leather Goods,Men,Belts,Leather Belts,MV,Maison Voss,200,20,J347,MV Flagship Tokyo,239829.37,68988.41,213,310826.8,270810.44,79771.94,247,360442.34,632,527,105,708,599,0
MV-62044,Women Low Top Classic,NOI,Noir,Footwear,Women,Sneakers,Low Top,MVS,MV Signature,200,20,J347,MV Flagship Tokyo,1022.6,269.35,2,1417.76,555.45,150.55,1,708.88,5,4,1,3,2,0
MV-67104,Men Sandals Essential,NOI,Noir,Footwear,Men,Heels,Sandals,MV,Maison Voss,200,50,J347,MV Flagship Tokyo,209400.73,76827.06,397,303077.08,228807.77,69937.91,470,358806.62,1333,929,404,1433,976,0
MV-77538,Men Check-In Signature,TAN,Tan,Leather Goods,Men,Luggage,Check-In,MV,Maison Voss,200,20,J347,MV Flagship Tokyo,63001.53,22358.59,114,80442.88,40420.45,14602.19,82,57862.42,314,230,84,218,157,0
MV-79924,Unisex Blazers Modern,IVR,Ivoire,Ready-to-Wear,Unisex,Outerwear,Blazers,MV,Maison Voss,200,50,J347,MV Flagship Tokyo,38149.4,10454.4,81,53233.73,31581.61,11669.68,63,41404.01,315,249,66,218,147,0
MV-12180,Men High Top Signature,VRT,Vert,Footwear,Men,Sneakers,High Top,MVS,MV Signature,200,20,J347,MV Flagship Tokyo,6802.16,2398.76,28,9757.35,5691.05,1878.74,24,8363.44,75,63,12,75,49,0
MV-92203,Men Clutches,ARG,Argent,Leather Goods,Men,Handbags,Clutches,MV,Maison Voss,200,20,J347,MV Flagship Tokyo,89686.5,27151.73,112,113983.41,104087.88,33108.85,126,128231.34,204,190,14,224,204,0
MV-18163,Men Blazers Slim,CHP,Champagne,Ready-to-Wear,Men,Suits,Blazers,MV,Maison Voss,200,30,J347,MV Flagship Tokyo,55463.78,20961.71,132,77197.25,53214.08,14375.19,124,72518.63,124,119,5,124,105,0
MV-69473,Women Chain Belts Heritage,RSE,Rose Poudre,Leather Goods,Women,Belts,Chain Belts,MVS,MV Signature,200,30,J347,MV Flagship Tokyo,107270.43,29683.14,100,150639.44,77943.28,28549.31,76,114485.97,178,108,70,128,78,0
MV-47196,Women Wallets,TAN,Tan,Leather Goods,Women,Small Leather Goods,Wallets,MVS,MV Signature,200,20,J347,MV Flagship Tokyo,79175.17,23935.63,220,106751.53,84179.31,23172.23,255,123734.73,376,252,124,483,378,0
MV-68878,Men Carry-On Heritage,IVR,Ivoire,Leather Goods,Men,Luggage,Carry-On,MVS,MV Signature,200,20,J347,MV Flagship Tokyo,71441.47,20300.13,105,92173.38,82180.9,26430.02,119,104463.17,408,338,70,388,368,0
MV-16265,Women Chain Belts Signature,CRM,Cognac,Leather Goods,Women,Belts,Chain Belts,MVS,MV Signature,200,20,J347,MV Flagship Tokyo,277746.06,85329.9,630,374361.32,272503.16,82388.81,665,395159.17,2096,1412,684,2200,1767,0
MV-33703,Men Earrings Slim,RSE,Rose Poudre,Accessories,Men,Jewelry,Earrings,MVS,MV Signature,200,50,J347,MV Flagship Tokyo,94453.95,35178.66,177,124787.0,86723.64,28875.77,180,126902.03,703,627,76,739,724,0
MV-82135,Women Trousers Slim,TAN,Tan,Ready-to-Wear,Women,Bottoms,Trousers,MVS,MV Signature,200,20,J347,MV Flagship Tokyo,163614.34,59142.69,319,236471.08,168756.35,51074.59,323,239436.23,908,662,246,1074,745,0
MV-89507,Women Blazers Essential,NOI,Noir,Ready-to-Wear,Women,Outerwear,Blazers,MV,Maison Voss,200,20,J347,MV Flagship Tokyo,6490.51,1777.7,22,8860.54,8134.73,2744.94,25,10068.8,65,51,14,64,51,0
MV-41029,Women Ballet Flats Luxe,CRM,Creme,Footwear,Women,Flats,Ballet Flats,MV,Maison Voss,200,20,J347,MV Flagship Tokyo,52184.62,13621.93,98,74754.55,53248.69,13926.97,96,73228.95,108,106,2,124,116,0
MV-33647,Men Coats Heritage,RSE,Rose Poudre,Ready-to-Wear,Men,Outerwear,Coats,MVS,MV Signature,200,50,J347,MV Flagship Tokyo,16900.5,5250.02,79,23183.93,13444.91,3939.33,63,18488.45,133,100,33,100,92,0
MV-85156,Women Chain Belts Essential,BLU,Bleu Marine,Leather Goods,Women,Belts,Chain Belts,MV,Maison Voss,200,20,J347,MV Flagship Tokyo,137480.09,48486.75,163,167877.76,113416.59,36395.04,128,131830.39,214,171,43,150,113,0
MV-49363,Unisex Cashmere Scarves,ECR,Ecru,Accessories,Unisex,Scarves,Cashmere Scarves,MVS,MV Signature,200,20,J347,MV Flagship Tokyo,166563.67,55613.14,382,213711.26,152412.8,39861.11,378,211473.44,824,625,199,800,702,0
MV-16175,Unisex Day Dresses Modern,CHP,Champagne,Ready-to-Wear,Unisex,Dresses,Day Dresses,MV,Maison Voss,200,50,J347,MV Flagship Tokyo,10621.61,2990.31,15,14696.17,7893.39,2288.3,11,10777.19,24,18,6,19,17,0
MV-67961,Men Wool Scarves Heritage,BLU,Bleu Marine,Accessories,Men,Scarves,Wool Scarves,MV,Maison Voss,200,20,J347,MV Flagship Tokyo,7407.54,2234.12,14,10505.88,6112.33,2149.89,12,9005.04,28,23,5,20,18,0
MV-77033,Women Weekender Modern,ARG,Argent,Leather Goods,Women,Luggage,Weekender,MVS,MV Signature,200,50,J347,MV Flagship Tokyo,153261.2,45767.09,368,188841.41,124539.74,33870.76,304,155999.42,316,262,54,223,218,0
MV-62383,Men Berets Relaxed,TRP,Taupe,Accessories,Men,Hats,Berets,MVS,MV Signature,200,70,J347,MV Flagship Tokyo,18578.71,5508.96,46,22408.47,11676.79,4093.15,32,15588.5,175,114,61,104,83,0
MV-78494,Men Suit Sets Essential,SBL,Sable,Ready-to-Wear,Men,Suits,Suit Sets,MVS,MV Signature,200,20,J347,MV Flagship Tokyo,49011.54,12590.21,214,67052.28,45914.45,15610.24,225,70498.9,314,313,1,329,252,0
MV-39389,Women Mules Modern,NOI,Noir,Footwear,Women,Heels,Mules,MVS,MV Signature,200,30,J347,MV Flagship Tokyo,82016.67,21373.12,151,117015.19,112897.71,30254.4,191,148012.59,391,337,54,538,454,0
MV-73532,Women Midi Dresses Modern,CAM,Camel,Ready-to-Wear,Women,Dresses,Midi Dresses,MVS,MV Signature,200,30,J347,MV Flagship Tokyo,74103.76,25928.67,346,103222.54,71385.83,17930.17,360,107399.18,808,579,229,698,609,0
MV-49363,Unisex Cashmere Scarves,CAM,Camel,Accessories,Unisex,Scarves,Cashmere Scarves,MVS,MV Signature,200,20,J347,MV Flagship Tokyo,15526.75,5765.4,25,20279.14,11138.45,3654.5,20,16223.31,77,53,24,58,44,0
MV-15513,Unisex Shorts Heritage,CRM,Cognac,Ready-to-Wear,Unisex,Bottoms,Shorts,MVS,MV Signature,200,20,J347,MV Flagship Tokyo,5336.31,1575.95,26,7587.4,3508.97,1320.38,18,5252.81,28,19,9,20,15,0
MV-12180,Men High Top Signature,CRM,Cognac,Footwear,Men,Sneakers,High Top,MVS,MV Signature,200,20,J347,MV Flagship Tokyo,121794.81,35804.5,157,150667.54,150023.02,38408.46,180,172739.86,560,443,117,687,629,0
MV-31581,Men Key Holders Slim,CHP,Champagne,Leather Goods,Men,Small Leather Goods,Key Holders,MVS,MV Signature,200,20,J347,MV Flagship Tokyo,558077.31,207213.52,567,741484.77,379578.88,102552.8,421,550555.71,1522,1404,118,1280,856,0
MV-22097,Men Leather Belts Essential,BLU,Bleu Marine,Leather Goods,Men,Belts,Leather Belts,MV,Maison Voss,200,30,J347,MV Flagship Tokyo,97303.89,26353.14,103,133903.22,78485.54,19664.86,80,104002.5,284,223,61,212,169,0
MV-16175,Unisex Day Dresses Modern,GRG,Greige,Ready-to-Wear,Unisex,Dresses,Day Dresses,MV,Maison Voss,200,20,J347,MV Flagship Tokyo,45421.28,15549.73,76,60909.8,54177.08,19094.25,87,69725.69,226,145,81,248,162,0
MV-49618,Men Square Frames Classic,BRG,Bordeaux,Accessories,Men,Sunglasses,Square Frames,MV,Maison Voss,200,20,J347,MV Flagship Tokyo,114068.94,43255.04,180,138377.11,115783.32,30569.66,188,144527.21,633,608,25,672,543,0
MV-78614,Women Trousers Signature,BLU,Bleu Marine,Ready-to-Wear,Women,Bottoms,Trousers,MV,Maison Voss,200,20,J347,MV Flagship Tokyo,291817.48,86980.08,516,370629.28,311194.98,80793.23,538,386431.3,1325,1277,48,1576,1268,0
MV-76263,Women High Top Essential,ARG,Argent,Footwear,Women,Sneakers,High Top,MV,Maison Voss,200,50,J347,MV Flagship Tokyo,282636.07,89063.83,351,347788.57,252910.38,69113.28,313,310136.25,489,314,175,433,364,0
MV-25043,Men Loafers,TRP,Taupe,Footwear,Men,Flats,Loafers,MVS,MV Signature,200,50,J347,MV Flagship Tokyo,532772.16,199648.06,1046,694464.72,578703.16,200877.55,1223,811979.31,4121,3898,223,4371,4171,0
MV-31632,Women Weekender Luxe,TRP,Taupe,Leather Goods,Women,Luggage,Weekender,MV,Maison Voss,200,50,J347,MV Flagship Tokyo,3765.58,1240.11,4,4694.73,4873.82,1630.4,5,5868.41,14,12,2,17,10,0
MV-80236,Women Coats Slim,NVY,Navy,Ready-to-Wear,Women,Outerwear,Coats,MVS,MV Signature,200,20,J347,MV Flagship Tokyo,6583.9,1941.46,23,7698.0,7530.95,2625.84,27,9036.78,55,35,20,74,71,0
MV-46421,Women Knee High Slim,ROG,Rouge,Footwear,Women,Boots,Knee High,MVS,MV Signature,200,70,J347,MV Flagship Tokyo,55712.95,16733.52,182,65220.58,60783.62,18701.23,189,67729.07,332,235,97,387,351,0
MV-14705,Men Baseball Caps Modern,BLU,Bleu Marine,Accessories,Men,Hats,Baseball Caps,MVS,MV Signature,200,30,J347,MV Flagship Tokyo,77982.57,24028.39,332,102152.31,91831.19,24139.16,368,113229.07,288,240,48,274,239,0
MV-38183,Men Suit Trousers Essential,ARG,Argent,Ready-to-Wear,Men,Suits,Suit Trousers,MVS,MV Signature,200,20,J347,MV Flagship Tokyo,47075.6,12715.44,65,61319.63,50732.14,18130.7,79,74526.94,146,129,17,160,121,0
MV-75308,Men Ballet Flats,CRM,Creme,Footwear,Men,Flats,Ballet Flats,MVS,MV Signature,200,20,J347,MV Flagship Tokyo,18835.49,5718.17,52,24223.41,12485.76,4270.51,36,16770.06,132,104,28,81,70,0
MV-26505,Men Leather Belts Relaxed,ARG,Argent,Leather Goods,Men,Belts,Leather Belts,MV,Maison Voss,200,20,J347,MV Flagship Tokyo,330088.88,88892.93,299,415518.39,472508.43,156061.89,386,536421.74,928,562,366,1317,1155,0
MV-18799,Women Jeans Modern,TRP,Taupe,Ready-to-Wear,Women,Bottoms,Jeans,MV,Maison Voss,200,30,J347,MV Flagship Tokyo,4849.63,1691.37,11,5861.13,5064.78,1464.94,13,6926.79,20,19,1,28,19,0
MV-16175,Unisex Day Dresses Modern,RSE,Rose Poudre,Ready-to-Wear,Unisex,Dresses,Day Dresses,MV,Maison Voss,200,30,J347,MV Flagship Tokyo,46108.07,17114.55,89,56425.46,37652.84,9461.07,77,48817.53,253,191,62,204,171,0
MV-82924,Women Low Top Classic,IVR,Ivoire,Footwear,Women,Sneakers,Low Top,MV,Maison Voss,200,20,J347,MV Flagship Tokyo,42386.2,15090.53,136,52695.17,54383.22,19193.7,168,65094.03,527,321,206,525,439,0
MV-16895,Women Leather Belts Slim,ECR,Ecru,Leather Goods,Women,Belts,Leather Belts,MV,Maison Voss,200,30,J347,MV Flagship Tokyo,62268.81,22563.18,159,89496.94,69483.37,19020.58,160,90059.81,417,392,25,455,440,0
MV-78494,Men Suit Sets Essential,IVR,Ivoire,Ready-to-Wear,Men,Suits,Suit Sets,MVS,MV Signature,200,20,J347,MV Flagship Tokyo,60017.92,22129.81,252,80325.79,43986.49,11351.13,182,58013.07,947,806,141,665,513,0
MV-56346,Women Clutches Essential,NOI,Noir,Leather Goods,Women,Handbags,Clutches,MV,Maison Voss,200,20,J347,MV Flagship Tokyo,51492.44,12921.79,84,75829.21,51816.86,15612.92,82,74023.75,226,139,87,250,214,0
MV-48462,Women Ankle Boots Relaxed,BEG,Beige,Footwear,Women,Boots,Ankle Boots,MVS,MV Signature,200,20,J347,MV Flagship Tokyo,75109.34,27734.33,183,95332.94,64624.95,23461.22,159,82830.26,256,170,86,209,201,0
MV-59009,Women Earrings Slim,NOI,Noir,Accessories,Women,Jewelry,Earrings,MVS,MV Signature,200,70,J347,MV Flagship Tokyo,47846.52,17725.9,170,61634.07,39190.52,13111.4,128,46406.83,393,327,66,274,188,0
MV-79822,Unisex Fedoras Slim,TRP,Taupe,Accessories,Unisex,Hats,Fedoras,MV,Maison Voss,200,30,J347,MV Flagship Tokyo,69541.99,19495.77,153,94313.01,86957.38,28504.15,173,106641.51,590,449,141,716,576,0
MV-37535,Men Shirts Relaxed,BEG,Beige,Ready-to-Wear,Men,Tops,Shirts,MVS,MV Signature,200,50,J347,MV Flagship Tokyo,135103.27,40027.99,198,168091.84,141240.06,50802.32,217,184221.87,384,381,3,422,363,0
MV-43681,Men Low Top Luxe,CRM,Cognac,Footwear,Men,Sneakers,Low Top,MV,Maison Voss,200,20,J347,MV Flagship Tokyo,37104.81,12869.97,58,52831.46,41667.06,14396.41,66,60118.56,191,159,32,248,148,0
MV-90209,Men Suit Sets Modern,SBL,Sable,Ready-to-Wear,Men,Suits,Suit Sets,MV,Maison Voss,200,20,J347,MV Flagship Tokyo,5492.18,2027.98,17,7970.16,4566.69,1190.46,14,6563.66,65,49,16,67,44,0
MV-18799,Women Jeans Modern,CRM,Creme,Ready-to-Wear,Women,Bottoms,Jeans,MV,Maison Voss,200,50,J347,MV Flagship Tokyo,6495.85,2273.89,24,8849.23,5094.64,1650.78,19,7005.64,53,47,6,50,46,0
MV-63843,Women Midi Dresses Essential,ROG,Rouge,Ready-to-Wear,Women,Dresses,Midi Dresses,MVS,MV Signature,200,50,J347,MV Flagship Tokyo,13310.86,3724.35,49,18494.49,8717.2,2854.27,35,13210.35,129,121,8,76,50,0
MV-60181,Women Jackets Classic,ANT,Anthracite,Ready-to-Wear,Women,Outerwear,Jackets,MVS,MV Signature,200,20,J347,MV Flagship Tokyo,57909.96,15152.89,134,67578.09,43325.75,13397.47,110,55474.55,419,297,122,379,240,0
MV-44718,Women Day Dresses Slim,BLU,Bleu Marine,Ready-to-Wear,Women,Dresses,Day Dresses,MVS,MV Signature,200,20,J347,MV Flagship Tokyo,111994.48,34854.04,355,155451.47,111084.6,36998.81,399,174718.69,434,299,135,439,298,0
MV-26704,Men Pouches Classic,ARG,Argent,Leather Goods,Men,Small Leather Goods,Pouches,MVS,MV Signature,200,20,J347,MV Flagship Tokyo,260911.34,80573.71,234,344260.67,242584.63,65089.24,224,329548.67,730,534,196,813,544,0
MV-50768,Men Knitwear Modern,IVR,Ivoire,Ready-to-Wear,Men,Tops,Knitwear,MVS,MV Signature,200,20,J347,MV Flagship Tokyo,110757.45,27856.55,301,138870.96,136713.8,34735.61,369,170243.8,153,137,16,181,119,0
MV-86484,Men Blazers Essential,CRM,Creme,Ready-to-Wear,Men,Suits,Blazers,MV,Maison Voss,200,20,J347,MV Flagship Tokyo,37462.06,12955.97,83,45266.9,26962.53,10242.25,66,35995.36,44,37,7,37,24,0
MV-39444,Men Key Holders Relaxed,CHP,Champagne,Leather Goods,Men,Small Leather Goods,Key Holders,MV,Maison Voss,200,50,J347,MV Flagship Tokyo,38332.48,12702.58,100,48913.9,34615.26,9450.74,90,44022.51,357,271,86,379,320,0
MV-49618,Men Square Frames Classic,ROG,Rouge,Accessories,Men,Sunglasses,Square Frames,MV,Maison Voss,200,20,J347,MV Flagship Tokyo,17259.14,5796.11,96,23209.83,21122.47,6445.53,114,27561.67,233,231,2,261,253,0
MV-85965,Men Fedoras Signature,NOI,Noir,Accessories,Men,Hats,Fedoras,MV,Maison Voss,200,30,J347,MV Flagship Tokyo,10418.57,2850.63,41,14366.26,11809.18,2955.11,49,17169.43,37,29,8,49,37,0
MV-38047,Women Round Frames Relaxed,RSE,Rose Poudre,Accessories,Women,Sunglasses,Round Frames,MVS,MV Signature,200,20,J347,MV Flagship Tokyo,4066.94,1141.18,12,5684.03,2941.39,902.97,9,4263.02,23,16,7,15,10,0
MV-54313,Women Wallets Classic,RSE,Rose Poudre,Leather Goods,Women,Small Leather Goods,Wallets,MV,Maison Voss,200,20,J347,MV Flagship Tokyo,170750.92,52390.13,173,216833.87,128145.07,33214.56,140,175472.49,525,471,54,376,332,0
MV-49618,Men Square Frames Classic,BLU,Bleu Marine,Accessories,Men,Sunglasses,Square Frames,MV,Maison Voss,200,50,J347,MV Flagship Tokyo,484712.03,172279.76,877,691655.35,564999.54,211354.96,1061,836768.9,1099,884,215,1236,1116,0
MV-54313,Women Wallets Classic,CAM,Camel,Leather Goods,Women,Small Leather Goods,Wallets,MV,Maison Voss,200,20,J347,MV Flagship Tokyo,12283.0,4284.36,35,15716.78,13246.63,4573.59,42,18860.13,57,47,10,75,70,0
MV-39102,Men Day Dresses Luxe,SBL,Sable,Ready-to-Wear,Men,Dresses,Day Dresses,MV,Maison Voss,200,20,J347,MV Flagship Tokyo,5637.15,1754.69,9,7496.65,3886.51,1161.99,6,4997.76,12,8,4,7,4,0
MV-92478,Women Blazers Classic,GRG,Greige,Ready-to-Wear,Women,Outerwear,Blazers,MV,Maison Voss,200,50,J347,MV Flagship Tokyo,75825.1,28087.48,293,95170.64,76189.22,19299.34,312,101342.12,549,345,204,611,378,0
MV-67961,Men Wool Scarves Heritage,TRP,Taupe,Accessories,Men,Scarves,Wool Scarves,MV,Maison Voss,200,50,J347,MV Flagship Tokyo,33753.33,10348.78,56,43136.36,31530.96,9111.68,49,37744.31,205,165,40,170,119,0
MV-65444,Women Berets,NVY,Navy,Accessories,Women,Hats,Berets,MVS,MV Signature,200,20,J347,MV Flagship Tokyo,220643.37,66243.68,342,267010.18,263610.67,91692.35,422,329468.7,599,593,6,724,650,0
MV-89507,Women Blazers Essential,BLU,Bleu Marine,Ready-to-Wear,Women,Outerwear,Blazers,MV,Maison Voss,200,50,J347,MV Flagship Tokyo,95249.64,24526.56,235,112123.29,62344.71,15926.71,172,82064.7,127,117,10,81,55,0
MV-53064,Men Skirts Slim,TRP,Taupe,Ready-to-Wear,Men,Bottoms,Skirts,MV,Maison Voss,200,20,J347,MV Flagship Tokyo,185096.37,64410.88,564,236982.57,136434.44,47459.88,460,193283.66,717,456,261,615,553,0
MV-43681,Men Low Top Luxe,GRG,Greige,Footwear,Men,Sneakers,Low Top,MV,Maison Voss,200,50,J347,MV Flagship Tokyo,49342.58,13197.14,101,61339.32,49849.28,14785.74,101,61339.32,151,137,14,154,95,0
MV-36143,Unisex Weekender Heritage,BRG,Bordeaux,Leather Goods,Unisex,Luggage,Weekender,MVS,MV Signature,200,50,J347,MV Flagship Tokyo,227356.02,61941.28,210,295996.42,229047.69,58389.92,229,322777.05,759,475,284,934,771,0
MV-78146,Men Day Dresses,TAN,Tan,Ready-to-Wear,Men,Dresses,Day Dresses,MV,Maison Voss,200,70,J347,MV Flagship Tokyo,80922.83,28052.87,121,95752.57,83956.9,26686.67,120,94961.23,358,292,66,375,360,0
MV-57942,Women Chelsea Boots Modern,ANT,Anthracite,Footwear,Women,Boots,Chelsea Boots,MVS,MV Signature,200,20,J347,MV Flagship Tokyo,136913.75,39892.33,192,194891.39,171644.11,50103.85,214,217222.69,186,116,70,186,118,0
MV-79615,Women Midi Dresses Slim,BLU,Bleu Marine,Ready-to-Wear,Women,Dresses,Midi Dresses,MV,Maison Voss,200,70,J347,MV Flagship Tokyo,61957.01,16418.45,115,87582.19,80151.73,28508.87,136,103575.46,320,289,31,310,285,0
MV-29597,Women Leather Belts,CHP,Champagne,Leather Goods,Women,Belts,Leather Belts,MV,Maison Voss,200,20,J347,MV Flagship Tokyo,29270.01,9964.64,40,36063.82,36478.47,13387.4,47,42374.99,56,41,15,67,61,0
MV-54185,Men Trousers Heritage,NVY,Navy,Ready-to-Wear,Men,Bottoms,Trousers,MVS,MV Signature,200,20,J347,MV Flagship Tokyo,85323.3,25426.75,137,117101.95,96809.49,28142.66,145,123940.02,515,342,173,584,393,0
MV-86483,Women Wallets Luxe,CHP,Champagne,Leather Goods,Women,Small Leather Goods,Wallets,MVS,MV Signature,200,20,J347,MV Flagship Tokyo,91531.74,33797.84,145,128291.09,85297.84,22750.73,126,111480.54,280,173,107,246,226,0
MV-96275,Women Coats Essential,CRM,Creme,Ready-to-Wear,Women,Outerwear,Coats,MV,Maison Voss,200,70,J347,MV Flagship Tokyo,196838.17,66379.49,322,267779.75,149334.15,39382.78,233,193766.09,1142,1105,37,709,471,0
MV-54185,Men Trousers Heritage,ROG,Rouge,Ready-to-Wear,Men,Bottoms,Trousers,MVS,MV Signature,200,20,J347,MV Flagship Tokyo,126151.35,40694.71,257,158551.09,96430.16,29730.49,218,134490.81,496,483,13,365,276,0
MV-89507,Women Blazers Essential,CHP,Champagne,Ready-to-Wear,Women,Outerwear,Blazers,MV,Maison Voss,200,20,J347,MV Flagship Tokyo,74258.84,25593.69,211,102389.41,56705.17,15566.64,153,74244.45,534,402,132,345,295,0
MV-43681,Men Low Top Luxe,RSE,Rose Poudre,Footwear,Men,Sneakers,Low Top,MV,Maison Voss,200,20,J347,MV Flagship Tokyo,6926.55,2112.39,23,9667.6,9179.24,3031.65,29,12189.58,13,7,6,14,13,0
MV-86483,Women Wallets Luxe,VRT,Vert,Leather Goods,Women,Small Leather Goods,Wallets,MVS,MV Signature,200,20,J347,MV Flagship Tokyo,140356.3,39217.26,247,175331.75,144465.3,40169.72,249,176751.45,798,649,149,927,655,0
MV-96870,Women Day Dresses Relaxed,NVY,Navy,Ready-to-Wear,Women,Dresses,Day Dresses,MVS,MV Signature,200,50,J347,MV Flagship Tokyo,75811.09,24208.99,134,103814.9,77043.72,21936.56,122,94518.04,352,280,72,316,288,0
MV-80798,Men Chain Belts Modern,ANT,Anthracite,Leather Goods,Men,Belts,Chain Belts,MV,Maison Voss,200,20,J347,MV Flagship Tokyo,404045.11,114615.34,435,568375.72,303099.63,99031.83,349,456007.19,336,276,60,256,236,0
MV-58434,Women Shoulder Bags Heritage,NOI,Noir,Leather Goods,Women,Handbags,Shoulder Bags,MV,Maison Voss,200,20,J347,MV Flagship Tokyo,524665.79,186016.14,489,641293.89,587569.24,182021.6,589,772437.83,1893,1501,392,2379,2069,0
MV-22833,Women Midi Dresses Classic,TAN,Tan,Ready-to-Wear,Women,Dresses,Midi Dresses,MVS,MV Signature,200,70,J347,MV Flagship Tokyo,6290.03,1620.69,10,8570.26,8227.52,3001.91,12,10284.31,9,8,1,12,10,0
MV-26299,Men High Top Luxe,NVY,Navy,Footwear,Men,Sneakers,High Top,MVS,MV Signature,200,20,J347,MV Flagship Tokyo,240286.87,69802.48,333,320228.97,249728.11,90388.4,387,372157.99,237,198,39,273,170,0
MV-63225,Unisex Key Holders,NOI,Noir,Leather Goods,Unisex,Small Leather Goods,Key Holders,MVS,MV Signature,200,20,J347,MV Flagship Tokyo,6157.73,1776.47,7,8435.13,5583.75,1981.23,6,7230.12,19,11,8,16,10,0
MV-49472,Men Square Frames Modern,TRP,Taupe,Accessories,Men,Sunglasses,Square Frames,MV,Maison Voss,200,30,J347,MV Flagship Tokyo,48620.9,17709.76,88,66975.09,53683.43,20199.74,99,75346.97,333,324,9,360,351,0
MV-20328,Men Clutches,RSE,Rose Poudre,Leather Goods,Men,Handbags,Clutches,MVS,MV Signature,200,20,J347,MV Flagship Tokyo,134505.46,38008.86,151,184080.33,156889.15,47141.92,156,190175.71,537,522,15,510,329,0
MV-80807,Men Ballet Flats Heritage,CAM,Camel,Footwear,Men,Flats,Ballet Flats,MV,Maison Voss,200,50,J347,MV Flagship Tokyo,10618.02,3824.31,31,13532.46,7726.71,2757.1,25,10913.28,80,56,24,61,60,0
MV-82135,Women Trousers Slim,BRG,Bordeaux,Ready-to-Wear,Women,Bottoms,Trousers,MVS,MV Signature,200,20,J347,MV Flagship Tokyo,195030.06,72872.82,265,258604.08,179985.91,57095.09,247,241038.52,334,312,22,296,225,0
MV-26551,Women Mules Luxe,BRG,Bordeaux,Footwear,Women,Heels,Mules,MV,Maison Voss,200,50,J347,MV Flagship Tokyo,397.46,99.63,1,563.05,429.3,136.16,1,563.05,1,0,1,1,0,0
MV-88366,Men Blazers Classic,NOI,Noir,Ready-to-Wear,Men,Outerwear,Blazers,MV,Maison Voss,200,50,J347,MV Flagship Tokyo,19372.9,5057.47,35,24744.37,14674.3,3752.61,30,21209.46,95,92,3,93,67,0
MV-59834,Women Skirts,ROG,Rouge,Ready-to-Wear,Women,Bottoms,Skirts,MVS,MV Signature,200,30,J347,MV Flagship Tokyo,67316.65,21047.24,168,90790.23,69040.54,17563.83,191,103219.84,452,404,48,612,609,0
MV-30866,Women Loafers Modern,ARG,Argent,Footwear,Women,Flats,Loafers,MVS,MV Signature,200,20,J347,MV Flagship Tokyo,68363.33,21073.48,242,90637.58,80079.97,27689.72,303,113484.24,528,436,92,702,453,0
MV-30257,Women Weekender Relaxed,BEG,Beige,Leather Goods,Women,Luggage,Weekender,MV,Maison Voss,200,20,J347,MV Flagship Tokyo,217825.98,75746.93,481,276726.74,162246.22,50797.92,345,198483.83,1173,956,217,925,922,0
MV-28191,Women Chelsea Boots Luxe,ANT,Anthracite,Footwear,Women,Boots,Chelsea Boots,MV,Maison Voss,200,20,J347,MV Flagship Tokyo,131291.84,46167.6,236,175352.97,130365.61,48669.72,228,169408.8,179,125,54,192,144,0
MV-42541,Women Blazers Slim,BEG,Beige,Ready-to-Wear,Women,Suits,Blazers,MVS,MV Signature,200,20,J347,MV Flagship Tokyo,120630.72,35063.68,215,177646.38,168548.76,45906.61,265,218959.49,336,330,6,348,345,0
MV-54089,Unisex Blazers,NVY,Navy,Ready-to-Wear,Unisex,Outerwear,Blazers,MVS,MV Signature,200,20,J347,MV Flagship Tokyo,54170.85,19280.23,97,73443.44,68724.49,20921.71,119,90100.71,326,237,89,435,292,0
MV-18163,Men Blazers Slim,NOI,Noir,Ready-to-Wear,Men,Suits,Blazers,MV,Maison Voss,200,20,J347,MV Flagship Tokyo,407.37,122.26,1,598.83,0.0,0.0,0,0.0,3,2,1,2,1,0
MV-69446,Unisex Evening Dresses Modern,IVR,Ivoire,Ready-to-Wear,Unisex,Dresses,Evening Dresses,MV,Maison Voss,200,20,J347,MV Flagship Tokyo,7067.88,1912.01,24,8886.72,8636.17,2379.65,31,11478.68,36,22,14,49,30,0
MV-54313,Women Wallets Classic,SBL,Sable,Leather Goods,Women,Small Leather Goods,Wallets,MV,Maison Voss,200,20,J347,MV Flagship Tokyo,119540.62,37902.92,148,146918.65,102339.69,35602.63,130,129050.16,417,353,64,335,297,0
MV-26074,Women Fedoras Slim,BLU,Bleu Marine,Accessories,Women,Hats,Fedoras,MVS,MV Signature,200,20,J347,MV Flagship Tokyo,128828.1,47485.32,217,168269.89,140611.08,50978.21,224,173697.95,698,568,130,811,657,0
MV-59308,Men Knitwear Essential,BRG,Bordeaux,Ready-to-Wear,Men,Tops,Knitwear,MVS,MV Signature,200,50,J347,MV Flagship Tokyo,27003.64,9653.2,104,39515.57,32632.27,9673.38,128,48634.55,383,254,129,406,303,0
MV-49363,Unisex Cashmere Scarves,ANT,Anthracite,Accessories,Unisex,Scarves,Cashmere Scarves,MVS,MV Signature,200,50,J347,MV Flagship Tokyo,46441.34,12536.34,254,64863.17,40601.36,13614.01,207,52860.93,747,716,31,559,419,0
MV-88222,Men Suit Trousers Heritage,VRT,Vert,Ready-to-Wear,Men,Suits,Suit Trousers,MV,Maison Voss,200,20,J347,MV Flagship Tokyo,79388.25,22030.55,142,116861.41,58826.97,17762.92,110,90526.45,437,283,154,400,263,0
MV-35995,Unisex Check-In Modern,ANT,Anthracite,Leather Goods,Unisex,Luggage,Check-In,MVS,MV Signature,200,20,J347,MV Flagship Tokyo,15115.83,5646.66,14,21756.92,15393.34,4342.07,14,21756.92,16,10,6,18,17,0
MV-39102,Men Day Dresses Luxe,CHP,Champagne,Ready-to-Wear,Men,Dresses,Day Dresses,MV,Maison Voss,200,50,J347,MV Flagship Tokyo,17029.07,5474.16,41,23837.76,19464.91,5575.94,43,25000.57,156,149,7,171,109,0
MV-55830,Women Jeans Heritage,NOI,Noir,Ready-to-Wear,Women,Bottoms,Jeans,MV,Maison Voss,200,20,J347,MV Flagship Tokyo,191614.93,57744.58,355,245385.59,209610.56,75618.54,412,284785.53,1235,1010,225,1290,1040,0
MV-78937,Men Carry-On Luxe,BRG,Bordeaux,Leather Goods,Men,Luggage,Carry-On,MVS,MV Signature,200,30,J347,MV Flagship Tokyo,134114.99,49986.01,250,191861.08,148770.53,42745.11,282,216419.3,639,528,111,652,490,0
MV-21542,Women Clutches Signature,BLU,Bleu Marine,Leather Goods,Women,Handbags,Clutches,MVS,MV Signature,200,70,J347,MV Flagship Tokyo,293291.25,88833.18,436,373424.47,341625.25,88847.29,471,403401.21,386,361,25,477,364,0
MV-80807,Men Ballet Flats Heritage,CAM,Camel,Footwear,Men,Flats,Ballet Flats,MV,Maison Voss,200,30,J347,MV Flagship Tokyo,7328.13,2642.88,24,9994.43,6893.41,1918.34,24,9994.43,34,30,4,29,23,0
MV-90301,Men High Top,CHP,Champagne,Footwear,Men,Sneakers,High Top,MVS,MV Signature,200,70,J347,MV Flagship Tokyo,602485.27,205988.43,896,822890.59,635237.2,204474.53,999,917486.27,1150,1128,22,1127,996,0
MV-69459,Women Rings Signature,CHP,Champagne,Accessories,Women,Jewelry,Rings,MV,Maison Voss,200,30,J347,MV Flagship Tokyo,23607.81,8323.7,45,35616.28,18870.65,5786.61,37,29284.5,108,88,20,76,71,0
MV-59015,Unisex Baseball Caps Relaxed,BRG,Bordeaux,Accessories,Unisex,Hats,Baseball Caps,MV,Maison Voss,200,20,J347,MV Flagship Tokyo,645.25,242.88,2,781.53,614.88,155.93,2,781.53,5,4,1,4,3,0
MV-68138,Women Tops Modern,BLU,Bleu Marine,Ready-to-Wear,Women,Tops,Tops,MV,Maison Voss,200,20,J347,MV Flagship Tokyo,709804.12,205295.54,1155,1056302.48,859249.61,289439.95,1477,1350786.81,4069,3001,1068,6017,5476,0
MV-96341,Women Card Holders Signature,CRM,Creme,Leather Goods,Women,Small Leather Goods,Card Holders,MVS,MV Signature,200,20,J347,MV Flagship Tokyo,43881.49,15559.25,63,59815.77,52583.82,19201.65,69,65512.5,172,168,4,221,159,0
MV-51116,Unisex Tops Essential,CRM,Creme,Ready-to-Wear,Unisex,Tops,Tops,MV,Maison Voss,200,20,J347,MV Flagship Tokyo,124858.6,36526.11,213,153902.99,115001.36,28827.59,214,154625.54,819,521,298,770,538,0
MV-21164,Men Shorts Relaxed,VRT,Vert,Ready-to-Wear,Men,Bottoms,Shorts,MV,Maison Voss,200,50,J347,MV Flagship Tokyo,25332.17,8278.44,37,31946.89,33390.58,9283.56,48,41444.61,84,68,16,117,79,0
MV-82924,Women Low Top Classic,NOI,Noir,Footwear,Women,Sneakers,Low Top,MV,Maison Voss,200,20,J347,MV Flagship Tokyo,98455.19,29591.16,168,137708.62,94339.43,23643.86,167,136888.92,288,174,114,293,222,0
MV-43681,Men Low Top Luxe,BRG,Bordeaux,Footwear,Men,Sneakers,Low Top,MV,Maison Voss,200,20,J347,MV Flagship Tokyo,260751.84,85182.93,454,342040.53,210316.55,63941.74,354,266701.21,637,443,194,595,473,0
MV-31798,Women Shoulder Bags Essential,CRM,Cognac,Leather Goods,Women,Handbags,Shoulder Bags,MV,Maison Voss,200,30,J347,MV Flagship Tokyo,77006.44,21182.39,74,103678.75,99099.61,32637.58,87,121892.59,46,34,12,56,39,0
MV-72722,Women Midi Dresses Slim,TRP,Taupe,Ready-to-Wear,Women,Dresses,Midi Dresses,MVS,MV Signature,200,30,J347,MV Flagship Tokyo,141238.81,39645.65,215,187828.62,169238.69,60934.67,245,214037.26,856,549,307,786,494,0
MV-14705,Men Baseball Caps Modern,VRT,Vert,Accessories,Men,Hats,Baseball Caps,MVS,MV Signature,200,20,J347,MV Flagship Tokyo,20355.14,6109.23,40,24172.89,19899.21,5595.03,38,22964.24,89,88,1,77,53,0
MV-59009,Women Earrings Slim,ARG,Argent,Accessories,Women,Jewelry,Earrings,MVS,MV Signature,200,20,J347,MV Flagship Tokyo,115206.61,37256.89,189,134832.02,80872.1,24028.33,145,103442.56,170,162,8,137,131,0
MV-65255,Women Evening Dresses Heritage,NVY,Navy,Ready-to-Wear,Women,Dresses,Evening Dresses,MV,Maison Voss,200,20,J347,MV Flagship Tokyo,37011.32,11860.41,79,47771.81,34233.06,8752.2,78,47167.1,160,118,42,179,163,0
MV-71537,Women Trousers Heritage,BLU,Bleu Marine,Ready-to-Wear,Women,Bottoms,Trousers,MVS,MV Signature,200,20,J347,MV Flagship Tokyo,25723.49,8511.78,45,30297.5,22763.02,8475.0,39,26257.83,113,110,3,81,67,0
MV-54589,Women Carry-On Slim,GRG,Greige,Leather Goods,Women,Luggage,Carry-On,MV,Maison Voss,200,20,J347,MV Flagship Tokyo,80811.2,22387.58,72,99330.53,68199.83,25110.27,55,75877.49,182,134,48,122,108,0
MV-23133,Men Trousers Essential,ECR,Ecru,Ready-to-Wear,Men,Bottoms,Trousers,MV,Maison Voss,200,20,J347,MV Flagship Tokyo,26220.19,9750.0,38,34066.6,26095.94,6636.28,37,33170.11,115,71,44,136,106,0
MV-89963,Women Cat Eye Luxe,TRP,Taupe,Accessories,Women,Sunglasses,Cat Eye,MV,Maison Voss,200,50,J347,MV Flagship Tokyo,233717.74,63188.56,449,295072.82,221812.41,67698.43,441,289815.39,1612,1582,30,1458,1315,0
MV-70443,Women Card Holders Heritage,CRM,Cognac,Leather Goods,Women,Small Leather Goods,Card Holders,MVS,MV Signature,200,20,J347,MV Flagship Tokyo,56442.67,21313.95,98,82134.49,62801.69,18838.98,99,82972.59,76,60,16,77,72,0
MV-53025,Men Loafers Heritage,CRM,Cognac,Footwear,Men,Flats,Loafers,MV,Maison Voss,200,20,J347,MV Flagship Tokyo,24139.01,6698.82,54,33111.4,27043.67,9255.68,56,34337.75,110,97,13,95,60,0
MV-33509,Unisex Fedoras Signature,ECR,Ecru,Accessories,Unisex,Hats,Fedoras,MVS,MV Signature,200,70,J347,MV Flagship Tokyo,55082.39,18945.47,115,73979.18,58978.06,17820.61,116,74622.48,447,349,98,419,283,0
MV-60052,Unisex Evening Dresses,VRT,Vert,Ready-to-Wear,Unisex,Dresses,Evening Dresses,MVS,MV Signature,200,20,J347,MV Flagship Tokyo,24467.28,7164.07,74,31738.12,29189.78,10290.26,88,37742.63,271,181,90,339,231,0
MV-65296,Women Ankle Boots Slim,TRP,Taupe,Footwear,Women,Boots,Ankle Boots,MV,Maison Voss,200,70,J347,MV Flagship Tokyo,91072.82,32079.17,264,120068.67,94825.85,30181.22,260,118249.45,565,436,129,618,519,0
MV-49472,Men Square Frames Modern,BLU,Bleu Marine,Accessories,Men,Sunglasses,Square Frames,MV,Maison Voss,200,20,J347,MV Flagship Tokyo,362412.88,124061.31,687,541762.68,388162.31,139348.03,751,592232.56,1883,1765,118,2017,1823,0
MV-15958,Men Pumps Heritage,CHP,Champagne,Footwear,Men,Heels,Pumps,MVS,MV Signature,200,20,J347,MV Flagship Tokyo,35212.19,11292.38,111,45282.2,25318.58,6564.61,89,36307.35,250,244,6,195,127,0
MV-96275,Women Coats Essential,NVY,Navy,Ready-to-Wear,Women,Outerwear,Coats,MV,Maison Voss,200,70,J347,MV Flagship Tokyo,144116.36,54422.13,382,198545.46,175173.53,64073.65,463,240645.41,1188,1062,126,1546,1423,0
MV-41358,Men Chelsea Boots Heritage,CHP,Champagne,Footwear,Men,Boots,Chelsea Boots,MV,Maison Voss,200,20,J347,MV Flagship Tokyo,110231.21,39940.33,161,154575.38,79762.35,20013.87,123,118091.75,269,266,3,243,152,0
MV-96761,Men Jackets Essential,BLU,Bleu Marine,Ready-to-Wear,Men,Outerwear,Jackets,MVS,MV Signature,200,50,J347,MV Flagship Tokyo,19989.1,7496.57,33,26450.62,16713.75,5860.32,30,24046.02,106,67,39,95,69,0
MV-20682,Men Loafers Slim,CRM,Creme,Footwear,Men,Flats,Loafers,MVS,MV Signature,200,20,J347,MV Flagship Tokyo,176185.29,52202.67,227,204043.53,167196.76,54414.48,204,183369.52,475,339,136,429,271,0
MV-57942,Women Chelsea Boots Modern,IVR,Ivoire,Footwear,Women,Boots,Chelsea Boots,MVS,MV Signature,200,70,J347,MV Flagship Tokyo,66899.15,20557.58,139,88659.56,86162.49,27660.74,177,112897.42,194,187,7,287,203,0
MV-71474,Men Loafers Relaxed,VRT,Vert,Footwear,Men,Flats,Loafers,MV,Maison Voss,200,30,J347,MV Flagship Tokyo,144294.29,40904.32,203,176243.73,121259.14,33523.76,179,155407.03,295,238,57,239,169,0
MV-73736,Women Key Holders Relaxed,CAM,Camel,Leather Goods,Women,Small Leather Goods,Key Holders,MV,Maison Voss,200,20,J347,MV Flagship Tokyo,345878.8,102292.15,427,485915.75,271235.04,82414.19,332,377808.03,926,903,23,648,622,0
MV-39444,Men Key Holders Relaxed,BEG,Beige,Leather Goods,Men,Small Leather Goods,Key Holders,MV,Maison Voss,200,20,J347,MV Flagship Tokyo,65214.02,18797.26,112,84503.0,61646.16,21936.04,120,90538.93,142,137,5,176,130,0
MV-52415,Men Jeans Relaxed,ANT,Anthracite,Ready-to-Wear,Men,Bottoms,Jeans,MV,Maison Voss,200,50,J347,MV Flagship Tokyo,225842.18,70617.93,448,295774.26,260946.05,77818.5,567,374339.29,394,277,117,521,496,0
MV-43586,Women Jeans Signature,CRM,Creme,Ready-to-Wear,Women,Bottoms,Jeans,MV,Maison Voss,200,70,J347,MV Flagship Tokyo,189050.66,68044.44,269,254348.16,160393.94,52279.1,241,227873.26,499,411,88,514,419,0
MV-26299,Men High Top Luxe,NVY,Navy,Footwear,Men,Sneakers,High Top,MVS,MV Signature,200,50,J347,MV Flagship Tokyo,47789.84,14808.95,129,58009.28,52461.61,14296.07,142,63855.18,237,155,82,299,238,0
MV-96200,Women Suit Sets,CRM,Creme,Ready-to-Wear,Women,Suits,Suit Sets,MVS,MV Signature,200,20,J347,MV Flagship Tokyo,75980.63,23177.68,179,94423.3,82258.32,26877.97,185,97588.33,556,344,212,583,378,0
MV-59672,Women Shoulder Bags Classic,BLU,Bleu Marine,Leather Goods,Women,Handbags,Shoulder Bags,MV,Maison Voss,200,20,J347,MV Flagship Tokyo,66646.02,18829.16,76,101342.82,65551.51,17268.51,65,86674.78,222,210,12,199,124,0
MV-93746,Women Blazers Essential,CRM,Creme,Ready-to-Wear,Women,Suits,Blazers,MV,Maison Voss,200,50,J347,MV Flagship Tokyo,481013.32,165755.22,796,571439.4,567712.99,213925.06,1008,723631.8,1981,1554,427,2183,1660,0
MV-52415,Men Jeans Relaxed,TRP,Taupe,Ready-to-Wear,Men,Bottoms,Jeans,MV,Maison Voss,200,30,J347,MV Flagship Tokyo,144737.6,52409.77,213,204829.53,131932.19,48453.83,207,199059.68,423,365,58,492,387,0
MV-68138,Women Tops Modern,RSE,Rose Poudre,Ready-to-Wear,Women,Tops,Tops,MV,Maison Voss,200,20,J347,MV Flagship Tokyo,3373.6,1121.02,8,4120.3,2926.63,828.92,7,3605.27,16,11,5,18,17,0
MV-63843,Women Midi Dresses Essential,RSE,Rose Poudre,Ready-to-Wear,Women,Dresses,Midi Dresses,MVS,MV Signature,200,50,J347,MV Flagship Tokyo,49908.12,16141.64,76,65266.15,52277.27,15251.39,90,77288.86,238,164,74,251,220,0
MV-27892,Men Suit Trousers Modern,TAN,Tan,Ready-to-Wear,Men,Suits,Suit Trousers,MV,Maison Voss,200,70,J347,MV Flagship Tokyo,69706.92,24034.81,189,85239.43,51441.36,13459.99,144,64944.33,524,511,13,364,231,0
MV-54942,Men Square Frames Relaxed,BEG,Beige,Accessories,Men,Sunglasses,Square Frames,MV,Maison Voss,200,50,J347,MV Flagship Tokyo,2980.15,954.61,11,3865.9,2856.42,819.32,10,3514.45,22,20,2,18,11,0
MV-31632,Women Weekender Luxe,SBL,Sable,Leather Goods,Women,Luggage,Weekender,MV,Maison Voss,200,50,J347,MV Flagship Tokyo,1456.12,419.82,4,1899.37,1587.85,422.55,4,1899.37,11,9,2,11,6,0
MV-82199,Men Shorts Classic,CHP,Champagne,Ready-to-Wear,Men,Bottoms,Shorts,MVS,MV Signature,200,20,J347,MV Flagship Tokyo,60411.77,20883.69,115,72193.36,48337.45,13354.34,102,64032.37,77,62,15,62,45,0
MV-38183,Men Suit Trousers Essential,RSE,Rose Poudre,Ready-to-Wear,Men,Suits,Suit Trousers,MVS,MV Signature,200,70,J347,MV Flagship Tokyo,42620.6,14148.34,78,56693.31,33966.54,9111.82,64,46517.59,264,213,51,196,192,0
MV-20682,Men Loafers Slim,SBL,Sable,Footwear,Men,Flats,Loafers,MVS,MV Signature,200,20,J347,MV Flagship Tokyo,76630.09,22449.47,111,107668.52,96182.51,30292.77,134,129978.22,253,183,70,301,184,0
MV-82910,Men Shirts Signature,BEG,Beige,Ready-to-Wear,Men,Tops,Shirts,MV,Maison Voss,200,20,J347,MV Flagship Tokyo,33568.37,10503.83,59,43476.28,34299.73,12234.12,56,41265.62,213,158,55,167,105,0
MV-69473,Women Chain Belts Heritage,GRG,Greige,Leather Goods,Women,Belts,Chain Belts,MVS,MV Signature,200,70,J347,MV Flagship Tokyo,16087.31,4783.83,34,21270.94,12062.29,4185.3,25,15640.4,29,21,8,18,14,0
MV-60052,Unisex Evening Dresses,NVY,Navy,Ready-to-Wear,Unisex,Dresses,Evening Dresses,MVS,MV Signature,200,50,J347,MV Flagship Tokyo,139914.07,42193.62,226,185885.98,162972.07,55963.85,250,205626.08,603,599,4,534,528,0
MV-49139,Men Wool Scarves Essential,ECR,Ecru,Accessories,Men,Scarves,Wool Scarves,MV,Maison Voss,200,20,J347,MV Flagship Tokyo,27512.88,7308.83,140,38148.38,24924.82,7632.83,132,35968.47,554,409,145,429,406,0
MV-23238,Women Knitwear Essential,ANT,Anthracite,Ready-to-Wear,Women,Tops,Knitwear,MV,Maison Voss,200,50,J347,MV Flagship Tokyo,19095.04,5510.83,43,25953.42,19517.29,7095.98,42,25349.86,163,154,9,159,144,0
MV-49472,Men Square Frames Modern,CHP,Champagne,Accessories,Men,Sunglasses,Square Frames,MV,Maison Voss,200,30,J347,MV Flagship Tokyo,24966.66,7488.68,74,33190.12,22910.34,7274.16,64,28704.97,291,226,65,245,182,0
MV-49576,Women Jackets Classic,TRP,Taupe,Ready-to-Wear,Women,Outerwear,Jackets,MV,Maison Voss,200,70,J347,MV Flagship Tokyo,101369.8,28360.64,173,135579.58,87749.86,25926.95,143,112068.67,603,406,197,498,412,0
MV-36318,Women Ankle Boots Slim,SBL,Sable,Footwear,Women,Boots,Ankle Boots,MV,Maison Voss,200,20,J347,MV Flagship Tokyo,11380.16,3869.42,14,14710.34,10158.21,3020.56,12,12608.87,28,26,2,21,16,0
MV-49472,Men Square Frames Modern,TRP,Taupe,Accessories,Men,Sunglasses,Square Frames,MV,Maison Voss,200,20,J347,MV Flagship Tokyo,9647.36,3309.76,30,11300.55,12474.77,4159.85,37,13937.34,40,39,1,48,33,0
MV-54089,Unisex Blazers,ROG,Rouge,Ready-to-Wear,Unisex,Outerwear,Blazers,MVS,MV Signature,200,20,J347,MV Flagship Tokyo,8423.66,2208.53,14,10421.0,6657.78,1961.92,10,7443.57,21,14,7,18,14,0
MV-80807,Men Ballet Flats Heritage,BLU,Bleu Marine,Footwear,Men,Flats,Ballet Flats,MV,Maison Voss,200,50,J347,MV Flagship Tokyo,206081.56,55508.69,324,308084.31,139977.9,40504.99,229,217750.94,1289,896,393,739,714,0
MV-56955,Women Ballet Flats Relaxed,ARG,Argent,Footwear,Women,Flats,Ballet Flats,MVS,MV Signature,200,50,J347,MV Flagship Tokyo,160681.83,59092.15,270,228956.79,119937.42,45079.48,218,184861.41,256,158,98,203,153,0
MV-79924,Unisex Blazers Modern,BRG,Bordeaux,Ready-to-Wear,Unisex,Outerwear,Blazers,MV,Maison Voss,200,20,J347,MV Flagship Tokyo,63750.85,21493.28,271,81456.51,43286.76,16067.53,205,61618.39,161,135,26,112,76,0
MV-27961,Women Blouses Signature,NOI,Noir,Ready-to-Wear,Women,Tops,Blouses,MV,Maison Voss,200,50,J347,MV Flagship Tokyo,162179.02,42532.33,244,243055.5,139685.88,41314.62,216,215163.88,281,177,104,238,221,0
MV-12180,Men High Top Signature,ROG,Rouge,Footwear,Men,Sneakers,High Top,MVS,MV Signature,200,20,J347,MV Flagship Tokyo,106106.36,29742.46,214,143878.42,87029.07,30691.54,185,124380.88,520,489,31,384,263,0
MV-82199,Men Shorts Classic,SBL,Sable,Ready-to-Wear,Men,Bottoms,Shorts,MVS,MV Signature,200,20,J347,MV Flagship Tokyo,26865.83,7603.24,125,36553.28,28731.14,7518.69,125,36553.28,450,422,28,374,343,0
MV-90031,Women Loafers Heritage,TAN,Tan,Footwear,Women,Flats,Loafers,MV,Maison Voss,200,20,J347,MV Flagship Tokyo,81960.94,26759.1,199,118511.72,69443.96,22371.57,162,96476.88,751,600,151,552,391,0
MV-76237,Women Skirts Classic,BRG,Bordeaux,Ready-to-Wear,Women,Bottoms,Skirts,MV,Maison Voss,200,30,J347,MV Flagship Tokyo,3760.43,1016.53,7,5568.57,3585.3,1105.14,6,4773.06,16,10,6,17,14,0
MV-49363,Unisex Cashmere Scarves,GRG,Greige,Accessories,Unisex,Scarves,Cashmere Scarves,MVS,MV Signature,200,20,J347,MV Flagship Tokyo,36250.05,12794.36,188,49904.15,45415.04,15085.49,222,58929.37,341,263,78,394,259,0
MV-62296,Unisex Bracelets Signature,BRG,Bordeaux,Accessories,Unisex,Jewelry,Bracelets,MVS,MV Signature,200,20,J347,MV Flagship Tokyo,79596.25,29165.03,291,104495.52,70218.23,19502.07,249,89413.7,1149,985,164,1075,793,0
MV-10336,Men Blazers Heritage,NOI,Noir,Ready-to-Wear,Men,Suits,Blazers,MV,Maison Voss,200,20,J347,MV Flagship Tokyo,55101.97,20151.51,134,78413.54,61291.86,16198.6,140,81924.59,399,312,87,366,304,0
MV-85965,Men Fedoras Signature,BRG,Bordeaux,Accessories,Men,Hats,Fedoras,MV,Maison Voss,200,50,J347,MV Flagship Tokyo,36502.46,11623.95,85,50636.08,22780.43,7222.61,59,35147.4,43,30,13,30,22,0
MV-62196,Women Blazers,TRP,Taupe,Ready-to-Wear,Women,Outerwear,Blazers,MV,Maison Voss,200,30,J347,MV Flagship Tokyo,26655.27,7606.93,62,33896.85,21186.33,6971.22,50,27336.17,166,142,24,139,85,0
MV-35272,Men Check-In Modern,VRT,Vert,Leather Goods,Men,Luggage,Check-In,MV,Maison Voss,200,20,J347,MV Flagship Tokyo,148451.25,42138.62,199,208628.99,125229.33,43733.2,155,162499.96,253,175,78,225,163,0
MV-65296,Women Ankle Boots Slim,SBL,Sable,Footwear,Women,Boots,Ankle Boots,MV,Maison Voss,200,50,J347,MV Flagship Tokyo,92692.43,31620.84,228,114089.25,113569.2,38007.82,273,136606.86,474,383,91,656,568,0
MV-25396,Women Clutches Slim,TAN,Tan,Leather Goods,Women,Handbags,Clutches,MVS,MV Signature,200,50,J347,MV Flagship Tokyo,262625.78,82096.31,396,365089.79,313287.22,113247.36,421,388138.38,1388,1249,139,1229,742,0
MV-80798,Men Chain Belts Modern,IVR,Ivoire,Leather Goods,Men,Belts,Chain Belts,MV,Maison Voss,200,50,J347,MV Flagship Tokyo,52728.86,19934.01,81,69023.8,56030.02,15268.22,84,71580.23,258,198,60,251,211,0
MV-78494,Men Suit Sets Essential,BEG,Beige,Ready-to-Wear,Men,Suits,Suit Sets,MVS,MV Signature,200,70,J347,MV Flagship Tokyo,81840.37,25050.3,284,112398.16,77878.34,26114.89,304,120313.52,191,149,42,195,159,0
MV-83975,Unisex Baseball Caps Classic,ECR,Ecru,Accessories,Unisex,Hats,Baseball Caps,MVS,MV Signature,200,50,J347,MV Flagship Tokyo,95935.34,33832.83,159,125854.94,89888.39,28492.71,150,118731.08,263,231,32,269,252,0
MV-10336,Men Blazers Heritage,IVR,Ivoire,Ready-to-Wear,Men,Suits,Blazers,MV,Maison Voss,200,50,J347,MV Flagship Tokyo,110789.69,28928.63,415,142894.86,144424.73,47198.27,517,178016.0,1462,1183,279,1947,1537,0
MV-53025,Men Loafers Heritage,CHP,Champagne,Footwear,Men,Flats,Loafers,MV,Maison Voss,200,20,J347,MV Flagship Tokyo,115699.31,38954.76,145,144784.64,125903.25,43996.53,155,154769.79,270,265,5,290,265,0
MV-80143,Men Knitwear Classic,NOI,Noir,Ready-to-Wear,Men,Tops,Knitwear,MVS,MV Signature,200,70,J347,MV Flagship Tokyo,78290.31,20624.19,141,100963.48,76081.09,19625.74,129,92370.85,522,330,192,514,513,0
MV-67961,Men Wool Scarves Heritage,ANT,Anthracite,Accessories,Men,Scarves,Wool Scarves,MV,Maison Voss,200,30,J347,MV Flagship Tokyo,55895.04,18175.7,167,72230.29,66299.37,22867.3,192,83043.21,423,292,131,516,345,0
MV-52487,Men Mini Bags Luxe,ARG,Argent,Leather Goods,Men,Handbags,Mini Bags,MV,Maison Voss,200,50,J347,MV Flagship Tokyo,261762.98,87021.26,268,318313.12,329781.31,112172.41,337,400266.87,751,662,89,979,611,0
MV-38047,Women Round Frames Relaxed,ROG,Rouge,Accessories,Women,Sunglasses,Round Frames,MVS,MV Signature,200,50,J347,MV Flagship Tokyo,394716.65,107699.64,647,553447.6,518295.39,138143.34,805,688601.73,2062,1327,735,2385,1472,0
MV-82910,Men Shirts Signature,NVY,Navy,Ready-to-Wear,Men,Tops,Shirts,MV,Maison Voss,200,20,J347,MV Flagship Tokyo,8882.16,2770.4,14,11835.55,6903.81,2230.5,10,8453.96,29,24,5,23,16,0
MV-47243,Men Boots Heritage,BEG,Beige,Footwear,Men,Heels,Boots,MV,Maison Voss,200,50,J347,MV Flagship Tokyo,6983.26,2643.43,10,10406.56,7847.0,2703.28,10,10406.56,17,10,7,17,16,0
MV-48504,Women Slides Signature,ECR,Ecru,Footwear,Women,Flats,Slides,MVS,MV Signature,200,20,J347,MV Flagship Tokyo,137863.37,45809.61,537,198791.34,137041.59,41157.6,514,190277.0,1532,1274,258,1519,1296,0
MV-38760,Unisex Rings Heritage,IVR,Ivoire,Accessories,Unisex,Jewelry,Rings,MV,Maison Voss,200,20,J347,MV Flagship Tokyo,39117.33,12110.26,146,50085.57,45265.57,13566.78,175,60034.07,467,404,63,452,451,0
MV-28191,Women Chelsea Boots Luxe,ANT,Anthracite,Footwear,Women,Boots,Chelsea Boots,MV,Maison Voss,200,20,J347,MV Flagship Tokyo,110087.85,39699.51,184,134428.03,93494.41,33405.29,165,120546.87,402,315,87,299,247,0
MV-39389,Women Mules Modern,NVY,Navy,Footwear,Women,Heels,Mules,MVS,MV Signature,200,20,J347,MV Flagship Tokyo,48004.57,17156.58,127,69359.72,64246.23,20148.75,157,85743.9,243,162,81,281,184,0
MV-99353,Women Tote Bags,ROG,Rouge,Leather Goods,Women,Handbags,Tote Bags,MV,Maison Voss,200,50,J347,MV Flagship Tokyo,14146.58,4453.99,19,17457.92,14396.23,4503.27,20,18376.76,66,44,22,82,57,0
MV-69459,Women Rings Signature,TRP,Taupe,Accessories,Women,Jewelry,Rings,MV,Maison Voss,200,20,J347,MV Flagship Tokyo,159745.94,41830.62,283,195432.01,196871.46,65643.23,324,223745.48,262,167,95,276,190,0
MV-62772,Men Tote Bags Signature,BLU,Bleu Marine,Leather Goods,Men,Handbags,Tote Bags,MV,Maison Voss,200,20,J347,MV Flagship Tokyo,237040.41,68263.76,266,334419.53,167183.77,55157.41,196,246414.39,309,244,65,231,138,0
MV-46559,Men Ballet Flats Luxe,BLU,Bleu Marine,Footwear,Men,Flats,Ballet Flats,MV,Maison Voss,200,20,J347,MV Flagship Tokyo,20015.94,5808.49,72,28408.53,24129.58,8230.6,84,33143.28,261,164,97,300,187,0
MV-71797,Men Shoulder Bags Classic,CAM,Camel,Leather Goods,Men,Handbags,Shoulder Bags,MVS,MV Signature,200,20,J347,MV Flagship Tokyo,57477.24,20411.99,70,81984.29,66080.85,16873.23,84,98381.15,105,100,5,104,88,0
MV-49363,Unisex Cashmere Scarves,SBL,Sable,Accessories,Unisex,Scarves,Cashmere Scarves,MVS,MV Signature,200,50,J347,MV Flagship Tokyo,127037.7,43902.45,352,147647.58,128037.09,35901.56,399,167361.88,1183,1176,7,1334,973,0
MV-82135,Women Trousers Slim,BEG,Beige,Ready-to-Wear,Women,Bottoms,Trousers,MVS,MV Signature,200,30,J347,MV Flagship Tokyo,5005.64,1628.01,14,6761.71,4744.79,1738.35,14,6761.71,46,45,1,49,38,0
MV-94058,Women Chain Belts,TRP,Taupe,Leather Goods,Women,Belts,Chain Belts,MVS,MV Signature,200,50,J347,MV Flagship Tokyo,155088.61,56470.8,412,216054.87,157952.79,53668.21,393,206091.17,220,206,14,225,207,0
MV-27892,Men Suit Trousers Modern,VRT,Vert,Ready-to-Wear,Men,Suits,Suit Trousers,MV,Maison Voss,200,20,J347,MV Flagship Tokyo,16324.65,4460.86,57,22078.17,18703.63,4857.84,69,26726.2,47,37,10,61,43,0
MV-54942,Men Square Frames Relaxed,BEG,Beige,Accessories,Men,Sunglasses,Square Frames,MV,Maison Voss,200,30,J347,MV Flagship Tokyo,82478.75,20684.5,174,116941.89,110931.32,29224.9,224,150545.88,189,118,71,292,180,0
MV-71797,Men Shoulder Bags Classic,CHP,Champagne,Leather Goods,Men,Handbags,Shoulder Bags,MVS,MV Signature,200,30,J347,MV Flagship Tokyo,305803.42,99116.32,532,408382.28,228539.13,82973.54,374,287095.81,510,389,121,360,352,0
MV-85914,Women Wallets,CRM,Creme,Leather Goods,Women,Small Leather Goods,Wallets,MV,Maison Voss,200,20,J347,MV Flagship Tokyo,96331.66,31174.34,219,128160.08,95457.26,33811.29,237,138693.79,297,228,69,341,211,0
MV-51441,Women Jackets Modern,ANT,Anthracite,Ready-to-Wear,Women,Outerwear,Jackets,MVS,MV Signature,200,50,J347,MV Flagship Tokyo,56802.39,18066.99,103,71156.23,51174.13,15617.87,90,62175.34,218,162,56,217,138,0
MV-53655,Women Leather Belts Slim,BEG,Beige,Leather Goods,Women,Belts,Leather Belts,MV,Maison Voss,200,20,J347,MV Flagship Tokyo,235243.83,71623.14,226,300894.95,202279.84,64869.57,193,256958.96,707,658,49,704,597,0
MV-59834,Women Skirts,NVY,Navy,Ready-to-Wear,Women,Bottoms,Skirts,MVS,MV Signature,200,20,J347,MV Flagship Tokyo,26437.14,7163.9,81,38160.64,34384.11,8848.56,104,48996.37,172,166,6,242,189,0
MV-14877,Women Necklaces Heritage,BLU,Bleu Marine,Accessories,Women,Jewelry,Necklaces,MV,Maison Voss,200,20,J347,MV Flagship Tokyo,15163.73,5068.95,62,18842.7,16254.77,4960.21,68,20666.19,236,226,10,311,290,0
MV-30730,Men High Top Luxe,IVR,Ivoire,Footwear,Men,Sneakers,High Top,MV,Maison Voss,200,20,J347,MV Flagship Tokyo,571286.22,200577.63,1106,732484.88,544199.81,141919.84,1037,686787.36,3524,3493,31,3890,2737,0
MV-67905,Women High Top Luxe,CHP,Champagne,Footwear,Women,Sneakers,High Top,MV,Maison Voss,200,20,J347,MV Flagship Tokyo,118224.32,39103.24,269,153741.11,126337.56,43172.89,274,156598.75,485,432,53,579,568,0
MV-47243,Men Boots Heritage,CRM,Creme,Footwear,Men,Heels,Boots,MV,Maison Voss,200,20,J347,MV Flagship Tokyo,75493.65,23178.86,200,97120.55,76749.04,19613.04,223,108289.42,534,431,103,525,345,0
MV-12671,Men Ballet Flats Slim,IVR,Ivoire,Footwear,Men,Flats,Ballet Flats,MVS,MV Signature,200,20,J347,MV Flagship Tokyo,55288.42,18802.65,85,77164.77,48694.8,15368.63,78,70810.03,242,232,10,189,139,0
MV-82199,Men Shorts Classic,ROG,Rouge,Ready-to-Wear,Men,Bottoms,Shorts,MVS,MV Signature,200,50,J347,MV Flagship Tokyo,5021.48,1744.91,9,6726.51,4430.38,1234.28,8,5979.12,19,18,1,20,14,0
MV-67905,Women High Top Luxe,BRG,Bordeaux,Footwear,Women,Sneakers,High Top,MV,Maison Voss,200,50,J347,MV Flagship Tokyo,1628.39,615.22,6,1892.14,1352.9,362.05,5,1576.78,14,9,5,15,10,0
MV-52415,Men Jeans Relaxed,RSE,Rose Poudre,Ready-to-Wear,Men,Bottoms,Jeans,MV,Maison Voss,200,50,J347,MV Flagship Tokyo,33466.14,10958.05,156,48860.85,31219.16,8690.69,143,44789.11,493,452,41,386,312,0
MV-70931,Men Chain Belts Essential,VRT,Vert,Leather Goods,Men,Belts,Chain Belts,MVS,MV Signature,200,70,J347,MV Flagship Tokyo,245175.7,67027.58,278,302692.55,194689.7,63700.96,240,261317.31,590,457,133,561,444,0
MV-54657,Women Evening Dresses Slim,ECR,Ecru,Ready-to-Wear,Women,Dresses,Evening Dresses,MV,Maison Voss,200,30,J347,MV Flagship Tokyo,48833.87,17120.4,149,65232.79,64464.93,18198.99,187,81869.34,350,338,12,388,372,0
MV-38760,Unisex Rings Heritage,VRT,Vert,Accessories,Unisex,Jewelry,Rings,MV,Maison Voss,200,20,J347,MV Flagship Tokyo,149704.89,49171.26,356,194597.63,132746.0,34196.7,346,189131.4,1072,1048,24,1170,715,0
MV-78146,Men Day Dresses,NOI,Noir,Ready-to-Wear,Men,Dresses,Day Dresses,MV,Maison Voss,200,20,J347,MV Flagship Tokyo,2328.36,822.77,6,3299.75,2101.24,593.28,5,2749.79,12,7,5,11,9,0
MV-36318,Women Ankle Boots Slim,TRP,Taupe,Footwear,Women,Boots,Ankle Boots,MV,Maison Voss,200,20,J347,MV Flagship Tokyo,50162.29,15096.11,88,63617.76,68384.58,24820.95,110,79522.2,127,96,31,180,164,0
MV-47880,Women Shorts Relaxed,BEG,Beige,Ready-to-Wear,Women,Bottoms,Shorts,MV,Maison Voss,200,20,J347,MV Flagship Tokyo,31145.11,10685.76,52,39872.57,34449.19,9598.06,63,48307.16,38,23,15,44,28,0
MV-68878,Men Carry-On Heritage,ROG,Rouge,Leather Goods,Men,Luggage,Carry-On,MVS,MV Signature,200,20,J347,MV Flagship Tokyo,115915.31,31273.73,114,154751.8,79504.79,28421.76,83,112670.17,241,197,44,147,115,0
MV-49139,Men Wool Scarves Essential,ANT,Anthracite,Accessories,Men,Scarves,Wool Scarves,MV,Maison Voss,200,20,J347,MV Flagship Tokyo,8784.14,2856.55,14,12567.1,9992.83,3545.21,15,13464.75,7,4,3,7,4,0
MV-48504,Women Slides Signature,CRM,Cognac,Footwear,Women,Flats,Slides,MVS,MV Signature,200,20,J347,MV Flagship Tokyo,397060.34,121680.19,597,555030.41,565563.75,164316.25,766,712149.57,1223,973,250,1769,1175,0
MV-40007,Women Tote Bags Modern,TRP,Taupe,Leather Goods,Women,Handbags,Tote Bags,MV,Maison Voss,200,30,J347,MV Flagship Tokyo,47940.68,12301.41,48,66729.48,46914.91,14850.81,43,59778.49,52,33,19,49,31,0
MV-35203,Men Blazers Modern,ECR,Ecru,Ready-to-Wear,Men,Outerwear,Blazers,MVS,MV Signature,200,20,J347,MV Flagship Tokyo,235385.91,65506.4,495,282089.52,184712.22,69066.43,408,232510.15,418,346,72,310,290,0
MV-44687,Men Card Holders Modern,SBL,Sable,Leather Goods,Men,Small Leather Goods,Card Holders,MVS,MV Signature,200,20,J347,MV Flagship Tokyo,105383.92,29124.77,107,142632.61,80953.62,25300.74,85,113306.28,180,111,69,145,103,0
MV-54185,Men Trousers Heritage,BLU,Bleu Marine,Ready-to-Wear,Men,Bottoms,Trousers,MVS,MV Signature,200,20,J347,MV Flagship Tokyo,282732.73,75947.14,820,384656.16,348162.48,110111.78,981,460180.12,1533,1495,38,1858,1630,0
MV-91490,Women Midi Dresses,BLU,Bleu Marine,Ready-to-Wear,Women,Dresses,Midi Dresses,MV,Maison Voss,200,20,J347,MV Flagship Tokyo,105276.0,32520.64,156,139848.96,132135.63,35069.11,194,173914.73,386,321,65,424,375,0
MV-54589,Women Carry-On Slim,BEG,Beige,Leather Goods,Women,Luggage,Carry-On,MV,Maison Voss,200,50,J347,MV Flagship Tokyo,553298.88,170325.89,517,734914.8,418646.01,130490.37,415,589921.93,343,265,78,322,261,0
MV-48177,Women Card Holders Essential,CRM,Cognac,Leather Goods,Women,Small Leather Goods,Card Holders,MV,Maison Voss,200,50,J347,MV Flagship Tokyo,1022.49,267.6,1,1342.49,1026.56,267.7,1,1342.49,2,1,1,1,0,0
MV-89963,Women Cat Eye Luxe,BRG,Bordeaux,Accessories,Women,Sunglasses,Cat Eye,MV,Maison Voss,200,50,J347,MV Flagship Tokyo,82353.21,29176.72,267,112917.51,101326.69,27075.74,334,141252.61,210,149,61,254,162,0
MV-67637,Men Midi Dresses Essential,ARG,Argent,Ready-to-Wear,Men,Dresses,Midi Dresses,MV,Maison Voss,200,50,J347,MV Flagship Tokyo,125789.79,37041.53,452,165479.81,128647.45,45591.39,477,174632.45,763,561,202,851,563,0
MV-93283,Unisex Wallets Luxe,TAN,Tan,Leather Goods,Unisex,Small Leather Goods,Wallets,MV,Maison Voss,200,20,J347,MV Flagship Tokyo,11239.88,3510.77,29,14128.34,9418.12,3119.17,22,10718.05,96,83,13,61,51,0
MV-24316,Women Low Top Relaxed,CHP,Champagne,Footwear,Women,Sneakers,Low Top,MV,Maison Voss,200,50,J347,MV Flagship Tokyo,8172.15,2162.77,19,11293.52,7774.99,2703.16,19,11293.52,69,57,12,60,45,0
MV-72722,Women Midi Dresses Slim,TRP,Taupe,Ready-to-Wear,Women,Dresses,Midi Dresses,MVS,MV Signature,200,20,J347,MV Flagship Tokyo,66216.07,18371.64,107,92198.08,74835.05,24431.49,120,103399.71,151,97,54,148,135,0
MV-65444,Women Berets,ROG,Rouge,Accessories,Women,Hats,Berets,MVS,MV Signature,200,20,J347,MV Flagship Tokyo,119508.44,35095.22,525,165223.78,152780.77,55502.41,650,204562.77,1030,704,326,1449,1070,0
MV-18799,Women Jeans Modern,SBL,Sable,Ready-to-Wear,Women,Bottoms,Jeans,MV,Maison Voss,200,20,J347,MV Flagship Tokyo,41905.2,13915.66,151,52776.88,36762.37,12297.5,128,44738.02,496,353,143,445,313,0
MV-18799,Women Jeans Modern,CHP,Champagne,Ready-to-Wear,Women,Bottoms,Jeans,MV,Maison Voss,200,20,J347,MV Flagship Tokyo,100530.55,31047.37,145,138369.65,103908.72,37554.3,143,136461.11,525,386,139,601,486,0
MV-74038,Women Pouches,GRG,Greige,Leather Goods,Women,Small Leather Goods,Pouches,MV,Maison Voss,200,30,J347,MV Flagship Tokyo,22633.93,7561.03,29,32162.77,22186.95,7822.64,28,31053.71,25,18,7,26,18,0
MV-73532,Women Midi Dresses Modern,NVY,Navy,Ready-to-Wear,Women,Dresses,Midi Dresses,MVS,MV Signature,200,20,J347,MV Flagship Tokyo,552.68,146.7,1,761.9,534.57,182.47,1,761.9,2,1,1,2,1,0
MV-12128,Women Cat Eye Signature,NOI,Noir,Accessories,Women,Sunglasses,Cat Eye,MV,Maison Voss,200,70,J347,MV Flagship Tokyo,201874.49,55377.74,321,249536.8,212582.42,58691.0,332,258087.91,752,687,65,814,794,0
MV-89963,Women Cat Eye Luxe,ANT,Anthracite,Accessories,Women,Sunglasses,Cat Eye,MV,Maison Voss,200,20,J347,MV Flagship Tokyo,5000.52,1673.41,17,7305.65,5694.71,1868.17,19,8165.13,63,47,16,85,70,0
MV-30730,Men High Top Luxe,IVR,Ivoire,Footwear,Men,Sneakers,High Top,MV,Maison Voss,200,20,J347,MV Flagship Tokyo,170150.71,47870.91,194,235055.5,110391.17,38262.65,143,173262.56,514,363,151,428,283,0
MV-39389,Women Mules Modern,ECR,Ecru,Footwear,Women,Heels,Mules,MVS,MV Signature,200,70,J347,MV Flagship Tokyo,346708.33,121322.17,476,436625.68,351480.97,107093.81,493,452219.46,1128,1067,61,1109,1083,0
MV-44687,Men Card Holders Modern,CAM,Camel,Leather Goods,Men,Small Leather Goods,Card Holders,MVS,MV Signature,200,30,J347,MV Flagship Tokyo,35854.37,12043.53,45,42996.39,34602.22,9964.8,47,44907.34,152,135,17,140,92,0
MV-26551,Women Mules Luxe,SBL,Sable,Footwear,Women,Heels,Mules,MV,Maison Voss,200,20,J347,MV Flagship Tokyo,179232.84,46777.44,212,249843.48,127453.76,42996.84,159,187382.61,818,733,85,605,363,0
MV-51116,Unisex Tops Essential,CAM,Camel,Ready-to-Wear,Unisex,Tops,Tops,MV,Maison Voss,200,20,J347,MV Flagship Tokyo,8143.39,3066.19,15,11687.93,5704.4,1707.5,11,8571.15,20,16,4,15,10,0
MV-94323,Women Round Frames Classic,TAN,Tan,Accessories,Women,Sunglasses,Round Frames,MVS,MV Signature,200,20,J347,MV Flagship Tokyo,66762.65,22692.45,179,87944.82,66315.75,21080.92,185,90892.69,234,157,77,226,151,0
MV-70648,Women Tops,RSE,Rose Poudre,Ready-to-Wear,Women,Tops,Tops,MV,Maison Voss,200,20,J347,MV Flagship Tokyo,15975.17,5190.96,34,23458.72,11154.7,3178.55,25,17249.06,129,111,18,116,91,0
MV-16265,Women Chain Belts Signature,CRM,Cognac,Leather Goods,Women,Belts,Chain Belts,MVS,MV Signature,200,70,J347,MV Flagship Tokyo,206682.2,73028.66,258,284014.3,224972.03,66516.63,267,293921.77,580,457,123,544,493,0
MV-78937,Men Carry-On Luxe,CRM,Cognac,Leather Goods,Men,Luggage,Carry-On,MVS,MV Signature,200,50,J347,MV Flagship Tokyo,23497.47,7326.01,69,32070.81,26176.18,8649.91,84,39042.73,202,166,36,200,171,0
MV-15958,Men Pumps Heritage,CAM,Camel,Footwear,Men,Heels,Pumps,MVS,MV Signature,200,20,J347,MV Flagship Tokyo,62677.99,17277.3,120,88728.77,57356.25,19832.93,119,87989.36,270,174,96,304,209,0
MV-29080,Men Jackets Relaxed,RSE,Rose Poudre,Ready-to-Wear,Men,Outerwear,Jackets,MV,Maison Voss,200,20,J347,MV Flagship Tokyo,109126.45,27922.2,177,145690.61,124605.28,45708.72,206,169560.82,563,496,67,660,616,0
MV-56346,Women Clutches Essential,GRG,Greige,Leather Goods,Women,Handbags,Clutches,MV,Maison Voss,200,50,J347,MV Flagship Tokyo,33731.43,9337.34,36,45701.52,31063.68,9993.74,32,40623.57,28,23,5,21,14,0
MV-26505,Men Leather Belts Relaxed,BEG,Beige,Leather Goods,Men,Belts,Leather Belts,MV,Maison Voss,200,20,J347,MV Flagship Tokyo,197927.54,58213.22,262,285854.54,220855.84,66105.6,326,355681.61,493,371,122,681,471,0
MV-82135,Women Trousers Slim,ROG,Rouge,Ready-to-Wear,Women,Bottoms,Trousers,MVS,MV Signature,200,50,J347,MV Flagship Tokyo,36958.91,10759.42,69,52662.14,46382.32,16874.55,80,61057.55,129,111,18,137,93,0
MV-27486,Women Mules Classic,TAN,Tan,Footwear,Women,Heels,Mules,MVS,MV Signature,200,20,J347,MV Flagship Tokyo,121637.24,37254.48,210,157720.1,151165.27,54859.33,268,201280.89,381,332,49,444,307,0
MV-35995,Unisex Check-In Modern,ANT,Anthracite,Leather Goods,Unisex,Luggage,Check-In,MVS,MV Signature,200,20,J347,MV Flagship Tokyo,15036.82,5011.57,33,19791.27,18128.33,5065.29,41,24589.15,107,69,38,149,105,0
MV-27892,Men Suit Trousers Modern,IVR,Ivoire,Ready-to-Wear,Men,Suits,Suit Trousers,MV,Maison Voss,200,20,J347,MV Flagship Tokyo,129474.65,39899.19,225,178576.93,133734.73,49223.58,240,190482.06,180,120,60,217,181,0
MV-62772,Men Tote Bags Signature,TRP,Taupe,Leather Goods,Men,Handbags,Tote Bags,MV,Maison Voss,200,20,J347,MV Flagship Tokyo,20405.23,6333.94,26,24605.36,27738.87,8736.42,33,31229.88,80,56,24,111,67,0
MV-33509,Unisex Fedoras Signature,BRG,Bordeaux,Accessories,Unisex,Hats,Fedoras,MVS,MV Signature,200,20,J347,MV Flagship Tokyo,29068.34,7642.24,107,41114.4,24587.02,8611.38,99,38040.43,162,150,12,138,137,0
MV-99173,Women Card Holders Modern,BRG,Bordeaux,Leather Goods,Women,Small Leather Goods,Card Holders,MV,Maison Voss,200,50,J347,MV Flagship Tokyo,50040.18,14004.49,55,62160.67,59922.01,16231.35,66,74592.81,92,80,12,116,79,0
MV-96200,Women Suit Sets,BRG,Bordeaux,Ready-to-Wear,Women,Suits,Suit Sets,MVS,MV Signature,200,20,J347,MV Flagship Tokyo,110999.45,37908.42,267,150931.53,95912.75,34644.0,238,134538.22,853,541,312,669,440,0
MV-69634,Women Day Dresses Signature,ARG,Argent,Ready-to-Wear,Women,Dresses,Day Dresses,MVS,MV Signature,200,20,J347,MV Flagship Tokyo,32730.2,10496.37,58,39636.91,27752.26,9703.94,56,38270.12,198,149,49,197,184,0
MV-80143,Men Knitwear Classic,ECR,Ecru,Ready-to-Wear,Men,Tops,Knitwear,MVS,MV Signature,200,50,J347,MV Flagship Tokyo,143012.35,41396.35,413,202584.59,169788.8,55732.52,451,221224.33,1607,1549,58,2079,1758,0
MV-68529,Men Ankle Boots,ECR,Ecru,Footwear,Men,Boots,Ankle Boots,MVS,MV Signature,200,20,J347,MV Flagship Tokyo,225285.99,70314.65,431,316782.66,167300.97,47702.78,312,229318.31,1271,1089,182,1057,844,0
MV-73532,Women Midi Dresses Modern,NOI,Noir,Ready-to-Wear,Women,Dresses,Midi Dresses,MVS,MV Signature,200,20,J347,MV Flagship Tokyo,25158.96,8000.07,42,32736.33,24898.56,8793.42,39,30398.02,162,152,10,174,108,0
MV-30730,Men High Top Luxe,NVY,Navy,Footwear,Men,Sneakers,High Top,MV,Maison Voss,200,20,J347,MV Flagship Tokyo,62606.4,19650.66,184,84184.66,82944.49,25939.69,229,104773.3,529,446,83,787,759,0
MV-92203,Men Clutches,RSE,Rose Poudre,Leather Goods,Men,Handbags,Clutches,MV,Maison Voss,200,50,J347,MV Flagship Tokyo,14135.44,4216.2,17,18511.71,14515.84,5004.42,17,18511.71,33,25,8,31,19,0
MV-33647,Men Coats Heritage,RSE,Rose Poudre,Ready-to-Wear,Men,Outerwear,Coats,MVS,MV Signature,200,20,J347,MV Flagship Tokyo,38408.31,12686.72,96,47917.49,41476.95,10493.84,120,59896.86,255,163,92,295,215,0
MV-80282,Unisex Baseball Caps Signature,NVY,Navy,Accessories,Unisex,Hats,Baseball Caps,MV,Maison Voss,200,50,J347,MV Flagship Tokyo,125713.8,42764.98,242,173317.57,97013.68,30312.36,185,132494.84,961,804,157,703,489,0
MV-73736,Women Key Holders Relaxed,NVY,Navy,Leather Goods,Women,Small Leather Goods,Key Holders,MV,Maison Voss,200,20,J347,MV Flagship Tokyo,84430.96,24665.61,208,112688.84,104185.52,38396.42,247,133818.0,216,144,72,241,160,0
MV-38683,Men Tops Slim,CRM,Cognac,Ready-to-Wear,Men,Tops,Tops,MVS,MV Signature,200,70,J347,MV Flagship Tokyo,115648.57,39083.21,189,152531.99,91600.67,33383.76,149,120250.09,387,265,122,295,256,0
MV-57052,Men Day Dresses Signature,ARG,Argent,Ready-to-Wear,Men,Dresses,Day Dresses,MV,Maison Voss,200,20,J347,MV Flagship Tokyo,17419.3,4464.79,64,22354.62,16541.92,4855.15,60,20957.46,144,101,43,162,113,0
MV-16175,Unisex Day Dresses Modern,ROG,Rouge,Ready-to-Wear,Unisex,Dresses,Day Dresses,MV,Maison Voss,200,20,J347,MV Flagship Tokyo,29811.16,11300.54,92,39920.07,34484.87,11122.43,102,44259.21,358,316,42,338,219,0
MV-69459,Women Rings Signature,NVY,Navy,Accessories,Women,Jewelry,Rings,MV,Maison Voss,200,50,J347,MV Flagship Tokyo,4101.13,1173.73,21,5270.68,2682.59,904.6,14,3513.78,56,33,23,36,32,0
MV-59009,Women Earrings Slim,TRP,Taupe,Accessories,Women,Jewelry,Earrings,MVS,MV Signature,200,50,J347,MV Flagship Tokyo,52703.69,18673.19,246,65417.53,54430.14,14071.83,263,69938.25,515,364,151,645,493,0
MV-68878,Men Carry-On Heritage,ECR,Ecru,Leather Goods,Men,Luggage,Carry-On,MVS,MV Signature,200,20,J347,MV Flagship Tokyo,81603.92,30665.81,135,100140.15,72449.35,19759.05,127,94205.92,284,253,31,224,209,0
MV-67905,Women High Top Luxe,TAN,Tan,Footwear,Women,Sneakers,High Top,MV,Maison Voss,200,20,J347,MV Flagship Tokyo,75473.82,21132.54,239,90539.05,56096.94,15097.16,194,73491.95,426,352,74,407,355,0
MV-41029,Women Ballet Flats Luxe,BEG,Beige,Footwear,Women,Flats,Ballet Flats,MV,Maison Voss,200,50,J347,MV Flagship Tokyo,36747.24,9895.6,55,50746.57,31244.99,9214.56,42,38751.93,190,180,10,175,165,0
MV-58566,Men Leather Belts Relaxed,ANT,Anthracite,Leather Goods,Men,Belts,Leather Belts,MVS,MV Signature,200,20,J347,MV Flagship Tokyo,48982.74,15201.51,76,67441.53,38527.29,11478.52,57,50581.15,222,152,70,141,87,0
MV-36143,Unisex Weekender Heritage,ECR,Ecru,Leather Goods,Unisex,Luggage,Weekender,MVS,MV Signature,200,20,J347,MV Flagship Tokyo,26803.71,7252.32,78,39188.32,28261.33,7070.97,89,44714.88,204,156,48,268,182,0
MV-91490,Women Midi Dresses,CAM,Camel,Ready-to-Wear,Women,Dresses,Midi Dresses,MV,Maison Voss,200,50,J347,MV Flagship Tokyo,1204.7,418.89,5,1538.34,1216.59,322.17,5,1538.34,13,9,4,12,7,0
MV-97684,Unisex Bracelets Luxe,VRT,Vert,Accessories,Unisex,Jewelry,Bracelets,MV,Maison Voss,200,20,J347,MV Flagship Tokyo,49300.61,14152.67,80,68979.14,55843.31,16543.36,88,75877.05,61,57,4,60,51,0
MV-38183,Men Suit Trousers Essential,CRM,Cognac,Ready-to-Wear,Men,Suits,Suit Trousers,MVS,MV Signature,200,20,J347,MV Flagship Tokyo,137775.17,42599.95,315,168349.68,87796.29,28101.45,220,117577.56,701,564,137,483,468,0
MV-59834,Women Skirts,CRM,Creme,Ready-to-Wear,Women,Bottoms,Skirts,MVS,MV Signature,200,20,J347,MV Flagship Tokyo,191934.45,54725.12,441,289208.0,235565.76,65256.45,563,369215.66,239,196,43,365,221,0
MV-90209,Men Suit Sets Modern,IVR,Ivoire,Ready-to-Wear,Men,Suits,Suit Sets,MV,Maison Voss,200,50,J347,MV Flagship Tokyo,28229.42,8988.18,141,36955.95,23157.11,6554.92,128,33548.66,412,353,59,357,221,0
MV-76249,Men Clutches Luxe,SBL,Sable,Leather Goods,Men,Handbags,Clutches,MV,Maison Voss,200,50,J347,MV Flagship Tokyo,108384.87,27648.82,117,161544.28,96797.97,31530.69,91,125645.55,108,87,21,71,50,0
MV-21164,Men Shorts Relaxed,ARG,Argent,Ready-to-Wear,Men,Bottoms,Shorts,MV,Maison Voss,200,20,J347,MV Flagship Tokyo,2373.08,700.22,6,3039.11,1995.9,693.73,5,2532.59,6,3,3,5,4,0
MV-51704,Women Fedoras Luxe,ANT,Anthracite,Accessories,Women,Hats,Fedoras,MV,Maison Voss,200,20,J347,MV Flagship Tokyo,87459.05,23843.88,409,106704.62,91839.41,32062.79,448,116879.38,882,626,256,902,635,0
MV-57052,Men Day Dresses Signature,GRG,Greige,Ready-to-Wear,Men,Dresses,Day Dresses,MV,Maison Voss,200,50,J347,MV Flagship Tokyo,661.95,184.91,2,867.21,342.78,122.13,1,433.6,3,2,1,2,1,0
MV-30644,Men Chain Belts Slim,BEG,Beige,Leather Goods,Men,Belts,Chain Belts,MV,Maison Voss,200,20,J347,MV Flagship Tokyo,568272.21,179791.99,561,861284.02,638810.24,166529.01,625,959541.02,986,954,32,1025,881,0
MV-26299,Men High Top Luxe,ROG,Rouge,Footwear,Men,Sneakers,High Top,MVS,MV Signature,200,20,J347,MV Flagship Tokyo,39062.39,12492.27,130,45977.94,32606.05,9571.02,113,39965.44,322,210,112,265,231,0
MV-48504,Women Slides Signature,TRP,Taupe,Footwear,Women,Flats,Slides,MVS,MV Signature,200,20,J347,MV Flagship Tokyo,29551.7,9890.75,81,39349.58,31816.98,9530.07,83,40321.17,211,196,15,240,155,0
MV-59015,Unisex Baseball Caps Relaxed,ECR,Ecru,Accessories,Unisex,Hats,Baseball Caps,MV,Maison Voss,200,30,J347,MV Flagship Tokyo,317744.73,94737.25,499,376919.47,411798.8,117440.38,611,461518.62,808,594,214,1081,879,0
MV-20328,Men Clutches,IVR,Ivoire,Leather Goods,Men,Handbags,Clutches,MVS,MV Signature,200,20,J347,MV Flagship Tokyo,3369.75,926.88,4,4262.48,3257.46,1062.72,4,4262.48,11,6,5,11,8,0
MV-28776,Women Sandals Essential,RSE,Rose Poudre,Footwear,Women,Heels,Sandals,MV,Maison Voss,200,30,J347,MV Flagship Tokyo,45027.69,12268.55,168,63723.07,42503.25,15628.49,146,55378.39,90,69,21,65,49,0
MV-99173,Women Card Holders Modern,BLU,Bleu Marine,Leather Goods,Women,Small Leather Goods,Card Holders,MV,Maison Voss,200,20,J347,MV Flagship Tokyo,153832.0,44239.96,154,199976.82,181789.83,59173.57,189,245426.1,86,52,34,110,66,0
MV-26074,Women Fedoras Slim,NOI,Noir,Accessories,Women,Hats,Fedoras,MVS,MV Signature,200,50,J347,MV Flagship Tokyo,24624.19,6307.74,47,34560.23,20721.95,7503.53,37,27206.99,131,109,22,121,97,0
MV-89507,Women Blazers Essential,BLU,Bleu Marine,Ready-to-Wear,Women,Outerwear,Blazers,MV,Maison Voss,200,20,J347,MV Flagship Tokyo,52839.94,18496.89,108,73659.9,61221.63,17992.89,127,86618.59,354,260,94,418,372,0
MV-38183,Men Suit Trousers Essential,ROG,Rouge,Ready-to-Wear,Men,Suits,Suit Trousers,MVS,MV Signature,200,20,J347,MV Flagship Tokyo,113528.12,43078.84,204,164096.32,86228.04,26422.6,162,130311.78,209,133,76,173,168,0
MV-49618,Men Square Frames Classic,TAN,Tan,Accessories,Men,Sunglasses,Square Frames,MV,Maison Voss,200,20,J347,MV Flagship Tokyo,111457.67,28211.88,251,161178.83,106867.54,38931.2,253,162463.12,604,454,150,605,547,0
MV-38760,Unisex Rings Heritage,CRM,Creme,Accessories,Unisex,Jewelry,Rings,MV,Maison Voss,200,20,J347,MV Flagship Tokyo,628.4,228.52,1,756.0,633.68,164.74,1,756.0,2,1,1,2,1,0
MV-23133,Men Trousers Essential,ANT,Anthracite,Ready-to-Wear,Men,Bottoms,Trousers,MV,Maison Voss,200,50,J347,MV Flagship Tokyo,226001.66,62011.71,535,274392.68,220152.43,63988.75,588,301575.51,1175,1170,5,1285,1041,0
MV-71057,Women Boots,CRM,Cognac,Footwear,Women,Heels,Boots,MVS,MV Signature,200,20,J347,MV Flagship Tokyo,26934.9,8791.08,34,33817.54,31617.69,11705.37,40,39785.34,41,33,8,41,33,0
MV-82924,Women Low Top Classic,CRM,Creme,Footwear,Women,Sneakers,Low Top,MV,Maison Voss,200,20,J347,MV Flagship Tokyo,25975.31,9809.64,51,35840.85,19217.13,7169.81,39,27407.71,146,136,10,127,102,0
MV-18163,Men Blazers Slim,ANT,Anthracite,Ready-to-Wear,Men,Suits,Blazers,MV,Maison Voss,200,20,J347,MV Flagship Tokyo,39084.07,11814.57,59,52660.54,44618.07,16840.22,74,66048.81,108,96,12,123,109,0
MV-38683,Men Tops Slim,BEG,Beige,Ready-to-Wear,Men,Tops,Tops,MVS,MV Signature,200,20,J347,MV Flagship Tokyo,2747.46,755.48,7,3569.57,3140.11,816.5,7,3569.57,23,18,5,27,18,0
MV-46559,Men Ballet Flats Luxe,IVR,Ivoire,Footwear,Men,Flats,Ballet Flats,MV,Maison Voss,200,50,J347,MV Flagship Tokyo,13262.42,3854.26,25,16810.84,10683.85,3541.3,21,14121.1,42,39,3,38,25,0
MV-57943,Women Shorts Essential,VRT,Vert,Ready-to-Wear,Women,Bottoms,Shorts,MV,Maison Voss,200,20,J347,MV Flagship Tokyo,471391.71,145849.08,832,646611.4,602730.13,170066.59,1051,816813.2,1420,857,563,1917,1903,0
MV-30866,Women Loafers Modern,NVY,Navy,Footwear,Women,Flats,Loafers,MVS,MV Signature,200,20,J347,MV Flagship Tokyo,43971.96,15748.6,73,59785.97,43107.81,13698.28,77,63061.92,61,49,12,59,38,0
MV-20682,Men Loafers Slim,BEG,Beige,Footwear,Men,Flats,Loafers,MVS,MV Signature,200,20,J347,MV Flagship Tokyo,18524.15,5541.29,23,23549.45,14537.19,5238.16,18,18430.01,35,23,12,31,25,0
MV-28714,Men Trousers Luxe,CAM,Camel,Ready-to-Wear,Men,Bottoms,Trousers,MV,Maison Voss,200,20,J347,MV Flagship Tokyo,12585.18,4636.33,21,18014.39,10728.94,4056.17,18,15440.91,81,57,24,77,70,0
MV-33509,Unisex Fedoras Signature,BRG,Bordeaux,Accessories,Unisex,Hats,Fedoras,MVS,MV Signature,200,20,J347,MV Flagship Tokyo,89492.05,33385.82,246,118803.29,97392.65,32861.04,298,143916.19,802,775,27,810,543,0
MV-26299,Men High Top Luxe,CHP,Champagne,Footwear,Men,Sneakers,High Top,MVS,MV Signature,200,30,J347,MV Flagship Tokyo,255485.45,83927.22,373,360806.93,327750.67,85086.16,444,429486.0,1084,679,405,1162,955,0
MV-38760,Unisex Rings Heritage,CAM,Camel,Accessories,Unisex,Jewelry,Rings,MV,Maison Voss,200,20,J347,MV Flagship Tokyo,33013.7,9833.2,57,43278.43,44045.36,12961.89,72,54667.5,73,72,1,87,71,0
MV-68838,Men Suit Trousers Signature,CRM,Cognac,Ready-to-Wear,Men,Suits,Suit Trousers,MV,Maison Voss,200,50,J347,MV Flagship Tokyo,1526.71,564.59,4,2070.08,1439.32,383.12,4,2070.08,4,2,2,5,4,0
MV-31798,Women Shoulder Bags Essential,ARG,Argent,Leather Goods,Women,Handbags,Shoulder Bags,MV,Maison Voss,200,70,J347,MV Flagship Tokyo,45199.35,12548.26,48,57495.78,29126.08,10161.63,33,39528.35,134,109,25,111,94,0
MV-86483,Women Wallets Luxe,CRM,Creme,Leather Goods,Women,Small Leather Goods,Wallets,MVS,MV Signature,200,50,J347,MV Flagship Tokyo,6320.68,1875.79,11,9491.14,5505.25,1900.27,9,7765.48,35,28,7,26,20,0
MV-56955,Women Ballet Flats Relaxed,TRP,Taupe,Footwear,Women,Flats,Ballet Flats,MVS,MV Signature,200,70,J347,MV Flagship Tokyo,5502.34,1995.64,21,6851.32,6573.27,1936.77,24,7830.08,74,53,21,102,79,0
MV-91830,Women Bracelets,ROG,Rouge,Accessories,Women,Jewelry,Bracelets,MV,Maison Voss,200,20,J347,MV Flagship Tokyo,26033.33,7463.84,109,31848.07,31336.75,9196.28,125,36523.02,322,306,16,397,329,0
MV-49472,Men Square Frames Modern,BRG,Bordeaux,Accessories,Men,Sunglasses,Square Frames,MV,Maison Voss,200,50,J347,MV Flagship Tokyo,12725.07,3408.53,50,16072.58,13627.72,3661.37,52,16715.48,159,112,47,157,123,0
MV-38760,Unisex Rings Heritage,BRG,Bordeaux,Accessories,Unisex,Jewelry,Rings,MV,Maison Voss,200,20,J347,MV Flagship Tokyo,84737.6,23467.21,140,108414.56,58458.31,16933.73,98,75890.19,549,394,155,431,366,0
MV-21542,Women Clutches Signature,CRM,Cognac,Leather Goods,Women,Handbags,Clutches,MVS,MV Signature,200,70,J347,MV Flagship Tokyo,52498.32,15346.59,56,64198.71,35614.65,12788.06,39,44709.82,125,106,19,78,75,0
MV-38183,Men Suit Trousers Essential,BRG,Bordeaux,Ready-to-Wear,Men,Suits,Suit Trousers,MVS,MV Signature,200,20,J347,MV Flagship Tokyo,135008.31,48644.44,546,179917.29,148405.75,52649.72,631,207926.39,991,768,223,1117,700,0
MV-45986,Women Chain Belts Classic,ARG,Argent,Leather Goods,Women,Belts,Chain Belts,MV,Maison Voss,200,70,J347,MV Flagship Tokyo,213584.1,72873.85,458,293752.37,285636.12,77132.42,589,377773.25,1031,673,358,1064,713,0
MV-23238,Women Knitwear Essential,RSE,Rose Poudre,Ready-to-Wear,Women,Tops,Knitwear,MV,Maison Voss,200,20,J347,MV Flagship Tokyo,58933.55,21773.9,162,74711.7,47524.43,14699.06,129,59492.65,245,175,70,161,113,0
MV-12671,Men Ballet Flats Slim,ANT,Anthracite,Footwear,Men,Flats,Ballet Flats,MVS,MV Signature,200,20,J347,MV Flagship Tokyo,27069.78,8985.05,84,34095.65,22368.54,6497.22,67,27195.34,136,120,16,120,97,0
MV-96870,Women Day Dresses Relaxed,GRG,Greige,Ready-to-Wear,Women,Dresses,Day Dresses,MVS,MV Signature,200,20,J347,MV Flagship Tokyo,55487.58,15641.7,93,70846.0,70429.3,21146.46,117,89128.84,259,211,48,325,213,0
MV-53655,Women Leather Belts Slim,TAN,Tan,Leather Goods,Women,Belts,Leather Belts,MV,Maison Voss,200,20,J347,MV Flagship Tokyo,69499.27,19906.65,102,87548.66,74265.64,26238.15,105,90123.62,365,353,12,306,233,0
MV-39444,Men Key Holders Relaxed,GRG,Greige,Leather Goods,Men,Small Leather Goods,Key Holders,MV,Maison Voss,200,20,J347,MV Flagship Tokyo,210712.19,58717.32,252,246666.98,239417.04,90948.96,305,298545.35,204,160,44,284,259,0
MV-20543,Men Check-In Classic,BEG,Beige,Leather Goods,Men,Luggage,Check-In,MVS,MV Signature,200,70,J347,MV Flagship Tokyo,135420.2,34129.47,116,175380.87,129031.66,39922.65,116,175380.87,400,388,12,337,306,0
MV-86484,Men Blazers Essential,CHP,Champagne,Ready-to-Wear,Men,Suits,Blazers,MV,Maison Voss,200,70,J347,MV Flagship Tokyo,74894.38,26820.35,376,98897.28,55117.39,19950.65,277,72857.83,1082,1027,55,854,773,0
MV-27486,Women Mules Classic,ARG,Argent,Footwear,Women,Heels,Mules,MVS,MV Signature,200,20,J347,MV Flagship Tokyo,268496.23,87587.0,558,387033.36,253710.45,81366.74,500,346804.08,711,589,122,666,425,0
MV-53025,Men Loafers Heritage,BLU,Bleu Marine,Footwear,Men,Flats,Loafers,MV,Maison Voss,200,20,J347,MV Flagship Tokyo,45075.19,13675.54,79,59489.61,34167.16,10776.3,64,48194.11,296,210,86,219,157,0
MV-17331,Women Key Holders Relaxed,NOI,Noir,Leather Goods,Women,Small Leather Goods,Key Holders,MVS,MV Signature,200,50,J347,MV Flagship Tokyo,103024.58,30341.19,159,135320.47,103791.25,37738.23,156,132767.25,622,510,112,705,438,0
MV-15014,Women Bracelets Modern,ANT,Anthracite,Accessories,Women,Jewelry,Bracelets,MVS,MV Signature,200,20,J347,MV Flagship Tokyo,6463.68,1720.11,19,9278.83,5670.77,2078.14,18,8790.47,38,26,12,39,29,0
MV-20745,Unisex Mini Bags Essential,ARG,Argent,Leather Goods,Unisex,Handbags,Mini Bags,MVS,MV Signature,200,70,J347,MV Flagship Tokyo,32885.21,11407.58,43,41263.25,37694.29,12383.64,47,45101.69,78,47,31,83,59,0
MV-11214,Men Coats Heritage,CAM,Camel,Ready-to-Wear,Men,Outerwear,Coats,MVS,MV Signature,200,50,J347,MV Flagship Tokyo,28157.24,9039.03,103,39667.04,24754.39,9202.03,97,37356.34,249,163,86,200,133,0
MV-49363,Unisex Cashmere Scarves,BRG,Bordeaux,Accessories,Unisex,Scarves,Cashmere Scarves,MVS,MV Signature,200,20,J347,MV Flagship Tokyo,15095.73,5564.17,44,21013.54,13594.63,4445.82,41,19580.8,118,76,42,96,67,0
MV-23238,Women Knitwear Essential,CHP,Champagne,Ready-to-Wear,Women,Tops,Knitwear,MV,Maison Voss,200,30,J347,MV Flagship Tokyo,289836.02,79958.01,405,393443.76,314384.35,84497.35,446,433273.86,1195,1176,19,1151,1084,0
MV-66531,Unisex Key Holders Modern,BLU,Bleu Marine,Leather Goods,Unisex,Small Leather Goods,Key Holders,MVS,MV Signature,200,20,J347,MV Flagship Tokyo,19123.56,5217.52,33,28816.4,26780.68,7045.83,41,35802.19,20,16,4,22,19,0
MV-20328,Men Clutches,ECR,Ecru,Leather Goods,Men,Handbags,Clutches,MVS,MV Signature,200,20,J347,MV Flagship Tokyo,104469.46,33463.4,117,135881.5,120046.84,35722.05,137,159109.1,146,102,44,195,189,0
MV-68878,Men Carry-On Heritage,NOI,Noir,Leather Goods,Men,Luggage,Carry-On,MVS,MV Signature,200,20,J347,MV Flagship Tokyo,172124.5,43593.76,180,228575.35,166010.83,48498.71,161,204447.95,351,248,103,323,308,0
MV-72722,Women Midi Dresses Slim,CRM,Creme,Ready-to-Wear,Women,Dresses,Midi Dresses,MVS,MV Signature,200,20,J347,MV Flagship Tokyo,126855.22,43348.36,228,179318.67,92906.25,24799.96,175,137634.95,141,111,30,87,81,0
MV-27486,Women Mules Classic,ARG,Argent,Footwear,Women,Heels,Mules,MVS,MV Signature,200,50,J347,MV Flagship Tokyo,61800.56,22497.61,93,88232.25,55458.0,19852.14,89,84437.32,212,162,50,167,106,0
MV-26505,Men Leather Belts Relaxed,RSE,Rose Poudre,Leather Goods,Men,Belts,Leather Belts,MV,Maison Voss,200,20,J347,MV Flagship Tokyo,186390.03,70192.83,394,235782.94,230575.04,59961.8,485,290240.42,772,676,96,1116,871,0
MV-68878,Men Carry-On Heritage,BRG,Bordeaux,Leather Goods,Men,Luggage,Carry-On,MVS,MV Signature,200,20,J347,MV Flagship Tokyo,130132.79,39071.36,162,184143.3,150608.5,43798.25,197,223927.34,581,435,146,594,562,0
MV-76542,Men Suit Sets Modern,ANT,Anthracite,Ready-to-Wear,Men,Suits,Suit Sets,MVS,MV Signature,200,50,J347,MV Flagship Tokyo,41589.34,15153.75,112,55667.35,50185.74,13785.3,132,65607.95,357,285,72,475,298,0
MV-50768,Men Knitwear Modern,ECR,Ecru,Ready-to-Wear,Men,Tops,Knitwear,MVS,MV Signature,200,20,J347,MV Flagship Tokyo,6884.51,2548.3,13,8925.58,6637.21,2333.77,13,8925.58,21,17,4,25,16,0
MV-16175,Unisex Day Dresses Modern,TAN,Tan,Ready-to-Wear,Unisex,Dresses,Day Dresses,MV,Maison Voss,200,20,J347,MV Flagship Tokyo,25540.48,8230.91,121,37644.29,31273.21,9371.48,149,46355.37,173,153,20,251,176,0
MV-26505,Men Leather Belts Relaxed,ECR,Ecru,Leather Goods,Men,Belts,Leather Belts,MV,Maison Voss,200,20,J347,MV Flagship Tokyo,322936.57,102497.3,333,453671.05,240518.02,73278.25,262,356942.39,326,218,108,254,187,0
MV-82910,Men Shirts Signature,TAN,Tan,Ready-to-Wear,Men,Tops,Shirts,MV,Maison Voss,200,70,J347,MV Flagship Tokyo,102077.48,38755.89,184,139256.45,77052.46,23206.7,135,102171.85,138,127,11,93,61,0
MV-49618,Men Square Frames Classic,BEG,Beige,Accessories,Men,Sunglasses,Square Frames,MV,Maison Voss,200,20,J347,MV Flagship Tokyo,79031.26,25548.68,345,93953.16,81610.77,25083.89,370,100761.36,873,725,148,785,557,0
MV-27892,Men Suit Trousers Modern,BEG,Beige,Ready-to-Wear,Men,Suits,Suit Trousers,MV,Maison Voss,200,20,J347,MV Flagship Tokyo,84327.28,28873.06,132,108154.34,67346.49,23310.23,115,94225.37,352,306,46,355,230,0
MV-80236,Women Coats Slim,CHP,Champagne,Ready-to-Wear,Women,Outerwear,Coats,MVS,MV Signature,200,70,J347,MV Flagship Tokyo,15429.55,5423.76,24,20356.37,10990.47,4066.54,18,15267.28,67,43,24,59,56,0
MV-69459,Women Rings Signature,CRM,Creme,Accessories,Women,Jewelry,Rings,MV,Maison Voss,200,50,J347,MV Flagship Tokyo,401.25,105.22,2,505.11,190.95,61.4,1,252.56,3,1,2,2,1,0
MV-57943,Women Shorts Essential,CRM,Creme,Ready-to-Wear,Women,Bottoms,Shorts,MV,Maison Voss,200,20,J347,MV Flagship Tokyo,15941.24,4611.85,70,22014.75,13659.54,3720.76,57,17926.29,278,240,38,228,147,0
MV-38760,Unisex Rings Heritage,GRG,Greige,Accessories,Unisex,Jewelry,Rings,MV,Maison Voss,200,20,J347,MV Flagship Tokyo,143655.62,38917.28,232,203696.31,174361.75,59848.77,296,259888.4,666,510,156,725,677,0
MV-84177,Men Leather Belts Classic,CRM,Cognac,Leather Goods,Men,Belts,Leather Belts,MV,Maison Voss,200,70,J347,MV Flagship Tokyo,122007.0,45917.97,302,165943.65,152198.7,40755.35,366,201110.51,1023,745,278,1123,725,0
MV-88222,Men Suit Trousers Heritage,TAN,Tan,Ready-to-Wear,Men,Suits,Suit Trousers,MV,Maison Voss,200,50,J347,MV Flagship Tokyo,23095.77,8293.35,67,33097.03,28854.17,7311.57,84,41494.79,71,63,8,88,69,0
MV-52415,Men Jeans Relaxed,IVR,Ivoire,Ready-to-Wear,Men,Bottoms,Jeans,MV,Maison Voss,200,50,J347,MV Flagship Tokyo,76750.21,22097.11,132,95091.65,90855.47,27143.89,169,121746.13,337,281,56,357,262,0
MV-78146,Men Day Dresses,CRM,Cognac,Ready-to-Wear,Men,Dresses,Day Dresses,MV,Maison Voss,200,50,J347,MV Flagship Tokyo,37514.94,12116.07,105,43981.71,41782.78,13920.04,110,46076.07,303,222,81,260,195,0
MV-38903,Men Coats Essential,TRP,Taupe,Ready-to-Wear,Men,Outerwear,Coats,MV,Maison Voss,200,20,J347,MV Flagship Tokyo,26382.25,6862.54,102,39754.72,19181.43,6339.6,75,29231.41,275,193,82,176,144,0
MV-69048,Women Tops Luxe,NVY,Navy,Ready-to-Wear,Women,Tops,Tops,MV,Maison Voss,200,20,J347,MV Flagship Tokyo,12864.31,3817.86,50,16754.76,13618.34,4998.7,60,20105.71,166,145,21,227,183,0
MV-16895,Women Leather Belts Slim,GRG,Greige,Leather Goods,Women,Belts,Leather Belts,MV,Maison Voss,200,30,J347,MV Flagship Tokyo,14924.94,4813.18,28,20920.07,14883.66,5263.62,27,20172.93,44,35,9,36,28,0
MV-15958,Men Pumps Heritage,BEG,Beige,Footwear,Men,Heels,Pumps,MVS,MV Signature,200,20,J347,MV Flagship Tokyo,11323.49,3399.18,42,15241.21,14580.68,4357.57,51,18507.19,85,73,12,120,73,0
MV-81364,Unisex Crossbody Bags Signature,IVR,Ivoire,Leather Goods,Unisex,Handbags,Crossbody Bags,MVS,MV Signature,200,20,J347,MV Flagship Tokyo,7060.7,2374.27,11,9437.55,6603.19,2063.35,11,9437.55,18,14,4,18,12,0
MV-43681,Men Low Top Luxe,TRP,Taupe,Footwear,Men,Sneakers,Low Top,MV,Maison Voss,200,30,J347,MV Flagship Tokyo,35633.08,11817.89,42,48158.61,34848.48,12435.77,39,44718.71,165,138,27,145,92,0
MV-19869,Women Wool Scarves Slim,NOI,Noir,Accessories,Women,Scarves,Wool Scarves,MVS,MV Signature,200,20,J347,MV Flagship Tokyo,220.56,55.28,1,271.79,0.0,0.0,0,0.0,3,2,1,2,1,0
MV-68991,Unisex Pouches Heritage,TAN,Tan,Leather Goods,Unisex,Small Leather Goods,Pouches,MV,Maison Voss,200,50,J347,MV Flagship Tokyo,93894.26,28562.05,191,130781.35,64343.88,23419.55,136,93121.8,596,376,220,394,248,0
MV-16839,Unisex Key Holders Luxe,RSE,Rose Poudre,Leather Goods,Unisex,Small Leather Goods,Key Holders,MVS,MV Signature,200,20,J347,MV Flagship Tokyo,72530.69,20848.61,73,109471.09,58328.42,15707.04,55,82478.22,220,191,29,166,116,0
MV-64377,Women Trousers Essential,RSE,Rose Poudre,Ready-to-Wear,Women,Bottoms,Trousers,MVS,MV Signature,200,20,J347,MV Flagship Tokyo,309530.6,106399.35,701,427774.97,347415.68,118264.73,794,484526.86,436,364,72,572,492,0
MV-59015,Unisex Baseball Caps Relaxed,NOI,Noir,Accessories,Unisex,Hats,Baseball Caps,MV,Maison Voss,200,70,J347,MV Flagship Tokyo,17476.96,4450.86,41,24794.94,11273.93,3735.96,29,17537.89,120,101,19,74,47,0
MV-94323,Women Round Frames Classic,BRG,Bordeaux,Accessories,Women,Sunglasses,Round Frames,MVS,MV Signature,200,20,J347,MV Flagship Tokyo,48610.14,14399.51,82,66401.01,43928.71,11248.24,79,63971.7,202,180,22,224,134,0
MV-40595,Women Day Dresses Heritage,TAN,Tan,Ready-to-Wear,Women,Dresses,Day Dresses,MVS,MV Signature,200,30,J347,MV Flagship Tokyo,44610.27,12963.23,85,56130.31,48007.61,16000.68,90,59432.1,242,199,43,299,185,0
MV-42541,Women Blazers Slim,BLU,Bleu Marine,Ready-to-Wear,Women,Suits,Blazers,MVS,MV Signature,200,20,J347,MV Flagship Tokyo,653.07,171.6,1,913.83,721.75,210.44,1,913.83,1,0,1,1,0,0
MV-23238,Women Knitwear Essential,ARG,Argent,Ready-to-Wear,Women,Tops,Knitwear,MV,Maison Voss,200,20,J347,MV Flagship Tokyo,122004.86,42887.94,354,161856.67,93422.78,26048.63,292,133508.89,1185,1053,132,994,761,0
MV-23238,Women Knitwear Essential,BLU,Bleu Marine,Ready-to-Wear,Women,Tops,Knitwear,MV,Maison Voss,200,30,J347,MV Flagship Tokyo,2137.63,704.89,6,2957.38,1979.11,551.14,6,2957.38,15,14,1,17,15,0
MV-98501,Women Blouses Relaxed,BEG,Beige,Ready-to-Wear,Women,Tops,Blouses,MVS,MV Signature,200,20,J347,MV Flagship Tokyo,301974.55,84834.76,545,435579.98,236701.98,80790.44,387,309301.74,1733,1492,241,1446,1202,0
MV-18163,Men Blazers Slim,CHP,Champagne,Ready-to-Wear,Men,Suits,Blazers,MV,Maison Voss,200,50,J347,MV Flagship Tokyo,144644.27,46785.98,431,196636.13,107629.6,31220.26,332,151469.13,801,675,126,503,397,0
MV-44099,Women Trousers Essential,CRM,Cognac,Ready-to-Wear,Women,Bottoms,Trousers,MVS,MV Signature,200,70,J347,MV Flagship Tokyo,63438.57,23299.38,148,80552.93,48993.76,15062.64,121,65857.46,546,536,10,429,423,0
MV-76263,Women High Top Essential,RSE,Rose Poudre,Footwear,Women,Sneakers,High Top,MV,Maison Voss,200,30,J347,MV Flagship Tokyo,106703.38,30067.83,152,153210.17,99453.58,27203.09,141,142122.59,258,213,45,256,183,0
MV-50213,Women Tops Slim,ANT,Anthracite,Ready-to-Wear,Women,Tops,Tops,MV,Maison Voss,200,20,J347,MV Flagship Tokyo,123095.12,44757.03,205,165974.38,125505.83,32206.47,200,161926.22,294,289,5,304,297,0
MV-79822,Unisex Fedoras Slim,BRG,Bordeaux,Accessories,Unisex,Hats,Fedoras,MV,Maison Voss,200,30,J347,MV Flagship Tokyo,28083.03,10014.69,94,34144.83,22412.68,7999.53,78,28332.95,274,170,104,190,153,0
MV-64524,Women Check-In Modern,BEG,Beige,Leather Goods,Women,Luggage,Check-In,MV,Maison Voss,200,50,J347,MV Flagship Tokyo,115674.77,34135.85,201,163955.25,139065.47,41820.93,258,210450.03,211,155,56,219,172,0
MV-46421,Women Knee High Slim,CAM,Camel,Footwear,Women,Boots,Knee High,MVS,MV Signature,200,50,J347,MV Flagship Tokyo,5100.02,1850.64,8,6426.33,5426.63,1582.69,9,7229.62,25,19,6,30,20,0
MV-94058,Women Chain Belts,RSE,Rose Poudre,Leather Goods,Women,Belts,Chain Belts,MVS,MV Signature,200,20,J347,MV Flagship Tokyo,9214.73,3180.61,10,11750.81,8611.93,3021.87,9,10575.72,9,7,2,7,5,0
MV-70931,Men Chain Belts Essential,CAM,Camel,Leather Goods,Men,Belts,Chain Belts,MVS,MV Signature,200,20,J347,MV Flagship Tokyo,56564.52,18616.46,118,76604.68,42350.61,15402.31,90,58427.3,450,393,57,345,211,0
MV-17592,Men Coats Relaxed,CRM,Creme,Ready-to-Wear,Men,Outerwear,Coats,MVS,MV Signature,200,50,J347,MV Flagship Tokyo,62363.73,20752.67,154,77924.74,59687.1,21559.77,156,78936.75,143,107,36,129,110,0
MV-12665,Women Suit Trousers Essential,RSE,Rose Poudre,Ready-to-Wear,Women,Suits,Suit Trousers,MV,Maison Voss,200,20,J347,MV Flagship Tokyo,257707.84,72991.9,423,343511.52,175528.7,60494.02,302,245249.36,915,602,313,724,692,0
MV-84177,Men Leather Belts Classic,GRG,Greige,Leather Goods,Men,Belts,Leather Belts,MV,Maison Voss,200,70,J347,MV Flagship Tokyo,14050.54,3859.41,21,19730.42,12788.68,4760.35,20,18790.87,52,31,21,56,41,0
MV-68838,Men Suit Trousers Signature,CRM,Cognac,Ready-to-Wear,Men,Suits,Suit Trousers,MV,Maison Voss,200,50,J347,MV Flagship Tokyo,198847.79,60916.88,335,243821.4,210464.52,79807.34,380,276573.52,505,419,86,462,408,0
MV-99353,Women Tote Bags,CRM,Creme,Leather Goods,Women,Handbags,Tote Bags,MV,Maison Voss,200,70,J347,MV Flagship Tokyo,25265.52,7612.29,45,32491.48,26709.31,10051.4,47,33935.54,132,122,10,164,125,0
MV-98815,Men Check-In,BEG,Beige,Leather Goods,Men,Luggage,Check-In,MVS,MV Signature,200,20,J347,MV Flagship Tokyo,70481.55,26043.42,97,91067.72,78403.85,27432.25,103,96700.78,371,322,49,390,356,0
MV-37460,Men Jackets Heritage,GRG,Greige,Ready-to-Wear,Men,Outerwear,Jackets,MV,Maison Voss,200,30,J347,MV Flagship Tokyo,40172.8,11055.95,73,53541.73,46240.34,12985.66,83,60876.21,109,108,1,128,78,0
MV-30257,Women Weekender Relaxed,NVY,Navy,Leather Goods,Women,Luggage,Weekender,MV,Maison Voss,200,20,J347,MV Flagship Tokyo,55209.38,17285.96,99,74732.96,59609.24,15628.18,105,79262.23,313,194,119,268,208,0
MV-44664,Women Shoulder Bags Modern,ECR,Ecru,Leather Goods,Women,Handbags,Shoulder Bags,MVS,MV Signature,200,20,J347,MV Flagship Tokyo,29724.71,8718.18,31,40612.6,26968.34,8969.92,31,40612.6,76,74,2,88,67,0
MV-14852,Men Loafers Slim,TRP,Taupe,Footwear,Men,Flats,Loafers,MV,Maison Voss,200,70,J347,MV Flagship Tokyo,74360.21,26796.15,135,98054.04,62942.48,18295.4,121,87885.48,98,93,5,93,82,0
MV-98501,Women Blouses Relaxed,CHP,Champagne,Ready-to-Wear,Women,Tops,Blouses,MVS,MV Signature,200,70,J347,MV Flagship Tokyo,60954.94,20923.04,313,87494.72,56371.29,21326.16,279,77990.5,428,298,130,433,308,0
MV-56346,Women Clutches Essential,SBL,Sable,Leather Goods,Women,Handbags,Clutches,MV,Maison Voss,200,20,J347,MV Flagship Tokyo,121520.58,32472.11,112,174004.71,169103.99,45267.67,140,217505.88,375,278,97,396,345,0
MV-24530,Women Day Dresses Luxe,NOI,Noir,Ready-to-Wear,Women,Dresses,Day Dresses,MVS,MV Signature,200,20,J347,MV Flagship Tokyo,66477.8,20711.13,130,96573.33,58047.09,16735.13,120,89144.62,129,97,32,130,89,0
MV-69829,Men Ballet Flats Slim,TRP,Taupe,Footwear,Men,Flats,Ballet Flats,MV,Maison Voss,200,20,J347,MV Flagship Tokyo,234183.87,68378.23,366,318135.35,265877.62,80825.43,409,355511.91,324,294,30,390,289,0
MV-20328,Men Clutches,ARG,Argent,Leather Goods,Men,Handbags,Clutches,MVS,MV Signature,200,20,J347,MV Flagship Tokyo,215175.55,79013.68,237,300483.33,163592.81,46028.28,190,240893.81,383,353,30,290,212,0
MV-46421,Women Knee High Slim,TRP,Taupe,Footwear,Women,Boots,Knee High,MVS,MV Signature,200,20,J347,MV Flagship Tokyo,79745.48,28562.09,130,109863.56,82511.98,22407.94,137,115779.29,381,273,108,407,256,0
MV-49472,Men Square Frames Modern,VRT,Vert,Accessories,Men,Sunglasses,Square Frames,MV,Maison Voss,200,50,J347,MV Flagship Tokyo,16616.2,4424.93,57,23734.15,22391.41,6543.3,67,27898.04,145,134,11,166,145,0
MV-80143,Men Knitwear Classic,SBL,Sable,Ready-to-Wear,Men,Tops,Knitwear,MVS,MV Signature,200,50,J347,MV Flagship Tokyo,215939.32,79530.98,419,315421.54,285803.39,91464.22,507,381667.6,1117,1096,21,1572,1277,0
MV-67961,Men Wool Scarves Heritage,CHP,Champagne,Accessories,Men,Scarves,Wool Scarves,MV,Maison Voss,200,20,J347,MV Flagship Tokyo,55392.78,14055.82,166,78108.98,56856.73,14665.32,168,79050.05,375,228,147,361,290,0
MV-29080,Men Jackets Relaxed,ANT,Anthracite,Ready-to-Wear,Men,Outerwear,Jackets,MV,Maison Voss,200,30,J347,MV Flagship Tokyo,11882.47,4430.18,48,16705.98,12369.66,3886.86,46,16009.9,73,63,10,75,53,0
MV-30257,Women Weekender Relaxed,VRT,Vert,Leather Goods,Women,Luggage,Weekender,MV,Maison Voss,200,30,J347,MV Flagship Tokyo,40133.44,10498.81,60,53986.32,41176.5,10836.25,65,58485.17,233,197,36,293,240,0
MV-33703,Men Earrings Slim,TRP,Taupe,Accessories,Men,Jewelry,Earrings,MVS,MV Signature,200,20,J347,MV Flagship Tokyo,158129.24,53608.05,314,196525.87,156938.49,50043.33,344,215302.22,598,398,200,661,613,0
MV-33647,Men Coats Heritage,GRG,Greige,Ready-to-Wear,Men,Outerwear,Coats,MVS,MV Signature,200,20,J347,MV Flagship Tokyo,2643.14,775.97,8,3445.28,3280.47,1235.09,10,4306.6,5,3,2,7,6,0
MV-62196,Women Blazers,NVY,Navy,Ready-to-Wear,Women,Outerwear,Blazers,MV,Maison Voss,200,20,J347,MV Flagship Tokyo,465853.98,127046.73,937,608394.51,423101.75,139784.86,883,573332.29,1988,1370,618,2048,1560,0
MV-74038,Women Pouches,CAM,Camel,Leather Goods,Women,Small Leather Goods,Pouches,MV,Maison Voss,200,50,J347,MV Flagship Tokyo,31933.65,10781.22,27,40229.06,28032.41,7707.02,26,38739.09,57,43,14,44,28,0
MV-69459,Women Rings Signature,TRP,Taupe,Accessories,Women,Jewelry,Rings,MV,Maison Voss,200,30,J347,MV Flagship Tokyo,122724.38,40968.96,308,173128.84,83599.68,29956.08,216,121415.03,473,386,87,290,252,0
MV-79942,Men Blazers Essential,CRM,Cognac,Ready-to-Wear,Men,Outerwear,Blazers,MVS,MV Signature,200,20,J347,MV Flagship Tokyo,34972.28,10732.21,97,49964.59,34957.44,11252.19,91,46874.0,70,47,23,71,61,0
MV-69692,Women Suit Sets Essential,CRM,Creme,Ready-to-Wear,Women,Suits,Suit Sets,MVS,MV Signature,200,20,J347,MV Flagship Tokyo,87135.4,32610.09,131,100486.77,54182.69,19271.96,94,72105.01,225,217,8,179,157,0
MV-62196,Women Blazers,BLU,Bleu Marine,Ready-to-Wear,Women,Outerwear,Blazers,MV,Maison Voss,200,50,J347,MV Flagship Tokyo,94641.14,26134.11,411,127973.27,77942.91,23520.46,369,114895.71,1394,1320,74,1498,1013,0
MV-16265,Women Chain Belts Signature,IVR,Ivoire,Leather Goods,Women,Belts,Chain Belts,MVS,MV Signature,200,20,J347,MV Flagship Tokyo,37639.43,9777.23,103,46860.56,40434.85,14896.55,119,54139.87,152,150,2,200,141,0
MV-39444,Men Key Holders Relaxed,NVY,Navy,Leather Goods,Men,Small Leather Goods,Key Holders,MV,Maison Voss,200,20,J347,MV Flagship Tokyo,87228.51,29805.71,149,113785.84,84125.71,27408.22,144,109967.53,513,495,18,536,516,0
MV-85156,Women Chain Belts Essential,CRM,Creme,Leather Goods,Women,Belts,Chain Belts,MV,Maison Voss,200,50,J347,MV Flagship Tokyo,7840.25,2635.02,9,10201.22,5999.75,1841.86,7,7934.28,27,22,5,19,15,0
MV-20993,Men Wool Scarves Slim,RSE,Rose Poudre,Accessories,Men,Scarves,Wool Scarves,MV,Maison Voss,200,70,J347,MV Flagship Tokyo,454.86,133.04,1,610.26,459.43,142.64,1,610.26,1,0,1,1,0,0
MV-59009,Women Earrings Slim,TAN,Tan,Accessories,Women,Jewelry,Earrings,MVS,MV Signature,200,50,J347,MV Flagship Tokyo,26522.02,7540.57,54,39913.26,29302.85,10640.98,62,45826.34,84,66,18,80,73,0
MV-29080,Men Jackets Relaxed,CRM,Cognac,Ready-to-Wear,Men,Outerwear,Jackets,MV,Maison Voss,200,20,J347,MV Flagship Tokyo,99107.31,31628.47,221,146491.62,119306.39,44173.09,243,161074.49,868,655,213,1138,973,0
MV-46655,Women Cat Eye Heritage,ROG,Rouge,Accessories,Women,Sunglasses,Cat Eye,MV,Maison Voss,200,70,J347,MV Flagship Tokyo,11025.96,3807.66,25,13487.55,7592.11,2439.58,17,9171.53,54,48,6,44,31,0
MV-18163,Men Blazers Slim,TRP,Taupe,Ready-to-Wear,Men,Suits,Blazers,MV,Maison Voss,200,20,J347,MV Flagship Tokyo,5770.49,2174.1,23,7496.98,4940.47,1329.53,21,6845.07,88,62,26,95,75,0
MV-49472,Men Square Frames Modern,BRG,Bordeaux,Accessories,Men,Sunglasses,Square Frames,MV,Maison Voss,200,20,J347,MV Flagship Tokyo,42768.3,12458.34,102,59343.56,44746.64,14159.25,114,66325.15,180,118,62,241,172,0
MV-99173,Women Card Holders Modern,BRG,Bordeaux,Leather Goods,Women,Small Leather Goods,Card Holders,MV,Maison Voss,200,20,J347,MV Flagship Tokyo,78985.5,29339.15,202,106360.45,64621.26,21950.72,168,88458.2,251,164,87,198,145,0
MV-47243,Men Boots Heritage,CRM,Creme,Footwear,Men,Heels,Boots,MV,Maison Voss,200,50,J347,MV Flagship Tokyo,195016.29,71457.4,241,242374.33,223571.6,68789.36,278,279585.32,780,483,297,955,911,0
MV-69829,Men Ballet Flats Slim,ECR,Ecru,Footwear,Men,Flats,Ballet Flats,MV,Maison Voss,200,30,J347,MV Flagship Tokyo,12011.43,3884.71,38,17076.95,10943.76,3361.76,33,14829.98,132,95,37,96,85,0
MV-16895,Women Leather Belts Slim,CRM,Cognac,Leather Goods,Women,Belts,Leather Belts,MV,Maison Voss,200,50,J347,MV Flagship Tokyo,12518.1,4731.25,16,15267.88,9329.23,2537.25,13,12405.15,23,14,9,17,12,0
MV-19869,Women Wool Scarves Slim,GRG,Greige,Accessories,Women,Scarves,Wool Scarves,MVS,MV Signature,200,20,J347,MV Flagship Tokyo,303559.96,80886.32,546,432026.69,303782.94,88146.38,558,441521.78,672,634,38,810,684,0
MV-12671,Men Ballet Flats Slim,ARG,Argent,Footwear,Men,Flats,Ballet Flats,MVS,MV Signature,200,20,J347,MV Flagship Tokyo,36061.68,9412.67,58,51307.67,36180.81,13266.03,54,47769.21,162,134,28,180,146,0
MV-56438,Men Boots Essential,ARG,Argent,Footwear,Men,Heels,Boots,MV,Maison Voss,200,50,J347,MV Flagship Tokyo,263192.34,67937.74,372,355696.53,248312.69,63079.14,393,375776.18,280,256,24,292,200,0
MV-48504,Women Slides Signature,BLU,Bleu Marine,Footwear,Women,Flats,Slides,MVS,MV Signature,200,50,J347,MV Flagship Tokyo,152049.08,46439.24,385,226949.98,159234.49,59488.32,415,244634.4,1390,1011,379,1659,1111,0
MV-13761,Women Evening Dresses Luxe,NOI,Noir,Ready-to-Wear,Women,Dresses,Evening Dresses,MVS,MV Signature,200,20,J347,MV Flagship Tokyo,179942.55,61265.09,286,219820.25,174370.77,61055.94,278,213671.43,885,779,106,787,718,0
MV-73532,Women Midi Dresses Modern,GRG,Greige,Ready-to-Wear,Women,Dresses,Midi Dresses,MVS,MV Signature,200,20,J347,MV Flagship Tokyo,10371.81,3433.6,35,13733.97,9652.66,2550.55,35,13733.97,44,30,14,41,39,0
MV-71057,Women Boots,CRM,Creme,Footwear,Women,Heels,Boots,MVS,MV Signature,200,20,J347,MV Flagship Tokyo,140236.31,44965.44,334,180944.95,163736.52,48798.51,390,211283.02,621,416,205,863,666,0
MV-25043,Men Loafers,NVY,Navy,Footwear,Men,Flats,Loafers,MVS,MV Signature,200,20,J347,MV Flagship Tokyo,95315.35,24586.96,284,118031.5,118362.33,43800.34,334,138811.69,1017,852,165,1247,1112,0
MV-89963,Women Cat Eye Luxe,ROG,Rouge,Accessories,Women,Sunglasses,Cat Eye,MV,Maison Voss,200,30,J347,MV Flagship Tokyo,109087.04,32970.13,175,148363.16,123380.97,30993.62,215,182274.74,614,607,7,836,790,0
MV-79822,Unisex Fedoras Slim,RSE,Rose Poudre,Accessories,Unisex,Hats,Fedoras,MV,Maison Voss,200,20,J347,MV Flagship Tokyo,24882.94,8824.55,79,34231.09,18202.56,5390.53,58,25131.68,245,241,4,159,107,0
MV-89507,Women Blazers Essential,ECR,Ecru,Ready-to-Wear,Women,Outerwear,Blazers,MV,Maison Voss,200,50,J347,MV Flagship Tokyo,34294.82,8703.46,59,45652.26,28426.42,7408.08,51,39462.13,86,70,16,75,50,0
MV-59308,Men Knitwear Essential,BRG,Bordeaux,Ready-to-Wear,Men,Tops,Knitwear,MVS,MV Signature,200,20,J347,MV Flagship Tokyo,14939.22,4619.13,25,19998.17,10527.59,3205.01,18,14398.68,99,82,17,77,48,0
MV-52487,Men Mini Bags Luxe,ANT,Anthracite,Leather Goods,Men,Handbags,Mini Bags,MV,Maison Voss,200,20,J347,MV Flagship Tokyo,108929.5,37299.74,138,137808.53,94425.93,31720.38,113,112843.21,425,347,78,306,261,0
MV-58434,Women Shoulder Bags Heritage,CHP,Champagne,Leather Goods,Women,Handbags,Shoulder Bags,MV,Maison Voss,200,20,J347,MV Flagship Tokyo,79752.45,25323.27,170,112441.41,82513.59,24525.09,164,108472.89,332,256,76,363,334,0
MV-16265,Women Chain Belts Signature,BLU,Bleu Marine,Leather Goods,Women,Belts,Chain Belts,MVS,MV Signature,200,30,J347,MV Flagship Tokyo,83297.54,29290.71,86,110747.26,69244.69,23481.76,71,91430.87,189,181,8,185,111,0
MV-86556,Women Evening Dresses Classic,CRM,Cognac,Ready-to-Wear,Women,Dresses,Evening Dresses,MV,Maison Voss,200,50,J347,MV Flagship Tokyo,52800.43,19093.0,125,67171.44,58937.59,16253.5,127,68246.19,325,272,53,360,349,0
MV-27139,Men Jackets Signature,SBL,Sable,Ready-to-Wear,Men,Outerwear,Jackets,MVS,MV Signature,200,50,J347,MV Flagship Tokyo,20978.34,7130.05,87,28139.38,14814.54,4668.77,68,21993.99,285,254,31,213,131,0
MV-14852,Men Loafers Slim,GRG,Greige,Footwear,Men,Flats,Loafers,MV,Maison Voss,200,20,J347,MV Flagship Tokyo,131381.51,37188.01,198,182514.73,112992.76,28849.62,183,168687.86,271,211,60,230,170,0
MV-36143,Unisex Weekender Heritage,ROG,Rouge,Leather Goods,Unisex,Luggage,Weekender,MVS,MV Signature,200,20,J347,MV Flagship Tokyo,454840.47,154704.75,448,601119.16,378918.04,133462.91,417,559523.86,457,284,173,393,297,0
MV-90301,Men High Top,ECR,Ecru,Footwear,Men,Sneakers,High Top,MVS,MV Signature,200,70,J347,MV Flagship Tokyo,13889.9,5212.25,34,20706.7,12541.21,3267.85,30,18270.62,74,55,19,78,70,0
MV-18163,Men Blazers Slim,ROG,Rouge,Ready-to-Wear,Men,Suits,Blazers,MV,Maison Voss,200,20,J347,MV Flagship Tokyo,20078.56,6302.28,93,28081.11,22143.93,6195.69,112,33818.11,288,199,89,338,260,0
MV-44099,Women Trousers Essential,CHP,Champagne,Ready-to-Wear,Women,Bottoms,Trousers,MVS,MV Signature,200,20,J347,MV Flagship Tokyo,15222.23,3970.93,29,19892.28,14474.93,3838.7,26,17834.45,86,84,2,86,57,0
MV-81364,Unisex Crossbody Bags Signature,NOI,Noir,Leather Goods,Unisex,Handbags,Crossbody Bags,MVS,MV Signature,200,30,J347,MV Flagship Tokyo,72061.78,22145.59,190,103974.54,76072.13,24202.58,192,105069.01,211,129,82,176,149,0
MV-93746,Women Blazers Essential,BLU,Bleu Marine,Ready-to-Wear,Women,Suits,Blazers,MV,Maison Voss,200,20,J347,MV Flagship Tokyo,74215.21,24103.09,252,92486.13,71099.59,19102.24,261,95789.2,979,801,178,817,529,0
MV-44959,Women Blazers Modern,NVY,Navy,Ready-to-Wear,Women,Outerwear,Blazers,MVS,MV Signature,200,20,J347,MV Flagship Tokyo,119865.43,31070.06,520,143939.38,156150.18,52186.24,646,178817.0,1784,1086,698,2331,1450,0
MV-54185,Men Trousers Heritage,TAN,Tan,Ready-to-Wear,Men,Bottoms,Trousers,MVS,MV Signature,200,20,J347,MV Flagship Tokyo,39865.91,12906.85,63,57940.05,27831.04,10168.3,47,43225.12,57,52,5,38,32,0
MV-80807,Men Ballet Flats Heritage,GRG,Greige,Footwear,Men,Flats,Ballet Flats,MV,Maison Voss,200,20,J347,MV Flagship Tokyo,309913.68,81095.37,581,392556.49,295316.46,92318.72,513,346611.84,838,765,73,828,663,0
MV-59672,Women Shoulder Bags Classic,NVY,Navy,Leather Goods,Women,Handbags,Shoulder Bags,MV,Maison Voss,200,20,J347,MV Flagship Tokyo,8928.1,2289.97,12,11387.19,7389.76,2148.1,9,8540.4,34,28,6,22,15,0
MV-90301,Men High Top,CAM,Camel,Footwear,Men,Sneakers,High Top,MVS,MV Signature,200,20,J347,MV Flagship Tokyo,92867.43,26595.59,179,129558.62,78541.9,22148.74,165,119425.54,161,112,49,158,152,0
MV-27139,Men Jackets Signature,BRG,Bordeaux,Ready-to-Wear,Men,Outerwear,Jackets,MVS,MV Signature,200,20,J347,MV Flagship Tokyo,2871.21,1078.67,11,3549.51,2747.63,916.79,12,3872.2,23,16,7,30,18,0
MV-20336,Men Blazers Heritage,CRM,Creme,Ready-to-Wear,Men,Suits,Blazers,MV,Maison Voss,200,20,J347,MV Flagship Tokyo,135965.01,40533.41,434,188696.87,138777.34,48824.15,461,200436.08,986,701,285,978,788,0
MV-65255,Women Evening Dresses Heritage,CAM,Camel,Ready-to-Wear,Women,Dresses,Evening Dresses,MV,Maison Voss,200,50,J347,MV Flagship Tokyo,63257.28,19753.54,146,82826.59,45836.23,16762.11,112,63538.21,235,200,35,160,129,0
MV-50213,Women Tops Slim,IVR,Ivoire,Ready-to-Wear,Women,Tops,Tops,MV,Maison Voss,200,20,J347,MV Flagship Tokyo,134974.45,49249.93,214,190436.74,126830.05,38003.56,202,179758.05,698,571,127,589,502,0
MV-97684,Unisex Bracelets Luxe,CRM,Creme,Accessories,Unisex,Jewelry,Bracelets,MV,Maison Voss,200,70,J347,MV Flagship Tokyo,74871.95,21912.88,345,99112.22,77054.06,26752.78,376,108017.95,473,297,176,574,523,0
MV-67905,Women High Top Luxe,BEG,Beige,Footwear,Women,Sneakers,High Top,MV,Maison Voss,200,20,J347,MV Flagship Tokyo,15405.77,4218.24,31,20659.13,12572.49,4340.22,25,16660.59,25,20,5,20,14,0
MV-46655,Women Cat Eye Heritage,VRT,Vert,Accessories,Women,Sunglasses,Cat Eye,MV,Maison Voss,200,20,J347,MV Flagship Tokyo,1737.69,527.69,7,2342.46,1437.32,471.59,6,2007.82,13,7,6,13,8,0
MV-12260,Men Knee High Modern,TRP,Taupe,Footwear,Men,Boots,Knee High,MVS,MV Signature,200,70,J347,MV Flagship Tokyo,209834.19,68161.0,409,257605.62,253491.47,89736.47,453,285318.7,1038,861,177,1255,1148,0
MV-73242,Men Chain Belts Luxe,IVR,Ivoire,Leather Goods,Men,Belts,Chain Belts,MV,Maison Voss,200,20,J347,MV Flagship Tokyo,42713.4,10754.3,73,59473.21,35822.57,12571.04,58,47252.69,264,247,17,189,187,0
MV-54185,Men Trousers Heritage,CAM,Camel,Ready-to-Wear,Men,Bottoms,Trousers,MVS,MV Signature,200,20,J347,MV Flagship Tokyo,11852.67,4413.22,26,16232.9,15394.36,5449.91,32,19978.96,35,21,14,38,35,0
MV-77538,Men Check-In Signature,CHP,Champagne,Leather Goods,Men,Luggage,Check-In,MV,Maison Voss,200,20,J347,MV Flagship Tokyo,93483.3,27335.29,122,124543.86,103608.34,34652.07,137,139856.64,373,227,146,397,396,0
MV-79924,Unisex Blazers Modern,ANT,Anthracite,Ready-to-Wear,Unisex,Outerwear,Blazers,MV,Maison Voss,200,20,J347,MV Flagship Tokyo,96854.39,24226.88,176,137487.19,102360.62,35818.19,194,151548.38,625,537,88,690,517,0
MV-39102,Men Day Dresses Luxe,CHP,Champagne,Ready-to-Wear,Men,Dresses,Day Dresses,MV,Maison Voss,200,20,J347,MV Flagship Tokyo,3868.19,1150.29,6,5386.01,2970.22,763.14,5,4488.34,20,12,8,20,15,0
MV-56955,Women Ballet Flats Relaxed,IVR,Ivoire,Footwear,Women,Flats,Ballet Flats,MVS,MV Signature,200,20,J347,MV Flagship Tokyo,39696.38,14019.97,62,54687.67,33486.15,9896.33,54,47631.19,79,63,16,67,59,0
MV-58434,Women Shoulder Bags Heritage,CHP,Champagne,Leather Goods,Women,Handbags,Shoulder Bags,MV,Maison Voss,200,30,J347,MV Flagship Tokyo,6186.63,1867.72,6,7941.27,4981.02,1542.5,5,6617.72,19,16,3,17,16,0
MV-80236,Women Coats Slim,VRT,Vert,Ready-to-Wear,Women,Outerwear,Coats,MVS,MV Signature,200,20,J347,MV Flagship Tokyo,74607.37,21816.72,105,105836.92,97300.8,35010.62,132,133052.13,310,206,104,338,301,0
MV-59672,Women Shoulder Bags Classic,SBL,Sable,Leather Goods,Women,Handbags,Shoulder Bags,MV,Maison Voss,200,50,J347,MV Flagship Tokyo,403954.97,119560.63,436,553344.45,302702.61,110613.09,329,417546.62,325,203,122,237,207,0
MV-92345,Women Leather Belts Modern,CHP,Champagne,Leather Goods,Women,Belts,Leather Belts,MVS,MV Signature,200,50,J347,MV Flagship Tokyo,505865.6,152523.48,785,685707.12,544659.48,171675.02,760,663869.32,697,511,186,651,617,0
MV-60432,Women Suit Sets Essential,CAM,Camel,Ready-to-Wear,Women,Suits,Suit Sets,MVS,MV Signature,200,20,J347,MV Flagship Tokyo,42686.08,10994.12,196,60158.34,49011.45,17929.53,233,71514.76,439,384,55,609,493,0
MV-68929,Women Crossbody Bags Relaxed,BEG,Beige,Leather Goods,Women,Handbags,Crossbody Bags,MV,Maison Voss,200,20,J347,MV Flagship Tokyo,37033.04,12898.06,34,48723.44,35318.07,10227.39,35,50156.49,73,44,29,62,38,0
MV-78494,Men Suit Sets Essential,BEG,Beige,Ready-to-Wear,Men,Suits,Suit Sets,MVS,MV Signature,200,30,J347,MV Flagship Tokyo,119619.47,37526.94,457,146833.45,136389.61,39342.72,500,160649.29,629,428,201,795,721,0
MV-80143,Men Knitwear Classic,BLU,Bleu Marine,Ready-to-Wear,Men,Tops,Knitwear,MVS,MV Signature,200,20,J347,MV Flagship Tokyo,47591.72,12509.0,140,65737.79,39670.2,13223.39,121,56816.24,192,186,6,136,100,0
MV-78937,Men Carry-On Luxe,NOI,Noir,Leather Goods,Men,Luggage,Carry-On,MVS,MV Signature,200,20,J347,MV Flagship Tokyo,15989.35,5777.33,32,23263.89,15858.09,5376.76,30,21809.9,23,21,2,19,15,0
MV-62034,Women Necklaces Luxe,NVY,Navy,Accessories,Women,Jewelry,Necklaces,MVS,MV Signature,200,30,J347,MV Flagship Tokyo,306095.13,106202.46,493,402645.04,209756.24,54377.51,353,288303.65,404,332,72,280,182,0
MV-70258,Men Platform Slim,ARG,Argent,Footwear,Men,Sneakers,Platform,MV,Maison Voss,200,50,J347,MV Flagship Tokyo,128576.44,42584.42,274,156544.68,116867.16,33981.99,240,137119.43,362,254,108,313,235,0
MV-46655,Women Cat Eye Heritage,IVR,Ivoire,Accessories,Women,Sunglasses,Cat Eye,MV,Maison Voss,200,20,J347,MV Flagship Tokyo,71188.25,20613.04,254,102224.95,55759.99,15279.63,192,77272.41,486,301,185,336,220,0
MV-30253,Men Weekender Essential,BRG,Bordeaux,Leather Goods,Men,Luggage,Weekender,MVS,MV Signature,200,20,J347,MV Flagship Tokyo,94667.68,29084.4,239,125793.14,104660.77,30962.24,250,131582.78,641,523,118,653,495,0
MV-25974,Women Chain Belts,ROG,Rouge,Leather Goods,Women,Belts,Chain Belts,MV,Maison Voss,200,70,J347,MV Flagship Tokyo,45110.88,13876.13,43,64117.5,54966.9,15135.4,48,71573.02,52,47,5,51,34,0
MV-40007,Women Tote Bags Modern,ECR,Ecru,Leather Goods,Women,Handbags,Tote Bags,MV,Maison Voss,200,20,J347,MV Flagship Tokyo,40653.24,15232.91,45,53539.95,50942.51,15609.98,56,66627.49,60,54,6,84,52,0
MV-79615,Women Midi Dresses Slim,RSE,Rose Poudre,Ready-to-Wear,Women,Dresses,Midi Dresses,MV,Maison Voss,200,30,J347,MV Flagship Tokyo,49565.1,13505.09,225,64107.99,55062.87,15886.31,272,77499.43,538,413,125,688,646,0
MV-94058,Women Chain Belts,CRM,Cognac,Leather Goods,Women,Belts,Chain Belts,MVS,MV Signature,200,50,J347,MV Flagship Tokyo,44910.68,15240.57,48,63970.59,38270.16,11975.49,43,57306.99,106,100,6,88,64,0
MV-92345,Women Leather Belts Modern,BLU,Bleu Marine,Leather Goods,Women,Belts,Leather Belts,MVS,MV Signature,200,20,J347,MV Flagship Tokyo,78002.64,21393.92,111,95267.85,82680.76,30188.39,129,110716.68,302,265,37,377,277,0
MV-77033,Women Weekender Modern,RSE,Rose Poudre,Leather Goods,Women,Luggage,Weekender,MVS,MV Signature,200,20,J347,MV Flagship Tokyo,231340.18,72537.77,295,290553.16,204652.32,54378.66,261,257065.68,831,734,97,639,570,0
MV-67104,Men Sandals Essential,VRT,Vert,Footwear,Men,Heels,Sandals,MV,Maison Voss,200,50,J347,MV Flagship Tokyo,198612.41,56030.9,296,242872.15,194490.7,60942.91,268,219897.76,1038,816,222,819,765,0
MV-99181,Women Blazers Modern,BRG,Bordeaux,Ready-to-Wear,Women,Outerwear,Blazers,MVS,MV Signature,200,30,J347,MV Flagship Tokyo,55055.11,14083.0,117,73432.47,53368.14,19897.92,110,69039.08,292,235,57,245,159,0
MV-57942,Women Chelsea Boots Modern,VRT,Vert,Footwear,Women,Boots,Chelsea Boots,MVS,MV Signature,200,20,J347,MV Flagship Tokyo,141088.21,47159.94,304,186184.53,124137.51,46185.03,257,157399.42,558,469,89,523,418,0
MV-45986,Women Chain Belts Classic,NOI,Noir,Leather Goods,Women,Belts,Chain Belts,MV,Maison Voss,200,20,J347,MV Flagship Tokyo,270802.24,99623.81,353,376138.04,331133.64,94417.91,415,442201.95,770,709,61,852,558,0
MV-13761,Women Evening Dresses Luxe,CHP,Champagne,Ready-to-Wear,Women,Dresses,Evening Dresses,MVS,MV Signature,200,20,J347,MV Flagship Tokyo,132406.25,39246.0,206,160842.64,117042.5,31082.85,173,135076.58,651,532,119,619,558,0
MV-69459,Women Rings Signature,ROG,Rouge,Accessories,Women,Jewelry,Rings,MV,Maison Voss,200,20,J347,MV Flagship Tokyo,13959.52,5181.46,50,18914.84,11425.14,4203.57,45,17023.36,190,184,6,154,126,0
MV-76263,Women High Top Essential,TAN,Tan,Footwear,Women,Sneakers,High Top,MV,Maison Voss,200,50,J347,MV Flagship Tokyo,38101.69,13495.78,62,52872.06,34310.64,10599.01,57,48608.18,66,65,1,70,69,0
MV-20350,Women Card Holders Essential,CRM,Creme,Leather Goods,Women,Small Leather Goods,Card Holders,MVS,MV Signature,200,50,J347,MV Flagship Tokyo,48060.82,16793.32,73,65086.51,52031.94,14485.58,76,67761.3,254,250,4,230,220,0
MV-56346,Women Clutches Essential,NOI,Noir,Leather Goods,Women,Handbags,Clutches,MV,Maison Voss,200,70,J347,MV Flagship Tokyo,20068.67,7190.16,24,26570.79,20153.75,5823.47,24,26570.79,71,63,8,82,57,0
MV-96341,Women Card Holders Signature,GRG,Greige,Leather Goods,Women,Small Leather Goods,Card Holders,MVS,MV Signature,200,20,J347,MV Flagship Tokyo,45334.98,12815.56,61,62974.42,40494.8,11506.72,58,59877.32,161,145,16,144,118,0
MV-51704,Women Fedoras Luxe,GRG,Greige,Accessories,Women,Hats,Fedoras,MV,Maison Voss,200,30,J347,MV Flagship Tokyo,10508.84,3445.64,45,13362.52,13901.95,4094.05,53,15738.08,108,77,31,114,100,0
MV-33647,Men Coats Heritage,SBL,Sable,Ready-to-Wear,Men,Outerwear,Coats,MVS,MV Signature,200,20,J347,MV Flagship Tokyo,33434.27,12267.79,117,40360.52,28471.58,9929.22,109,37600.83,302,183,119,227,193,0
MV-94058,Women Chain Belts,BEG,Beige,Leather Goods,Women,Belts,Chain Belts,MVS,MV Signature,200,50,J347,MV Flagship Tokyo,179873.32,53141.57,463,221266.88,203374.65,62449.99,486,232258.54,1377,1216,161,1313,1013,0
MV-65851,Women Midi Dresses Slim,BRG,Bordeaux,Ready-to-Wear,Women,Dresses,Midi Dresses,MV,Maison Voss,200,70,J347,MV Flagship Tokyo,12733.39,3968.1,21,16756.23,15918.19,5615.13,24,19149.98,13,11,2,17,10,0
