plm_style_code,style_description,color_code,colorway_short_description,gmh_sector_text,gmh_gender_text,gmh_category_text,gmh_sub_category_text,gmh_sub_brand_code,gmh_sub_brand_text,company_code,distribution_channel_code,site_number,site_text,netslsamt_cy,netslscstmerch_cy,netslsqty_cy,netmsrpamt_cy,netslsamt_ly,netslscstmerch_ly,netslsqty_ly,netmsrpamt_ly,eohttlqty_cy,eohstrqty_cy,intranqty_cy,eohttlqty_ly,eohstrqty_ly,intranqty_ly
MV-43586,Women Jeans Signature,ARG,Argent,Ready-to-Wear,Women,Bottoms,Jeans,MV,Maison Voss,200,20,J347,MV Flagship Tokyo,29083.15,10801.79,61,40644.76,32460.84,9342.85,70,46641.53,162,153,9,217,131,0
MV-56438,Men Boots Essential,ROG,Rouge,Footwear,Men,Heels,Boots,MV,Maison Voss,200,20,J347,MV Flagship Tokyo,7820.97,2029.31,11,10390.19,5402.33,1629.79,8,7556.5,32,26,6,23,19,0
MV-76249,Men Clutches Luxe,CRM,Cognac,Leather Goods,Men,Handbags,Clutches,MV,Maison Voss,200,50,J347,MV Flagship Tokyo,108332.67,32942.63,120,139396.3,113769.74,32929.68,145,168437.19,219,154,65,278,172,0
MV-23434,Women Card Holders,NOI,Noir,Leather Goods,Women,Small Leather Goods,Card Holders,MV,Maison Voss,200,50,J347,MV Flagship Tokyo,54762.42,18355.49,55,69184.6,44070.12,12269.49,46,57863.48,129,84,45,121,119,0
MV-76263,Women High Top Essential,BEG,Beige,Footwear,Women,Sneakers,High Top,MV,Maison Voss,200,20,J347,MV Flagship Tokyo,4444.94,1112.99,10,5792.79,3896.64,988.07,10,5792.79,8,4,4,8,5,0
MV-86484,Men Blazers Essential,ROG,Rouge,Ready-to-Wear,Men,Suits,Blazers,MV,Maison Voss,200,20,J347,MV Flagship Tokyo,102269.05,33657.57,192,133329.65,89951.36,23507.97,162,112496.89,477,306,171,370,303,0
MV-62034,Women Necklaces Luxe,CHP,Champagne,Accessories,Women,Jewelry,Necklaces,MVS,MV Signature,200,20,J347,MV Flagship Tokyo,24402.2,9015.99,42,33057.41,23095.94,7266.49,38,29909.08,112,80,32,114,83,0
MV-22833,Women Midi Dresses Classic,ECR,Ecru,Ready-to-Wear,Women,Dresses,Midi Dresses,MVS,MV Signature,200,20,J347,MV Flagship Tokyo,1193.76,344.79,4,1631.85,594.66,211.69,2,815.92,4,3,1,2,1,0
MV-48177,Women Card Holders Essential,CRM,Cognac,Leather Goods,Women,Small Leather Goods,Card Holders,MV,Maison Voss,200,20,J347,MV Flagship Tokyo,25178.15,8888.9,57,34881.91,34249.34,10149.31,73,44673.33,72,58,14,90,75,0
MV-54942,Men Square Frames Relaxed,CRM,Cognac,Accessories,Men,Sunglasses,Square Frames,MV,Maison Voss,200,20,J347,MV Flagship Tokyo,5182.53,1847.13,17,7430.03,4990.85,1766.38,16,6992.97,56,46,10,51,44,0
MV-84341,Men Sandals Signature,CRM,Cognac,Footwear,Men,Heels,Sandals,MV,Maison Voss,200,50,J347,MV Flagship Tokyo,76483.48,27141.06,95,97753.98,56012.44,14475.56,68,69971.27,72,46,26,48,39,0
MV-54942,Men Square Frames Relaxed,RSE,Rose Poudre,Accessories,Men,Sunglasses,Square Frames,MV,Maison Voss,200,50,J347,MV Flagship Tokyo,42341.93,12577.97,99,52345.0,39322.55,12810.24,102,53931.22,328,323,5,382,336,0
MV-44959,Women Blazers Modern,ANT,Anthracite,Ready-to-Wear,Women,Outerwear,Blazers,MVS,MV Signature,200,20,J347,MV Flagship Tokyo,53732.86,18813.08,226,72395.55,72663.18,23024.9,286,91615.61,685,458,227,732,488,0
MV-12671,Men Ballet Flats Slim,CRM,Cognac,Footwear,Men,Flats,Ballet Flats,MVS,MV Signature,200,20,J347,MV Flagship Tokyo,18911.77,7087.21,40,26078.21,22827.08,6467.36,46,29989.95,115,92,23,131,121,0
MV-33509,Unisex Fedoras Signature,RSE,Rose Poudre,Accessories,Unisex,Hats,Fedoras,MVS,MV Signature,200,20,J347,MV Flagship Tokyo,10611.38,3274.67,35,14265.32,12826.62,3638.21,42,17118.39,128,117,11,182,174,0
MV-44718,Women Day Dresses Slim,ARG,Argent,Ready-to-Wear,Women,Dresses,Day Dresses,MVS,MV Signature,200,20,J347,MV Flagship Tokyo,45577.52,13346.21,82,56737.17,33031.18,12431.78,60,41515.0,134,88,46,116,87,0
MV-11214,Men Coats Heritage,CAM,Camel,Ready-to-Wear,Men,Outerwear,Coats,MVS,MV Signature,200,20,J347,MV Flagship Tokyo,2369.34,804.5,8,3275.85,2285.98,648.26,8,3275.85,11,9,2,10,8,0
MV-21542,Women Clutches Signature,CRM,Cognac,Leather Goods,Women,Handbags,Clutches,MVS,MV Signature,200,70,J347,MV Flagship Tokyo,52207.19,19146.05,46,67761.96,48612.3,15502.21,46,67761.96,73,46,27,87,83,0
MV-80807,Men Ballet Flats Heritage,NOI,Noir,Footwear,Men,Flats,Ballet Flats,MV,Maison Voss,200,70,J347,MV Flagship Tokyo,32767.58,9062.31,46,43932.2,32804.03,11401.99,49,46797.35,139,109,30,120,101,0
MV-69692,Women Suit Sets Essential,ARG,Argent,Ready-to-Wear,Women,Suits,Suit Sets,MVS,MV Signature,200,50,J347,MV Flagship Tokyo,1985.41,526.08,5,2298.15,1563.73,506.46,4,1838.52,19,17,2,20,12,0
MV-20328,Men Clutches,ARG,Argent,Leather Goods,Men,Handbags,Clutches,MVS,MV Signature,200,50,J347,MV Flagship Tokyo,20776.15,7674.58,31,27125.66,19148.25,5953.66,29,25375.62,99,60,39,102,73,0
MV-15958,Men Pumps Heritage,CRM,Creme,Footwear,Men,Heels,Pumps,MVS,MV Signature,200,50,J347,MV Flagship Tokyo,38889.2,12380.41,112,53231.17,31870.46,11962.5,90,42775.05,301,298,3,221,165,0
MV-15513,Unisex Shorts Heritage,TAN,Tan,Ready-to-Wear,Unisex,Bottoms,Shorts,MVS,MV Signature,200,30,J347,MV Flagship Tokyo,49608.64,16000.21,113,65492.02,38841.44,12152.86,99,57377.96,262,169,93,206,180,0
MV-30257,Women Weekender Relaxed,NVY,Navy,Leather Goods,Women,Luggage,Weekender,MV,Maison Voss,200,70,J347,MV Flagship Tokyo,6517.99,2365.8,6,7691.28,5083.65,1684.67,5,6409.4,16,15,1,15,14,0
MV-18799,Women Jeans Modern,BRG,Bordeaux,Ready-to-Wear,Women,Bottoms,Jeans,MV,Maison Voss,200,20,J347,MV Flagship Tokyo,2021.1,573.53,5,2505.22,2030.39,750.96,5,2505.22,10,6,4,12,8,0
MV-65444,Women Berets,GRG,Greige,Accessories,Women,Hats,Berets,MVS,MV Signature,200,20,J347,MV Flagship Tokyo,9031.33,2551.03,17,11356.4,11518.08,3974.86,20,13360.48,42,29,13,55,44,0
MV-15958,Men Pumps Heritage,IVR,Ivoire,Footwear,Men,Heels,Pumps,MVS,MV Signature,200,20,J347,MV Flagship Tokyo,67279.99,25013.58,121,86424.76,60914.32,19232.86,120,85710.51,314,202,112,255,193,0
MV-96761,Men Jackets Essential,NVY,Navy,Ready-to-Wear,Men,Outerwear,Jackets,MVS,MV Signature,200,50,J347,MV Flagship Tokyo,2917.62,809.32,8,4070.24,3270.36,1129.31,8,4070.24,17,12,5,15,13,0
MV-59308,Men Knitwear Essential,VRT,Vert,Ready-to-Wear,Men,Tops,Knitwear,MVS,MV Signature,200,50,J347,MV Flagship Tokyo,27766.09,10293.52,74,36355.57,36296.09,9654.07,91,44707.53,73,62,11,100,71,0
MV-12665,Women Suit Trousers Essential,NOI,Noir,Ready-to-Wear,Women,Suits,Suit Trousers,MV,Maison Voss,200,20,J347,MV Flagship Tokyo,2318.32,694.21,6,2978.2,2550.22,951.68,7,3474.57,17,10,7,18,16,0
MV-22097,Men Leather Belts Essential,NVY,Navy,Leather Goods,Men,Belts,Leather Belts,MV,Maison Voss,200,20,J347,MV Flagship Tokyo,52800.55,14406.94,57,72314.68,55518.8,18101.79,58,73583.36,81,60,21,76,53,0
MV-99224,Men Day Dresses Relaxed,TAN,Tan,Ready-to-Wear,Men,Dresses,Day Dresses,MVS,MV Signature,200,20,J347,MV Flagship Tokyo,14002.35,5063.29,25,16520.44,13834.73,4474.31,24,15859.63,15,9,6,17,12,0
MV-92203,Men Clutches,CHP,Champagne,Leather Goods,Men,Handbags,Clutches,MV,Maison Voss,200,30,J347,MV Flagship Tokyo,43792.11,11178.48,91,55802.9,36455.61,10720.5,76,46604.62,322,290,32,241,213,0
MV-90209,Men Suit Sets Modern,CRM,Cognac,Ready-to-Wear,Men,Suits,Suit Sets,MV,Maison Voss,200,20,J347,MV Flagship Tokyo,10442.51,2858.57,15,12503.64,7202.64,2590.17,11,9169.33,35,23,12,28,23,0
MV-41029,Women Ballet Flats Luxe,ARG,Argent,Footwear,Women,Flats,Ballet Flats,MV,Maison Voss,200,50,J347,MV Flagship Tokyo,35800.85,12791.81,59,42932.32,23159.24,7394.88,42,30561.99,93,56,37,67,61,0
MV-98188,Women Knee High Heritage,ARG,Argent,Footwear,Women,Boots,Knee High,MV,Maison Voss,200,20,J347,MV Flagship Tokyo,9280.85,2835.44,15,13345.97,7803.49,2233.98,12,10676.77,30,21,9,28,20,0
MV-51441,Women Jackets Modern,BLU,Bleu Marine,Ready-to-Wear,Women,Outerwear,Jackets,MVS,MV Signature,200,20,J347,MV Flagship Tokyo,33394.4,11243.7,73,40312.5,28741.95,10476.04,58,32029.11,66,42,24,45,38,0
MV-69446,Unisex Evening Dresses Modern,ECR,Ecru,Ready-to-Wear,Unisex,Dresses,Evening Dresses,MV,Maison Voss,200,20,J347,MV Flagship Tokyo,55266.14,16482.5,121,75469.57,69418.86,23494.41,142,88567.59,91,84,7,93,73,0
MV-32527,Women Mules Luxe,GRG,Greige,Footwear,Women,Heels,Mules,MV,Maison Voss,200,70,J347,MV Flagship Tokyo,3605.4,1006.75,7,4927.98,4401.57,1107.49,8,5631.98,22,19,3,22,17,0
MV-49363,Unisex Cashmere Scarves,CRM,Cognac,Accessories,Unisex,Scarves,Cashmere Scarves,MVS,MV Signature,200,20,J347,MV Flagship Tokyo,21819.56,6752.05,118,28619.29,25642.83,8664.67,144,34925.24,262,180,82,276,196,0
MV-79822,Unisex Fedoras Slim,CHP,Champagne,Accessories,Unisex,Hats,Fedoras,MV,Maison Voss,200,50,J347,MV Flagship Tokyo,15707.58,4813.31,52,19473.53,12845.52,4358.08,47,17601.08,159,148,11,159,135,0
MV-67905,Women High Top Luxe,RSE,Rose Poudre,Footwear,Women,Sneakers,High Top,MV,Maison Voss,200,20,J347,MV Flagship Tokyo,1954.68,719.76,7,2671.09,1828.52,541.65,7,2671.09,23,18,5,27,21,0
MV-60181,Women Jackets Classic,IVR,Ivoire,Ready-to-Wear,Women,Outerwear,Jackets,MVS,MV Signature,200,70,J347,MV Flagship Tokyo,16645.44,5032.92,32,23050.67,16637.09,5783.72,33,23771.0,78,47,31,78,53,0
MV-54185,Men Trousers Heritage,NOI,Noir,Ready-to-Wear,Men,Bottoms,Trousers,MVS,MV Signature,200,70,J347,MV Flagship Tokyo,6218.78,1873.68,10,8469.86,4042.54,1191.47,7,5928.9,30,22,8,26,21,0
MV-65851,Women Midi Dresses Slim,GRG,Greige,Ready-to-Wear,Women,Dresses,Midi Dresses,MV,Maison Voss,200,70,J347,MV Flagship Tokyo,17771.03,6709.52,70,23959.94,24620.42,8131.57,90,30805.64,101,93,8,114,105,0
MV-92478,Women Blazers Classic,CHP,Champagne,Ready-to-Wear,Women,Outerwear,Blazers,MV,Maison Voss,200,20,J347,MV Flagship Tokyo,25927.25,8152.64,83,36524.9,20087.91,5991.7,70,30804.14,329,293,36,310,268,0
MV-60181,Women Jackets Classic,ARG,Argent,Ready-to-Wear,Women,Outerwear,Jackets,MVS,MV Signature,200,50,J347,MV Flagship Tokyo,2705.21,697.08,6,3751.56,2342.64,765.19,5,3126.3,18,13,5,18,14,0
MV-30730,Men High Top Luxe,ARG,Argent,Footwear,Men,Sneakers,High Top,MV,Maison Voss,200,50,J347,MV Flagship Tokyo,25578.74,7881.05,41,30815.45,28482.91,7602.23,51,38331.42,155,133,22,207,175,0
MV-60432,Women Suit Sets Essential,ARG,Argent,Ready-to-Wear,Women,Suits,Suit Sets,MVS,MV Signature,200,20,J347,MV Flagship Tokyo,33705.31,10970.87,98,45161.38,27052.88,7920.8,79,36405.6,208,133,75,198,133,0
MV-74866,Women Wool Scarves Luxe,TRP,Taupe,Accessories,Women,Scarves,Wool Scarves,MV,Maison Voss,200,30,J347,MV Flagship Tokyo,37077.44,10870.85,161,45296.13,31081.32,10855.28,147,41357.34,546,371,175,503,382,0
MV-98501,Women Blouses Relaxed,TAN,Tan,Ready-to-Wear,Women,Tops,Blouses,MVS,MV Signature,200,50,J347,MV Flagship Tokyo,8839.86,2373.25,42,11778.43,8395.43,2921.99,43,12058.87,42,40,2,46,39,0
MV-26551,Women Mules Luxe,NOI,Noir,Footwear,Women,Heels,Mules,MV,Maison Voss,200,20,J347,MV Flagship Tokyo,82935.02,21475.86,176,102983.54,74992.83,23164.89,152,88940.33,623,514,109,452,297,0
MV-94675,Women Trousers Essential,BRG,Bordeaux,Ready-to-Wear,Women,Bottoms,Trousers,MVS,MV Signature,200,50,J347,MV Flagship Tokyo,11630.83,3507.63,44,16210.43,10625.13,3223.96,42,15473.59,78,63,15,85,60,0
MV-82199,Men Shorts Classic,ECR,Ecru,Ready-to-Wear,Men,Bottoms,Shorts,MVS,MV Signature,200,20,J347,MV Flagship Tokyo,20033.99,7025.96,29,27604.5,13481.15,3488.66,20,19037.59,30,23,7,20,14,0
MV-26683,Women Blazers Relaxed,CHP,Champagne,Ready-to-Wear,Women,Outerwear,Blazers,MV,Maison Voss,200,30,J347,MV Flagship Tokyo,34592.88,11364.87,110,48320.32,43812.5,11672.51,125,54909.45,295,261,34,362,354,0
MV-96760,Women Blouses Signature,GRG,Greige,Ready-to-Wear,Women,Tops,Blouses,MV,Maison Voss,200,50,J347,MV Flagship Tokyo,27187.61,7109.12,39,36262.42,34328.24,9640.72,50,46490.28,74,54,20,102,70,0
MV-49139,Men Wool Scarves Essential,RSE,Rose Poudre,Accessories,Men,Scarves,Wool Scarves,MV,Maison Voss,200,20,J347,MV Flagship Tokyo,9421.94,2478.49,37,10962.96,9752.92,3486.14,39,11555.55,131,85,46,133,97,0
MV-26683,Women Blazers Relaxed,NOI,Noir,Ready-to-Wear,Women,Outerwear,Blazers,MV,Maison Voss,200,70,J347,MV Flagship Tokyo,9673.65,2717.66,39,12115.49,11002.84,4136.99,43,13358.1,137,107,30,152,146,0
MV-36143,Unisex Weekender Heritage,IVR,Ivoire,Leather Goods,Unisex,Luggage,Weekender,MVS,MV Signature,200,70,J347,MV Flagship Tokyo,54514.05,14317.73,110,76986.63,62401.61,21597.8,120,83985.42,291,182,109,361,353,0
MV-30866,Women Loafers Modern,IVR,Ivoire,Footwear,Women,Flats,Loafers,MVS,MV Signature,200,20,J347,MV Flagship Tokyo,77017.97,22033.4,104,104237.01,54643.85,15026.36,77,77175.48,285,200,85,251,163,0
MV-31798,Women Shoulder Bags Essential,NVY,Navy,Leather Goods,Women,Handbags,Shoulder Bags,MV,Maison Voss,200,20,J347,MV Flagship Tokyo,25303.44,6630.31,30,30707.01,22992.58,6023.75,26,26612.74,60,36,24,43,27,0
MV-25043,Men Loafers,ECR,Ecru,Footwear,Men,Flats,Loafers,MVS,MV Signature,200,20,J347,MV Flagship Tokyo,7915.48,2237.52,23,9757.53,5938.59,1493.0,19,8060.57,80,78,2,70,53,0
MV-26505,Men Leather Belts Relaxed,VRT,Vert,Leather Goods,Men,Belts,Leather Belts,MV,Maison Voss,200,50,J347,MV Flagship Tokyo,13151.13,4780.17,39,15965.19,10620.37,2696.23,31,12690.28,45,31,14,34,27,0
MV-82512,Women Shorts Heritage,GRG,Greige,Ready-to-Wear,Women,Bottoms,Shorts,MV,Maison Voss,200,20,J347,MV Flagship Tokyo,32394.65,11585.77,49,48079.75,46150.01,16087.45,61,59854.38,84,51,33,122,114,0
MV-33647,Men Coats Heritage,TAN,Tan,Ready-to-Wear,Men,Outerwear,Coats,MVS,MV Signature,200,20,J347,MV Flagship Tokyo,5592.27,1450.49,15,7992.86,5900.63,1516.3,14,7460.0,58,52,6,57,53,0
MV-22833,Women Midi Dresses Classic,RSE,Rose Poudre,Ready-to-Wear,Women,Dresses,Midi Dresses,MVS,MV Signature,200,20,J347,MV Flagship Tokyo,33293.54,9450.3,92,43868.45,32010.95,9672.64,88,41961.12,134,122,12,139,113,0
MV-16895,Women Leather Belts Slim,ECR,Ecru,Leather Goods,Women,Belts,Leather Belts,MV,Maison Voss,200,70,J347,MV Flagship Tokyo,20335.67,7596.61,39,29643.95,14065.42,3641.77,28,21282.83,58,54,4,33,32,0
MV-38683,Men Tops Slim,NOI,Noir,Ready-to-Wear,Men,Tops,Tops,MVS,MV Signature,200,50,J347,MV Flagship Tokyo,15941.84,4879.93,23,20461.22,11122.63,3570.33,18,16013.13,60,52,8,40,28,0
MV-86484,Men Blazers Essential,CHP,Champagne,Ready-to-Wear,Men,Suits,Blazers,MV,Maison Voss,200,20,J347,MV Flagship Tokyo,3533.4,1017.09,6,4777.34,2888.22,1058.45,5,3981.11,11,10,1,8,4,0
MV-15513,Unisex Shorts Heritage,ROG,Rouge,Ready-to-Wear,Unisex,Bottoms,Shorts,MVS,MV Signature,200,70,J347,MV Flagship Tokyo,5937.76,2020.39,16,7268.96,6477.71,1927.49,17,7723.27,16,11,5,15,13,0
MV-49576,Women Jackets Classic,CRM,Cognac,Ready-to-Wear,Women,Outerwear,Jackets,MV,Maison Voss,200,20,J347,MV Flagship Tokyo,53061.99,14500.19,174,69913.83,63646.64,20816.73,210,84378.76,614,479,135,784,532,0
MV-99353,Women Tote Bags,NOI,Noir,Leather Goods,Women,Handbags,Tote Bags,MV,Maison Voss,200,20,J347,MV Flagship Tokyo,22866.87,6681.18,21,31610.95,16460.3,5913.59,17,25589.82,67,64,3,47,45,0
MV-20682,Men Loafers Slim,BLU,Bleu Marine,Footwear,Men,Flats,Loafers,MVS,MV Signature,200,50,J347,MV Flagship Tokyo,7142.71,2043.06,10,9778.1,5721.98,1520.25,8,7822.48,20,17,3,17,16,0
MV-79329,Men Suit Trousers Classic,ANT,Anthracite,Ready-to-Wear,Men,Suits,Suit Trousers,MVS,MV Signature,200,20,J347,MV Flagship Tokyo,21769.18,6474.5,36,30596.87,23246.28,8313.77,38,32296.7,35,25,10,40,36,0
MV-79942,Men Blazers Essential,ROG,Rouge,Ready-to-Wear,Men,Outerwear,Blazers,MVS,MV Signature,200,70,J347,MV Flagship Tokyo,9875.14,3370.36,21,12703.71,10531.21,3623.32,23,13913.59,10,8,2,11,7,0
MV-78146,Men Day Dresses,NOI,Noir,Ready-to-Wear,Men,Dresses,Day Dresses,MV,Maison Voss,200,20,J347,MV Flagship Tokyo,497.46,161.38,2,636.47,220.96,68.41,1,318.23,4,3,1,3,2,0
MV-64377,Women Trousers Essential,ANT,Anthracite,Ready-to-Wear,Women,Bottoms,Trousers,MVS,MV Signature,200,50,J347,MV Flagship Tokyo,10397.22,3569.13,22,15290.5,10119.27,3378.21,20,13900.46,54,43,11,43,35,0
MV-52487,Men Mini Bags Luxe,RSE,Rose Poudre,Leather Goods,Men,Handbags,Mini Bags,MV,Maison Voss,200,50,J347,MV Flagship Tokyo,49269.93,17279.17,46,61528.05,40653.57,11318.41,41,54840.22,34,28,6,28,20,0
MV-32527,Women Mules Luxe,ECR,Ecru,Footwear,Women,Heels,Mules,MV,Maison Voss,200,50,J347,MV Flagship Tokyo,21855.58,7281.89,47,27269.46,23609.06,6428.43,46,26689.26,106,104,2,107,97,0
MV-70258,Men Platform Slim,ROG,Rouge,Footwear,Men,Sneakers,Platform,MV,Maison Voss,200,20,J347,MV Flagship Tokyo,11332.33,3950.94,25,15650.62,11839.72,3078.11,26,16276.64,69,44,25,71,46,0
MV-99353,Women Tote Bags,VRT,Vert,Leather Goods,Women,Handbags,Tote Bags,MV,Maison Voss,200,20,J347,MV Flagship Tokyo,30229.48,7949.46,34,38859.97,29151.99,9068.38,30,34288.21,38,36,2,40,39,0
MV-54725,Women Suit Trousers Classic,CRM,Cognac,Ready-to-Wear,Women,Suits,Suit Trousers,MV,Maison Voss,200,50,J347,MV Flagship Tokyo,59823.67,15347.72,197,83086.69,41128.6,11576.45,139,58624.62,336,240,96,282,270,0
MV-98188,Women Knee High Heritage,ROG,Rouge,Footwear,Women,Boots,Knee High,MV,Maison Voss,200,20,J347,MV Flagship Tokyo,22765.26,5825.82,27,31443.23,24654.28,7689.38,29,33772.36,19,13,6,23,20,0
MV-68878,Men Carry-On Heritage,CRM,Creme,Leather Goods,Men,Luggage,Carry-On,MVS,MV Signature,200,50,J347,MV Flagship Tokyo,8689.88,3196.57,17,11660.78,6850.33,2161.09,13,8917.07,53,37,16,46,39,0
MV-90356,Women Loafers Signature,SBL,Sable,Footwear,Women,Flats,Loafers,MV,Maison Voss,200,50,J347,MV Flagship Tokyo,12037.3,3666.05,16,17256.79,9123.99,2990.43,13,14021.14,36,21,15,33,28,0
MV-82512,Women Shorts Heritage,TAN,Tan,Ready-to-Wear,Women,Bottoms,Shorts,MV,Maison Voss,200,50,J347,MV Flagship Tokyo,7167.79,2421.31,35,9231.0,9859.83,3612.52,44,11604.69,47,45,2,63,50,0
MV-78494,Men Suit Sets Essential,TRP,Taupe,Ready-to-Wear,Men,Suits,Suit Sets,MVS,MV Signature,200,20,J347,MV Flagship Tokyo,26952.21,8097.11,83,34525.41,33577.49,8985.65,98,40764.94,128,107,21,137,126,0
MV-83975,Unisex Baseball Caps Classic,CHP,Champagne,Accessories,Unisex,Hats,Baseball Caps,MVS,MV Signature,200,20,J347,MV Flagship Tokyo,6182.05,2067.7,13,7871.02,5385.55,1716.77,12,7265.56,18,12,6,16,12,0
MV-49472,Men Square Frames Modern,NVY,Navy,Accessories,Men,Sunglasses,Square Frames,MV,Maison Voss,200,50,J347,MV Flagship Tokyo,14527.25,3720.6,72,17894.17,15200.13,5469.72,74,18391.23,59,54,5,54,34,0
MV-17331,Women Key Holders Relaxed,CRM,Creme,Leather Goods,Women,Small Leather Goods,Key Holders,MVS,MV Signature,200,50,J347,MV Flagship Tokyo,1060.68,319.34,1,1294.03,1131.7,293.34,1,1294.03,2,1,1,2,1,0
MV-72722,Women Midi Dresses Slim,TAN,Tan,Ready-to-Wear,Women,Dresses,Midi Dresses,MVS,MV Signature,200,50,J347,MV Flagship Tokyo,7807.45,2413.31,31,9329.77,5757.31,1857.08,25,7524.01,41,33,8,30,24,0
MV-44959,Women Blazers Modern,IVR,Ivoire,Ready-to-Wear,Women,Outerwear,Blazers,MVS,MV Signature,200,50,J347,MV Flagship Tokyo,37646.3,12967.88,87,55363.79,49503.7,15508.26,112,71272.93,177,125,52,208,135,0
MV-82135,Women Trousers Slim,ROG,Rouge,Ready-to-Wear,Women,Bottoms,Trousers,MVS,MV Signature,200,20,J347,MV Flagship Tokyo,11684.37,4439.03,24,14463.56,10106.85,3719.35,21,12655.62,88,87,1,90,63,0
MV-84531,Women Check-In Classic,NOI,Noir,Leather Goods,Women,Luggage,Check-In,MVS,MV Signature,200,20,J347,MV Flagship Tokyo,47148.24,11843.93,48,57995.91,48108.34,17169.32,47,56787.66,131,96,35,123,122,0
MV-59834,Women Skirts,ANT,Anthracite,Ready-to-Wear,Women,Bottoms,Skirts,MVS,MV Signature,200,30,J347,MV Flagship Tokyo,4747.48,1456.75,13,6551.11,5396.69,1416.34,15,7558.98,10,6,4,9,7,0
MV-76039,Women Boots Relaxed,BLU,Bleu Marine,Footwear,Women,Heels,Boots,MVS,MV Signature,200,70,J347,MV Flagship Tokyo,31614.02,8429.71,79,40550.08,29392.57,11030.25,76,39010.21,150,147,3,164,137,0
MV-31581,Men Key Holders Slim,TAN,Tan,Leather Goods,Men,Small Leather Goods,Key Holders,MVS,MV Signature,200,20,J347,MV Flagship Tokyo,1222.89,355.73,3,1492.89,1254.88,337.47,3,1492.89,10,8,2,8,5,0
MV-38760,Unisex Rings Heritage,ROG,Rouge,Accessories,Unisex,Jewelry,Rings,MV,Maison Voss,200,30,J347,MV Flagship Tokyo,42756.95,16035.38,112,54079.82,38303.55,13547.05,92,44422.71,222,166,56,204,181,0
MV-58434,Women Shoulder Bags Heritage,ARG,Argent,Leather Goods,Women,Handbags,Shoulder Bags,MV,Maison Voss,200,20,J347,MV Flagship Tokyo,10466.54,3092.15,12,12589.81,9768.7,3167.6,11,11540.65,46,27,19,48,43,0
MV-12671,Men Ballet Flats Slim,RSE,Rose Poudre,Footwear,Men,Flats,Ballet Flats,MVS,MV Signature,200,50,J347,MV Flagship Tokyo,46273.82,11599.63,121,55451.93,50590.49,12819.68,136,62326.14,348,274,74,459,343,0
MV-44687,Men Card Holders Modern,ARG,Argent,Leather Goods,Men,Small Leather Goods,Card Holders,MVS,MV Signature,200,50,J347,MV Flagship Tokyo,22284.87,7943.79,25,30716.16,27249.0,10088.4,30,36859.39,84,72,12,108,72,0
MV-98815,Men Check-In,BRG,Bordeaux,Leather Goods,Men,Luggage,Check-In,MVS,MV Signature,200,20,J347,MV Flagship Tokyo,51539.02,13243.29,75,67957.13,45116.8,11786.85,64,57990.09,236,223,13,232,144,0
MV-27486,Women Mules Classic,RSE,Rose Poudre,Footwear,Women,Heels,Mules,MVS,MV Signature,200,20,J347,MV Flagship Tokyo,14923.29,4442.11,22,18244.18,12679.57,4577.55,17,14097.77,40,32,8,25,15,0
MV-49363,Unisex Cashmere Scarves,CRM,Cognac,Accessories,Unisex,Scarves,Cashmere Scarves,MVS,MV Signature,200,20,J347,MV Flagship Tokyo,33786.09,11983.76,138,47104.57,36374.94,12519.98,145,49493.94,126,84,42,142,114,0
MV-99381,Women Fedoras Signature,BLU,Bleu Marine,Accessories,Women,Hats,Fedoras,MVS,MV Signature,200,20,J347,MV Flagship Tokyo,3614.62,1012.92,7,4847.75,3646.02,1135.19,8,5540.28,23,18,5,27,20,0
MV-41358,Men Chelsea Boots Heritage,CHP,Champagne,Footwear,Men,Boots,Chelsea Boots,MV,Maison Voss,200,20,J347,MV Flagship Tokyo,8902.03,2507.08,11,10798.28,7294.44,2067.9,9,8834.96,27,21,6,25,18,0
MV-83975,Unisex Baseball Caps Classic,CAM,Camel,Accessories,Unisex,Hats,Baseball Caps,MVS,MV Signature,200,20,J347,MV Flagship Tokyo,8137.79,2776.97,39,11855.88,9518.77,3597.92,44,13375.87,44,40,4,41,37,0
MV-16895,Women Leather Belts Slim,GRG,Greige,Leather Goods,Women,Belts,Leather Belts,MV,Maison Voss,200,50,J347,MV Flagship Tokyo,4879.98,1341.57,5,6685.91,4603.69,1209.05,5,6685.91,12,9,3,16,11,0
MV-68838,Men Suit Trousers Signature,GRG,Greige,Ready-to-Wear,Men,Suits,Suit Trousers,MV,Maison Voss,200,20,J347,MV Flagship Tokyo,3813.07,1290.13,12,5685.1,3949.73,1317.77,12,5685.1,17,12,5,17,12,0
MV-44664,Women Shoulder Bags Modern,VRT,Vert,Leather Goods,Women,Handbags,Shoulder Bags,MVS,MV Signature,200,30,J347,MV Flagship Tokyo,193922.48,69122.87,168,228732.46,223079.15,73305.38,217,295446.09,236,210,26,295,224,0
MV-94323,Women Round Frames Classic,RSE,Rose Poudre,Accessories,Women,Sunglasses,Round Frames,MVS,MV Signature,200,20,J347,MV Flagship Tokyo,100536.49,35240.26,219,140702.83,98852.21,33561.02,224,143915.22,275,169,106,278,246,0
MV-84177,Men Leather Belts Classic,TAN,Tan,Leather Goods,Men,Belts,Leather Belts,MV,Maison Voss,200,30,J347,MV Flagship Tokyo,18445.26,6033.09,27,24770.95,13225.7,4668.25,20,18348.85,84,75,9,63,60,0
MV-96870,Women Day Dresses Relaxed,ARG,Argent,Ready-to-Wear,Women,Dresses,Day Dresses,MVS,MV Signature,200,70,J347,MV Flagship Tokyo,35640.44,9688.12,150,44457.69,30959.52,9534.67,141,41790.23,432,304,128,486,303,0
MV-40595,Women Day Dresses Heritage,CRM,Cognac,Ready-to-Wear,Women,Dresses,Day Dresses,MVS,MV Signature,200,70,J347,MV Flagship Tokyo,24942.93,7694.95,46,32522.56,17670.06,6061.21,34,24038.42,150,140,10,134,113,0
MV-82135,Women Trousers Slim,RSE,Rose Poudre,Ready-to-Wear,Women,Bottoms,Trousers,MVS,MV Signature,200,50,J347,MV Flagship Tokyo,6592.33,2197.38,18,9524.23,8618.59,2435.19,22,11640.73,11,6,5,14,8,0
MV-12128,Women Cat Eye Signature,CRM,Cognac,Accessories,Women,Sunglasses,Cat Eye,MV,Maison Voss,200,20,J347,MV Flagship Tokyo,34001.17,12022.16,71,43735.22,32577.82,8888.36,62,38191.31,153,149,4,145,91,0
MV-47196,Women Wallets,CAM,Camel,Leather Goods,Women,Small Leather Goods,Wallets,MVS,MV Signature,200,50,J347,MV Flagship Tokyo,29723.35,8864.18,63,37513.34,29814.58,11263.91,61,36322.44,237,218,19,197,150,0
MV-59009,Women Earrings Slim,ANT,Anthracite,Accessories,Women,Jewelry,Earrings,MVS,MV Signature,200,50,J347,MV Flagship Tokyo,89210.06,24653.76,265,112070.54,60059.81,22325.45,189,79929.56,758,721,37,515,422,0
MV-84177,Men Leather Belts Classic,CHP,Champagne,Leather Goods,Men,Belts,Leather Belts,MV,Maison Voss,200,20,J347,MV Flagship Tokyo,18296.31,6099.72,18,23314.77,21059.18,5371.32,19,24610.03,58,56,2,69,52,0
MV-62196,Women Blazers,BEG,Beige,Ready-to-Wear,Women,Outerwear,Blazers,MV,Maison Voss,200,20,J347,MV Flagship Tokyo,13319.22,3832.02,65,19756.07,14511.88,4786.13,76,23099.4,73,57,16,101,62,0
MV-99173,Women Card Holders Modern,BEG,Beige,Leather Goods,Women,Small Leather Goods,Card Holders,MV,Maison Voss,200,30,J347,MV Flagship Tokyo,1204.33,445.32,3,1627.27,848.68,315.88,2,1084.85,8,5,3,5,4,0
MV-76237,Women Skirts Classic,IVR,Ivoire,Ready-to-Wear,Women,Bottoms,Skirts,MV,Maison Voss,200,20,J347,MV Flagship Tokyo,3478.68,1142.43,7,4428.55,2859.09,916.02,6,3795.9,17,16,1,18,13,0
MV-56438,Men Boots Essential,NOI,Noir,Footwear,Men,Heels,Boots,MV,Maison Voss,200,30,J347,MV Flagship Tokyo,286.02,92.76,1,396.0,289.95,81.74,1,396.0,2,1,1,2,1,0
MV-11214,Men Coats Heritage,BRG,Bordeaux,Ready-to-Wear,Men,Outerwear,Coats,MVS,MV Signature,200,20,J347,MV Flagship Tokyo,272727.97,94901.15,441,330751.68,254362.27,72182.87,461,345751.76,507,503,4,533,347,0
MV-45986,Women Chain Belts Classic,ANT,Anthracite,Leather Goods,Women,Belts,Chain Belts,MV,Maison Voss,200,20,J347,MV Flagship Tokyo,35162.78,13220.24,95,49310.6,25699.56,9092.08,73,37891.3,291,250,41,241,155,0
MV-98501,Women Blouses Relaxed,NOI,Noir,Ready-to-Wear,Women,Tops,Blouses,MVS,MV Signature,200,20,J347,MV Flagship Tokyo,34914.72,11335.42,90,45381.53,37987.15,13408.23,89,44877.29,190,119,71,172,120,0
MV-15513,Unisex Shorts Heritage,NVY,Navy,Ready-to-Wear,Unisex,Bottoms,Shorts,MVS,MV Signature,200,20,J347,MV Flagship Tokyo,16276.44,4446.92,41,20577.3,15868.46,4143.91,38,19071.64,163,146,17,146,131,0
MV-62383,Men Berets Relaxed,GRG,Greige,Accessories,Men,Hats,Berets,MVS,MV Signature,200,20,J347,MV Flagship Tokyo,10240.91,2694.44,20,14189.02,9937.49,2906.63,20,14189.02,75,53,22,72,67,0
MV-80468,Men Blouses Relaxed,SBL,Sable,Ready-to-Wear,Men,Tops,Blouses,MVS,MV Signature,200,50,J347,MV Flagship Tokyo,4596.76,1376.51,9,6687.6,4825.51,1360.07,9,6687.6,31,27,4,36,27,0
MV-79924,Unisex Blazers Modern,NVY,Navy,Ready-to-Wear,Unisex,Outerwear,Blazers,MV,Maison Voss,200,70,J347,MV Flagship Tokyo,9336.15,2356.42,19,12125.91,6609.35,2384.22,14,8934.88,60,55,5,54,43,0
MV-93717,Women Leather Belts Heritage,GRG,Greige,Leather Goods,Women,Belts,Leather Belts,MVS,MV Signature,200,50,J347,MV Flagship Tokyo,26868.47,8202.97,27,39963.07,31764.4,11688.45,31,45883.53,81,64,17,86,66,0
MV-23579,Men Cat Eye,TAN,Tan,Accessories,Men,Sunglasses,Cat Eye,MVS,MV Signature,200,50,J347,MV Flagship Tokyo,25762.85,7290.73,82,32537.85,22346.16,6328.18,70,27776.22,301,249,52,224,190,0
MV-68991,Unisex Pouches Heritage,IVR,Ivoire,Leather Goods,Unisex,Small Leather Goods,Pouches,MV,Maison Voss,200,20,J347,MV Flagship Tokyo,40961.53,10643.06,45,54032.73,39259.73,12398.94,41,49229.82,58,37,21,47,44,0
MV-35203,Men Blazers Modern,CAM,Camel,Ready-to-Wear,Men,Outerwear,Blazers,MVS,MV Signature,200,20,J347,MV Flagship Tokyo,1495.82,499.13,4,2131.86,1017.22,335.22,3,1598.9,11,8,3,7,4,0
MV-20745,Unisex Mini Bags Essential,NVY,Navy,Leather Goods,Unisex,Handbags,Mini Bags,MVS,MV Signature,200,20,J347,MV Flagship Tokyo,398.32,107.32,1,507.78,0.0,0.0,0,0.0,0,0,0,0,0,0
MV-78937,Men Carry-On Luxe,VRT,Vert,Leather Goods,Men,Luggage,Carry-On,MVS,MV Signature,200,20,J347,MV Flagship Tokyo,6818.49,2244.94,6,8911.24,7890.33,2301.97,7,10396.45,21,14,7,23,22,0
MV-68878,Men Carry-On Heritage,BEG,Beige,Leather Goods,Men,Luggage,Carry-On,MVS,MV Signature,200,30,J347,MV Flagship Tokyo,18540.99,6433.82,30,26573.73,18914.93,5724.66,31,27459.53,66,53,13,78,47,0
MV-15958,Men Pumps Heritage,SBL,Sable,Footwear,Men,Heels,Pumps,MVS,MV Signature,200,50,J347,MV Flagship Tokyo,120341.08,33162.18,158,151135.31,130436.9,34793.19,162,154961.52,627,380,247,772,690,0
MV-78937,Men Carry-On Luxe,CHP,Champagne,Leather Goods,Men,Luggage,Carry-On,MVS,MV Signature,200,20,J347,MV Flagship Tokyo,39650.79,14668.93,59,55130.63,44977.03,12355.24,60,56065.05,196,180,16,181,178,0
MV-15958,Men Pumps Heritage,BEG,Beige,Footwear,Men,Heels,Pumps,MVS,MV Signature,200,20,J347,MV Flagship Tokyo,53648.45,14049.02,94,70783.31,58201.76,16914.43,107,80572.5,325,270,55,419,292,0
MV-29597,Women Leather Belts,IVR,Ivoire,Leather Goods,Women,Belts,Leather Belts,MV,Maison Voss,200,20,J347,MV Flagship Tokyo,26769.77,8851.15,36,32713.33,25633.16,7426.77,34,30895.92,137,112,25,126,99,0
MV-16839,Unisex Key Holders Luxe,ROG,Rouge,Leather Goods,Unisex,Small Leather Goods,Key Holders,MVS,MV Signature,200,50,J347,MV Flagship Tokyo,25481.55,8652.59,26,30764.02,15682.93,5798.72,18,21298.17,68,62,6,55,43,0
MV-17331,Women Key Holders Relaxed,TAN,Tan,Leather Goods,Women,Small Leather Goods,Key Holders,MVS,MV Signature,200,30,J347,MV Flagship Tokyo,5718.77,1863.23,6,7373.1,4126.66,1184.4,4,4915.4,4,3,1,3,2,0
MV-49472,Men Square Frames Modern,TAN,Tan,Accessories,Men,Sunglasses,Square Frames,MV,Maison Voss,200,50,J347,MV Flagship Tokyo,27921.49,9593.18,122,37920.44,28653.65,10660.59,126,39163.74,250,210,40,276,166,0
MV-48177,Women Card Holders Essential,CHP,Champagne,Leather Goods,Women,Small Leather Goods,Card Holders,MV,Maison Voss,200,50,J347,MV Flagship Tokyo,64399.14,18387.47,89,86856.74,64345.87,19791.34,85,82953.06,258,158,100,274,260,0
MV-47243,Men Boots Heritage,ROG,Rouge,Footwear,Men,Heels,Boots,MV,Maison Voss,200,20,J347,MV Flagship Tokyo,7872.53,2707.01,10,10187.62,8981.62,3041.98,12,12225.15,33,26,7,34,31,0
MV-24530,Women Day Dresses Luxe,VRT,Vert,Ready-to-Wear,Women,Dresses,Day Dresses,MVS,MV Signature,200,20,J347,MV Flagship Tokyo,19969.13,7315.52,42,23138.5,18577.4,5948.68,44,24240.34,81,62,19,80,60,0
MV-90356,Women Loafers Signature,BLU,Bleu Marine,Footwear,Women,Flats,Loafers,MV,Maison Voss,200,50,J347,MV Flagship Tokyo,21722.21,8042.63,39,31311.27,17635.3,6440.47,28,22479.89,98,79,19,73,71,0
MV-38760,Unisex Rings Heritage,BRG,Bordeaux,Accessories,Unisex,Jewelry,Rings,MV,Maison Voss,200,20,J347,MV Flagship Tokyo,29682.01,10680.69,57,37797.0,35535.46,12332.93,67,44428.06,135,83,52,175,138,0
MV-17592,Men Coats Relaxed,TRP,Taupe,Ready-to-Wear,Men,Outerwear,Coats,MVS,MV Signature,200,20,J347,MV Flagship Tokyo,117936.32,36722.67,171,161834.13,136023.75,44516.81,218,206314.86,112,78,34,123,117,0
MV-97684,Unisex Bracelets Luxe,RSE,Rose Poudre,Accessories,Unisex,Jewelry,Bracelets,MV,Maison Voss,200,20,J347,MV Flagship Tokyo,14308.89,4548.01,50,20509.92,19472.02,5771.89,64,26252.69,69,62,7,76,57,0
MV-44718,Women Day Dresses Slim,CAM,Camel,Ready-to-Wear,Women,Dresses,Day Dresses,MVS,MV Signature,200,20,J347,MV Flagship Tokyo,18997.18,4860.57,45,25870.86,14725.44,3877.84,31,17822.15,79,63,16,55,41,0
MV-20350,Women Card Holders Essential,NVY,Navy,Leather Goods,Women,Small Leather Goods,Card Holders,MVS,MV Signature,200,20,J347,MV Flagship Tokyo,2874.65,1032.58,3,4073.03,2174.4,563.87,2,2715.35,6,5,1,3,2,0
MV-20993,Men Wool Scarves Slim,CHP,Champagne,Accessories,Men,Scarves,Wool Scarves,MV,Maison Voss,200,20,J347,MV Flagship Tokyo,864.98,229.89,3,1278.9,601.31,172.18,2,852.6,8,6,2,7,4,0
MV-57920,Women Blazers Slim,SBL,Sable,Ready-to-Wear,Women,Outerwear,Blazers,MV,Maison Voss,200,20,J347,MV Flagship Tokyo,6660.36,2518.61,12,9026.82,8211.29,2845.85,14,10531.29,15,11,4,20,12,0
MV-69634,Women Day Dresses Signature,TRP,Taupe,Ready-to-Wear,Women,Dresses,Day Dresses,MVS,MV Signature,200,50,J347,MV Flagship Tokyo,441.93,127.47,1,608.24,401.55,147.47,1,608.24,1,0,1,1,0,0
MV-20993,Men Wool Scarves Slim,CAM,Camel,Accessories,Men,Scarves,Wool Scarves,MV,Maison Voss,200,20,J347,MV Flagship Tokyo,46629.79,14984.18,79,59200.22,55857.12,20780.57,91,68192.65,177,131,46,198,152,0
MV-26505,Men Leather Belts Relaxed,CRM,Creme,Leather Goods,Men,Belts,Leather Belts,MV,Maison Voss,200,20,J347,MV Flagship Tokyo,26351.53,9585.6,75,31837.05,29192.23,8224.77,93,39477.94,73,56,17,92,74,0
MV-99173,Women Card Holders Modern,NVY,Navy,Leather Goods,Women,Small Leather Goods,Card Holders,MV,Maison Voss,200,20,J347,MV Flagship Tokyo,6432.01,1838.6,8,9114.67,5182.36,1646.52,7,7975.34,30,28,2,28,22,0
MV-35995,Unisex Check-In Modern,ROG,Rouge,Leather Goods,Unisex,Luggage,Check-In,MVS,MV Signature,200,70,J347,MV Flagship Tokyo,52927.94,17304.4,106,68554.6,41277.25,13279.22,86,55619.77,170,129,41,138,93,0
MV-96200,Women Suit Sets,CRM,Cognac,Ready-to-Wear,Women,Suits,Suit Sets,MVS,MV Signature,200,20,J347,MV Flagship Tokyo,2007.16,628.81,9,2484.99,1750.56,521.27,8,2208.88,12,9,3,9,8,0
MV-54942,Men Square Frames Relaxed,CRM,Cognac,Accessories,Men,Sunglasses,Square Frames,MV,Maison Voss,200,20,J347,MV Flagship Tokyo,5912.11,1962.53,21,7912.82,7739.47,2692.6,24,9043.23,42,41,1,51,36,0
MV-71797,Men Shoulder Bags Classic,RSE,Rose Poudre,Leather Goods,Men,Handbags,Shoulder Bags,MVS,MV Signature,200,50,J347,MV Flagship Tokyo,11947.74,3795.88,16,15765.68,10401.91,3241.02,13,12809.61,52,40,12,37,36,0
MV-56346,Women Clutches Essential,RSE,Rose Poudre,Leather Goods,Women,Handbags,Clutches,MV,Maison Voss,200,20,J347,MV Flagship Tokyo,20495.82,5999.58,27,26270.61,19206.52,6858.17,26,25297.63,64,56,8,59,51,0
MV-82910,Men Shirts Signature,BEG,Beige,Ready-to-Wear,Men,Tops,Shirts,MV,Maison Voss,200,20,J347,MV Flagship Tokyo,6540.96,2071.24,17,7981.98,7030.7,1812.84,20,9390.57,18,13,5,23,21,0
MV-98188,Women Knee High Heritage,NVY,Navy,Footwear,Women,Boots,Knee High,MV,Maison Voss,200,20,J347,MV Flagship Tokyo,18995.98,4959.14,39,23534.24,16592.11,4902.3,35,21120.48,53,47,6,57,48,0
MV-53025,Men Loafers Heritage,IVR,Ivoire,Footwear,Men,Flats,Loafers,MV,Maison Voss,200,20,J347,MV Flagship Tokyo,10022.6,3690.17,30,14372.36,13123.44,4016.1,37,17725.91,24,23,1,34,30,0
MV-57942,Women Chelsea Boots Modern,IVR,Ivoire,Footwear,Women,Boots,Chelsea Boots,MVS,MV Signature,200,20,J347,MV Flagship Tokyo,101661.53,29791.65,252,125424.48,86833.31,30265.99,224,111488.43,786,715,71,701,557,0
MV-62196,Women Blazers,ARG,Argent,Ready-to-Wear,Women,Outerwear,Blazers,MV,Maison Voss,200,30,J347,MV Flagship Tokyo,1028.38,347.93,3,1426.22,744.65,235.58,2,950.82,5,3,2,4,2,0
MV-80282,Unisex Baseball Caps Signature,GRG,Greige,Accessories,Unisex,Hats,Baseball Caps,MV,Maison Voss,200,20,J347,MV Flagship Tokyo,1814.65,629.41,8,2322.2,1182.49,296.05,6,1741.65,13,12,1,10,9,0
MV-85156,Women Chain Belts Essential,ROG,Rouge,Leather Goods,Women,Belts,Chain Belts,MV,Maison Voss,200,20,J347,MV Flagship Tokyo,1511.03,484.57,3,2028.93,923.31,251.39,2,1352.62,5,3,2,3,2,0
MV-94058,Women Chain Belts,CHP,Champagne,Leather Goods,Women,Belts,Chain Belts,MVS,MV Signature,200,30,J347,MV Flagship Tokyo,58817.44,17291.45,57,87121.07,62376.67,16406.03,57,87121.07,188,142,46,197,120,0
MV-68529,Men Ankle Boots,NOI,Noir,Footwear,Men,Boots,Ankle Boots,MVS,MV Signature,200,20,J347,MV Flagship Tokyo,2320.07,716.78,3,3164.2,1550.05,398.26,2,2109.47,5,3,2,4,2,0
MV-26551,Women Mules Luxe,BLU,Bleu Marine,Footwear,Women,Heels,Mules,MV,Maison Voss,200,20,J347,MV Flagship Tokyo,73334.49,25588.68,106,89773.16,86927.19,32735.55,119,100783.08,408,284,124,463,377,0
MV-68991,Unisex Pouches Heritage,BLU,Bleu Marine,Leather Goods,Unisex,Small Leather Goods,Pouches,MV,Maison Voss,200,20,J347,MV Flagship Tokyo,39345.89,12137.28,42,51757.62,30560.41,11417.65,36,44363.68,102,64,38,101,72,0
MV-57052,Men Day Dresses Signature,BLU,Bleu Marine,Ready-to-Wear,Men,Dresses,Day Dresses,MV,Maison Voss,200,20,J347,MV Flagship Tokyo,18717.43,5260.08,43,23167.79,17212.78,4980.3,44,23706.57,49,47,2,50,31,0
MV-91490,Women Midi Dresses,ANT,Anthracite,Ready-to-Wear,Women,Dresses,Midi Dresses,MV,Maison Voss,200,20,J347,MV Flagship Tokyo,26787.65,7802.85,48,33964.23,23839.24,7869.86,46,32549.05,76,60,16,86,61,0
MV-28776,Women Sandals Essential,NOI,Noir,Footwear,Women,Heels,Sandals,MV,Maison Voss,200,20,J347,MV Flagship Tokyo,5040.78,1593.57,10,6330.62,3907.96,1140.89,8,5064.5,14,8,6,13,10,0
MV-35203,Men Blazers Modern,ARG,Argent,Ready-to-Wear,Men,Outerwear,Blazers,MVS,MV Signature,200,50,J347,MV Flagship Tokyo,7600.84,2457.93,12,9874.21,5840.76,1896.39,10,8228.51,34,22,12,30,24,0
MV-89928,Men Suit Trousers Slim,NVY,Navy,Ready-to-Wear,Men,Suits,Suit Trousers,MVS,MV Signature,200,20,J347,MV Flagship Tokyo,12357.41,4407.11,22,16130.49,8665.71,3253.57,17,12464.47,49,38,11,38,33,0
MV-54942,Men Square Frames Relaxed,ANT,Anthracite,Accessories,Men,Sunglasses,Square Frames,MV,Maison Voss,200,20,J347,MV Flagship Tokyo,32494.5,9169.5,52,42197.19,22739.35,8447.13,36,29213.44,153,145,8,87,80,0
MV-59009,Women Earrings Slim,VRT,Vert,Accessories,Women,Jewelry,Earrings,MVS,MV Signature,200,50,J347,MV Flagship Tokyo,4887.79,1778.32,13,7087.42,6739.72,2090.15,16,8722.98,11,8,3,14,13,0
MV-30253,Men Weekender Essential,IVR,Ivoire,Leather Goods,Men,Luggage,Weekender,MVS,MV Signature,200,20,J347,MV Flagship Tokyo,2821.0,779.19,7,3903.82,1983.69,668.93,5,2788.44,20,13,7,18,12,0
MV-30730,Men High Top Luxe,CHP,Champagne,Footwear,Men,Sneakers,High Top,MV,Maison Voss,200,50,J347,MV Flagship Tokyo,55348.88,13906.76,205,67185.88,64564.42,19627.38,249,81606.26,127,104,23,135,92,0
MV-82924,Women Low Top Classic,VRT,Vert,Footwear,Women,Sneakers,Low Top,MV,Maison Voss,200,50,J347,MV Flagship Tokyo,255.52,95.32,1,336.63,239.37,71.6,1,336.63,3,2,1,4,2,0
MV-82135,Women Trousers Slim,NOI,Noir,Ready-to-Wear,Women,Bottoms,Trousers,MVS,MV Signature,200,20,J347,MV Flagship Tokyo,25167.32,8455.58,95,30918.63,17046.65,5228.51,72,23433.07,68,43,25,59,41,0
MV-72722,Women Midi Dresses Slim,ROG,Rouge,Ready-to-Wear,Women,Dresses,Midi Dresses,MVS,MV Signature,200,30,J347,MV Flagship Tokyo,45321.61,13741.04,90,57589.94,45539.46,14975.1,95,60789.38,106,87,19,118,79,0
MV-65851,Women Midi Dresses Slim,ARG,Argent,Ready-to-Wear,Women,Dresses,Midi Dresses,MV,Maison Voss,200,20,J347,MV Flagship Tokyo,7865.71,2882.98,20,9902.45,7426.46,2316.79,20,9902.45,63,55,8,64,55,0
MV-49139,Men Wool Scarves Essential,BLU,Bleu Marine,Accessories,Men,Scarves,Wool Scarves,MV,Maison Voss,200,20,J347,MV Flagship Tokyo,4617.3,1297.73,8,5950.61,4752.26,1248.43,8,5950.61,25,18,7,29,18,0
MV-38760,Unisex Rings Heritage,RSE,Rose Poudre,Accessories,Unisex,Jewelry,Rings,MV,Maison Voss,200,50,J347,MV Flagship Tokyo,4023.13,1295.73,9,5119.49,4075.22,1463.77,9,5119.49,5,3,2,6,4,0
MV-82135,Women Trousers Slim,RSE,Rose Poudre,Ready-to-Wear,Women,Bottoms,Trousers,MVS,MV Signature,200,20,J347,MV Flagship Tokyo,19951.16,5346.41,70,26371.72,17054.04,4538.92,64,24111.29,101,74,27,111,81,0
MV-46655,Women Cat Eye Heritage,GRG,Greige,Accessories,Women,Sunglasses,Cat Eye,MV,Maison Voss,200,30,J347,MV Flagship Tokyo,34728.26,12697.06,60,47078.12,44912.5,15576.77,71,55709.11,195,162,33,254,233,0
MV-97782,Women Leather Belts Signature,NOI,Noir,Leather Goods,Women,Belts,Leather Belts,MV,Maison Voss,200,20,J347,MV Flagship Tokyo,31478.3,11891.69,89,41774.91,41146.0,10477.65,109,51162.52,246,242,4,309,253,0
MV-62044,Women Low Top Classic,BEG,Beige,Footwear,Women,Sneakers,Low Top,MVS,MV Signature,200,50,J347,MV Flagship Tokyo,61905.05,15678.96,162,79340.85,41485.66,14669.66,113,55342.69,285,271,14,224,156,0
MV-30253,Men Weekender Essential,ANT,Anthracite,Leather Goods,Men,Luggage,Weekender,MVS,MV Signature,200,20,J347,MV Flagship Tokyo,34740.5,12597.21,69,46735.88,38117.83,12468.68,85,57573.18,129,107,22,147,133,0
MV-20745,Unisex Mini Bags Essential,BRG,Bordeaux,Leather Goods,Unisex,Handbags,Mini Bags,MVS,MV Signature,200,20,J347,MV Flagship Tokyo,3032.63,1080.76,9,3838.8,2497.5,705.51,8,3412.27,30,26,4,29,22,0
MV-21164,Men Shorts Relaxed,BLU,Bleu Marine,Ready-to-Wear,Men,Bottoms,Shorts,MV,Maison Voss,200,20,J347,MV Flagship Tokyo,4149.3,1249.68,16,5114.77,4660.21,1228.19,19,6073.79,46,31,15,53,44,0
MV-78146,Men Day Dresses,NVY,Navy,Ready-to-Wear,Men,Dresses,Day Dresses,MV,Maison Voss,200,50,J347,MV Flagship Tokyo,33631.66,11301.2,108,43458.22,28045.97,8914.13,90,36215.18,162,122,40,158,114,0
MV-63225,Unisex Key Holders,IVR,Ivoire,Leather Goods,Unisex,Small Leather Goods,Key Holders,MVS,MV Signature,200,50,J347,MV Flagship Tokyo,14063.51,4769.44,13,18970.37,10999.44,3171.2,10,14592.59,44,34,10,41,39,0
MV-70258,Men Platform Slim,ANT,Anthracite,Footwear,Men,Sneakers,Platform,MV,Maison Voss,200,30,J347,MV Flagship Tokyo,3166.45,1076.06,4,4496.38,2931.81,772.7,4,4496.38,10,9,1,10,7,0
MV-20543,Men Check-In Classic,ECR,Ecru,Leather Goods,Men,Luggage,Check-In,MVS,MV Signature,200,20,J347,MV Flagship Tokyo,63918.35,19480.59,71,82121.74,52255.36,18596.46,58,67085.37,82,67,15,57,35,0
MV-67905,Women High Top Luxe,NVY,Navy,Footwear,Women,Sneakers,High Top,MV,Maison Voss,200,20,J347,MV Flagship Tokyo,20118.94,5891.1,30,28127.76,17988.42,4923.93,26,24377.4,111,99,12,81,52,0
MV-54657,Women Evening Dresses Slim,RSE,Rose Poudre,Ready-to-Wear,Women,Dresses,Evening Dresses,MV,Maison Voss,200,20,J347,MV Flagship Tokyo,80126.87,26787.97,148,111642.83,65213.68,19816.73,118,89012.53,498,490,8,320,293,0
MV-89928,Men Suit Trousers Slim,ECR,Ecru,Ready-to-Wear,Men,Suits,Suit Trousers,MVS,MV Signature,200,20,J347,MV Flagship Tokyo,31899.37,10017.23,61,40425.73,35301.71,11705.89,65,43076.6,86,73,13,110,94,0
MV-68138,Women Tops Modern,ARG,Argent,Ready-to-Wear,Women,Tops,Tops,MV,Maison Voss,200,30,J347,MV Flagship Tokyo,1270.45,326.98,5,1637.74,1058.73,396.18,4,1310.2,7,5,2,5,3,0
MV-20543,Men Check-In Classic,VRT,Vert,Leather Goods,Men,Luggage,Check-In,MVS,MV Signature,200,70,J347,MV Flagship Tokyo,200738.75,70692.11,173,253873.77,172649.83,49983.19,152,223056.72,348,250,98,252,187,0
MV-99224,Men Day Dresses Relaxed,CHP,Champagne,Ready-to-Wear,Men,Dresses,Day Dresses,MVS,MV Signature,200,20,J347,MV Flagship Tokyo,3442.07,949.95,17,4872.09,4188.02,1407.54,19,5445.27,12,8,4,12,10,0
MV-57052,Men Day Dresses Signature,NVY,Navy,Ready-to-Wear,Men,Dresses,Day Dresses,MV,Maison Voss,200,20,J347,MV Flagship Tokyo,4880.73,1239.22,24,6058.01,3417.7,993.24,17,4291.09,79,76,3,61,41,0
MV-69048,Women Tops Luxe,ARG,Argent,Ready-to-Wear,Women,Tops,Tops,MV,Maison Voss,200,20,J347,MV Flagship Tokyo,5796.51,1797.65,30,7807.27,6021.76,1697.56,31,8067.51,22,14,8,22,19,0
MV-12671,Men Ballet Flats Slim,TAN,Tan,Footwear,Men,Flats,Ballet Flats,MVS,MV Signature,200,20,J347,MV Flagship Tokyo,2406.48,856.16,3,3145.19,1742.65,494.87,2,2096.8,6,3,3,5,3,0
MV-89963,Women Cat Eye Luxe,RSE,Rose Poudre,Accessories,Women,Sunglasses,Cat Eye,MV,Maison Voss,200,20,J347,MV Flagship Tokyo,12110.5,3051.95,40,16057.06,15520.94,5735.55,50,20071.32,28,22,6,41,32,0
MV-79924,Unisex Blazers Modern,NVY,Navy,Ready-to-Wear,Unisex,Outerwear,Blazers,MV,Maison Voss,200,50,J347,MV Flagship Tokyo,2975.19,1023.29,7,3710.39,2689.98,745.54,6,3180.34,8,7,1,6,3,0
MV-69048,Women Tops Luxe,TAN,Tan,Ready-to-Wear,Women,Tops,Tops,MV,Maison Voss,200,50,J347,MV Flagship Tokyo,18024.81,5197.02,30,24291.57,20873.74,5881.21,33,26720.72,45,36,9,48,31,0
MV-35995,Unisex Check-In Modern,VRT,Vert,Leather Goods,Unisex,Luggage,Check-In,MVS,MV Signature,200,20,J347,MV Flagship Tokyo,19471.22,6742.79,25,24007.28,22827.6,6227.84,27,25927.86,80,79,1,88,84,0
MV-38903,Men Coats Essential,TRP,Taupe,Ready-to-Wear,Men,Outerwear,Coats,MV,Maison Voss,200,70,J347,MV Flagship Tokyo,49453.26,18440.47,86,60652.46,56236.7,14389.55,97,68410.34,308,285,23,290,255,0
MV-90031,Women Loafers Heritage,RSE,Rose Poudre,Footwear,Women,Flats,Loafers,MV,Maison Voss,200,30,J347,MV Flagship Tokyo,32040.15,10301.69,95,40835.52,27179.02,7215.0,82,35247.5,294,242,52,261,224,0
MV-80236,Women Coats Slim,ROG,Rouge,Ready-to-Wear,Women,Outerwear,Coats,MVS,MV Signature,200,50,J347,MV Flagship Tokyo,3130.24,813.84,9,4559.16,2229.49,719.8,7,3546.01,14,12,2,10,7,0
MV-14877,Women Necklaces Heritage,ARG,Argent,Accessories,Women,Jewelry,Necklaces,MV,Maison Voss,200,20,J347,MV Flagship Tokyo,4968.01,1609.61,26,7059.66,4720.52,1551.29,26,7059.66,47,39,8,44,32,0
MV-96760,Women Blouses Signature,IVR,Ivoire,Ready-to-Wear,Women,Tops,Blouses,MV,Maison Voss,200,50,J347,MV Flagship Tokyo,8546.94,2489.06,27,10246.66,6282.39,2018.26,21,7969.62,31,24,7,20,12,0
MV-46655,Women Cat Eye Heritage,ECR,Ecru,Accessories,Women,Sunglasses,Cat Eye,MV,Maison Voss,200,30,J347,MV Flagship Tokyo,5372.68,1783.85,9,6710.27,3293.93,1213.28,6,4473.51,9,6,3,7,6,0
MV-73736,Women Key Holders Relaxed,BLU,Bleu Marine,Leather Goods,Women,Small Leather Goods,Key Holders,MV,Maison Voss,200,20,J347,MV Flagship Tokyo,44431.66,15909.93,93,57107.73,54235.44,13948.78,115,70617.08,52,51,1,58,44,0
MV-76237,Women Skirts Classic,IVR,Ivoire,Ready-to-Wear,Women,Bottoms,Skirts,MV,Maison Voss,200,70,J347,MV Flagship Tokyo,37551.88,9516.05,72,55951.94,40498.61,14100.7,76,59060.38,153,147,6,144,140,0
MV-19862,Men Pumps Slim,CRM,Cognac,Footwear,Men,Heels,Pumps,MV,Maison Voss,200,20,J347,MV Flagship Tokyo,7488.4,2120.17,12,9405.2,9358.38,2668.78,14,10972.73,23,22,1,26,17,0
MV-20328,Men Clutches,TRP,Taupe,Leather Goods,Men,Handbags,Clutches,MVS,MV Signature,200,20,J347,MV Flagship Tokyo,15293.66,4677.33,26,21595.16,16441.66,5043.66,28,23256.33,78,70,8,85,77,0
MV-66531,Unisex Key Holders Modern,BRG,Bordeaux,Leather Goods,Unisex,Small Leather Goods,Key Holders,MVS,MV Signature,200,50,J347,MV Flagship Tokyo,5172.84,1581.09,6,6278.05,3070.76,817.7,4,4185.37,17,13,4,10,7,0
MV-38183,Men Suit Trousers Essential,ARG,Argent,Ready-to-Wear,Men,Suits,Suit Trousers,MVS,MV Signature,200,20,J347,MV Flagship Tokyo,18946.96,5396.65,58,26967.7,16657.54,5292.12,56,26037.78,209,130,79,184,167,0
MV-37535,Men Shirts Relaxed,BRG,Bordeaux,Ready-to-Wear,Men,Tops,Shirts,MVS,MV Signature,200,20,J347,MV Flagship Tokyo,4675.85,1707.28,7,6908.62,4557.3,1229.05,6,5921.67,20,15,5,21,19,0
MV-24316,Women Low Top Relaxed,GRG,Greige,Footwear,Women,Sneakers,Low Top,MV,Maison Voss,200,50,J347,MV Flagship Tokyo,190583.1,51412.79,250,265081.84,133924.47,37351.87,176,186617.61,376,280,96,288,252,0
MV-73532,Women Midi Dresses Modern,IVR,Ivoire,Ready-to-Wear,Women,Dresses,Midi Dresses,MVS,MV Signature,200,50,J347,MV Flagship Tokyo,33406.0,11894.34,88,48761.39,36646.84,9983.0,95,52640.13,164,108,56,179,172,0
MV-15014,Women Bracelets Modern,SBL,Sable,Accessories,Women,Jewelry,Bracelets,MVS,MV Signature,200,20,J347,MV Flagship Tokyo,5980.06,1792.41,29,7380.2,5333.38,1749.72,25,6362.24,89,63,26,73,61,0
MV-85965,Men Fedoras Signature,TRP,Taupe,Accessories,Men,Hats,Fedoras,MV,Maison Voss,200,50,J347,MV Flagship Tokyo,25354.53,7397.71,50,34302.22,28963.63,8390.96,58,39790.57,72,54,18,83,75,0
MV-74866,Women Wool Scarves Luxe,ANT,Anthracite,Accessories,Women,Scarves,Wool Scarves,MV,Maison Voss,200,30,J347,MV Flagship Tokyo,57057.12,21566.24,142,76378.71,42526.09,14234.51,115,61856.0,96,92,4,66,61,0
MV-96341,Women Card Holders Signature,CHP,Champagne,Leather Goods,Women,Small Leather Goods,Card Holders,MVS,MV Signature,200,20,J347,MV Flagship Tokyo,39150.9,13822.7,47,48690.67,41540.51,14873.91,50,51798.59,103,91,12,96,76,0
MV-16265,Women Chain Belts Signature,ARG,Argent,Leather Goods,Women,Belts,Chain Belts,MVS,MV Signature,200,20,J347,MV Flagship Tokyo,7962.64,2482.94,11,9795.63,6890.15,2264.79,9,8014.61,35,21,14,28,19,0
MV-30644,Men Chain Belts Slim,BRG,Bordeaux,Leather Goods,Men,Belts,Chain Belts,MV,Maison Voss,200,20,J347,MV Flagship Tokyo,10033.69,3268.11,27,11969.09,6728.34,2448.11,20,8866.0,53,35,18,40,29,0
MV-80798,Men Chain Belts Modern,VRT,Vert,Leather Goods,Men,Belts,Chain Belts,MV,Maison Voss,200,20,J347,MV Flagship Tokyo,99783.54,29693.62,108,131413.22,117329.9,43183.28,119,144797.9,253,188,65,245,210,0
MV-69459,Women Rings Signature,CAM,Camel,Accessories,Women,Jewelry,Rings,MV,Maison Voss,200,50,J347,MV Flagship Tokyo,12715.14,3540.49,60,17808.34,11417.54,3289.52,57,16917.92,30,18,12,34,27,0
MV-76132,Unisex Leather Belts Slim,CRM,Creme,Leather Goods,Unisex,Belts,Leather Belts,MV,Maison Voss,200,30,J347,MV Flagship Tokyo,69294.79,21397.57,61,89453.21,50609.9,18946.38,46,67456.52,98,84,14,79,71,0
MV-88366,Men Blazers Classic,NOI,Noir,Ready-to-Wear,Men,Outerwear,Blazers,MV,Maison Voss,200,20,J347,MV Flagship Tokyo,44992.97,13792.29,118,64057.88,38052.59,10205.72,98,53200.62,196,191,5,155,115,0
MV-83975,Unisex Baseball Caps Classic,CRM,Creme,Accessories,Unisex,Hats,Baseball Caps,MVS,MV Signature,200,20,J347,MV Flagship Tokyo,78594.72,23672.01,131,98403.03,56328.23,14616.3,93,69858.64,66,40,26,45,27,0
MV-16895,Women Leather Belts Slim,CRM,Cognac,Leather Goods,Women,Belts,Leather Belts,MV,Maison Voss,200,20,J347,MV Flagship Tokyo,101316.75,27212.88,147,125843.78,109546.61,34417.9,172,147245.79,381,238,143,459,399,0
MV-88366,Men Blazers Classic,SBL,Sable,Ready-to-Wear,Men,Outerwear,Blazers,MV,Maison Voss,200,20,J347,MV Flagship Tokyo,1835.41,592.7,5,2623.51,1383.47,410.13,4,2098.81,11,9,2,8,6,0
MV-59834,Women Skirts,NOI,Noir,Ready-to-Wear,Women,Bottoms,Skirts,MVS,MV Signature,200,20,J347,MV Flagship Tokyo,17014.71,4990.5,46,22878.96,14078.07,5217.13,43,21386.85,52,44,8,51,47,0
MV-26074,Women Fedoras Slim,BEG,Beige,Accessories,Women,Hats,Fedoras,MVS,MV Signature,200,20,J347,MV Flagship Tokyo,40693.38,10548.32,79,53611.82,42102.07,11213.27,79,53611.82,114,90,24,136,113,0
MV-93717,Women Leather Belts Heritage,BEG,Beige,Leather Goods,Women,Belts,Leather Belts,MVS,MV Signature,200,20,J347,MV Flagship Tokyo,28439.6,8628.47,82,40363.66,32016.4,10925.59,89,43809.33,101,98,3,96,82,0
MV-98815,Men Check-In,TRP,Taupe,Leather Goods,Men,Luggage,Check-In,MVS,MV Signature,200,20,J347,MV Flagship Tokyo,25228.02,7600.91,54,33713.45,27816.72,8200.99,64,39956.68,122,105,17,154,99,0
MV-67939,Women Weekender Classic,CRM,Creme,Leather Goods,Women,Luggage,Weekender,MV,Maison Voss,200,20,J347,MV Flagship Tokyo,3962.39,1005.56,10,5127.7,3377.01,885.37,8,4102.16,23,18,5,23,17,0
MV-59015,Unisex Baseball Caps Relaxed,IVR,Ivoire,Accessories,Unisex,Hats,Baseball Caps,MV,Maison Voss,200,70,J347,MV Flagship Tokyo,48654.83,18256.45,93,67100.12,36174.34,11187.24,68,49062.45,117,94,23,72,62,0
MV-40007,Women Tote Bags Modern,BLU,Bleu Marine,Leather Goods,Women,Handbags,Tote Bags,MV,Maison Voss,200,20,J347,MV Flagship Tokyo,80780.5,22341.01,74,120740.02,91224.19,33767.9,78,127266.51,58,42,16,58,38,0
MV-98815,Men Check-In,NVY,Navy,Leather Goods,Men,Luggage,Check-In,MVS,MV Signature,200,20,J347,MV Flagship Tokyo,3621.55,1007.13,5,4865.98,3755.36,1341.23,5,4865.98,18,16,2,23,21,0
MV-46421,Women Knee High Slim,BRG,Bordeaux,Footwear,Women,Boots,Knee High,MVS,MV Signature,200,20,J347,MV Flagship Tokyo,27373.71,9156.14,36,36702.16,33505.19,12287.21,39,39760.67,132,105,27,165,116,0
MV-70258,Men Platform Slim,SBL,Sable,Footwear,Men,Sneakers,Platform,MV,Maison Voss,200,20,J347,MV Flagship Tokyo,6500.67,1672.94,11,8978.44,5281.76,1450.28,9,7346.0,13,11,2,12,10,0
MV-17592,Men Coats Relaxed,GRG,Greige,Ready-to-Wear,Men,Outerwear,Coats,MVS,MV Signature,200,70,J347,MV Flagship Tokyo,14743.85,5200.22,24,18504.82,17213.13,5754.87,27,20817.92,34,21,13,43,33,0
MV-71953,Women Suit Trousers Relaxed,GRG,Greige,Ready-to-Wear,Women,Suits,Suit Trousers,MVS,MV Signature,200,70,J347,MV Flagship Tokyo,235.02,75.82,1,349.72,234.7,74.06,1,349.72,2,1,1,2,1,0
MV-86484,Men Blazers Essential,ARG,Argent,Ready-to-Wear,Men,Suits,Blazers,MV,Maison Voss,200,50,J347,MV Flagship Tokyo,10040.09,3220.78,29,13593.57,7453.42,1987.92,23,10781.11,83,52,31,65,55,0
MV-38903,Men Coats Essential,BLU,Bleu Marine,Ready-to-Wear,Men,Outerwear,Coats,MV,Maison Voss,200,30,J347,MV Flagship Tokyo,21667.35,6769.84,46,29938.1,15848.88,5352.88,36,23429.82,52,35,17,46,29,0
MV-35995,Unisex Check-In Modern,NOI,Noir,Leather Goods,Unisex,Luggage,Check-In,MVS,MV Signature,200,20,J347,MV Flagship Tokyo,19810.11,7400.79,56,25485.44,19078.39,5612.83,56,25485.44,43,37,6,41,25,0
MV-90356,Women Loafers Signature,CAM,Camel,Footwear,Women,Flats,Loafers,MV,Maison Voss,200,20,J347,MV Flagship Tokyo,50000.63,13928.84,63,67184.78,49903.84,16308.71,65,69317.63,51,34,17,59,37,0
MV-43681,Men Low Top Luxe,CRM,Creme,Footwear,Men,Sneakers,Low Top,MV,Maison Voss,200,20,J347,MV Flagship Tokyo,73467.13,25078.4,106,102936.97,60946.67,22063.51,89,86428.21,324,297,27,292,242,0
MV-66349,Women Crossbody Bags Modern,CRM,Cognac,Leather Goods,Women,Handbags,Crossbody Bags,MV,Maison Voss,200,20,J347,MV Flagship Tokyo,11283.45,3810.91,14,14652.69,8858.58,2554.69,10,10466.21,45,37,8,36,22,0
MV-89299,Men Bracelets Luxe,ANT,Anthracite,Accessories,Men,Jewelry,Bracelets,MV,Maison Voss,200,50,J347,MV Flagship Tokyo,3915.35,1466.08,7,4747.32,3688.95,1011.45,7,4747.32,10,8,2,8,7,0
MV-73532,Women Midi Dresses Modern,TAN,Tan,Ready-to-Wear,Women,Dresses,Midi Dresses,MVS,MV Signature,200,20,J347,MV Flagship Tokyo,25059.12,8118.26,111,33874.19,19861.05,5506.23,86,26244.87,191,183,8,164,132,0
MV-33647,Men Coats Heritage,GRG,Greige,Ready-to-Wear,Men,Outerwear,Coats,MVS,MV Signature,200,20,J347,MV Flagship Tokyo,4623.06,1658.3,9,5782.97,3200.32,904.76,7,4497.86,7,4,3,6,5,0
MV-48177,Women Card Holders Essential,CRM,Creme,Leather Goods,Women,Small Leather Goods,Card Holders,MV,Maison Voss,200,20,J347,MV Flagship Tokyo,257703.83,95172.81,215,346855.92,233317.59,80673.41,206,332336.37,697,425,272,587,382,0
MV-80807,Men Ballet Flats Heritage,NVY,Navy,Footwear,Men,Flats,Ballet Flats,MV,Maison Voss,200,20,J347,MV Flagship Tokyo,58464.76,19603.75,108,72615.85,54210.38,17822.85,90,60513.21,268,243,25,269,199,0
MV-80236,Women Coats Slim,TAN,Tan,Ready-to-Wear,Women,Outerwear,Coats,MVS,MV Signature,200,30,J347,MV Flagship Tokyo,16727.55,5396.84,40,20924.74,14903.77,5451.25,41,21447.86,149,115,34,178,172,0
MV-57943,Women Shorts Essential,TRP,Taupe,Ready-to-Wear,Women,Bottoms,Shorts,MV,Maison Voss,200,20,J347,MV Flagship Tokyo,58080.34,18135.79,233,77069.08,49993.05,14186.12,226,74753.7,595,374,221,659,619,0
MV-86556,Women Evening Dresses Classic,TRP,Taupe,Ready-to-Wear,Women,Dresses,Evening Dresses,MV,Maison Voss,200,20,J347,MV Flagship Tokyo,1336.32,403.57,6,1587.94,1274.2,366.67,6,1587.94,7,5,2,8,6,0
MV-20682,Men Loafers Slim,CRM,Creme,Footwear,Men,Flats,Loafers,MVS,MV Signature,200,50,J347,MV Flagship Tokyo,13385.84,3962.41,21,17992.21,13665.6,3488.76,24,20562.52,48,46,2,52,31,0
MV-30730,Men High Top Luxe,SBL,Sable,Footwear,Men,Sneakers,High Top,MV,Maison Voss,200,20,J347,MV Flagship Tokyo,40094.31,13012.4,59,51029.61,35010.28,11938.56,51,44110.34,40,29,11,32,23,0
MV-66349,Women Crossbody Bags Modern,NVY,Navy,Leather Goods,Women,Handbags,Crossbody Bags,MV,Maison Voss,200,70,J347,MV Flagship Tokyo,14291.15,5112.09,25,18018.27,11455.87,3497.61,19,13693.89,41,39,2,28,20,0
MV-65444,Women Berets,TAN,Tan,Accessories,Women,Hats,Berets,MVS,MV Signature,200,20,J347,MV Flagship Tokyo,68181.97,18326.06,154,93274.72,52481.45,15316.1,108,65413.44,166,119,47,125,118,0
MV-70931,Men Chain Belts Essential,CAM,Camel,Leather Goods,Men,Belts,Chain Belts,MVS,MV Signature,200,50,J347,MV Flagship Tokyo,1668.33,581.43,3,2126.33,1206.71,405.2,2,1417.56,6,4,2,5,3,0
MV-95191,Women Coats Signature,BLU,Bleu Marine,Ready-to-Wear,Women,Outerwear,Coats,MV,Maison Voss,200,20,J347,MV Flagship Tokyo,23048.65,5779.78,46,30694.46,26295.74,8868.61,50,33363.55,76,75,1,91,68,0
MV-83975,Unisex Baseball Caps Classic,NVY,Navy,Accessories,Unisex,Hats,Baseball Caps,MVS,MV Signature,200,30,J347,MV Flagship Tokyo,28527.99,7550.69,52,36474.47,29871.28,9911.45,59,41384.49,117,76,41,136,98,0
MV-56019,Men Shorts Slim,TRP,Taupe,Ready-to-Wear,Men,Bottoms,Shorts,MV,Maison Voss,200,20,J347,MV Flagship Tokyo,27205.53,9303.3,62,32264.67,30325.31,8041.97,64,33305.47,197,147,50,165,160,0
MV-30644,Men Chain Belts Slim,CAM,Camel,Leather Goods,Men,Belts,Chain Belts,MV,Maison Voss,200,20,J347,MV Flagship Tokyo,11028.54,3224.35,17,14351.66,11529.74,3658.76,20,16884.31,50,48,2,65,63,0
MV-25396,Women Clutches Slim,ARG,Argent,Leather Goods,Women,Handbags,Clutches,MVS,MV Signature,200,70,J347,MV Flagship Tokyo,25361.66,7849.62,26,35952.31,18340.32,5240.82,18,24890.06,46,42,4,34,32,0
MV-49363,Unisex Cashmere Scarves,CAM,Camel,Accessories,Unisex,Scarves,Cashmere Scarves,MVS,MV Signature,200,20,J347,MV Flagship Tokyo,25939.13,7131.82,108,37345.9,19657.54,6630.38,82,28355.22,303,262,41,209,182,0
MV-44099,Women Trousers Essential,ROG,Rouge,Ready-to-Wear,Women,Bottoms,Trousers,MVS,MV Signature,200,50,J347,MV Flagship Tokyo,4019.75,1089.36,12,5695.79,5023.5,1661.49,14,6645.09,18,16,2,23,19,0
MV-30730,Men High Top Luxe,CHP,Champagne,Footwear,Men,Sneakers,High Top,MV,Maison Voss,200,20,J347,MV Flagship Tokyo,50446.24,17983.24,102,66018.35,46240.79,15330.31,100,64723.87,139,88,51,113,105,0
MV-68529,Men Ankle Boots,BRG,Bordeaux,Footwear,Men,Boots,Ankle Boots,MVS,MV Signature,200,20,J347,MV Flagship Tokyo,37991.27,11149.32,48,52815.1,44501.0,15017.7,57,62717.94,43,42,1,47,38,0
MV-41358,Men Chelsea Boots Heritage,NVY,Navy,Footwear,Men,Boots,Chelsea Boots,MV,Maison Voss,200,20,J347,MV Flagship Tokyo,68648.61,22527.63,84,87777.34,42878.34,15376.51,59,61653.13,160,159,1,122,84,0
MV-82512,Women Shorts Heritage,VRT,Vert,Ready-to-Wear,Women,Bottoms,Shorts,MV,Maison Voss,200,20,J347,MV Flagship Tokyo,23901.41,8780.17,73,30361.73,16897.66,4254.08,57,23707.1,138,108,30,92,56,0
MV-69692,Women Suit Sets Essential,CRM,Cognac,Ready-to-Wear,Women,Suits,Suit Sets,MVS,MV Signature,200,20,J347,MV Flagship Tokyo,5848.58,2189.22,13,6941.78,3723.41,974.81,9,4805.85,37,22,15,25,21,0
MV-49363,Unisex Cashmere Scarves,TRP,Taupe,Accessories,Unisex,Scarves,Cashmere Scarves,MVS,MV Signature,200,20,J347,MV Flagship Tokyo,30209.05,8369.53,49,39301.32,23093.54,6452.36,40,32082.71,98,88,10,82,63,0
MV-16265,Women Chain Belts Signature,TAN,Tan,Leather Goods,Women,Belts,Chain Belts,MVS,MV Signature,200,20,J347,MV Flagship Tokyo,51175.89,15771.3,118,65860.6,43888.4,12244.65,106,59162.92,171,163,8,142,99,0
MV-15014,Women Bracelets Modern,CRM,Cognac,Accessories,Women,Jewelry,Bracelets,MVS,MV Signature,200,70,J347,MV Flagship Tokyo,6132.33,1853.43,33,8286.02,5625.58,1422.08,31,7783.84,81,56,25,76,74,0
MV-79822,Unisex Fedoras Slim,CRM,Creme,Accessories,Unisex,Hats,Fedoras,MV,Maison Voss,200,20,J347,MV Flagship Tokyo,74068.71,27841.13,199,99364.61,88822.45,22374.0,257,128325.15,735,444,291,1035,979,0
MV-35272,Men Check-In Modern,BRG,Bordeaux,Leather Goods,Men,Luggage,Check-In,MV,Maison Voss,200,20,J347,MV Flagship Tokyo,18269.41,5664.69,35,21499.81,22635.67,7055.22,44,27028.34,135,124,11,191,160,0
MV-53064,Men Skirts Slim,TRP,Taupe,Ready-to-Wear,Men,Bottoms,Skirts,MV,Maison Voss,200,20,J347,MV Flagship Tokyo,5575.02,1901.54,9,7642.48,5113.84,1327.28,9,7642.48,26,23,3,31,20,0
MV-49139,Men Wool Scarves Essential,NOI,Noir,Accessories,Men,Scarves,Wool Scarves,MV,Maison Voss,200,20,J347,MV Flagship Tokyo,5165.67,1823.97,28,6801.31,4329.52,1434.56,23,5586.79,78,58,20,60,52,0
MV-58566,Men Leather Belts Relaxed,VRT,Vert,Leather Goods,Men,Belts,Leather Belts,MVS,MV Signature,200,20,J347,MV Flagship Tokyo,90119.11,32984.94,177,112088.82,66814.39,21283.54,131,82958.4,158,134,24,98,61,0
MV-28776,Women Sandals Essential,CAM,Camel,Footwear,Women,Heels,Sandals,MV,Maison Voss,200,20,J347,MV Flagship Tokyo,12157.79,3656.71,22,17051.89,13150.76,3349.28,26,20152.24,43,27,16,56,39,0
MV-43681,Men Low Top Luxe,BEG,Beige,Footwear,Men,Sneakers,Low Top,MV,Maison Voss,200,20,J347,MV Flagship Tokyo,33269.23,12102.19,118,44119.67,37728.75,12066.96,142,53093.16,183,150,33,217,206,0
MV-78146,Men Day Dresses,BLU,Bleu Marine,Ready-to-Wear,Men,Dresses,Day Dresses,MV,Maison Voss,200,20,J347,MV Flagship Tokyo,52502.21,14978.04,124,76541.12,49937.35,14286.87,121,74689.32,226,136,90,194,117,0
MV-26505,Men Leather Belts Relaxed,TRP,Taupe,Leather Goods,Men,Belts,Leather Belts,MV,Maison Voss,200,30,J347,MV Flagship Tokyo,23539.88,6533.63,25,27645.56,17123.04,5968.84,19,21010.63,64,44,20,59,36,0
MV-47512,Men Tops Relaxed,ARG,Argent,Ready-to-Wear,Men,Tops,Tops,MVS,MV Signature,200,20,J347,MV Flagship Tokyo,2942.58,925.27,5,4179.42,3498.88,1144.13,6,5015.3,4,2,2,5,3,0
MV-95918,Women Suit Sets Modern,GRG,Greige,Ready-to-Wear,Women,Suits,Suit Sets,MV,Maison Voss,200,50,J347,MV Flagship Tokyo,16006.7,4774.08,75,19193.08,11977.82,4099.41,56,14330.83,232,140,92,153,121,0
MV-69459,Women Rings Signature,NOI,Noir,Accessories,Women,Jewelry,Rings,MV,Maison Voss,200,70,J347,MV Flagship Tokyo,13373.91,3859.37,21,17486.22,12090.34,4142.26,20,16653.55,15,14,1,17,12,0
MV-78146,Men Day Dresses,ROG,Rouge,Ready-to-Wear,Men,Dresses,Day Dresses,MV,Maison Voss,200,20,J347,MV Flagship Tokyo,53516.1,16460.77,89,72168.19,67637.58,19588.09,109,88385.76,292,285,7,305,260,0
MV-54589,Women Carry-On Slim,IVR,Ivoire,Leather Goods,Women,Luggage,Carry-On,MV,Maison Voss,200,70,J347,MV Flagship Tokyo,30573.32,9268.68,34,36454.18,28118.18,9180.6,33,35382.0,67,52,15,77,54,0
MV-31632,Women Weekender Luxe,SBL,Sable,Leather Goods,Women,Luggage,Weekender,MV,Maison Voss,200,70,J347,MV Flagship Tokyo,14435.94,5088.87,38,16991.09,13422.47,3489.32,36,16096.82,38,34,4,33,22,0
MV-76542,Men Suit Sets Modern,CRM,Cognac,Ready-to-Wear,Men,Suits,Suit Sets,MVS,MV Signature,200,20,J347,MV Flagship Tokyo,54251.87,15609.67,88,77630.71,42039.34,12042.65,66,58223.03,81,56,25,51,47,0
MV-27139,Men Jackets Signature,CHP,Champagne,Ready-to-Wear,Men,Outerwear,Jackets,MVS,MV Signature,200,20,J347,MV Flagship Tokyo,15081.51,3816.18,28,17896.34,19048.22,6732.92,35,22370.42,86,83,3,128,104,0
MV-25043,Men Loafers,CHP,Champagne,Footwear,Men,Flats,Loafers,MVS,MV Signature,200,20,J347,MV Flagship Tokyo,15013.06,5342.31,34,20271.28,12855.82,4570.85,27,16097.78,65,64,1,42,28,0
MV-12128,Women Cat Eye Signature,ROG,Rouge,Accessories,Women,Sunglasses,Cat Eye,MV,Maison Voss,200,30,J347,MV Flagship Tokyo,8975.51,2614.41,27,11213.62,7187.06,2695.38,23,9552.34,57,36,21,40,24,0
MV-22833,Women Midi Dresses Classic,CAM,Camel,Ready-to-Wear,Women,Dresses,Midi Dresses,MVS,MV Signature,200,20,J347,MV Flagship Tokyo,7743.02,1997.28,26,9822.46,5261.79,1956.85,19,7177.95,87,65,22,77,49,0
MV-76249,Men Clutches Luxe,SBL,Sable,Leather Goods,Men,Handbags,Clutches,MV,Maison Voss,200,20,J347,MV Flagship Tokyo,22207.88,5843.57,43,31704.94,30613.21,10507.09,54,39815.5,92,57,35,111,85,0
MV-25396,Women Clutches Slim,BEG,Beige,Leather Goods,Women,Handbags,Clutches,MVS,MV Signature,200,20,J347,MV Flagship Tokyo,112042.63,32107.66,97,155069.73,93822.45,28961.17,83,132688.54,159,106,53,131,128,0
MV-12180,Men High Top Signature,TRP,Taupe,Footwear,Men,Sneakers,High Top,MVS,MV Signature,200,20,J347,MV Flagship Tokyo,8264.76,2548.45,26,10843.15,5613.61,1766.47,19,7923.84,70,60,10,59,56,0
MV-35272,Men Check-In Modern,BEG,Beige,Leather Goods,Men,Luggage,Check-In,MV,Maison Voss,200,50,J347,MV Flagship Tokyo,43085.94,16262.44,43,54351.62,52230.42,17030.19,50,63199.56,75,62,13,78,64,0
MV-94323,Women Round Frames Classic,BRG,Bordeaux,Accessories,Women,Sunglasses,Round Frames,MVS,MV Signature,200,20,J347,MV Flagship Tokyo,33045.42,10702.16,65,40231.62,24604.61,6371.97,50,30947.4,168,143,25,115,93,0
MV-90356,Women Loafers Signature,ROG,Rouge,Footwear,Women,Flats,Loafers,MV,Maison Voss,200,20,J347,MV Flagship Tokyo,4522.17,1254.76,18,5630.3,4450.39,1129.34,19,5943.09,59,49,10,62,59,0
MV-88366,Men Blazers Classic,GRG,Greige,Ready-to-Wear,Men,Outerwear,Blazers,MV,Maison Voss,200,20,J347,MV Flagship Tokyo,11558.96,3854.48,19,14764.33,9948.72,2887.44,18,13987.26,25,18,7,28,27,0
MV-79924,Unisex Blazers Modern,ROG,Rouge,Ready-to-Wear,Unisex,Outerwear,Blazers,MV,Maison Voss,200,20,J347,MV Flagship Tokyo,72457.28,25927.67,158,92134.47,64025.75,19879.22,147,85720.04,525,501,24,454,372,0
MV-12128,Women Cat Eye Signature,CHP,Champagne,Accessories,Women,Sunglasses,Cat Eye,MV,Maison Voss,200,50,J347,MV Flagship Tokyo,20343.68,5803.26,75,28638.92,16035.59,5128.16,59,22529.29,239,159,80,215,137,0
MV-32527,Women Mules Luxe,VRT,Vert,Footwear,Women,Heels,Mules,MV,Maison Voss,200,50,J347,MV Flagship Tokyo,39091.38,10600.41,50,55031.79,29406.92,9701.15,35,38522.25,192,147,45,140,102,0
MV-12671,Men Ballet Flats Slim,NOI,Noir,Footwear,Men,Flats,Ballet Flats,MVS,MV Signature,200,20,J347,MV Flagship Tokyo,27547.73,8459.34,61,37038.65,23858.8,6627.5,53,32181.12,165,99,66,139,118,0
MV-96760,Women Blouses Signature,NVY,Navy,Ready-to-Wear,Women,Tops,Blouses,MV,Maison Voss,200,20,J347,MV Flagship Tokyo,617.45,176.43,1,824.46,689.93,254.79,1,824.46,1,0,1,0,0,0
MV-70258,Men Platform Slim,SBL,Sable,Footwear,Men,Sneakers,Platform,MV,Maison Voss,200,20,J347,MV Flagship Tokyo,45969.16,14533.9,56,58246.75,59873.44,20488.91,68,70728.2,46,37,9,45,44,0
MV-20328,Men Clutches,CRM,Creme,Leather Goods,Men,Handbags,Clutches,MVS,MV Signature,200,50,J347,MV Flagship Tokyo,48442.79,15060.07,41,62682.34,50961.24,14706.08,46,70326.53,27,20,7,26,21,0
MV-99381,Women Fedoras Signature,NVY,Navy,Accessories,Women,Hats,Fedoras,MVS,MV Signature,200,50,J347,MV Flagship Tokyo,11280.09,3915.48,46,14179.27,8154.29,2200.94,32,9863.84,60,43,17,38,35,0
MV-59672,Women Shoulder Bags Classic,ARG,Argent,Leather Goods,Women,Handbags,Shoulder Bags,MV,Maison Voss,200,50,J347,MV Flagship Tokyo,14466.59,4814.25,26,20162.17,12165.38,3655.3,25,19386.7,31,21,10,24,17,0
MV-49472,Men Square Frames Modern,TAN,Tan,Accessories,Men,Sunglasses,Square Frames,MV,Maison Voss,200,20,J347,MV Flagship Tokyo,1609.76,412.68,4,1996.5,1181.98,353.49,3,1497.38,10,6,4,9,7,0
MV-54089,Unisex Blazers,TAN,Tan,Ready-to-Wear,Unisex,Outerwear,Blazers,MVS,MV Signature,200,50,J347,MV Flagship Tokyo,6940.2,2180.59,12,8396.91,4742.24,1791.0,8,5597.94,24,20,4,18,11,0
MV-56346,Women Clutches Essential,NVY,Navy,Leather Goods,Women,Handbags,Clutches,MV,Maison Voss,200,20,J347,MV Flagship Tokyo,178601.45,56340.32,176,254955.09,132485.52,38275.2,138,199907.97,312,277,35,205,197,0
MV-77033,Women Weekender Modern,CRM,Creme,Leather Goods,Women,Luggage,Weekender,MVS,MV Signature,200,50,J347,MV Flagship Tokyo,31226.87,10320.93,30,46071.51,33023.67,9032.66,34,52214.38,108,86,22,134,86,0
MV-47512,Men Tops Relaxed,CHP,Champagne,Ready-to-Wear,Men,Tops,Tops,MVS,MV Signature,200,20,J347,MV Flagship Tokyo,19847.78,5698.14,36,23089.77,16214.82,4198.32,29,18600.09,93,81,12,68,46,0
MV-91830,Women Bracelets,CHP,Champagne,Accessories,Women,Jewelry,Bracelets,MV,Maison Voss,200,70,J347,MV Flagship Tokyo,1292.46,460.82,3,1816.62,1259.07,435.22,3,1816.62,6,4,2,7,4,0
MV-31632,Women Weekender Luxe,ROG,Rouge,Leather Goods,Women,Luggage,Weekender,MV,Maison Voss,200,20,J347,MV Flagship Tokyo,1364.51,464.29,2,1704.83,1453.95,511.66,2,1704.83,7,5,2,10,8,0
MV-59391,Women Weekender Signature,NVY,Navy,Leather Goods,Women,Luggage,Weekender,MVS,MV Signature,200,30,J347,MV Flagship Tokyo,67095.14,19793.23,74,91260.92,53258.16,19926.82,53,65362.55,94,76,18,55,46,0
MV-15958,Men Pumps Heritage,NVY,Navy,Footwear,Men,Heels,Pumps,MVS,MV Signature,200,20,J347,MV Flagship Tokyo,19586.93,5435.92,45,24173.06,19643.4,6778.53,46,24710.23,37,26,11,39,34,0
MV-52415,Men Jeans Relaxed,BLU,Bleu Marine,Ready-to-Wear,Men,Bottoms,Jeans,MV,Maison Voss,200,20,J347,MV Flagship Tokyo,14950.51,5664.27,41,20362.81,10661.68,3691.94,30,14899.61,72,61,11,62,56,0
MV-51441,Women Jackets Modern,BEG,Beige,Ready-to-Wear,Women,Outerwear,Jackets,MVS,MV Signature,200,20,J347,MV Flagship Tokyo,9371.81,2954.31,16,10782.36,6381.95,1644.59,12,8086.77,50,48,2,33,29,0
MV-42541,Women Blazers Slim,ROG,Rouge,Ready-to-Wear,Women,Suits,Blazers,MVS,MV Signature,200,20,J347,MV Flagship Tokyo,38327.9,13019.11,80,48387.05,29897.14,9642.38,66,39919.31,149,145,4,105,89,0
MV-63843,Women Midi Dresses Essential,BEG,Beige,Ready-to-Wear,Women,Dresses,Midi Dresses,MVS,MV Signature,200,30,J347,MV Flagship Tokyo,2469.25,760.18,10,3331.58,2675.95,864.44,12,3997.89,24,19,5,33,27,0
MV-52487,Men Mini Bags Luxe,TRP,Taupe,Leather Goods,Men,Handbags,Mini Bags,MV,Maison Voss,200,70,J347,MV Flagship Tokyo,4758.4,1287.32,12,6010.64,3267.11,869.69,9,4507.98,47,37,10,46,29,0
MV-20350,Women Card Holders Essential,ECR,Ecru,Leather Goods,Women,Small Leather Goods,Card Holders,MVS,MV Signature,200,30,J347,MV Flagship Tokyo,25087.36,7113.79,36,29242.29,19845.88,5396.86,29,23556.29,37,22,15,32,24,0
MV-44959,Women Blazers Modern,GRG,Greige,Ready-to-Wear,Women,Outerwear,Blazers,MVS,MV Signature,200,30,J347,MV Flagship Tokyo,12420.55,3148.98,19,17384.81,9542.13,2827.97,15,13724.85,60,46,14,53,49,0
MV-40007,Women Tote Bags Modern,BEG,Beige,Leather Goods,Women,Handbags,Tote Bags,MV,Maison Voss,200,20,J347,MV Flagship Tokyo,15787.14,5018.25,16,19650.9,19246.8,7108.46,20,24563.63,19,11,8,25,22,0
MV-49251,Men Slides Classic,ECR,Ecru,Footwear,Men,Flats,Slides,MV,Maison Voss,200,50,J347,MV Flagship Tokyo,31241.81,9064.76,60,44507.75,26277.47,7429.75,53,39315.18,61,53,8,63,54,0
MV-99173,Women Card Holders Modern,SBL,Sable,Leather Goods,Women,Small Leather Goods,Card Holders,MV,Maison Voss,200,20,J347,MV Flagship Tokyo,39325.26,10115.32,61,56559.41,28925.04,8189.49,46,42651.36,188,177,11,125,94,0
MV-13396,Women Wallets Slim,RSE,Rose Poudre,Leather Goods,Women,Small Leather Goods,Wallets,MVS,MV Signature,200,70,J347,MV Flagship Tokyo,63943.08,23061.65,102,92218.72,64050.29,19407.16,100,90410.51,51,50,1,50,32,0
MV-54657,Women Evening Dresses Slim,GRG,Greige,Ready-to-Wear,Women,Dresses,Evening Dresses,MV,Maison Voss,200,20,J347,MV Flagship Tokyo,16901.88,5841.56,31,23907.13,19351.44,6277.94,38,29305.51,22,20,2,26,15,0
MV-67104,Men Sandals Essential,NOI,Noir,Footwear,Men,Heels,Sandals,MV,Maison Voss,200,30,J347,MV Flagship Tokyo,1132.02,311.2,4,1469.61,1188.64,401.98,4,1469.61,11,8,3,14,10,0
MV-94058,Women Chain Belts,CRM,Creme,Leather Goods,Women,Belts,Chain Belts,MVS,MV Signature,200,20,J347,MV Flagship Tokyo,15629.92,4311.89,18,19212.15,14214.53,5367.99,16,17077.47,64,60,4,50,42,0
MV-26299,Men High Top Luxe,BEG,Beige,Footwear,Men,Sneakers,High Top,MVS,MV Signature,200,20,J347,MV Flagship Tokyo,84562.23,22445.13,229,112258.87,86213.19,25023.18,246,120592.5,316,200,116,320,268,0
MV-45986,Women Chain Belts Classic,CRM,Cognac,Leather Goods,Women,Belts,Chain Belts,MV,Maison Voss,200,20,J347,MV Flagship Tokyo,46895.84,14985.31,53,60099.9,61979.02,19465.56,63,71439.5,189,173,16,198,184,0
MV-69829,Men Ballet Flats Slim,CRM,Creme,Footwear,Men,Flats,Ballet Flats,MV,Maison Voss,200,50,J347,MV Flagship Tokyo,18795.87,6465.47,72,22945.96,21466.43,7084.94,85,27088.99,49,40,9,67,63,0
MV-57052,Men Day Dresses Signature,ARG,Argent,Ready-to-Wear,Men,Dresses,Day Dresses,MV,Maison Voss,200,20,J347,MV Flagship Tokyo,438.8,130.86,1,628.3,0.0,0.0,0,0.0,1,0,1,0,0,0
MV-62772,Men Tote Bags Signature,CHP,Champagne,Leather Goods,Men,Handbags,Tote Bags,MV,Maison Voss,200,20,J347,MV Flagship Tokyo,19630.53,6459.82,42,25499.28,25103.57,6329.0,51,30963.42,22,20,2,32,21,0
MV-26912,Men Suit Sets Essential,ECR,Ecru,Ready-to-Wear,Men,Suits,Suit Sets,MVS,MV Signature,200,20,J347,MV Flagship Tokyo,1345.73,395.7,2,1726.27,1473.34,451.6,2,1726.27,2,1,1,1,0,0
MV-13396,Women Wallets Slim,NOI,Noir,Leather Goods,Women,Small Leather Goods,Wallets,MVS,MV Signature,200,20,J347,MV Flagship Tokyo,53825.21,14307.15,49,74361.99,53191.16,17996.55,49,74361.99,72,48,24,74,44,0
MV-47243,Men Boots Heritage,CHP,Champagne,Footwear,Men,Heels,Boots,MV,Maison Voss,200,50,J347,MV Flagship Tokyo,116157.01,33806.89,148,142908.89,92300.19,33467.5,121,116837.67,401,267,134,275,253,0
MV-78614,Women Trousers Signature,BRG,Bordeaux,Ready-to-Wear,Women,Bottoms,Trousers,MV,Maison Voss,200,70,J347,MV Flagship Tokyo,115753.87,39526.41,202,144795.22,130274.24,42987.11,208,149096.07,142,97,45,126,89,0
MV-82512,Women Shorts Heritage,BRG,Bordeaux,Ready-to-Wear,Women,Bottoms,Shorts,MV,Maison Voss,200,50,J347,MV Flagship Tokyo,19600.79,6915.22,45,27278.01,15644.35,5704.58,34,20610.05,35,28,7,31,19,0
MV-68138,Women Tops Modern,RSE,Rose Poudre,Ready-to-Wear,Women,Tops,Tops,MV,Maison Voss,200,70,J347,MV Flagship Tokyo,21770.63,7523.97,35,28928.69,20908.74,7843.92,36,29755.22,137,89,48,133,108,0
MV-69446,Unisex Evening Dresses Modern,ROG,Rouge,Ready-to-Wear,Unisex,Dresses,Evening Dresses,MV,Maison Voss,200,20,J347,MV Flagship Tokyo,91623.7,33290.36,170,134904.67,127414.7,35274.02,216,171408.28,365,227,138,454,382,0
MV-10336,Men Blazers Heritage,GRG,Greige,Ready-to-Wear,Men,Suits,Blazers,MV,Maison Voss,200,20,J347,MV Flagship Tokyo,18440.39,4961.6,65,24070.01,17547.75,4820.4,69,25551.24,142,129,13,156,112,0
MV-56019,Men Shorts Slim,SBL,Sable,Ready-to-Wear,Men,Bottoms,Shorts,MV,Maison Voss,200,20,J347,MV Flagship Tokyo,1132.0,370.03,3,1569.24,1197.47,320.04,3,1569.24,9,6,3,10,7,0
MV-70931,Men Chain Belts Essential,BLU,Bleu Marine,Leather Goods,Men,Belts,Chain Belts,MVS,MV Signature,200,20,J347,MV Flagship Tokyo,38482.07,11015.14,36,56438.64,29056.7,10718.51,28,43896.72,102,89,13,82,53,0
MV-69829,Men Ballet Flats Slim,ANT,Anthracite,Footwear,Men,Flats,Ballet Flats,MV,Maison Voss,200,20,J347,MV Flagship Tokyo,7536.87,2354.85,16,9224.23,5357.67,1882.35,12,6918.17,22,20,2,16,15,0
MV-68838,Men Suit Trousers Signature,ROG,Rouge,Ready-to-Wear,Men,Suits,Suit Trousers,MV,Maison Voss,200,20,J347,MV Flagship Tokyo,7375.24,2684.99,37,10887.05,6232.65,1597.29,28,8238.85,46,29,17,41,35,0
MV-42541,Women Blazers Slim,CRM,Creme,Ready-to-Wear,Women,Suits,Blazers,MVS,MV Signature,200,70,J347,MV Flagship Tokyo,10022.49,2714.62,35,13937.85,7641.61,2675.19,28,11150.28,81,77,4,56,40,0
MV-42087,Men Slides Slim,BRG,Bordeaux,Footwear,Men,Flats,Slides,MV,Maison Voss,200,70,J347,MV Flagship Tokyo,18289.58,6076.39,51,24067.64,12270.91,4183.82,36,16988.92,151,113,38,119,77,0
MV-70931,Men Chain Belts Essential,GRG,Greige,Leather Goods,Men,Belts,Chain Belts,MVS,MV Signature,200,20,J347,MV Flagship Tokyo,14168.48,5023.69,25,19085.52,12303.99,4226.85,24,18322.1,25,22,3,21,17,0
MV-37535,Men Shirts Relaxed,BRG,Bordeaux,Ready-to-Wear,Men,Tops,Shirts,MVS,MV Signature,200,20,J347,MV Flagship Tokyo,2028.23,674.05,10,2734.88,2123.76,773.81,10,2734.88,9,6,3,8,5,0
MV-76263,Women High Top Essential,ARG,Argent,Footwear,Women,Sneakers,High Top,MV,Maison Voss,200,20,J347,MV Flagship Tokyo,24878.54,7326.42,41,33985.16,29812.79,9504.34,48,39787.5,143,111,32,154,134,0
MV-80143,Men Knitwear Classic,ECR,Ecru,Ready-to-Wear,Men,Tops,Knitwear,MVS,MV Signature,200,20,J347,MV Flagship Tokyo,49336.57,15793.55,103,65358.54,50553.37,17452.01,109,69165.83,148,105,43,180,139,0
MV-65851,Women Midi Dresses Slim,CRM,Cognac,Ready-to-Wear,Women,Dresses,Midi Dresses,MV,Maison Voss,200,50,J347,MV Flagship Tokyo,31063.11,8295.05,63,38227.09,36909.22,13393.46,77,46722.0,151,134,17,220,167,0
MV-44335,Women Slides Slim,CAM,Camel,Footwear,Women,Flats,Slides,MV,Maison Voss,200,50,J347,MV Flagship Tokyo,19937.82,6425.79,24,25505.53,15449.28,4173.29,21,22317.34,47,30,17,34,29,0
MV-25043,Men Loafers,ARG,Argent,Footwear,Men,Flats,Loafers,MVS,MV Signature,200,20,J347,MV Flagship Tokyo,74131.82,25147.92,160,88253.97,91017.17,24626.02,202,111420.64,512,398,114,563,342,0
MV-96341,Women Card Holders Signature,ECR,Ecru,Leather Goods,Women,Small Leather Goods,Card Holders,MVS,MV Signature,200,20,J347,MV Flagship Tokyo,146037.12,55186.85,142,201576.92,186734.92,48474.69,183,259778.71,457,391,66,561,526,0
MV-36318,Women Ankle Boots Slim,NVY,Navy,Footwear,Women,Boots,Ankle Boots,MV,Maison Voss,200,20,J347,MV Flagship Tokyo,7337.47,2086.02,13,9259.5,6440.63,2074.75,12,8547.23,19,12,7,16,15,0
MV-46559,Men Ballet Flats Luxe,CRM,Creme,Footwear,Men,Flats,Ballet Flats,MV,Maison Voss,200,30,J347,MV Flagship Tokyo,618.48,172.31,2,803.39,290.83,83.43,1,401.7,4,3,1,4,3,0
MV-89299,Men Bracelets Luxe,CRM,Cognac,Accessories,Men,Jewelry,Bracelets,MV,Maison Voss,200,50,J347,MV Flagship Tokyo,25200.36,7511.49,79,34636.91,19675.81,6533.38,70,30690.93,154,134,20,140,130,0
MV-79329,Men Suit Trousers Classic,TRP,Taupe,Ready-to-Wear,Men,Suits,Suit Trousers,MVS,MV Signature,200,20,J347,MV Flagship Tokyo,35092.88,12954.42,103,43669.36,38364.5,12371.56,114,48333.08,231,169,62,268,218,0
MV-66349,Women Crossbody Bags Modern,TAN,Tan,Leather Goods,Women,Handbags,Crossbody Bags,MV,Maison Voss,200,20,J347,MV Flagship Tokyo,126419.73,36778.32,201,147295.75,99827.83,34841.74,178,130441.02,554,507,47,398,283,0
MV-35203,Men Blazers Modern,CRM,Creme,Ready-to-Wear,Men,Outerwear,Blazers,MVS,MV Signature,200,70,J347,MV Flagship Tokyo,29737.24,8127.0,129,36997.87,37066.25,10616.23,153,43881.19,182,179,3,192,162,0
MV-53228,Women Shoulder Bags Essential,VRT,Vert,Leather Goods,Women,Handbags,Shoulder Bags,MV,Maison Voss,200,20,J347,MV Flagship Tokyo,21853.77,7012.34,53,29339.56,30048.55,10378.92,64,35428.9,179,163,16,217,190,0
MV-91830,Women Bracelets,CRM,Cognac,Accessories,Women,Jewelry,Bracelets,MV,Maison Voss,200,20,J347,MV Flagship Tokyo,8358.47,2972.87,44,10067.77,9311.64,3423.02,54,12355.9,154,122,32,212,168,0
MV-83975,Unisex Baseball Caps Classic,ANT,Anthracite,Accessories,Unisex,Hats,Baseball Caps,MVS,MV Signature,200,20,J347,MV Flagship Tokyo,370.11,101.87,1,533.72,0.0,0.0,0,0.0,0,0,0,0,0,0
MV-69829,Men Ballet Flats Slim,ANT,Anthracite,Footwear,Men,Flats,Ballet Flats,MV,Maison Voss,200,20,J347,MV Flagship Tokyo,4057.89,1514.72,16,5267.95,4829.52,1577.31,19,6255.69,39,38,1,44,30,0
MV-62044,Women Low Top Classic,CAM,Camel,Footwear,Women,Sneakers,Low Top,MVS,MV Signature,200,20,J347,MV Flagship Tokyo,17746.72,5542.38,36,24094.07,13833.95,4700.26,26,17401.27,45,42,3,35,30,0
MV-12671,Men Ballet Flats Slim,TRP,Taupe,Footwear,Men,Flats,Ballet Flats,MVS,MV Signature,200,20,J347,MV Flagship Tokyo,49703.14,14751.76,58,60994.79,36927.89,12817.96,44,46271.91,176,116,60,138,93,0
MV-76542,Men Suit Sets Modern,IVR,Ivoire,Ready-to-Wear,Men,Suits,Suit Sets,MVS,MV Signature,200,20,J347,MV Flagship Tokyo,16240.98,4625.48,47,21374.17,21999.42,8011.1,56,25467.1,35,30,5,35,27,0
MV-83975,Unisex Baseball Caps Classic,ECR,Ecru,Accessories,Unisex,Hats,Baseball Caps,MVS,MV Signature,200,20,J347,MV Flagship Tokyo,47002.43,15439.68,79,61264.69,45707.8,11516.0,71,55060.67,101,72,29,100,88,0
MV-96761,Men Jackets Essential,CRM,Cognac,Ready-to-Wear,Men,Outerwear,Jackets,MVS,MV Signature,200,20,J347,MV Flagship Tokyo,7497.86,1903.52,19,9775.73,5766.97,1777.27,16,8232.2,64,62,2,64,59,0
MV-20350,Women Card Holders Essential,CAM,Camel,Leather Goods,Women,Small Leather Goods,Card Holders,MVS,MV Signature,200,50,J347,MV Flagship Tokyo,15205.83,3931.48,48,19883.34,16822.34,4449.33,50,20711.81,45,37,8,45,32,0
MV-26074,Women Fedoras Slim,BEG,Beige,Accessories,Women,Hats,Fedoras,MVS,MV Signature,200,30,J347,MV Flagship Tokyo,1159.31,294.23,5,1623.1,1046.01,291.23,5,1623.1,8,6,2,7,5,0
MV-10336,Men Blazers Heritage,BEG,Beige,Ready-to-Wear,Men,Suits,Blazers,MV,Maison Voss,200,50,J347,MV Flagship Tokyo,21014.51,6433.21,31,26688.05,18954.41,5508.83,27,23244.43,24,16,8,22,18,0
MV-95918,Women Suit Sets Modern,ARG,Argent,Ready-to-Wear,Women,Suits,Suit Sets,MV,Maison Voss,200,20,J347,MV Flagship Tokyo,35952.75,9733.58,81,51383.47,44289.97,14374.5,99,62802.01,196,135,61,192,168,0
MV-36318,Women Ankle Boots Slim,GRG,Greige,Footwear,Women,Boots,Ankle Boots,MV,Maison Voss,200,20,J347,MV Flagship Tokyo,43946.79,13451.96,69,57102.51,36873.89,10005.41,65,53792.22,120,107,13,106,74,0
MV-12180,Men High Top Signature,BLU,Bleu Marine,Footwear,Men,Sneakers,High Top,MVS,MV Signature,200,20,J347,MV Flagship Tokyo,159305.94,60117.22,273,227115.92,147914.7,38861.3,231,192175.01,382,378,4,275,259,0
MV-53655,Women Leather Belts Slim,ANT,Anthracite,Leather Goods,Women,Belts,Leather Belts,MV,Maison Voss,200,20,J347,MV Flagship Tokyo,20022.54,7246.87,19,29569.0,18914.12,6625.98,16,24900.21,19,15,4,14,11,0
MV-35272,Men Check-In Modern,BEG,Beige,Leather Goods,Men,Luggage,Check-In,MV,Maison Voss,200,50,J347,MV Flagship Tokyo,29780.55,8995.73,40,42182.02,37869.08,10642.81,46,48509.32,61,52,9,75,67,0
MV-57943,Women Shorts Essential,NVY,Navy,Ready-to-Wear,Women,Bottoms,Shorts,MV,Maison Voss,200,20,J347,MV Flagship Tokyo,13009.65,3719.59,23,18250.0,16852.35,5653.68,29,23010.87,88,74,14,113,73,0
MV-13761,Women Evening Dresses Luxe,BEG,Beige,Ready-to-Wear,Women,Dresses,Evening Dresses,MVS,MV Signature,200,70,J347,MV Flagship Tokyo,18622.05,4974.72,34,22183.48,17447.33,5932.56,35,22835.93,71,45,26,87,63,0
MV-20543,Men Check-In Classic,CAM,Camel,Leather Goods,Men,Luggage,Check-In,MVS,MV Signature,200,20,J347,MV Flagship Tokyo,103118.09,27297.98,114,145603.19,114487.05,36782.89,115,146880.41,128,78,50,139,99,0
MV-67939,Women Weekender Classic,NOI,Noir,Leather Goods,Women,Luggage,Weekender,MV,Maison Voss,200,20,J347,MV Flagship Tokyo,28077.39,7434.2,67,39283.46,28966.92,9329.53,71,41628.75,130,108,22,130,120,0
MV-28714,Men Trousers Luxe,ROG,Rouge,Ready-to-Wear,Men,Bottoms,Trousers,MV,Maison Voss,200,20,J347,MV Flagship Tokyo,27906.21,8461.92,125,34477.9,26698.52,7640.25,114,31443.84,471,358,113,450,343,0
MV-76237,Women Skirts Classic,BEG,Beige,Ready-to-Wear,Women,Bottoms,Skirts,MV,Maison Voss,200,20,J347,MV Flagship Tokyo,4341.49,1490.69,13,5305.46,3900.33,1183.37,12,4897.34,6,4,2,5,3,0
MV-12665,Women Suit Trousers Essential,ECR,Ecru,Ready-to-Wear,Women,Suits,Suit Trousers,MV,Maison Voss,200,20,J347,MV Flagship Tokyo,37443.66,10835.08,121,53209.88,46752.2,17533.87,142,62444.65,278,271,7,291,201,0
MV-47880,Women Shorts Relaxed,NOI,Noir,Ready-to-Wear,Women,Bottoms,Shorts,MV,Maison Voss,200,20,J347,MV Flagship Tokyo,1076.22,392.45,3,1325.67,987.9,357.96,3,1325.67,5,4,1,5,4,0
MV-30257,Women Weekender Relaxed,ROG,Rouge,Leather Goods,Women,Luggage,Weekender,MV,Maison Voss,200,50,J347,MV Flagship Tokyo,97242.27,32005.56,128,121618.9,105054.26,35656.01,157,149173.18,461,395,66,539,533,0
MV-88366,Men Blazers Classic,ANT,Anthracite,Ready-to-Wear,Men,Outerwear,Blazers,MV,Maison Voss,200,20,J347,MV Flagship Tokyo,15684.51,5764.67,23,22398.89,11813.17,4277.08,17,16555.7,77,67,10,49,30,0
MV-35203,Men Blazers Modern,CRM,Creme,Ready-to-Wear,Men,Outerwear,Blazers,MVS,MV Signature,200,20,J347,MV Flagship Tokyo,10797.45,2947.65,22,14089.2,13772.98,4696.48,26,16650.87,85,68,17,110,80,0
MV-58434,Women Shoulder Bags Heritage,RSE,Rose Poudre,Leather Goods,Women,Handbags,Shoulder Bags,MV,Maison Voss,200,20,J347,MV Flagship Tokyo,29122.05,7404.27,42,40951.9,26450.37,7443.36,37,36076.67,85,83,2,63,40,0
MV-15014,Women Bracelets Modern,BEG,Beige,Accessories,Women,Jewelry,Bracelets,MVS,MV Signature,200,70,J347,MV Flagship Tokyo,82383.46,21906.86,165,113006.24,109581.81,32728.56,214,146565.67,218,142,76,271,174,0
MV-11214,Men Coats Heritage,CRM,Cognac,Ready-to-Wear,Men,Outerwear,Coats,MVS,MV Signature,200,20,J347,MV Flagship Tokyo,1164.62,428.59,2,1531.34,1218.14,349.9,2,1531.34,2,1,1,2,1,0
MV-78955,Women Pouches Modern,BRG,Bordeaux,Leather Goods,Women,Small Leather Goods,Pouches,MV,Maison Voss,200,20,J347,MV Flagship Tokyo,11699.23,3299.46,25,15851.47,13486.25,3827.08,28,17753.65,57,38,19,74,73,0
MV-54313,Women Wallets Classic,ECR,Ecru,Leather Goods,Women,Small Leather Goods,Wallets,MV,Maison Voss,200,50,J347,MV Flagship Tokyo,113924.24,31269.82,113,164888.58,137939.12,45724.76,142,207205.12,399,268,131,521,379,0
MV-17331,Women Key Holders Relaxed,TAN,Tan,Leather Goods,Women,Small Leather Goods,Key Holders,MVS,MV Signature,200,20,J347,MV Flagship Tokyo,25775.87,6713.3,29,36204.83,27187.63,9399.1,34,42447.04,95,91,4,120,90,0
MV-16895,Women Leather Belts Slim,CHP,Champagne,Leather Goods,Women,Belts,Leather Belts,MV,Maison Voss,200,50,J347,MV Flagship Tokyo,6072.49,2249.23,13,8817.21,6015.77,2201.18,12,8138.97,8,7,1,6,4,0
MV-94058,Women Chain Belts,ECR,Ecru,Leather Goods,Women,Belts,Chain Belts,MVS,MV Signature,200,20,J347,MV Flagship Tokyo,33749.27,12818.63,32,41918.03,36040.61,10494.23,32,41918.03,85,83,2,71,42,0
MV-95191,Women Coats Signature,TRP,Taupe,Ready-to-Wear,Women,Outerwear,Coats,MV,Maison Voss,200,30,J347,MV Flagship Tokyo,9545.69,3121.53,28,12818.64,7588.69,2238.06,21,9613.98,89,85,4,63,48,0
MV-44687,Men Card Holders Modern,IVR,Ivoire,Leather Goods,Men,Small Leather Goods,Card Holders,MVS,MV Signature,200,20,J347,MV Flagship Tokyo,53701.7,16695.92,144,74119.39,34344.01,9041.19,101,51986.51,269,206,63,189,137,0
MV-99181,Women Blazers Modern,GRG,Greige,Ready-to-Wear,Women,Outerwear,Blazers,MVS,MV Signature,200,50,J347,MV Flagship Tokyo,46740.02,15929.11,84,66597.9,53019.03,15976.28,95,75319.05,310,274,36,420,257,0
MV-63225,Unisex Key Holders,BEG,Beige,Leather Goods,Unisex,Small Leather Goods,Key Holders,MVS,MV Signature,200,70,J347,MV Flagship Tokyo,19001.71,5502.41,41,25307.91,13369.04,4388.74,30,18517.99,78,60,18,67,55,0
MV-46559,Men Ballet Flats Luxe,ANT,Anthracite,Footwear,Men,Flats,Ballet Flats,MV,Maison Voss,200,20,J347,MV Flagship Tokyo,160403.59,54212.18,261,205658.56,143944.26,46600.11,215,169412.22,702,532,170,500,414,0
MV-53228,Women Shoulder Bags Essential,SBL,Sable,Leather Goods,Women,Handbags,Shoulder Bags,MV,Maison Voss,200,20,J347,MV Flagship Tokyo,22051.62,7371.51,36,30575.78,25711.92,9428.18,41,34822.42,115,91,24,125,117,0
MV-99224,Men Day Dresses Relaxed,ROG,Rouge,Ready-to-Wear,Men,Dresses,Day Dresses,MVS,MV Signature,200,20,J347,MV Flagship Tokyo,662.91,176.16,3,857.75,622.49,212.81,3,857.75,11,7,4,12,9,0
MV-68929,Women Crossbody Bags Relaxed,BRG,Bordeaux,Leather Goods,Women,Handbags,Crossbody Bags,MV,Maison Voss,200,50,J347,MV Flagship Tokyo,20281.7,6072.32,17,23654.16,18591.95,7003.04,17,23654.16,41,25,16,41,25,0
MV-29597,Women Leather Belts,TRP,Taupe,Leather Goods,Women,Belts,Leather Belts,MV,Maison Voss,200,20,J347,MV Flagship Tokyo,15138.14,5266.38,33,20640.13,15435.33,3941.71,30,18763.75,33,28,5,26,19,0
MV-71537,Women Trousers Heritage,CRM,Creme,Ready-to-Wear,Women,Bottoms,Trousers,MVS,MV Signature,200,20,J347,MV Flagship Tokyo,3473.07,910.95,10,4481.33,3813.31,1423.25,10,4481.33,39,37,2,34,32,0
MV-33509,Unisex Fedoras Signature,TRP,Taupe,Accessories,Unisex,Hats,Fedoras,MVS,MV Signature,200,50,J347,MV Flagship Tokyo,79976.4,30360.28,172,102164.76,99383.89,28256.25,222,131863.82,350,286,64,480,466,0
MV-85914,Women Wallets,ARG,Argent,Leather Goods,Women,Small Leather Goods,Wallets,MV,Maison Voss,200,20,J347,MV Flagship Tokyo,45227.66,12308.39,85,57202.45,32430.56,9253.38,62,41724.14,92,80,12,56,35,0
MV-96200,Women Suit Sets,VRT,Vert,Ready-to-Wear,Women,Suits,Suit Sets,MVS,MV Signature,200,70,J347,MV Flagship Tokyo,9720.6,3599.72,18,12576.02,12322.64,3121.56,22,15370.7,23,18,5,30,26,0
MV-70648,Women Tops,ECR,Ecru,Ready-to-Wear,Women,Tops,Tops,MV,Maison Voss,200,50,J347,MV Flagship Tokyo,32612.94,12149.39,52,44960.09,26635.65,7725.9,45,38907.77,176,108,68,157,106,0
MV-20543,Men Check-In Classic,CHP,Champagne,Leather Goods,Men,Luggage,Check-In,MVS,MV Signature,200,70,J347,MV Flagship Tokyo,62689.63,18497.24,74,86968.72,55491.1,14974.69,61,71690.43,269,267,2,249,192,0
MV-31581,Men Key Holders Slim,ECR,Ecru,Leather Goods,Men,Small Leather Goods,Key Holders,MVS,MV Signature,200,20,J347,MV Flagship Tokyo,155320.71,42004.25,166,224595.94,142547.49,39074.96,162,219183.99,447,350,97,364,356,0
MV-59015,Unisex Baseball Caps Relaxed,CRM,Creme,Accessories,Unisex,Hats,Baseball Caps,MV,Maison Voss,200,20,J347,MV Flagship Tokyo,73046.67,27013.9,125,87045.0,70122.39,23437.67,120,83563.2,187,134,53,187,147,0
MV-27892,Men Suit Trousers Modern,GRG,Greige,Ready-to-Wear,Men,Suits,Suit Trousers,MV,Maison Voss,200,20,J347,MV Flagship Tokyo,16443.6,4420.88,42,23385.47,18778.18,5689.75,42,23385.47,144,118,26,121,99,0
MV-96760,Women Blouses Signature,CHP,Champagne,Ready-to-Wear,Women,Tops,Blouses,MV,Maison Voss,200,20,J347,MV Flagship Tokyo,18498.23,6640.72,87,23332.05,15047.03,5527.09,78,20918.39,66,50,16,65,54,0
MV-76263,Women High Top Essential,BRG,Bordeaux,Footwear,Women,Sneakers,High Top,MV,Maison Voss,200,50,J347,MV Flagship Tokyo,35969.92,12249.67,48,50910.79,34281.45,10896.17,44,46668.22,63,56,7,50,31,0
MV-93746,Women Blazers Essential,ARG,Argent,Ready-to-Wear,Women,Suits,Blazers,MV,Maison Voss,200,20,J347,MV Flagship Tokyo,31764.66,11091.52,47,38358.05,36883.44,11261.58,52,42438.7,135,83,52,176,141,0
MV-65255,Women Evening Dresses Heritage,TAN,Tan,Ready-to-Wear,Women,Dresses,Evening Dresses,MV,Maison Voss,200,70,J347,MV Flagship Tokyo,3479.53,918.17,7,4768.47,2870.2,1074.33,6,4087.26,26,23,3,18,13,0
MV-76132,Unisex Leather Belts Slim,ROG,Rouge,Leather Goods,Unisex,Belts,Leather Belts,MV,Maison Voss,200,50,J347,MV Flagship Tokyo,2301.36,797.03,7,3200.45,2043.46,574.38,6,2743.24,25,19,6,21,19,0
MV-49576,Women Jackets Classic,GRG,Greige,Ready-to-Wear,Women,Outerwear,Jackets,MV,Maison Voss,200,50,J347,MV Flagship Tokyo,18974.47,5276.88,44,26491.66,18263.51,6517.2,44,26491.66,150,140,10,163,138,0
MV-20682,Men Loafers Slim,BRG,Bordeaux,Footwear,Men,Flats,Loafers,MVS,MV Signature,200,20,J347,MV Flagship Tokyo,15256.31,4374.12,18,18258.94,10390.07,3273.62,13,13187.01,48,32,16,34,31,0
MV-52176,Women Check-In Relaxed,CAM,Camel,Leather Goods,Women,Luggage,Check-In,MVS,MV Signature,200,50,J347,MV Flagship Tokyo,990.32,363.28,1,1315.03,1034.41,331.78,1,1315.03,3,2,1,3,1,0
MV-12665,Women Suit Trousers Essential,CRM,Cognac,Ready-to-Wear,Women,Suits,Suit Trousers,MV,Maison Voss,200,20,J347,MV Flagship Tokyo,33648.63,11210.57,75,45297.34,36874.56,10216.96,86,51940.95,215,155,60,222,204,0
MV-28191,Women Chelsea Boots Luxe,ROG,Rouge,Footwear,Women,Boots,Chelsea Boots,MV,Maison Voss,200,20,J347,MV Flagship Tokyo,739.89,266.58,1,1022.85,0.0,0.0,0,0.0,3,2,1,2,1,0
MV-71537,Women Trousers Heritage,RSE,Rose Poudre,Ready-to-Wear,Women,Bottoms,Trousers,MVS,MV Signature,200,50,J347,MV Flagship Tokyo,10782.42,3249.26,53,13906.72,8957.03,3153.95,46,12069.99,202,126,76,171,133,0
MV-60181,Women Jackets Classic,BLU,Bleu Marine,Ready-to-Wear,Women,Outerwear,Jackets,MVS,MV Signature,200,20,J347,MV Flagship Tokyo,18830.41,5052.55,45,23342.31,15045.4,3948.75,40,20748.72,95,72,23,69,45,0
MV-35272,Men Check-In Modern,RSE,Rose Poudre,Leather Goods,Men,Luggage,Check-In,MV,Maison Voss,200,30,J347,MV Flagship Tokyo,162498.44,41398.27,203,234157.43,164130.68,50947.8,184,212241.21,168,158,10,167,157,0
MV-88222,Men Suit Trousers Heritage,CHP,Champagne,Ready-to-Wear,Men,Suits,Suit Trousers,MV,Maison Voss,200,50,J347,MV Flagship Tokyo,13007.79,4865.9,38,17567.17,16977.61,5797.46,45,20803.23,56,43,13,58,41,0
MV-93283,Unisex Wallets Luxe,ARG,Argent,Leather Goods,Unisex,Small Leather Goods,Wallets,MV,Maison Voss,200,50,J347,MV Flagship Tokyo,1294.67,458.0,3,1584.58,784.93,261.79,2,1056.39,11,9,2,8,7,0
MV-94058,Women Chain Belts,NVY,Navy,Leather Goods,Women,Belts,Chain Belts,MVS,MV Signature,200,20,J347,MV Flagship Tokyo,31529.7,9758.53,47,40277.01,30065.42,8075.2,47,40277.01,53,42,11,53,48,0
MV-32527,Women Mules Luxe,ROG,Rouge,Footwear,Women,Heels,Mules,MV,Maison Voss,200,30,J347,MV Flagship Tokyo,51340.48,14613.78,107,64414.71,52959.4,17430.25,121,72842.81,403,352,51,456,405,0
MV-46655,Women Cat Eye Heritage,CRM,Cognac,Accessories,Women,Sunglasses,Cat Eye,MV,Maison Voss,200,20,J347,MV Flagship Tokyo,121537.84,41396.46,337,163365.46,134930.22,41376.87,365,176938.85,176,119,57,212,183,0
MV-38047,Women Round Frames Relaxed,IVR,Ivoire,Accessories,Women,Sunglasses,Round Frames,MVS,MV Signature,200,70,J347,MV Flagship Tokyo,8189.69,2528.38,33,11108.98,9198.02,2839.88,37,12455.53,67,43,24,63,60,0
MV-57920,Women Blazers Slim,ROG,Rouge,Ready-to-Wear,Women,Outerwear,Blazers,MV,Maison Voss,200,20,J347,MV Flagship Tokyo,5759.47,2054.43,22,8220.75,5276.56,1466.5,20,7473.41,78,48,30,61,47,0
MV-44959,Women Blazers Modern,TRP,Taupe,Ready-to-Wear,Women,Outerwear,Blazers,MVS,MV Signature,200,20,J347,MV Flagship Tokyo,55246.5,19755.15,139,72949.43,36645.49,12902.98,100,52481.61,437,350,87,261,182,0
MV-25974,Women Chain Belts,BRG,Bordeaux,Leather Goods,Women,Belts,Chain Belts,MV,Maison Voss,200,20,J347,MV Flagship Tokyo,11400.59,3156.49,12,15353.92,11024.45,4138.36,12,15353.92,28,20,8,31,23,0
MV-27139,Men Jackets Signature,GRG,Greige,Ready-to-Wear,Men,Outerwear,Jackets,MVS,MV Signature,200,30,J347,MV Flagship Tokyo,34650.77,9961.23,56,46832.41,33674.72,10226.81,55,45996.12,44,36,8,47,42,0
MV-62034,Women Necklaces Luxe,ANT,Anthracite,Accessories,Women,Jewelry,Necklaces,MVS,MV Signature,200,50,J347,MV Flagship Tokyo,7487.6,1930.5,30,10502.05,5639.29,1437.84,21,7351.43,26,16,10,20,13,0
MV-43491,Women Earrings Heritage,ANT,Anthracite,Accessories,Women,Jewelry,Earrings,MV,Maison Voss,200,20,J347,MV Flagship Tokyo,654.63,172.63,2,871.5,303.21,101.84,1,435.75,6,5,1,5,4,0
MV-53228,Women Shoulder Bags Essential,VRT,Vert,Leather Goods,Women,Handbags,Shoulder Bags,MV,Maison Voss,200,30,J347,MV Flagship Tokyo,17135.65,6323.55,25,21771.03,15265.41,4885.68,23,20029.35,43,30,13,39,25,0
MV-93283,Unisex Wallets Luxe,CRM,Cognac,Leather Goods,Unisex,Small Leather Goods,Wallets,MV,Maison Voss,200,50,J347,MV Flagship Tokyo,16650.33,6106.75,18,22439.48,16252.83,6014.11,19,23686.12,58,46,12,55,50,0
MV-70521,Men Mules Luxe,GRG,Greige,Footwear,Men,Heels,Mules,MV,Maison Voss,200,20,J347,MV Flagship Tokyo,18553.09,6799.08,67,27173.55,16069.93,5618.92,58,23523.37,130,85,45,91,86,0
MV-15513,Unisex Shorts Heritage,ARG,Argent,Ready-to-Wear,Unisex,Bottoms,Shorts,MVS,MV Signature,200,50,J347,MV Flagship Tokyo,74412.54,21124.61,174,107787.79,67098.07,22571.34,160,99115.21,320,241,79,332,204,0
MV-19862,Men Pumps Slim,ARG,Argent,Footwear,Men,Heels,Pumps,MV,Maison Voss,200,20,J347,MV Flagship Tokyo,11939.14,3846.27,18,15051.89,10800.2,2702.1,16,13379.46,16,9,7,16,12,0
MV-29080,Men Jackets Relaxed,TAN,Tan,Ready-to-Wear,Men,Outerwear,Jackets,MV,Maison Voss,200,50,J347,MV Flagship Tokyo,53181.88,18183.38,97,68560.44,53031.52,16791.35,86,60785.54,271,180,91,220,180,0
MV-80282,Unisex Baseball Caps Signature,TAN,Tan,Accessories,Unisex,Hats,Baseball Caps,MV,Maison Voss,200,50,J347,MV Flagship Tokyo,1312.92,477.92,3,1740.42,1392.0,431.25,3,1740.42,10,9,1,10,6,0
MV-26551,Women Mules Luxe,CHP,Champagne,Footwear,Women,Heels,Mules,MV,Maison Voss,200,20,J347,MV Flagship Tokyo,24504.97,7259.34,45,33231.11,18713.74,5109.76,37,27323.36,77,50,27,61,52,0
MV-14705,Men Baseball Caps Modern,CRM,Cognac,Accessories,Men,Hats,Baseball Caps,MVS,MV Signature,200,20,J347,MV Flagship Tokyo,1162.5,437.75,4,1382.81,1206.88,374.36,4,1382.81,6,5,1,7,4,0
MV-70443,Women Card Holders Heritage,ROG,Rouge,Leather Goods,Women,Small Leather Goods,Card Holders,MVS,MV Signature,200,50,J347,MV Flagship Tokyo,123136.42,41074.16,159,155135.59,100199.33,25324.64,131,127816.12,405,374,31,301,293,0
MV-58434,Women Shoulder Bags Heritage,CHP,Champagne,Leather Goods,Women,Handbags,Shoulder Bags,MV,Maison Voss,200,30,J347,MV Flagship Tokyo,41957.42,11299.67,85,57167.34,45041.35,12594.95,92,61875.24,132,109,23,117,113,0
MV-66349,Women Crossbody Bags Modern,CHP,Champagne,Leather Goods,Women,Handbags,Crossbody Bags,MV,Maison Voss,200,20,J347,MV Flagship Tokyo,59754.11,18747.79,62,79585.32,45475.53,14198.12,45,57763.54,54,41,13,46,31,0
MV-30644,Men Chain Belts Slim,ARG,Argent,Leather Goods,Men,Belts,Chain Belts,MV,Maison Voss,200,50,J347,MV Flagship Tokyo,77008.36,27707.19,101,104158.17,94203.34,26717.47,123,126846.09,62,42,20,72,55,0
MV-19869,Women Wool Scarves Slim,CAM,Camel,Accessories,Women,Scarves,Wool Scarves,MVS,MV Signature,200,20,J347,MV Flagship Tokyo,22924.09,8418.65,61,31916.12,17187.53,4379.26,50,26160.75,225,165,60,218,210,0
MV-44664,Women Shoulder Bags Modern,TRP,Taupe,Leather Goods,Women,Handbags,Shoulder Bags,MVS,MV Signature,200,20,J347,MV Flagship Tokyo,93069.37,30285.92,203,111613.47,78562.82,25367.72,172,94569.05,637,583,54,485,470,0
MV-73532,Women Midi Dresses Modern,BEG,Beige,Ready-to-Wear,Women,Dresses,Midi Dresses,MVS,MV Signature,200,50,J347,MV Flagship Tokyo,41783.31,12880.06,73,52499.81,36090.1,10009.64,64,46027.23,153,109,44,127,110,0
MV-69446,Unisex Evening Dresses Modern,ROG,Rouge,Ready-to-Wear,Unisex,Dresses,Evening Dresses,MV,Maison Voss,200,20,J347,MV Flagship Tokyo,88076.37,22349.76,151,121248.05,58945.83,16188.2,114,91538.26,357,222,135,288,182,0
MV-75308,Men Ballet Flats,SBL,Sable,Footwear,Men,Flats,Ballet Flats,MVS,MV Signature,200,20,J347,MV Flagship Tokyo,23782.86,6361.45,42,30873.22,28299.66,9880.32,50,36753.83,165,151,14,209,148,0
MV-26074,Women Fedoras Slim,RSE,Rose Poudre,Accessories,Women,Hats,Fedoras,MVS,MV Signature,200,20,J347,MV Flagship Tokyo,2445.35,733.25,7,3207.15,2512.5,691.42,8,3665.32,14,10,4,20,17,0
MV-33703,Men Earrings Slim,SBL,Sable,Accessories,Men,Jewelry,Earrings,MVS,MV Signature,200,50,J347,MV Flagship Tokyo,19722.74,7034.49,44,25763.72,17795.37,5018.3,36,21079.4,90,73,17,63,44,0
MV-54725,Women Suit Trousers Classic,TRP,Taupe,Ready-to-Wear,Women,Suits,Suit Trousers,MV,Maison Voss,200,70,J347,MV Flagship Tokyo,4017.82,1176.39,7,4666.98,2507.54,706.59,5,3333.56,26,18,8,21,19,0
MV-96870,Women Day Dresses Relaxed,CHP,Champagne,Ready-to-Wear,Women,Dresses,Day Dresses,MVS,MV Signature,200,50,J347,MV Flagship Tokyo,33047.98,12383.72,52,44791.28,34990.69,10404.22,52,44791.28,40,24,16,33,23,0
MV-17816,Women Trousers Slim,SBL,Sable,Ready-to-Wear,Women,Bottoms,Trousers,MV,Maison Voss,200,30,J347,MV Flagship Tokyo,11875.77,4023.88,38,15864.91,11262.38,4236.86,37,15447.41,85,67,18,96,79,0
MV-64524,Women Check-In Modern,CHP,Champagne,Leather Goods,Women,Luggage,Check-In,MV,Maison Voss,200,50,J347,MV Flagship Tokyo,20655.16,7139.22,57,26711.49,15067.49,4978.01,44,20619.39,144,138,6,105,93,0
MV-90209,Men Suit Sets Modern,TAN,Tan,Ready-to-Wear,Men,Suits,Suit Sets,MV,Maison Voss,200,50,J347,MV Flagship Tokyo,256.89,85.57,1,347.86,0.0,0.0,0,0.0,2,1,1,1,0,0
MV-43681,Men Low Top Luxe,ROG,Rouge,Footwear,Men,Sneakers,Low Top,MV,Maison Voss,200,20,J347,MV Flagship Tokyo,9928.52,2957.86,12,13328.67,11238.64,4257.91,14,15550.12,7,6,1,9,8,0
MV-62044,Women Low Top Classic,CRM,Cognac,Footwear,Women,Sneakers,Low Top,MVS,MV Signature,200,20,J347,MV Flagship Tokyo,26947.68,10225.59,39,36901.12,21294.52,6116.61,31,29331.66,89,87,2,74,59,0
MV-84531,Women Check-In Classic,CHP,Champagne,Leather Goods,Women,Luggage,Check-In,MVS,MV Signature,200,20,J347,MV Flagship Tokyo,114645.93,42485.04,176,147701.62,144448.75,38894.66,206,172878.03,219,139,80,235,188,0
MV-49363,Unisex Cashmere Scarves,BEG,Beige,Accessories,Unisex,Scarves,Cashmere Scarves,MVS,MV Signature,200,50,J347,MV Flagship Tokyo,17515.48,4746.42,28,21968.01,13311.26,3335.48,21,16476.01,45,31,14,38,23,0
MV-30866,Women Loafers Modern,TAN,Tan,Footwear,Women,Flats,Loafers,MVS,MV Signature,200,20,J347,MV Flagship Tokyo,14966.97,4157.71,32,19614.81,17164.01,6422.33,37,22679.62,91,56,35,102,101,0
MV-40595,Women Day Dresses Heritage,IVR,Ivoire,Ready-to-Wear,Women,Dresses,Day Dresses,MVS,MV Signature,200,50,J347,MV Flagship Tokyo,39435.88,12628.66,73,54434.38,32285.05,10581.3,61,45486.26,279,274,5,254,230,0
MV-63225,Unisex Key Holders,IVR,Ivoire,Leather Goods,Unisex,Small Leather Goods,Key Holders,MVS,MV Signature,200,20,J347,MV Flagship Tokyo,23622.15,8677.53,54,35341.78,23693.56,6815.12,50,32723.87,74,65,9,67,48,0
MV-69829,Men Ballet Flats Slim,CRM,Creme,Footwear,Men,Flats,Ballet Flats,MV,Maison Voss,200,20,J347,MV Flagship Tokyo,14881.19,3884.27,20,19028.81,14362.81,4124.82,18,17125.93,58,37,21,43,40,0
MV-79822,Unisex Fedoras Slim,BEG,Beige,Accessories,Unisex,Hats,Fedoras,MV,Maison Voss,200,70,J347,MV Flagship Tokyo,8814.55,2631.04,31,12381.19,6264.64,1924.1,22,8786.65,89,76,13,70,48,0
MV-63225,Unisex Key Holders,ECR,Ecru,Leather Goods,Unisex,Small Leather Goods,Key Holders,MVS,MV Signature,200,20,J347,MV Flagship Tokyo,5889.98,1878.89,14,7517.33,7524.36,2834.37,17,9128.18,23,14,9,33,29,0
MV-26074,Women Fedoras Slim,CAM,Camel,Accessories,Women,Hats,Fedoras,MVS,MV Signature,200,20,J347,MV Flagship Tokyo,67148.06,24327.59,198,92699.47,81840.69,21553.0,238,111426.64,555,367,188,575,395,0
MV-68991,Unisex Pouches Heritage,RSE,Rose Poudre,Leather Goods,Unisex,Small Leather Goods,Pouches,MV,Maison Voss,200,30,J347,MV Flagship Tokyo,6941.36,2340.14,8,9048.7,6122.23,1598.21,7,7917.61,9,8,1,9,5,0
MV-52415,Men Jeans Relaxed,ANT,Anthracite,Ready-to-Wear,Men,Bottoms,Jeans,MV,Maison Voss,200,20,J347,MV Flagship Tokyo,12826.71,3464.46,27,16438.33,11758.19,3770.47,24,14611.85,87,82,5,85,79,0
MV-53228,Women Shoulder Bags Essential,TRP,Taupe,Leather Goods,Women,Handbags,Shoulder Bags,MV,Maison Voss,200,30,J347,MV Flagship Tokyo,1018.89,277.6,1,1394.21,940.73,354.08,1,1394.21,1,0,1,0,0,0
MV-98815,Men Check-In,ARG,Argent,Leather Goods,Men,Luggage,Check-In,MVS,MV Signature,200,20,J347,MV Flagship Tokyo,9504.76,3148.57,14,12466.83,10966.71,4115.18,17,15138.29,30,20,10,35,33,0
MV-77033,Women Weekender Modern,BEG,Beige,Leather Goods,Women,Luggage,Weekender,MVS,MV Signature,200,20,J347,MV Flagship Tokyo,54779.08,15812.22,88,67977.41,49230.89,13768.64,76,58707.76,299,240,59,217,208,0
MV-47512,Men Tops Relaxed,CRM,Creme,Ready-to-Wear,Men,Tops,Tops,MVS,MV Signature,200,30,J347,MV Flagship Tokyo,6406.77,1828.93,13,8881.74,5671.59,1424.49,13,8881.74,50,33,17,44,34,0
MV-89507,Women Blazers Essential,CHP,Champagne,Ready-to-Wear,Women,Outerwear,Blazers,MV,Maison Voss,200,20,J347,MV Flagship Tokyo,1378.33,433.46,4,2023.85,1022.47,342.29,3,1517.89,9,6,3,8,5,0
MV-59391,Women Weekender Signature,TRP,Taupe,Leather Goods,Women,Luggage,Weekender,MVS,MV Signature,200,20,J347,MV Flagship Tokyo,16227.78,4679.13,37,19003.66,11776.52,3563.28,29,14894.76,88,83,5,58,54,0
MV-40005,Men Silk Scarves Classic,BRG,Bordeaux,Accessories,Men,Scarves,Silk Scarves,MVS,MV Signature,200,20,J347,MV Flagship Tokyo,398.37,111.76,1,476.28,420.16,155.16,1,476.28,3,2,1,3,2,0
MV-90301,Men High Top,NVY,Navy,Footwear,Men,Sneakers,High Top,MVS,MV Signature,200,30,J347,MV Flagship Tokyo,3737.26,1364.75,5,4962.45,2152.32,599.59,3,2977.47,9,8,1,5,4,0
MV-30253,Men Weekender Essential,CAM,Camel,Leather Goods,Men,Luggage,Weekender,MVS,MV Signature,200,20,J347,MV Flagship Tokyo,65125.01,17156.68,96,80990.35,65882.24,17609.99,97,81834.0,215,213,2,196,173,0
MV-44959,Women Blazers Modern,BEG,Beige,Ready-to-Wear,Women,Outerwear,Blazers,MVS,MV Signature,200,20,J347,MV Flagship Tokyo,56990.77,19601.34,86,71332.15,56005.78,19605.41,89,73820.48,151,114,37,179,169,0
MV-18163,Men Blazers Slim,BRG,Bordeaux,Ready-to-Wear,Men,Suits,Blazers,MV,Maison Voss,200,20,J347,MV Flagship Tokyo,73587.02,22810.29,144,104069.14,85020.01,22933.41,176,127195.62,432,338,94,499,349,0
MV-83975,Unisex Baseball Caps Classic,BRG,Bordeaux,Accessories,Unisex,Hats,Baseball Caps,MVS,MV Signature,200,20,J347,MV Flagship Tokyo,55816.63,16702.04,113,82332.84,68718.78,17554.35,133,96905.02,65,56,9,85,62,0
MV-86484,Men Blazers Essential,CRM,Cognac,Ready-to-Wear,Men,Suits,Blazers,MV,Maison Voss,200,70,J347,MV Flagship Tokyo,36640.38,10230.33,67,44277.39,44812.23,13035.73,77,50885.96,82,55,27,90,66,0
MV-12128,Women Cat Eye Signature,CRM,Cognac,Accessories,Women,Sunglasses,Cat Eye,MV,Maison Voss,200,50,J347,MV Flagship Tokyo,1225.36,429.9,3,1536.99,835.49,260.89,2,1024.66,5,3,2,4,3,0
MV-30866,Women Loafers Modern,NVY,Navy,Footwear,Women,Flats,Loafers,MVS,MV Signature,200,20,J347,MV Flagship Tokyo,59194.08,22490.97,89,84848.6,81477.61,29667.35,114,108682.48,195,120,75,236,190,0
MV-98188,Women Knee High Heritage,ANT,Anthracite,Footwear,Women,Boots,Knee High,MV,Maison Voss,200,20,J347,MV Flagship Tokyo,64971.34,20288.85,109,88508.06,48128.69,12213.34,84,68208.04,176,108,68,160,144,0
MV-59834,Women Skirts,BLU,Bleu Marine,Ready-to-Wear,Women,Bottoms,Skirts,MVS,MV Signature,200,20,J347,MV Flagship Tokyo,52218.68,19180.06,94,71110.75,61265.92,20801.89,98,74136.74,331,201,130,312,283,0
MV-92345,Women Leather Belts Modern,GRG,Greige,Leather Goods,Women,Belts,Leather Belts,MVS,MV Signature,200,20,J347,MV Flagship Tokyo,30833.0,8122.79,41,39923.52,41043.13,10516.98,50,48687.22,49,45,4,61,58,0
MV-80282,Unisex Baseball Caps Signature,BRG,Bordeaux,Accessories,Unisex,Hats,Baseball Caps,MV,Maison Voss,200,50,J347,MV Flagship Tokyo,9159.05,2870.37,15,12014.23,7809.15,2540.93,13,10412.33,43,40,3,44,29,0
MV-69692,Women Suit Sets Essential,ARG,Argent,Ready-to-Wear,Women,Suits,Suit Sets,MVS,MV Signature,200,50,J347,MV Flagship Tokyo,57962.47,18891.62,109,68898.04,59532.9,20687.82,107,67633.85,262,187,75,285,243,0
MV-24316,Women Low Top Relaxed,SBL,Sable,Footwear,Women,Sneakers,Low Top,MV,Maison Voss,200,20,J347,MV Flagship Tokyo,39940.46,14270.04,76,54151.57,51961.77,18211.69,93,66264.42,143,129,14,207,131,0
MV-71474,Men Loafers Relaxed,SBL,Sable,Footwear,Men,Flats,Loafers,MV,Maison Voss,200,50,J347,MV Flagship Tokyo,87943.89,30170.08,231,130241.54,75833.83,21598.24,192,108252.71,586,456,130,546,457,0
MV-39389,Women Mules Modern,VRT,Vert,Footwear,Women,Heels,Mules,MVS,MV Signature,200,20,J347,MV Flagship Tokyo,3003.73,1061.36,9,3697.94,3195.29,1136.86,10,4108.82,24,22,2,33,28,0
MV-50768,Men Knitwear Modern,TRP,Taupe,Ready-to-Wear,Men,Tops,Knitwear,MVS,MV Signature,200,20,J347,MV Flagship Tokyo,4807.97,1774.75,14,6236.94,3812.24,1242.97,10,4454.96,35,27,8,22,19,0
MV-59308,Men Knitwear Essential,IVR,Ivoire,Ready-to-Wear,Men,Tops,Knitwear,MVS,MV Signature,200,70,J347,MV Flagship Tokyo,9070.49,3049.34,13,13009.86,6515.81,1758.95,9,9006.83,27,16,11,22,17,0
MV-49472,Men Square Frames Modern,BRG,Bordeaux,Accessories,Men,Sunglasses,Square Frames,MV,Maison Voss,200,20,J347,MV Flagship Tokyo,41198.77,12365.38,92,59709.38,35180.8,9160.06,74,48027.11,269,179,90,179,128,0
MV-40007,Women Tote Bags Modern,ROG,Rouge,Leather Goods,Women,Handbags,Tote Bags,MV,Maison Voss,200,20,J347,MV Flagship Tokyo,8960.27,2702.79,12,12448.07,8099.19,2929.17,11,11410.73,14,13,1,13,11,0
MV-73242,Men Chain Belts Luxe,VRT,Vert,Leather Goods,Men,Belts,Chain Belts,MV,Maison Voss,200,20,J347,MV Flagship Tokyo,3018.73,1102.19,4,4301.11,3009.83,1126.57,4,4301.11,4,3,1,4,2,0
MV-31798,Women Shoulder Bags Essential,BEG,Beige,Leather Goods,Women,Handbags,Shoulder Bags,MV,Maison Voss,200,70,J347,MV Flagship Tokyo,415566.72,141181.33,383,525115.67,587398.41,180215.91,475,651253.12,665,657,8,666,431,0
MV-69692,Women Suit Sets Essential,ROG,Rouge,Ready-to-Wear,Women,Suits,Suit Sets,MVS,MV Signature,200,20,J347,MV Flagship Tokyo,339.07,96.07,1,400.6,0.0,0.0,0,0.0,3,2,1,2,1,0
MV-40595,Women Day Dresses Heritage,IVR,Ivoire,Ready-to-Wear,Women,Dresses,Day Dresses,MVS,MV Signature,200,20,J347,MV Flagship Tokyo,31606.34,8215.54,105,37402.5,27295.45,7863.31,92,32771.72,108,76,32,114,83,0
MV-96870,Women Day Dresses Relaxed,ARG,Argent,Ready-to-Wear,Women,Dresses,Day Dresses,MVS,MV Signature,200,20,J347,MV Flagship Tokyo,15952.63,6044.93,26,21338.81,16035.76,5761.12,28,22980.25,14,12,2,12,8,0
MV-77033,Women Weekender Modern,SBL,Sable,Leather Goods,Women,Luggage,Weekender,MVS,MV Signature,200,20,J347,MV Flagship Tokyo,47459.6,15077.48,108,62016.89,40528.76,13680.72,89,51106.51,108,102,6,91,76,0
MV-16895,Women Leather Belts Slim,VRT,Vert,Leather Goods,Women,Belts,Leather Belts,MV,Maison Voss,200,20,J347,MV Flagship Tokyo,30090.87,9948.96,47,38212.87,32722.37,11059.9,54,43904.15,80,48,32,98,91,0
MV-69692,Women Suit Sets Essential,RSE,Rose Poudre,Ready-to-Wear,Women,Suits,Suit Sets,MVS,MV Signature,200,70,J347,MV Flagship Tokyo,70268.5,25555.71,136,88579.63,65887.45,24953.26,133,86625.67,542,395,147,628,423,0
MV-48504,Women Slides Signature,ANT,Anthracite,Footwear,Women,Flats,Slides,MVS,MV Signature,200,50,J347,MV Flagship Tokyo,123845.72,37008.08,152,176097.9,154840.8,46758.47,194,224756.53,489,389,100,603,428,0
MV-12260,Men Knee High Modern,ROG,Rouge,Footwear,Men,Boots,Knee High,MVS,MV Signature,200,20,J347,MV Flagship Tokyo,370.81,100.11,1,475.58,0.0,0.0,0,0.0,3,2,1,2,1,0
MV-46655,Women Cat Eye Heritage,GRG,Greige,Accessories,Women,Sunglasses,Cat Eye,MV,Maison Voss,200,70,J347,MV Flagship Tokyo,2250.76,812.9,4,2707.81,2185.38,593.66,4,2707.81,10,9,1,8,6,0
MV-71537,Women Trousers Heritage,ARG,Argent,Ready-to-Wear,Women,Bottoms,Trousers,MVS,MV Signature,200,20,J347,MV Flagship Tokyo,7666.98,2157.39,16,10992.52,4917.17,1577.05,11,7557.36,32,21,11,27,23,0
MV-64377,Women Trousers Essential,ECR,Ecru,Ready-to-Wear,Women,Bottoms,Trousers,MVS,MV Signature,200,50,J347,MV Flagship Tokyo,31369.09,10159.38,64,40684.16,25344.85,6624.61,57,36234.33,84,53,31,86,69,0
MV-50768,Men Knitwear Modern,ANT,Anthracite,Ready-to-Wear,Men,Tops,Knitwear,MVS,MV Signature,200,30,J347,MV Flagship Tokyo,29224.81,8155.27,128,35375.09,35881.85,11120.45,163,45047.97,329,226,103,452,451,0
MV-26912,Men Suit Sets Essential,CRM,Cognac,Ready-to-Wear,Men,Suits,Suit Sets,MVS,MV Signature,200,20,J347,MV Flagship Tokyo,11471.87,3243.11,36,14530.16,10093.52,2887.0,30,12108.47,105,102,3,75,69,0
MV-44335,Women Slides Slim,CRM,Cognac,Footwear,Women,Flats,Slides,MV,Maison Voss,200,20,J347,MV Flagship Tokyo,32450.38,8850.42,54,44676.15,30349.46,9481.31,48,39712.14,79,69,10,80,49,0
MV-95918,Women Suit Sets Modern,CRM,Creme,Ready-to-Wear,Women,Suits,Suit Sets,MV,Maison Voss,200,20,J347,MV Flagship Tokyo,7929.63,2186.59,12,10180.06,6629.28,2181.02,11,9331.73,36,28,8,34,32,0
MV-79942,Men Blazers Essential,CHP,Champagne,Ready-to-Wear,Men,Outerwear,Blazers,MVS,MV Signature,200,70,J347,MV Flagship Tokyo,26615.81,7377.8,95,34473.09,21392.6,5501.78,79,28667.1,353,264,89,321,239,0
MV-31632,Women Weekender Luxe,ANT,Anthracite,Leather Goods,Women,Luggage,Weekender,MV,Maison Voss,200,20,J347,MV Flagship Tokyo,220649.85,82482.78,200,299739.48,154964.19,51137.98,144,215812.43,128,105,23,77,75,0
MV-47196,Women Wallets,NVY,Navy,Leather Goods,Women,Small Leather Goods,Wallets,MVS,MV Signature,200,20,J347,MV Flagship Tokyo,19295.66,6450.58,18,25829.08,23792.22,7760.48,20,28698.98,19,17,2,24,14,0
MV-28714,Men Trousers Luxe,BLU,Bleu Marine,Ready-to-Wear,Men,Bottoms,Trousers,MV,Maison Voss,200,70,J347,MV Flagship Tokyo,20474.36,5666.23,40,23984.33,19552.91,7253.06,37,22185.5,34,29,5,27,23,0
MV-30866,Women Loafers Modern,VRT,Vert,Footwear,Women,Flats,Loafers,MVS,MV Signature,200,30,J347,MV Flagship Tokyo,4032.33,1421.13,5,5656.47,4294.19,1287.46,5,5656.47,4,2,2,3,2,0
MV-49139,Men Wool Scarves Essential,VRT,Vert,Accessories,Men,Scarves,Wool Scarves,MV,Maison Voss,200,20,J347,MV Flagship Tokyo,11202.7,3681.86,48,14162.46,7274.32,2761.6,36,10621.84,74,59,15,47,32,0
MV-38683,Men Tops Slim,GRG,Greige,Ready-to-Wear,Men,Tops,Tops,MVS,MV Signature,200,20,J347,MV Flagship Tokyo,14758.05,5230.95,40,19290.44,19316.2,6730.67,47,22666.27,153,152,1,177,151,0
MV-67905,Women High Top Luxe,VRT,Vert,Footwear,Women,Sneakers,High Top,MV,Maison Voss,200,70,J347,MV Flagship Tokyo,6300.23,1830.07,9,7578.31,6128.73,1996.09,9,7578.31,7,5,2,6,5,0
MV-35272,Men Check-In Modern,TAN,Tan,Leather Goods,Men,Luggage,Check-In,MV,Maison Voss,200,20,J347,MV Flagship Tokyo,23241.04,7425.64,34,31282.27,17890.83,5447.53,26,23921.74,71,43,28,48,29,0
MV-49363,Unisex Cashmere Scarves,ARG,Argent,Accessories,Unisex,Scarves,Cashmere Scarves,MVS,MV Signature,200,20,J347,MV Flagship Tokyo,14359.8,4127.64,23,19108.49,12308.84,4189.09,19,15785.27,87,54,33,68,58,0
MV-39444,Men Key Holders Relaxed,IVR,Ivoire,Leather Goods,Men,Small Leather Goods,Key Holders,MV,Maison Voss,200,20,J347,MV Flagship Tokyo,38003.34,12744.77,43,49466.32,27935.93,8546.89,32,36812.14,165,129,36,117,116,0
MV-85156,Women Chain Belts Essential,SBL,Sable,Leather Goods,Women,Belts,Chain Belts,MV,Maison Voss,200,30,J347,MV Flagship Tokyo,23580.33,7765.84,51,32572.15,23331.36,7426.5,52,33210.82,39,36,3,44,30,0
MV-62772,Men Tote Bags Signature,NOI,Noir,Leather Goods,Men,Handbags,Tote Bags,MV,Maison Voss,200,50,J347,MV Flagship Tokyo,1067.03,298.64,1,1341.38,975.88,310.96,1,1341.38,1,0,1,1,0,0
MV-65255,Women Evening Dresses Heritage,ECR,Ecru,Ready-to-Wear,Women,Dresses,Evening Dresses,MV,Maison Voss,200,20,J347,MV Flagship Tokyo,47092.62,16759.06,83,65862.47,45480.47,17006.17,71,56340.18,326,242,84,331,233,0
MV-59391,Women Weekender Signature,TAN,Tan,Leather Goods,Women,Luggage,Weekender,MVS,MV Signature,200,20,J347,MV Flagship Tokyo,49894.16,13079.56,73,64310.92,51659.62,15580.08,83,73120.64,164,110,54,182,174,0
MV-70443,Women Card Holders Heritage,CHP,Champagne,Leather Goods,Women,Small Leather Goods,Card Holders,MVS,MV Signature,200,20,J347,MV Flagship Tokyo,18758.49,6891.12,26,24480.85,22086.1,6817.18,31,29188.71,67,65,2,80,51,0
MV-27961,Women Blouses Signature,VRT,Vert,Ready-to-Wear,Women,Tops,Blouses,MV,Maison Voss,200,20,J347,MV Flagship Tokyo,1590.9,546.26,3,1912.26,1684.66,528.16,3,1912.26,6,5,1,6,5,0
MV-87993,Women Fedoras Modern,ANT,Anthracite,Accessories,Women,Hats,Fedoras,MVS,MV Signature,200,20,J347,MV Flagship Tokyo,21616.54,6699.81,82,29499.07,27160.6,9169.37,99,35614.73,165,106,59,224,202,0
MV-93717,Women Leather Belts Heritage,CRM,Cognac,Leather Goods,Women,Belts,Leather Belts,MVS,MV Signature,200,20,J347,MV Flagship Tokyo,189218.79,57468.3,182,249582.13,241307.87,83631.32,222,304435.34,115,88,27,122,76,0
MV-96761,Men Jackets Essential,SBL,Sable,Ready-to-Wear,Men,Outerwear,Jackets,MVS,MV Signature,200,30,J347,MV Flagship Tokyo,5402.1,2009.94,16,7462.15,3424.38,876.89,11,5130.23,8,6,2,5,4,0
MV-25974,Women Chain Belts,CRM,Creme,Leather Goods,Women,Belts,Chain Belts,MV,Maison Voss,200,20,J347,MV Flagship Tokyo,11675.06,3168.55,22,15416.3,9447.95,3430.36,20,14014.82,15,13,2,13,10,0
MV-68991,Unisex Pouches Heritage,CRM,Cognac,Leather Goods,Unisex,Small Leather Goods,Pouches,MV,Maison Voss,200,20,J347,MV Flagship Tokyo,10034.74,2847.02,11,13173.63,10263.12,2597.44,11,13173.63,36,34,2,43,27,0
MV-74866,Women Wool Scarves Luxe,ARG,Argent,Accessories,Women,Scarves,Wool Scarves,MV,Maison Voss,200,20,J347,MV Flagship Tokyo,13679.41,4333.25,50,18834.8,13920.43,3893.58,54,20341.58,196,157,39,191,147,0
MV-14877,Women Necklaces Heritage,TAN,Tan,Accessories,Women,Jewelry,Necklaces,MV,Maison Voss,200,50,J347,MV Flagship Tokyo,4873.71,1465.38,9,6672.92,4386.69,1320.21,8,5931.48,31,25,6,31,24,0
MV-44687,Men Card Holders Modern,NVY,Navy,Leather Goods,Men,Small Leather Goods,Card Holders,MVS,MV Signature,200,70,J347,MV Flagship Tokyo,9671.19,3357.61,25,12531.25,8384.99,2738.97,20,10025.0,68,42,26,56,34,0
MV-26683,Women Blazers Relaxed,ECR,Ecru,Ready-to-Wear,Women,Outerwear,Blazers,MV,Maison Voss,200,50,J347,MV Flagship Tokyo,36257.34,10291.92,70,42037.22,26053.57,9463.3,50,30026.59,62,60,2,43,35,0
MV-27892,Men Suit Trousers Modern,ECR,Ecru,Ready-to-Wear,Men,Suits,Suit Trousers,MV,Maison Voss,200,20,J347,MV Flagship Tokyo,27446.75,7980.7,48,39626.93,38047.35,11606.53,60,49533.66,109,93,16,141,96,0
MV-21164,Men Shorts Relaxed,BLU,Bleu Marine,Ready-to-Wear,Men,Bottoms,Shorts,MV,Maison Voss,200,70,J347,MV Flagship Tokyo,17460.54,6203.89,28,24315.52,11056.28,3604.92,19,16499.82,75,59,16,55,52,0
MV-15958,Men Pumps Heritage,IVR,Ivoire,Footwear,Men,Heels,Pumps,MVS,MV Signature,200,20,J347,MV Flagship Tokyo,21286.69,6758.95,31,28556.02,23524.46,6642.21,37,34082.99,102,70,32,103,97,0
MV-35272,Men Check-In Modern,BLU,Bleu Marine,Leather Goods,Men,Luggage,Check-In,MV,Maison Voss,200,50,J347,MV Flagship Tokyo,37475.6,10919.93,48,49055.58,41864.64,13067.89,55,56209.52,108,84,24,130,124,0
MV-59015,Unisex Baseball Caps Relaxed,RSE,Rose Poudre,Accessories,Unisex,Hats,Baseball Caps,MV,Maison Voss,200,50,J347,MV Flagship Tokyo,665.25,190.83,1,863.55,0.0,0.0,0,0.0,3,2,1,2,1,0
MV-59308,Men Knitwear Essential,ECR,Ecru,Ready-to-Wear,Men,Tops,Knitwear,MVS,MV Signature,200,20,J347,MV Flagship Tokyo,2128.21,754.15,4,2533.46,2227.94,839.81,4,2533.46,5,4,1,5,3,0
MV-68991,Unisex Pouches Heritage,ECR,Ecru,Leather Goods,Unisex,Small Leather Goods,Pouches,MV,Maison Voss,200,30,J347,MV Flagship Tokyo,89587.76,26535.66,124,119306.85,71887.01,24444.97,105,101025.96,306,255,51,250,154,0
MV-48177,Women Card Holders Essential,TRP,Taupe,Leather Goods,Women,Small Leather Goods,Card Holders,MV,Maison Voss,200,50,J347,MV Flagship Tokyo,1978.37,726.6,4,2651.57,1460.45,473.3,3,1988.68,2,1,1,1,0,0
MV-23434,Women Card Holders,ROG,Rouge,Leather Goods,Women,Small Leather Goods,Card Holders,MV,Maison Voss,200,50,J347,MV Flagship Tokyo,42659.38,15307.82,71,59086.0,34469.13,13072.33,55,45770.85,179,153,26,164,161,0
MV-40005,Men Silk Scarves Classic,RSE,Rose Poudre,Accessories,Men,Scarves,Silk Scarves,MVS,MV Signature,200,20,J347,MV Flagship Tokyo,77448.28,23968.95,148,111777.93,96701.63,28900.86,184,138967.15,272,228,44,284,190,0
MV-14705,Men Baseball Caps Modern,BEG,Beige,Accessories,Men,Hats,Baseball Caps,MVS,MV Signature,200,20,J347,MV Flagship Tokyo,3699.2,932.96,18,5054.38,4185.13,1136.78,22,6177.57,41,35,6,48,43,0
MV-56019,Men Shorts Slim,BEG,Beige,Ready-to-Wear,Men,Bottoms,Shorts,MV,Maison Voss,200,50,J347,MV Flagship Tokyo,12627.97,4546.02,27,18043.11,9670.21,2862.38,20,13365.27,94,77,17,71,66,0
MV-24316,Women Low Top Relaxed,TRP,Taupe,Footwear,Women,Sneakers,Low Top,MV,Maison Voss,200,20,J347,MV Flagship Tokyo,28738.29,7512.41,49,35320.0,23896.88,8276.25,45,32436.74,142,98,44,124,91,0
MV-27892,Men Suit Trousers Modern,ARG,Argent,Ready-to-Wear,Men,Suits,Suit Trousers,MV,Maison Voss,200,50,J347,MV Flagship Tokyo,76484.37,23631.2,125,90751.34,61371.01,16770.4,97,70423.04,483,367,116,312,303,0
MV-46559,Men Ballet Flats Luxe,NVY,Navy,Footwear,Men,Flats,Ballet Flats,MV,Maison Voss,200,20,J347,MV Flagship Tokyo,70774.16,25560.12,166,86608.55,60766.27,23002.33,133,69391.19,436,411,25,415,336,0
MV-10336,Men Blazers Heritage,ROG,Rouge,Ready-to-Wear,Men,Suits,Blazers,MV,Maison Voss,200,20,J347,MV Flagship Tokyo,16463.88,5468.18,78,23669.26,22101.76,6083.38,96,29131.4,238,200,38,344,258,0
MV-56955,Women Ballet Flats Relaxed,BEG,Beige,Footwear,Women,Flats,Ballet Flats,MVS,MV Signature,200,30,J347,MV Flagship Tokyo,3732.24,1291.53,5,5052.01,2284.77,662.81,3,3031.2,9,6,3,6,5,0
MV-49618,Men Square Frames Classic,BRG,Bordeaux,Accessories,Men,Sunglasses,Square Frames,MV,Maison Voss,200,30,J347,MV Flagship Tokyo,40763.14,14943.54,64,48757.61,38326.71,13642.31,59,44948.42,219,151,68,162,137,0
MV-96870,Women Day Dresses Relaxed,VRT,Vert,Ready-to-Wear,Women,Dresses,Day Dresses,MVS,MV Signature,200,20,J347,MV Flagship Tokyo,10443.26,3593.5,30,13464.0,13684.08,4683.3,37,16605.6,117,74,43,126,91,0
MV-86556,Women Evening Dresses Classic,ARG,Argent,Ready-to-Wear,Women,Dresses,Evening Dresses,MV,Maison Voss,200,20,J347,MV Flagship Tokyo,18817.93,5138.29,37,22936.2,14814.91,3876.73,29,17977.02,80,79,1,72,51,0
MV-84177,Men Leather Belts Classic,CHP,Champagne,Leather Goods,Men,Belts,Leather Belts,MV,Maison Voss,200,20,J347,MV Flagship Tokyo,1987.34,626.84,2,2688.27,1857.55,633.66,2,2688.27,4,3,1,3,2,0
MV-72031,Women Blazers,SBL,Sable,Ready-to-Wear,Women,Suits,Blazers,MV,Maison Voss,200,20,J347,MV Flagship Tokyo,2632.35,770.66,12,3685.54,2875.03,942.6,12,3685.54,37,23,14,39,34,0
MV-21164,Men Shorts Relaxed,ANT,Anthracite,Ready-to-Wear,Men,Bottoms,Shorts,MV,Maison Voss,200,50,J347,MV Flagship Tokyo,23518.51,6554.93,91,32856.38,20047.79,6264.15,83,29967.9,219,146,73,213,207,0
MV-80807,Men Ballet Flats Heritage,IVR,Ivoire,Footwear,Men,Flats,Ballet Flats,MV,Maison Voss,200,20,J347,MV Flagship Tokyo,10497.74,3644.32,35,13197.2,10191.73,2790.82,38,14328.39,55,48,7,52,34,0
MV-16175,Unisex Day Dresses Modern,VRT,Vert,Ready-to-Wear,Unisex,Dresses,Day Dresses,MV,Maison Voss,200,20,J347,MV Flagship Tokyo,7552.82,2299.19,21,10131.69,9233.0,2593.33,26,12543.99,49,36,13,50,44,0
MV-68838,Men Suit Trousers Signature,BRG,Bordeaux,Ready-to-Wear,Men,Suits,Suit Trousers,MV,Maison Voss,200,50,J347,MV Flagship Tokyo,12844.47,4802.51,28,16489.72,11707.59,3566.96,27,15900.8,26,15,11,28,19,0
MV-59009,Women Earrings Slim,TAN,Tan,Accessories,Women,Jewelry,Earrings,MVS,MV Signature,200,20,J347,MV Flagship Tokyo,22707.89,5737.67,113,32827.51,28634.67,7984.86,138,40090.23,390,295,95,522,368,0
MV-46559,Men Ballet Flats Luxe,ROG,Rouge,Footwear,Men,Flats,Ballet Flats,MV,Maison Voss,200,30,J347,MV Flagship Tokyo,39619.36,10230.15,81,52647.04,40228.49,14689.24,78,50697.15,266,257,9,217,159,0
MV-20350,Women Card Holders Essential,CHP,Champagne,Leather Goods,Women,Small Leather Goods,Card Holders,MVS,MV Signature,200,20,J347,MV Flagship Tokyo,16727.43,5723.84,18,23082.48,19558.86,6882.43,19,24364.84,29,26,3,29,22,0
MV-82199,Men Shorts Classic,ANT,Anthracite,Ready-to-Wear,Men,Bottoms,Shorts,MVS,MV Signature,200,20,J347,MV Flagship Tokyo,3519.38,1058.72,7,4307.3,4211.52,1132.46,9,5537.96,21,17,4,25,21,0
MV-73736,Women Key Holders Relaxed,NOI,Noir,Leather Goods,Women,Small Leather Goods,Key Holders,MV,Maison Voss,200,30,J347,MV Flagship Tokyo,16647.06,5363.56,17,21259.87,17239.63,4654.2,19,23761.03,37,24,13,37,31,0
MV-90209,Men Suit Sets Modern,SBL,Sable,Ready-to-Wear,Men,Suits,Suit Sets,MV,Maison Voss,200,50,J347,MV Flagship Tokyo,59583.47,17786.29,148,88076.24,66144.45,24342.06,161,95812.66,172,165,7,157,106,0
MV-90356,Women Loafers Signature,NVY,Navy,Footwear,Women,Flats,Loafers,MV,Maison Voss,200,20,J347,MV Flagship Tokyo,34242.28,11606.82,51,42273.68,32997.07,11663.68,50,41444.78,184,168,16,208,149,0
MV-19869,Women Wool Scarves Slim,ARG,Argent,Accessories,Women,Scarves,Wool Scarves,MVS,MV Signature,200,20,J347,MV Flagship Tokyo,12189.98,4280.33,44,17023.37,10851.91,2757.36,41,15862.68,82,56,26,87,74,0
MV-47243,Men Boots Heritage,ANT,Anthracite,Footwear,Men,Heels,Boots,MV,Maison Voss,200,50,J347,MV Flagship Tokyo,27172.27,8744.78,53,34578.84,23407.03,6755.6,41,26749.67,79,56,23,71,53,0
MV-29597,Women Leather Belts,CRM,Creme,Leather Goods,Women,Belts,Leather Belts,MV,Maison Voss,200,50,J347,MV Flagship Tokyo,26071.13,8515.14,26,32014.87,30803.48,9061.24,31,38171.58,82,59,23,92,74,0
MV-74451,Unisex Weekender Modern,BLU,Bleu Marine,Leather Goods,Unisex,Luggage,Weekender,MV,Maison Voss,200,20,J347,MV Flagship Tokyo,75555.38,20857.14,96,99241.15,76806.56,27986.77,92,95106.1,132,91,41,147,99,0
MV-89507,Women Blazers Essential,CAM,Camel,Ready-to-Wear,Women,Outerwear,Blazers,MV,Maison Voss,200,70,J347,MV Flagship Tokyo,28269.25,10093.26,43,39279.56,27286.08,10192.34,44,40193.04,25,24,1,26,24,0
MV-18799,Women Jeans Modern,ARG,Argent,Ready-to-Wear,Women,Bottoms,Jeans,MV,Maison Voss,200,50,J347,MV Flagship Tokyo,3754.02,1027.58,7,5112.37,4691.22,1701.06,8,5842.71,6,5,1,7,4,0
MV-74038,Women Pouches,BLU,Bleu Marine,Leather Goods,Women,Small Leather Goods,Pouches,MV,Maison Voss,200,70,J347,MV Flagship Tokyo,6294.34,2211.04,8,9036.81,5256.07,1824.02,6,6777.61,24,17,7,19,16,0
MV-69692,Women Suit Sets Essential,TRP,Taupe,Ready-to-Wear,Women,Suits,Suit Sets,MVS,MV Signature,200,20,J347,MV Flagship Tokyo,15611.88,5225.42,45,19470.18,11480.66,3196.02,33,14278.13,141,86,55,88,81,0
MV-85914,Women Wallets,NOI,Noir,Leather Goods,Women,Small Leather Goods,Wallets,MV,Maison Voss,200,20,J347,MV Flagship Tokyo,113845.54,33922.45,161,139364.11,116691.4,40695.69,176,152348.34,580,517,63,713,539,0
MV-35203,Men Blazers Modern,BRG,Bordeaux,Ready-to-Wear,Men,Outerwear,Blazers,MVS,MV Signature,200,20,J347,MV Flagship Tokyo,13302.11,3904.63,21,18304.75,11600.15,3980.79,17,14818.13,28,22,6,26,17,0
MV-62296,Unisex Bracelets Signature,CRM,Cognac,Accessories,Unisex,Jewelry,Bracelets,MVS,MV Signature,200,50,J347,MV Flagship Tokyo,52742.25,16763.52,119,75155.67,59586.76,15296.89,144,90944.68,89,59,30,104,91,0
MV-10336,Men Blazers Heritage,NVY,Navy,Ready-to-Wear,Men,Suits,Blazers,MV,Maison Voss,200,50,J347,MV Flagship Tokyo,34923.03,11665.97,84,44332.56,33598.02,9455.73,84,44332.56,60,59,1,50,46,0
MV-82199,Men Shorts Classic,TRP,Taupe,Ready-to-Wear,Men,Bottoms,Shorts,MVS,MV Signature,200,70,J347,MV Flagship Tokyo,6095.17,1720.77,16,8088.62,8118.72,2080.76,20,10110.78,26,22,4,36,21,0
MV-56019,Men Shorts Slim,CRM,Creme,Ready-to-Wear,Men,Bottoms,Shorts,MV,Maison Voss,200,20,J347,MV Flagship Tokyo,1273.45,461.91,2,1720.47,1193.82,394.63,2,1720.47,6,4,2,7,5,0
MV-96870,Women Day Dresses Relaxed,BEG,Beige,Ready-to-Wear,Women,Dresses,Day Dresses,MVS,MV Signature,200,70,J347,MV Flagship Tokyo,4019.63,1079.07,6,5555.96,4557.0,1654.53,7,6481.96,14,10,4,13,10,0
MV-18163,Men Blazers Slim,CRM,Cognac,Ready-to-Wear,Men,Suits,Blazers,MV,Maison Voss,200,70,J347,MV Flagship Tokyo,26668.05,7627.86,76,36594.34,20502.54,5760.22,61,29371.77,203,167,36,180,176,0
MV-86483,Women Wallets Luxe,TRP,Taupe,Leather Goods,Women,Small Leather Goods,Wallets,MVS,MV Signature,200,20,J347,MV Flagship Tokyo,8046.45,2174.87,13,10737.13,9442.69,2888.24,15,12388.99,28,18,10,36,25,0
MV-51704,Women Fedoras Luxe,NOI,Noir,Accessories,Women,Hats,Fedoras,MV,Maison Voss,200,20,J347,MV Flagship Tokyo,14857.35,5456.56,27,19807.51,15181.14,5369.85,29,21274.74,92,66,26,103,70,0
MV-14877,Women Necklaces Heritage,RSE,Rose Poudre,Accessories,Women,Jewelry,Necklaces,MV,Maison Voss,200,50,J347,MV Flagship Tokyo,14352.44,3723.78,40,19213.57,17533.1,4876.38,47,22575.95,31,21,10,40,33,0
MV-96341,Women Card Holders Signature,ARG,Argent,Leather Goods,Women,Small Leather Goods,Card Holders,MVS,MV Signature,200,20,J347,MV Flagship Tokyo,28162.88,8718.81,75,39440.2,25869.51,7473.07,66,34707.38,72,70,2,55,48,0
MV-28714,Men Trousers Luxe,VRT,Vert,Ready-to-Wear,Men,Bottoms,Trousers,MV,Maison Voss,200,20,J347,MV Flagship Tokyo,2021.53,765.38,7,2587.83,2324.06,814.25,7,2587.83,22,16,6,28,17,0
MV-51441,Women Jackets Modern,ANT,Anthracite,Ready-to-Wear,Women,Outerwear,Jackets,MVS,MV Signature,200,30,J347,MV Flagship Tokyo,15310.61,4651.76,30,18487.72,13522.86,5126.68,26,16022.69,23,18,5,23,22,0
MV-20543,Men Check-In Classic,CAM,Camel,Leather Goods,Men,Luggage,Check-In,MVS,MV Signature,200,30,J347,MV Flagship Tokyo,35687.28,9070.5,38,48495.61,44241.97,12674.7,48,61257.61,120,104,16,169,127,0
MV-21164,Men Shorts Relaxed,ECR,Ecru,Ready-to-Wear,Men,Bottoms,Shorts,MV,Maison Voss,200,20,J347,MV Flagship Tokyo,30248.32,10542.17,45,40289.73,29038.39,8269.13,41,36708.42,166,142,24,177,176,0
MV-89299,Men Bracelets Luxe,SBL,Sable,Accessories,Men,Jewelry,Bracelets,MV,Maison Voss,200,50,J347,MV Flagship Tokyo,47446.42,13699.19,100,60989.85,34141.94,12931.24,80,48791.88,82,58,24,55,51,0
MV-62034,Women Necklaces Luxe,CHP,Champagne,Accessories,Women,Jewelry,Necklaces,MVS,MV Signature,200,20,J347,MV Flagship Tokyo,6230.79,1798.6,11,7509.74,6950.65,2458.45,12,8192.44,17,12,5,22,13,0
MV-68138,Women Tops Modern,IVR,Ivoire,Ready-to-Wear,Women,Tops,Tops,MV,Maison Voss,200,20,J347,MV Flagship Tokyo,40390.11,11262.03,96,48496.31,43431.87,15772.68,112,56579.03,350,289,61,440,333,0
MV-49576,Women Jackets Classic,ECR,Ecru,Ready-to-Wear,Women,Outerwear,Jackets,MV,Maison Voss,200,20,J347,MV Flagship Tokyo,43449.68,11668.02,69,59979.44,58661.2,17172.72,88,76495.52,55,42,13,79,73,0
MV-70648,Women Tops,CRM,Cognac,Ready-to-Wear,Women,Tops,Tops,MV,Maison Voss,200,30,J347,MV Flagship Tokyo,23607.57,6410.28,47,30754.12,22651.81,6658.08,48,31408.46,45,40,5,45,42,0
MV-48462,Women Ankle Boots Relaxed,GRG,Greige,Footwear,Women,Boots,Ankle Boots,MVS,MV Signature,200,30,J347,MV Flagship Tokyo,22395.76,6376.02,70,32630.51,26971.2,8263.83,86,40088.91,185,154,31,232,180,0
MV-12180,Men High Top Signature,CHP,Champagne,Footwear,Men,Sneakers,High Top,MVS,MV Signature,200,70,J347,MV Flagship Tokyo,13383.42,3657.51,31,17023.59,16632.59,4533.16,36,19769.33,27,16,11,31,18,0
MV-26683,Women Blazers Relaxed,GRG,Greige,Ready-to-Wear,Women,Outerwear,Blazers,MV,Maison Voss,200,50,J347,MV Flagship Tokyo,2945.07,1019.3,8,3658.97,1984.24,524.3,6,2744.23,28,17,11,23,13,0
MV-63843,Women Midi Dresses Essential,NOI,Noir,Ready-to-Wear,Women,Dresses,Midi Dresses,MVS,MV Signature,200,50,J347,MV Flagship Tokyo,20591.9,6511.72,64,28067.37,14848.25,4448.69,46,20173.42,240,155,85,173,153,0
MV-20336,Men Blazers Heritage,BRG,Bordeaux,Ready-to-Wear,Men,Suits,Blazers,MV,Maison Voss,200,70,J347,MV Flagship Tokyo,26310.34,9853.39,43,34436.83,21809.0,6160.33,33,26428.26,95,72,23,64,39,0
MV-16895,Women Leather Belts Slim,CRM,Creme,Leather Goods,Women,Belts,Leather Belts,MV,Maison Voss,200,20,J347,MV Flagship Tokyo,22055.63,6037.88,59,30435.97,16252.5,4518.97,43,22182.15,154,115,39,107,102,0
MV-38903,Men Coats Essential,IVR,Ivoire,Ready-to-Wear,Men,Outerwear,Coats,MV,Maison Voss,200,20,J347,MV Flagship Tokyo,10420.66,3787.86,24,13183.48,13364.56,4820.06,29,15930.04,93,89,4,96,85,0
MV-68991,Unisex Pouches Heritage,NOI,Noir,Leather Goods,Unisex,Small Leather Goods,Pouches,MV,Maison Voss,200,20,J347,MV Flagship Tokyo,109208.77,37046.97,139,146781.71,139284.23,42349.13,156,164733.43,433,369,64,541,407,0
MV-99181,Women Blazers Modern,GRG,Greige,Ready-to-Wear,Women,Outerwear,Blazers,MVS,MV Signature,200,20,J347,MV Flagship Tokyo,36466.12,10241.09,51,45164.98,29489.76,9964.46,41,36309.1,127,120,7,85,64,0
MV-49472,Men Square Frames Modern,ANT,Anthracite,Accessories,Men,Sunglasses,Square Frames,MV,Maison Voss,200,30,J347,MV Flagship Tokyo,2499.35,888.09,5,3420.86,2399.7,754.09,5,3420.86,15,12,3,14,11,0
MV-33509,Unisex Fedoras Signature,IVR,Ivoire,Accessories,Unisex,Hats,Fedoras,MVS,MV Signature,200,30,J347,MV Flagship Tokyo,9901.01,3067.57,35,12069.2,9571.09,2978.88,32,11034.7,122,110,12,123,74,0
MV-59391,Women Weekender Signature,ANT,Anthracite,Leather Goods,Women,Luggage,Weekender,MVS,MV Signature,200,20,J347,MV Flagship Tokyo,85463.73,24736.7,82,105945.4,60951.5,19872.85,61,78813.04,161,110,51,103,82,0
MV-75308,Men Ballet Flats,BEG,Beige,Footwear,Men,Flats,Ballet Flats,MVS,MV Signature,200,20,J347,MV Flagship Tokyo,51114.48,18271.44,92,63954.21,52881.39,13573.47,100,69515.44,353,348,5,392,340,0
MV-67961,Men Wool Scarves Heritage,BEG,Beige,Accessories,Men,Scarves,Wool Scarves,MV,Maison Voss,200,20,J347,MV Flagship Tokyo,18624.89,5748.85,40,22835.15,22052.06,7026.89,47,26831.31,35,31,4,49,31,0
MV-88222,Men Suit Trousers Heritage,NOI,Noir,Ready-to-Wear,Men,Suits,Suit Trousers,MV,Maison Voss,200,20,J347,MV Flagship Tokyo,50504.78,15898.52,132,73655.65,43506.55,16200.66,113,63053.7,393,330,63,286,279,0
MV-54313,Women Wallets Classic,TAN,Tan,Leather Goods,Women,Small Leather Goods,Wallets,MV,Maison Voss,200,20,J347,MV Flagship Tokyo,17268.0,4633.11,18,23891.54,19384.23,7055.87,19,25218.85,11,9,2,10,8,0
MV-45986,Women Chain Belts Classic,CRM,Creme,Leather Goods,Women,Belts,Chain Belts,MV,Maison Voss,200,20,J347,MV Flagship Tokyo,30069.41,9192.23,31,40154.57,31423.74,8816.66,34,44040.5,38,24,14,41,24,0
MV-62044,Women Low Top Classic,CRM,Cognac,Footwear,Women,Sneakers,Low Top,MVS,MV Signature,200,50,J347,MV Flagship Tokyo,66323.41,21237.12,134,79832.14,65121.16,18995.05,140,83406.72,271,270,1,305,254,0
MV-58434,Women Shoulder Bags Heritage,SBL,Sable,Leather Goods,Women,Handbags,Shoulder Bags,MV,Maison Voss,200,20,J347,MV Flagship Tokyo,70817.97,23744.08,132,95497.35,87476.55,25752.97,158,114307.44,246,172,74,336,286,0
MV-49363,Unisex Cashmere Scarves,CRM,Cognac,Accessories,Unisex,Scarves,Cashmere Scarves,MVS,MV Signature,200,50,J347,MV Flagship Tokyo,17870.98,5725.15,67,20765.04,15449.72,4087.85,60,18595.56,252,186,66,237,201,0
MV-35995,Unisex Check-In Modern,GRG,Greige,Leather Goods,Unisex,Luggage,Check-In,MVS,MV Signature,200,20,J347,MV Flagship Tokyo,113171.12,42436.27,114,148218.77,82200.02,27985.6,80,104013.17,125,114,11,76,61,0
MV-62383,Men Berets Relaxed,CHP,Champagne,Accessories,Men,Hats,Berets,MVS,MV Signature,200,30,J347,MV Flagship Tokyo,1654.36,465.52,5,2085.81,2112.04,794.29,6,2502.98,13,8,5,16,15,0
MV-76263,Women High Top Essential,CHP,Champagne,Footwear,Women,Sneakers,High Top,MV,Maison Voss,200,20,J347,MV Flagship Tokyo,104903.2,32754.84,117,142528.62,113851.56,34560.48,127,154710.55,333,241,92,312,296,0
MV-17816,Women Trousers Slim,TRP,Taupe,Ready-to-Wear,Women,Bottoms,Trousers,MV,Maison Voss,200,20,J347,MV Flagship Tokyo,10812.36,3230.03,22,12887.38,10126.6,3761.16,20,11715.8,12,9,3,9,6,0
MV-24530,Women Day Dresses Luxe,CAM,Camel,Ready-to-Wear,Women,Dresses,Day Dresses,MVS,MV Signature,200,50,J347,MV Flagship Tokyo,2830.55,878.93,11,3394.04,2608.46,703.14,11,3394.04,21,15,6,23,21,0
MV-14705,Men Baseball Caps Modern,GRG,Greige,Accessories,Men,Hats,Baseball Caps,MVS,MV Signature,200,20,J347,MV Flagship Tokyo,4206.27,1579.09,16,5330.98,5484.28,1862.89,20,6663.72,32,27,5,48,31,0
MV-54089,Unisex Blazers,RSE,Rose Poudre,Ready-to-Wear,Unisex,Outerwear,Blazers,MVS,MV Signature,200,20,J347,MV Flagship Tokyo,23102.55,7712.33,31,28253.5,28191.53,9447.56,40,36456.14,92,91,1,114,100,0
MV-96761,Men Jackets Essential,TRP,Taupe,Ready-to-Wear,Men,Outerwear,Jackets,MVS,MV Signature,200,50,J347,MV Flagship Tokyo,6534.43,2328.71,16,8172.36,6162.45,2090.79,16,8172.36,25,24,1,26,16,0
MV-60052,Unisex Evening Dresses,ROG,Rouge,Ready-to-Wear,Unisex,Dresses,Evening Dresses,MVS,MV Signature,200,50,J347,MV Flagship Tokyo,12011.96,4369.34,22,14857.42,15317.34,4537.1,27,18234.1,84,69,15,85,64,0
MV-52487,Men Mini Bags Luxe,BRG,Bordeaux,Leather Goods,Men,Handbags,Mini Bags,MV,Maison Voss,200,20,J347,MV Flagship Tokyo,5663.15,1775.68,8,8041.68,3997.72,1126.6,6,6031.26,7,6,1,4,3,0
MV-41029,Women Ballet Flats Luxe,CRM,Creme,Footwear,Women,Flats,Ballet Flats,MV,Maison Voss,200,50,J347,MV Flagship Tokyo,6136.48,1628.45,20,8235.75,5397.11,1847.72,18,7412.17,77,75,2,59,40,0
MV-20682,Men Loafers Slim,ROG,Rouge,Footwear,Men,Flats,Loafers,MVS,MV Signature,200,30,J347,MV Flagship Tokyo,13902.14,4348.05,49,18982.02,10866.57,3486.06,35,13558.58,138,89,49,102,67,0
MV-70258,Men Platform Slim,TRP,Taupe,Footwear,Men,Sneakers,Platform,MV,Maison Voss,200,50,J347,MV Flagship Tokyo,21283.82,5476.05,34,28869.72,19653.79,5489.37,35,29718.83,117,73,44,98,65,0
MV-26912,Men Suit Sets Essential,GRG,Greige,Ready-to-Wear,Men,Suits,Suit Sets,MVS,MV Signature,200,20,J347,MV Flagship Tokyo,11798.31,3442.98,24,14796.29,15946.42,5324.78,31,19111.88,52,34,18,69,67,0
MV-74451,Unisex Weekender Modern,TAN,Tan,Leather Goods,Unisex,Luggage,Weekender,MV,Maison Voss,200,20,J347,MV Flagship Tokyo,56447.91,19715.9,80,76672.48,48652.92,14003.91,65,62296.39,107,73,34,93,76,0
MV-55830,Women Jeans Heritage,NOI,Noir,Ready-to-Wear,Women,Bottoms,Jeans,MV,Maison Voss,200,20,J347,MV Flagship Tokyo,60221.3,18121.17,131,76668.53,62798.28,16510.45,127,74327.51,154,144,10,173,145,0
MV-48177,Women Card Holders Essential,CHP,Champagne,Leather Goods,Women,Small Leather Goods,Card Holders,MV,Maison Voss,200,20,J347,MV Flagship Tokyo,40598.87,14899.05,82,54199.26,32847.84,9749.46,70,46267.66,71,53,18,60,50,0
MV-67905,Women High Top Luxe,BEG,Beige,Footwear,Women,Sneakers,High Top,MV,Maison Voss,200,30,J347,MV Flagship Tokyo,16399.39,4494.66,23,22986.07,19635.94,5931.68,29,28982.44,34,24,10,44,31,0
MV-68493,Women Chain Belts Relaxed,NOI,Noir,Leather Goods,Women,Belts,Chain Belts,MV,Maison Voss,200,20,J347,MV Flagship Tokyo,41265.28,15604.38,80,58390.73,31161.83,11230.18,59,43063.17,218,134,84,152,117,0
MV-35995,Unisex Check-In Modern,IVR,Ivoire,Leather Goods,Unisex,Luggage,Check-In,MVS,MV Signature,200,50,J347,MV Flagship Tokyo,4285.24,1303.28,9,5400.99,3123.97,1145.68,7,4200.77,5,4,1,4,3,0
MV-77033,Women Weekender Modern,ECR,Ecru,Leather Goods,Women,Luggage,Weekender,MVS,MV Signature,200,20,J347,MV Flagship Tokyo,8137.34,2513.08,8,11107.76,9772.66,3591.62,9,12496.23,30,24,6,37,32,0
MV-52176,Women Check-In Relaxed,RSE,Rose Poudre,Leather Goods,Women,Luggage,Check-In,MVS,MV Signature,200,20,J347,MV Flagship Tokyo,26494.21,7693.23,24,35237.78,31349.88,8910.52,26,38174.26,54,37,17,47,38,0
MV-90301,Men High Top,ANT,Anthracite,Footwear,Men,Sneakers,High Top,MVS,MV Signature,200,50,J347,MV Flagship Tokyo,40114.0,10674.79,96,54565.25,39825.73,11386.6,91,51723.31,50,43,7,44,31,0
MV-79822,Unisex Fedoras Slim,SBL,Sable,Accessories,Unisex,Hats,Fedoras,MV,Maison Voss,200,70,J347,MV Flagship Tokyo,7249.91,2153.88,16,9118.43,6412.17,1753.7,15,8548.53,32,19,13,26,20,0
MV-54089,Unisex Blazers,ANT,Anthracite,Ready-to-Wear,Unisex,Outerwear,Blazers,MVS,MV Signature,200,30,J347,MV Flagship Tokyo,1467.28,503.77,3,2014.1,1585.01,460.24,3,2014.1,5,3,2,5,4,0
MV-10336,Men Blazers Heritage,TAN,Tan,Ready-to-Wear,Men,Suits,Blazers,MV,Maison Voss,200,30,J347,MV Flagship Tokyo,1876.6,665.57,8,2442.05,1524.44,554.76,7,2136.8,11,9,2,10,8,0
MV-62521,Women Silk Scarves Luxe,BRG,Bordeaux,Accessories,Women,Scarves,Silk Scarves,MVS,MV Signature,200,20,J347,MV Flagship Tokyo,52088.82,18438.75,114,77188.58,60481.76,19178.18,121,81928.23,367,348,19,342,213,0
MV-82512,Women Shorts Heritage,ARG,Argent,Ready-to-Wear,Women,Bottoms,Shorts,MV,Maison Voss,200,20,J347,MV Flagship Tokyo,35530.02,11687.64,58,51195.54,29308.97,8734.78,51,45016.77,215,173,42,202,170,0
MV-13396,Women Wallets Slim,BLU,Bleu Marine,Leather Goods,Women,Small Leather Goods,Wallets,MVS,MV Signature,200,20,J347,MV Flagship Tokyo,7817.94,2469.37,17,9895.27,6527.73,1833.39,14,8149.04,44,39,5,33,20,0
MV-26912,Men Suit Sets Essential,BLU,Bleu Marine,Ready-to-Wear,Men,Suits,Suit Sets,MVS,MV Signature,200,70,J347,MV Flagship Tokyo,21167.29,8038.58,47,25535.97,19662.91,5556.46,46,24992.65,148,116,32,120,90,0
MV-12665,Women Suit Trousers Essential,BRG,Bordeaux,Ready-to-Wear,Women,Suits,Suit Trousers,MV,Maison Voss,200,50,J347,MV Flagship Tokyo,26600.47,9451.75,43,31542.49,27180.95,6979.54,44,32276.03,88,86,2,98,66,0
MV-62772,Men Tote Bags Signature,NOI,Noir,Leather Goods,Men,Handbags,Tote Bags,MV,Maison Voss,200,50,J347,MV Flagship Tokyo,64622.27,17881.27,62,88209.35,53147.75,16015.0,49,69713.84,227,172,55,209,168,0
MV-45986,Women Chain Belts Classic,CHP,Champagne,Leather Goods,Women,Belts,Chain Belts,MV,Maison Voss,200,20,J347,MV Flagship Tokyo,14781.29,5023.19,15,17499.18,14540.17,4895.04,15,17499.18,12,8,4,11,9,0
MV-37460,Men Jackets Heritage,VRT,Vert,Ready-to-Wear,Men,Outerwear,Jackets,MV,Maison Voss,200,20,J347,MV Flagship Tokyo,30091.83,11355.17,117,39757.64,21917.9,5746.87,90,30582.8,193,155,38,119,108,0
MV-11214,Men Coats Heritage,RSE,Rose Poudre,Ready-to-Wear,Men,Outerwear,Coats,MVS,MV Signature,200,30,J347,MV Flagship Tokyo,14191.76,3858.51,21,19483.09,12309.48,4635.52,20,18555.33,12,8,4,12,7,0
MV-44099,Women Trousers Essential,ECR,Ecru,Ready-to-Wear,Women,Bottoms,Trousers,MVS,MV Signature,200,20,J347,MV Flagship Tokyo,36289.1,12577.12,69,48761.37,48185.02,14727.39,87,61481.72,216,165,51,281,265,0
MV-16895,Women Leather Belts Slim,CAM,Camel,Leather Goods,Women,Belts,Leather Belts,MV,Maison Voss,200,20,J347,MV Flagship Tokyo,342.39,106.6,1,440.48,312.19,110.32,1,440.48,0,0,0,0,0,0
MV-68878,Men Carry-On Heritage,BLU,Bleu Marine,Leather Goods,Men,Luggage,Carry-On,MVS,MV Signature,200,20,J347,MV Flagship Tokyo,16483.24,6232.07,27,22949.7,17646.25,5881.96,31,26349.65,88,81,7,109,85,0
MV-89928,Men Suit Trousers Slim,ROG,Rouge,Ready-to-Wear,Men,Suits,Suit Trousers,MVS,MV Signature,200,20,J347,MV Flagship Tokyo,5105.96,1794.69,25,7555.74,5485.29,1965.04,28,8462.43,53,42,11,63,45,0
MV-46655,Women Cat Eye Heritage,SBL,Sable,Accessories,Women,Sunglasses,Cat Eye,MV,Maison Voss,200,50,J347,MV Flagship Tokyo,14791.52,4413.69,45,20687.76,13406.24,3789.88,43,19768.31,154,148,6,171,167,0
MV-44099,Women Trousers Essential,ANT,Anthracite,Ready-to-Wear,Women,Bottoms,Trousers,MVS,MV Signature,200,30,J347,MV Flagship Tokyo,2838.77,817.45,4,4030.23,2110.63,666.12,3,3022.67,8,7,1,7,4,0
MV-76542,Men Suit Sets Modern,ROG,Rouge,Ready-to-Wear,Men,Suits,Suit Sets,MVS,MV Signature,200,20,J347,MV Flagship Tokyo,33492.61,10613.48,91,44743.53,41069.72,13756.53,105,51627.15,130,107,23,176,111,0
MV-42087,Men Slides Slim,GRG,Greige,Footwear,Men,Flats,Slides,MV,Maison Voss,200,20,J347,MV Flagship Tokyo,3401.89,1226.65,14,4579.41,3034.81,1053.14,12,3925.21,11,10,1,11,10,0
MV-70258,Men Platform Slim,SBL,Sable,Footwear,Men,Sneakers,Platform,MV,Maison Voss,200,30,J347,MV Flagship Tokyo,33057.99,12533.91,66,44709.01,37565.33,11611.15,80,54192.74,64,47,17,63,42,0
MV-14705,Men Baseball Caps Modern,ARG,Argent,Accessories,Men,Hats,Baseball Caps,MVS,MV Signature,200,50,J347,MV Flagship Tokyo,46993.42,17310.92,95,59961.86,46006.02,13021.47,89,56174.79,337,301,36,287,189,0
MV-69459,Women Rings Signature,BRG,Bordeaux,Accessories,Women,Jewelry,Rings,MV,Maison Voss,200,20,J347,MV Flagship Tokyo,14060.42,3754.89,48,18382.16,13975.78,4678.18,51,19531.05,45,31,14,44,32,0
MV-47880,Women Shorts Relaxed,GRG,Greige,Ready-to-Wear,Women,Bottoms,Shorts,MV,Maison Voss,200,20,J347,MV Flagship Tokyo,18871.52,6340.07,79,25272.82,19828.43,6891.06,81,25912.63,248,241,7,293,257,0
MV-65296,Women Ankle Boots Slim,CRM,Creme,Footwear,Women,Boots,Ankle Boots,MV,Maison Voss,200,50,J347,MV Flagship Tokyo,17988.64,5441.82,63,23423.62,19062.61,4839.96,74,27513.46,54,48,6,66,63,0
MV-54725,Women Suit Trousers Classic,ANT,Anthracite,Ready-to-Wear,Women,Suits,Suit Trousers,MV,Maison Voss,200,20,J347,MV Flagship Tokyo,12485.92,3192.03,25,16409.7,12911.16,3756.4,24,15753.31,99,76,23,81,49,0
MV-66881,Men Trousers Modern,ARG,Argent,Ready-to-Wear,Men,Bottoms,Trousers,MV,Maison Voss,200,30,J347,MV Flagship Tokyo,41745.58,14354.71,97,50749.75,49890.05,14332.6,115,60167.23,158,125,33,156,99,0
MV-69048,Women Tops Luxe,NOI,Noir,Ready-to-Wear,Women,Tops,Tops,MV,Maison Voss,200,50,J347,MV Flagship Tokyo,12011.12,4129.65,20,14821.53,10708.72,3602.22,19,14080.46,13,8,5,13,12,0
MV-26683,Women Blazers Relaxed,GRG,Greige,Ready-to-Wear,Women,Outerwear,Blazers,MV,Maison Voss,200,30,J347,MV Flagship Tokyo,24393.49,6465.63,49,33430.36,23710.53,7440.05,47,32065.86,67,63,4,75,64,0
MV-23579,Men Cat Eye,CRM,Creme,Accessories,Men,Sunglasses,Cat Eye,MVS,MV Signature,200,20,J347,MV Flagship Tokyo,44065.26,14424.8,80,59699.13,43637.41,12123.12,91,67907.77,46,44,2,62,60,0
MV-76132,Unisex Leather Belts Slim,RSE,Rose Poudre,Leather Goods,Unisex,Belts,Leather Belts,MV,Maison Voss,200,20,J347,MV Flagship Tokyo,25673.86,7713.19,27,36588.76,28306.37,8152.03,29,39299.04,30,27,3,27,24,0
MV-78494,Men Suit Sets Essential,BRG,Bordeaux,Ready-to-Wear,Men,Suits,Suit Sets,MVS,MV Signature,200,20,J347,MV Flagship Tokyo,14545.08,3733.18,21,19585.03,14606.11,3892.42,23,21450.27,58,55,3,54,49,0
MV-14705,Men Baseball Caps Modern,ARG,Argent,Accessories,Men,Hats,Baseball Caps,MVS,MV Signature,200,30,J347,MV Flagship Tokyo,21818.84,7969.02,36,28928.29,16357.71,5989.86,27,21696.22,67,47,20,43,37,0
MV-67637,Men Midi Dresses Essential,ARG,Argent,Ready-to-Wear,Men,Dresses,Midi Dresses,MV,Maison Voss,200,30,J347,MV Flagship Tokyo,50758.92,17453.22,99,63678.91,46669.45,12927.49,87,55960.26,299,179,120,276,273,0
MV-57052,Men Day Dresses Signature,BEG,Beige,Ready-to-Wear,Men,Dresses,Day Dresses,MV,Maison Voss,200,30,J347,MV Flagship Tokyo,78380.41,27144.96,155,109807.67,93620.15,24948.94,193,136728.27,364,350,14,480,437,0
MV-63843,Women Midi Dresses Essential,ROG,Rouge,Ready-to-Wear,Women,Dresses,Midi Dresses,MVS,MV Signature,200,20,J347,MV Flagship Tokyo,18910.39,6335.46,46,26996.61,21627.73,5446.6,51,29931.02,31,24,7,29,23,0
MV-29080,Men Jackets Relaxed,GRG,Greige,Ready-to-Wear,Men,Outerwear,Jackets,MV,Maison Voss,200,50,J347,MV Flagship Tokyo,15235.19,4897.61,63,19827.32,20592.61,6773.51,81,25492.27,215,148,67,276,250,0
MV-43681,Men Low Top Luxe,BRG,Bordeaux,Footwear,Men,Sneakers,Low Top,MV,Maison Voss,200,20,J347,MV Flagship Tokyo,48584.88,14139.55,136,60163.39,46408.96,15610.2,122,53970.1,201,134,67,178,144,0
MV-92203,Men Clutches,ECR,Ecru,Leather Goods,Men,Handbags,Clutches,MV,Maison Voss,200,50,J347,MV Flagship Tokyo,5694.19,1486.33,6,6949.16,5140.05,1335.8,5,5790.97,19,18,1,16,11,0
MV-80282,Unisex Baseball Caps Signature,SBL,Sable,Accessories,Unisex,Hats,Baseball Caps,MV,Maison Voss,200,70,J347,MV Flagship Tokyo,8884.4,2485.47,15,11968.73,7438.42,1954.89,13,10372.9,42,36,6,35,29,0
MV-55830,Women Jeans Heritage,NOI,Noir,Ready-to-Wear,Women,Bottoms,Jeans,MV,Maison Voss,200,50,J347,MV Flagship Tokyo,35262.48,8915.55,72,47055.05,28244.2,9496.3,53,34637.75,184,156,28,121,101,0
MV-52176,Women Check-In Relaxed,ROG,Rouge,Leather Goods,Women,Luggage,Check-In,MVS,MV Signature,200,50,J347,MV Flagship Tokyo,71005.4,20904.5,101,88404.36,84301.69,29585.75,116,101533.72,125,116,9,143,99,0
MV-26912,Men Suit Sets Essential,SBL,Sable,Ready-to-Wear,Men,Suits,Suit Sets,MVS,MV Signature,200,20,J347,MV Flagship Tokyo,49719.74,18183.24,114,62355.07,46436.1,16291.31,104,56885.33,401,343,58,321,219,0
MV-78494,Men Suit Sets Essential,BEG,Beige,Ready-to-Wear,Men,Suits,Suit Sets,MVS,MV Signature,200,50,J347,MV Flagship Tokyo,13473.33,3934.17,31,18946.56,12568.75,4191.55,29,17724.2,42,26,16,42,39,0
MV-49472,Men Square Frames Modern,ARG,Argent,Accessories,Men,Sunglasses,Square Frames,MV,Maison Voss,200,20,J347,MV Flagship Tokyo,2722.25,912.4,5,3338.96,2140.7,597.19,4,2671.16,15,9,6,9,7,0
MV-47512,Men Tops Relaxed,CRM,Creme,Ready-to-Wear,Men,Tops,Tops,MVS,MV Signature,200,30,J347,MV Flagship Tokyo,21246.27,7074.02,33,27342.5,19408.84,6572.07,34,28171.06,86,71,15,95,82,0
MV-45986,Women Chain Belts Classic,ROG,Rouge,Leather Goods,Women,Belts,Chain Belts,MV,Maison Voss,200,50,J347,MV Flagship Tokyo,15729.5,5510.95,15,23060.5,11056.92,3300.04,11,16911.03,17,15,2,10,8,0
MV-24530,Women Day Dresses Luxe,CRM,Creme,Ready-to-Wear,Women,Dresses,Day Dresses,MVS,MV Signature,200,50,J347,MV Flagship Tokyo,8785.4,2468.63,20,12099.46,9549.15,3199.45,24,14519.35,74,67,7,91,57,0
MV-30257,Women Weekender Relaxed,BRG,Bordeaux,Leather Goods,Women,Luggage,Weekender,MV,Maison Voss,200,20,J347,MV Flagship Tokyo,86812.21,25497.37,86,128058.33,72563.15,21163.18,72,107211.63,152,92,60,145,134,0
MV-12665,Women Suit Trousers Essential,BLU,Bleu Marine,Ready-to-Wear,Women,Suits,Suit Trousers,MV,Maison Voss,200,50,J347,MV Flagship Tokyo,846.91,239.53,4,1065.08,925.4,298.99,4,1065.08,12,7,5,15,9,0
MV-57943,Women Shorts Essential,ECR,Ecru,Ready-to-Wear,Women,Bottoms,Shorts,MV,Maison Voss,200,20,J347,MV Flagship Tokyo,71850.01,23148.33,103,101550.55,67453.77,19250.88,98,96620.91,373,372,1,353,266,0
MV-80236,Women Coats Slim,GRG,Greige,Ready-to-Wear,Women,Outerwear,Coats,MVS,MV Signature,200,20,J347,MV Flagship Tokyo,18884.87,6704.89,32,24911.37,18535.11,6645.85,33,25689.85,91,84,7,85,68,0
MV-58434,Women Shoulder Bags Heritage,VRT,Vert,Leather Goods,Women,Handbags,Shoulder Bags,MV,Maison Voss,200,20,J347,MV Flagship Tokyo,58936.51,15805.49,53,71442.27,58582.15,15255.91,52,70094.3,104,73,31,111,83,0
MV-13761,Women Evening Dresses Luxe,ANT,Anthracite,Ready-to-Wear,Women,Dresses,Evening Dresses,MVS,MV Signature,200,20,J347,MV Flagship Tokyo,1052.65,367.93,5,1443.04,1115.91,411.21,5,1443.04,4,2,2,4,3,0
MV-82135,Women Trousers Slim,CRM,Cognac,Ready-to-Wear,Women,Bottoms,Trousers,MVS,MV Signature,200,20,J347,MV Flagship Tokyo,6717.89,1869.05,24,8941.11,4763.79,1737.69,18,6705.83,42,28,14,26,23,0
MV-99224,Men Day Dresses Relaxed,TRP,Taupe,Ready-to-Wear,Men,Dresses,Day Dresses,MVS,MV Signature,200,50,J347,MV Flagship Tokyo,3693.6,1214.26,5,4934.84,2875.4,870.78,4,3947.87,6,4,2,4,3,0
MV-62383,Men Berets Relaxed,ARG,Argent,Accessories,Men,Hats,Berets,MVS,MV Signature,200,20,J347,MV Flagship Tokyo,48701.49,17138.9,191,73310.26,56173.48,16147.94,210,80602.9,611,509,102,628,430,0
MV-86556,Women Evening Dresses Classic,CAM,Camel,Ready-to-Wear,Women,Dresses,Evening Dresses,MV,Maison Voss,200,30,J347,MV Flagship Tokyo,62879.79,21656.11,96,86491.25,47259.85,12696.91,69,62165.58,129,119,10,82,55,0
MV-56955,Women Ballet Flats Relaxed,ECR,Ecru,Footwear,Women,Flats,Ballet Flats,MVS,MV Signature,200,50,J347,MV Flagship Tokyo,17127.01,4742.79,36,21754.07,23779.77,8803.74,44,26588.31,38,23,15,46,39,0
MV-94058,Women Chain Belts,IVR,Ivoire,Leather Goods,Women,Belts,Chain Belts,MVS,MV Signature,200,20,J347,MV Flagship Tokyo,5583.15,1947.01,14,7566.91,3251.42,921.59,9,4864.44,13,10,3,9,8,0
MV-62044,Women Low Top Classic,IVR,Ivoire,Footwear,Women,Sneakers,Low Top,MVS,MV Signature,200,20,J347,MV Flagship Tokyo,116382.18,31780.21,158,157033.09,113194.77,37852.85,150,149082.04,440,409,31,365,267,0
MV-44687,Men Card Holders Modern,GRG,Greige,Leather Goods,Men,Small Leather Goods,Card Holders,MVS,MV Signature,200,20,J347,MV Flagship Tokyo,22289.02,7599.63,24,31810.05,19145.68,5356.11,20,26508.38,19,11,8,18,14,0
MV-54589,Women Carry-On Slim,NVY,Navy,Leather Goods,Women,Luggage,Carry-On,MV,Maison Voss,200,50,J347,MV Flagship Tokyo,6738.27,2417.18,10,8010.05,6959.21,2240.49,11,8811.05,26,21,5,26,24,0
MV-91830,Women Bracelets,ARG,Argent,Accessories,Women,Jewelry,Bracelets,MV,Maison Voss,200,20,J347,MV Flagship Tokyo,23323.94,8804.92,48,29326.53,16096.93,5307.75,34,20772.96,189,182,7,130,110,0
MV-19869,Women Wool Scarves Slim,GRG,Greige,Accessories,Women,Scarves,Wool Scarves,MVS,MV Signature,200,30,J347,MV Flagship Tokyo,87004.44,27972.56,168,117639.31,80260.27,29625.12,154,107836.04,105,66,39,94,56,0
MV-94058,Women Chain Belts,CHP,Champagne,Leather Goods,Women,Belts,Chain Belts,MVS,MV Signature,200,20,J347,MV Flagship Tokyo,585.35,187.52,1,782.65,643.09,225.93,1,782.65,3,2,1,3,2,0
MV-53025,Men Loafers Heritage,CRM,Creme,Footwear,Men,Flats,Loafers,MV,Maison Voss,200,20,J347,MV Flagship Tokyo,7472.15,2739.87,15,10153.01,9928.45,3367.63,19,12860.48,30,24,6,36,24,0
MV-91830,Women Bracelets,IVR,Ivoire,Accessories,Women,Jewelry,Bracelets,MV,Maison Voss,200,20,J347,MV Flagship Tokyo,41846.28,14726.75,163,56066.64,37020.54,9677.26,142,48843.33,598,520,78,447,281,0
MV-98501,Women Blouses Relaxed,CAM,Camel,Ready-to-Wear,Women,Tops,Blouses,MVS,MV Signature,200,20,J347,MV Flagship Tokyo,6667.42,1782.62,11,10058.86,7291.6,2206.4,11,10058.86,5,3,2,4,2,0
MV-69446,Unisex Evening Dresses Modern,BEG,Beige,Ready-to-Wear,Unisex,Dresses,Evening Dresses,MV,Maison Voss,200,20,J347,MV Flagship Tokyo,2609.48,853.64,7,3714.8,3294.6,1151.5,8,4245.49,21,20,1,20,14,0
MV-80807,Men Ballet Flats Heritage,BEG,Beige,Footwear,Men,Flats,Ballet Flats,MV,Maison Voss,200,50,J347,MV Flagship Tokyo,16101.41,5471.68,49,20380.93,17438.84,5203.66,48,19965.0,113,86,27,132,115,0
MV-29080,Men Jackets Relaxed,BEG,Beige,Ready-to-Wear,Men,Outerwear,Jackets,MV,Maison Voss,200,20,J347,MV Flagship Tokyo,59623.43,19005.54,116,70856.96,45640.93,13682.42,87,53142.72,317,290,27,284,252,0
MV-20543,Men Check-In Classic,NOI,Noir,Leather Goods,Men,Luggage,Check-In,MVS,MV Signature,200,30,J347,MV Flagship Tokyo,40214.64,13881.21,38,55685.39,45015.77,16032.18,44,64477.82,58,42,16,81,68,0
MV-23579,Men Cat Eye,BRG,Bordeaux,Accessories,Men,Sunglasses,Cat Eye,MVS,MV Signature,200,70,J347,MV Flagship Tokyo,190382.52,66815.52,305,238014.23,191456.28,56639.41,285,222406.74,834,813,21,626,444,0
MV-16895,Women Leather Belts Slim,CRM,Creme,Leather Goods,Women,Belts,Leather Belts,MV,Maison Voss,200,20,J347,MV Flagship Tokyo,26778.6,9203.69,66,37426.92,29611.63,8403.53,73,41396.44,78,72,6,81,75,0
MV-57052,Men Day Dresses Signature,TAN,Tan,Ready-to-Wear,Men,Dresses,Day Dresses,MV,Maison Voss,200,20,J347,MV Flagship Tokyo,1704.68,582.23,4,2349.26,1619.92,407.47,4,2349.26,5,4,1,6,3,0
MV-78955,Women Pouches Modern,CAM,Camel,Leather Goods,Women,Small Leather Goods,Pouches,MV,Maison Voss,200,20,J347,MV Flagship Tokyo,286053.81,80875.42,289,401116.38,334495.16,111465.07,359,498272.6,964,892,72,1372,953,0
MV-48462,Women Ankle Boots Relaxed,GRG,Greige,Footwear,Women,Boots,Ankle Boots,MVS,MV Signature,200,20,J347,MV Flagship Tokyo,9909.36,3066.1,30,13184.43,10210.93,3297.22,35,15381.84,39,38,1,43,30,0
MV-13761,Women Evening Dresses Luxe,CAM,Camel,Ready-to-Wear,Women,Dresses,Evening Dresses,MVS,MV Signature,200,20,J347,MV Flagship Tokyo,11958.35,4380.27,19,14881.37,8724.77,2875.97,14,10965.22,36,33,3,33,32,0
MV-60181,Women Jackets Classic,CHP,Champagne,Ready-to-Wear,Women,Outerwear,Jackets,MVS,MV Signature,200,20,J347,MV Flagship Tokyo,27042.59,7918.78,47,34486.02,29616.7,8235.05,52,38154.74,49,48,1,56,36,0
MV-71669,Men Silk Scarves,IVR,Ivoire,Accessories,Men,Scarves,Silk Scarves,MV,Maison Voss,200,50,J347,MV Flagship Tokyo,10001.75,2932.71,21,11817.84,10368.07,3096.81,22,12380.6,49,32,17,44,33,0
MV-31581,Men Key Holders Slim,CAM,Camel,Leather Goods,Men,Small Leather Goods,Key Holders,MVS,MV Signature,200,20,J347,MV Flagship Tokyo,3388.93,995.94,5,4521.35,2938.61,832.82,4,3617.08,18,17,1,14,11,0
MV-82512,Women Shorts Heritage,TAN,Tan,Ready-to-Wear,Women,Bottoms,Shorts,MV,Maison Voss,200,50,J347,MV Flagship Tokyo,277.21,90.13,1,392.51,0.0,0.0,0,0.0,0,0,0,0,0,0
MV-60432,Women Suit Sets Essential,CAM,Camel,Ready-to-Wear,Women,Suits,Suit Sets,MVS,MV Signature,200,20,J347,MV Flagship Tokyo,14512.01,5227.45,35,19500.02,14666.71,5202.29,36,20057.16,97,65,32,87,78,0
MV-54942,Men Square Frames Relaxed,IVR,Ivoire,Accessories,Men,Sunglasses,Square Frames,MV,Maison Voss,200,20,J347,MV Flagship Tokyo,64425.34,21473.21,106,77777.91,84229.35,30648.25,130,95388.01,89,87,2,96,63,0
MV-23133,Men Trousers Essential,RSE,Rose Poudre,Ready-to-Wear,Men,Bottoms,Trousers,MV,Maison Voss,200,20,J347,MV Flagship Tokyo,21356.19,8036.82,49,28159.79,16525.1,5748.96,37,21263.51,152,123,29,126,115,0
MV-48462,Women Ankle Boots Relaxed,CHP,Champagne,Footwear,Women,Boots,Ankle Boots,MVS,MV Signature,200,30,J347,MV Flagship Tokyo,370737.04,139269.75,418,435113.36,431450.46,151119.22,505,525675.23,870,526,344,1223,783,0
MV-49618,Men Square Frames Classic,CAM,Camel,Accessories,Men,Sunglasses,Square Frames,MV,Maison Voss,200,20,J347,MV Flagship Tokyo,5183.74,1701.91,19,6830.17,6004.82,2225.83,20,7189.65,20,17,3,23,21,0
MV-48462,Women Ankle Boots Relaxed,ROG,Rouge,Footwear,Women,Boots,Ankle Boots,MVS,MV Signature,200,20,J347,MV Flagship Tokyo,15225.71,5670.44,19,19714.94,14780.63,4326.05,21,21790.2,45,44,1,52,41,0
MV-79942,Men Blazers Essential,TRP,Taupe,Ready-to-Wear,Men,Outerwear,Blazers,MVS,MV Signature,200,50,J347,MV Flagship Tokyo,5079.03,1338.76,10,6719.35,3961.7,1399.39,8,5375.48,11,6,5,9,5,0
MV-30644,Men Chain Belts Slim,BRG,Bordeaux,Leather Goods,Men,Belts,Chain Belts,MV,Maison Voss,200,20,J347,MV Flagship Tokyo,4974.38,1867.25,10,6259.73,3446.08,1247.4,7,4381.81,20,17,3,14,9,0
MV-23979,Women Check-In Relaxed,BLU,Bleu Marine,Leather Goods,Women,Luggage,Check-In,MV,Maison Voss,200,20,J347,MV Flagship Tokyo,10871.87,3284.67,19,13997.85,8132.94,2581.52,13,9577.48,24,22,2,18,17,0
MV-72031,Women Blazers,IVR,Ivoire,Ready-to-Wear,Women,Suits,Blazers,MV,Maison Voss,200,50,J347,MV Flagship Tokyo,34167.64,12595.66,92,42550.23,34578.25,11766.7,95,43937.74,336,215,121,353,303,0
MV-94058,Women Chain Belts,NOI,Noir,Leather Goods,Women,Belts,Chain Belts,MVS,MV Signature,200,50,J347,MV Flagship Tokyo,71712.25,19197.92,138,104726.59,56847.67,20665.71,102,77406.61,545,351,194,415,378,0
MV-70443,Women Card Holders Heritage,TAN,Tan,Leather Goods,Women,Small Leather Goods,Card Holders,MVS,MV Signature,200,50,J347,MV Flagship Tokyo,129164.06,38882.32,216,163461.83,109813.84,36018.62,170,128650.51,824,728,96,634,560,0
MV-56019,Men Shorts Slim,ECR,Ecru,Ready-to-Wear,Men,Bottoms,Shorts,MV,Maison Voss,200,20,J347,MV Flagship Tokyo,4117.95,1440.84,15,5510.59,2654.45,984.32,10,3673.73,23,18,5,18,11,0
MV-69048,Women Tops Luxe,ECR,Ecru,Ready-to-Wear,Women,Tops,Tops,MV,Maison Voss,200,20,J347,MV Flagship Tokyo,25566.55,8046.78,124,37385.46,28594.75,8328.32,139,41907.9,494,385,109,590,489,0
MV-68493,Women Chain Belts Relaxed,CHP,Champagne,Leather Goods,Women,Belts,Chain Belts,MV,Maison Voss,200,70,J347,MV Flagship Tokyo,23227.56,5850.12,23,32646.15,21859.79,6227.54,21,29807.35,83,78,5,91,60,0
MV-59015,Unisex Baseball Caps Relaxed,RSE,Rose Poudre,Accessories,Unisex,Hats,Baseball Caps,MV,Maison Voss,200,50,J347,MV Flagship Tokyo,3049.86,1141.78,7,3847.57,2992.92,886.86,7,3847.57,15,9,6,14,12,0
MV-79615,Women Midi Dresses Slim,ANT,Anthracite,Ready-to-Wear,Women,Dresses,Midi Dresses,MV,Maison Voss,200,50,J347,MV Flagship Tokyo,25608.27,6610.71,119,32820.63,20405.42,7751.49,91,25098.13,222,149,73,166,113,0
MV-56438,Men Boots Essential,BLU,Bleu Marine,Footwear,Men,Heels,Boots,MV,Maison Voss,200,20,J347,MV Flagship Tokyo,44056.63,13568.88,59,59712.73,47074.4,13246.87,65,65785.21,109,108,1,110,93,0
MV-44099,Women Trousers Essential,CAM,Camel,Ready-to-Wear,Women,Bottoms,Trousers,MVS,MV Signature,200,20,J347,MV Flagship Tokyo,4203.43,1170.25,10,5850.52,3678.99,1085.28,9,5265.47,17,15,2,14,9,0
MV-29080,Men Jackets Relaxed,NOI,Noir,Ready-to-Wear,Men,Outerwear,Jackets,MV,Maison Voss,200,50,J347,MV Flagship Tokyo,15949.46,5645.0,32,22292.41,19747.53,7099.73,37,25775.6,72,68,4,85,69,0
MV-99381,Women Fedoras Signature,TRP,Taupe,Accessories,Women,Hats,Fedoras,MVS,MV Signature,200,70,J347,MV Flagship Tokyo,12340.78,4680.45,19,15409.17,13570.0,4090.79,23,18653.2,70,48,22,70,60,0
MV-80143,Men Knitwear Classic,CHP,Champagne,Ready-to-Wear,Men,Tops,Knitwear,MVS,MV Signature,200,30,J347,MV Flagship Tokyo,19940.21,6245.58,78,25746.9,20042.27,7600.79,80,26407.08,169,149,20,150,97,0
MV-74038,Women Pouches,IVR,Ivoire,Leather Goods,Women,Small Leather Goods,Pouches,MV,Maison Voss,200,20,J347,MV Flagship Tokyo,27657.23,9463.89,35,34543.35,28565.33,7997.97,40,39478.11,62,50,12,70,49,0
MV-91490,Women Midi Dresses,BRG,Bordeaux,Ready-to-Wear,Women,Dresses,Midi Dresses,MV,Maison Voss,200,20,J347,MV Flagship Tokyo,79513.79,22581.69,266,105756.32,95973.97,28957.48,318,126430.49,187,164,23,228,159,0
MV-28191,Women Chelsea Boots Luxe,BLU,Bleu Marine,Footwear,Women,Boots,Chelsea Boots,MV,Maison Voss,200,50,J347,MV Flagship Tokyo,1814.62,642.43,3,2403.45,1694.17,535.88,3,2403.45,9,7,2,9,8,0
MV-82910,Men Shirts Signature,GRG,Greige,Ready-to-Wear,Men,Tops,Shirts,MV,Maison Voss,200,20,J347,MV Flagship Tokyo,14167.33,5131.46,25,18307.49,15049.54,5283.02,26,19039.79,87,62,25,82,58,0
MV-29080,Men Jackets Relaxed,TRP,Taupe,Ready-to-Wear,Men,Outerwear,Jackets,MV,Maison Voss,200,30,J347,MV Flagship Tokyo,12097.67,3685.82,38,17435.36,16819.66,5010.55,48,22023.61,79,74,5,97,84,0
MV-60052,Unisex Evening Dresses,TRP,Taupe,Ready-to-Wear,Unisex,Dresses,Evening Dresses,MVS,MV Signature,200,50,J347,MV Flagship Tokyo,11920.98,3208.91,41,16528.71,11572.15,4114.62,41,16528.71,76,46,30,64,52,0
MV-65444,Women Berets,CHP,Champagne,Accessories,Women,Hats,Berets,MVS,MV Signature,200,50,J347,MV Flagship Tokyo,9521.38,3294.24,22,12814.56,6705.81,2185.55,15,8737.2,32,26,6,21,13,0
MV-38047,Women Round Frames Relaxed,ARG,Argent,Accessories,Women,Sunglasses,Round Frames,MVS,MV Signature,200,20,J347,MV Flagship Tokyo,22966.87,6488.35,76,28570.84,16361.37,5602.28,53,19924.4,233,195,38,164,157,0
MV-80468,Men Blouses Relaxed,RSE,Rose Poudre,Ready-to-Wear,Men,Tops,Blouses,MVS,MV Signature,200,30,J347,MV Flagship Tokyo,58660.05,18204.62,121,76529.14,67010.54,21225.1,139,87913.64,89,63,26,99,95,0
MV-54589,Women Carry-On Slim,CRM,Cognac,Leather Goods,Women,Luggage,Carry-On,MV,Maison Voss,200,70,J347,MV Flagship Tokyo,88914.17,26219.32,163,118662.37,97570.12,33908.09,171,124486.29,488,423,65,548,525,0
MV-26683,Women Blazers Relaxed,ARG,Argent,Ready-to-Wear,Women,Outerwear,Blazers,MV,Maison Voss,200,20,J347,MV Flagship Tokyo,35022.65,10917.92,95,45234.36,30462.56,8026.21,82,39044.4,105,93,12,92,87,0
MV-42087,Men Slides Slim,CRM,Creme,Footwear,Men,Flats,Slides,MV,Maison Voss,200,50,J347,MV Flagship Tokyo,58724.51,16619.42,111,76620.66,40265.48,15192.87,78,53841.55,396,285,111,281,200,0
MV-57942,Women Chelsea Boots Modern,TRP,Taupe,Footwear,Women,Boots,Chelsea Boots,MVS,MV Signature,200,20,J347,MV Flagship Tokyo,32727.25,12217.67,46,42162.62,30081.63,8331.84,42,38496.3,23,17,6,18,10,0
MV-12128,Women Cat Eye Signature,NVY,Navy,Accessories,Women,Sunglasses,Cat Eye,MV,Maison Voss,200,70,J347,MV Flagship Tokyo,30509.24,10341.96,102,39100.17,28503.79,10598.72,102,39100.17,192,127,65,156,125,0
MV-69459,Women Rings Signature,GRG,Greige,Accessories,Women,Jewelry,Rings,MV,Maison Voss,200,70,J347,MV Flagship Tokyo,8720.18,2394.0,21,12707.18,8827.14,2436.93,21,12707.18,65,47,18,72,52,0
MV-37460,Men Jackets Heritage,VRT,Vert,Ready-to-Wear,Men,Outerwear,Jackets,MV,Maison Voss,200,50,J347,MV Flagship Tokyo,11339.24,3722.74,29,14773.81,9239.24,3208.28,26,13245.48,61,47,14,53,41,0
MV-70443,Women Card Holders Heritage,RSE,Rose Poudre,Leather Goods,Women,Small Leather Goods,Card Holders,MVS,MV Signature,200,20,J347,MV Flagship Tokyo,10701.74,2779.09,22,15697.75,11193.92,3661.22,24,17124.82,62,40,22,82,61,0
MV-74866,Women Wool Scarves Luxe,VRT,Vert,Accessories,Women,Scarves,Wool Scarves,MV,Maison Voss,200,20,J347,MV Flagship Tokyo,7183.61,1805.25,36,10034.96,5495.44,1640.2,29,8083.72,55,51,4,50,38,0
MV-83975,Unisex Baseball Caps Classic,ANT,Anthracite,Accessories,Unisex,Hats,Baseball Caps,MVS,MV Signature,200,20,J347,MV Flagship Tokyo,4021.37,1095.15,19,5065.62,4028.9,1383.87,17,4532.39,38,24,14,34,30,0
MV-56346,Women Clutches Essential,CAM,Camel,Leather Goods,Women,Handbags,Clutches,MV,Maison Voss,200,30,J347,MV Flagship Tokyo,99642.63,37496.64,191,129441.8,103677.47,30743.98,218,147739.85,694,511,183,806,504,0
MV-82199,Men Shorts Classic,CAM,Camel,Ready-to-Wear,Men,Bottoms,Shorts,MVS,MV Signature,200,50,J347,MV Flagship Tokyo,7317.3,2240.46,22,10633.18,6930.46,2068.5,19,9183.2,75,51,24,53,40,0
MV-54313,Women Wallets Classic,ROG,Rouge,Leather Goods,Women,Small Leather Goods,Wallets,MV,Maison Voss,200,20,J347,MV Flagship Tokyo,4780.72,1385.38,6,5747.42,2956.75,967.1,4,3831.61,19,14,5,12,7,0
MV-99381,Women Fedoras Signature,NVY,Navy,Accessories,Women,Hats,Fedoras,MVS,MV Signature,200,50,J347,MV Flagship Tokyo,23489.42,8570.86,43,29776.6,19849.28,7333.8,36,24929.25,97,84,13,81,72,0
MV-69048,Women Tops Luxe,TRP,Taupe,Ready-to-Wear,Women,Tops,Tops,MV,Maison Voss,200,30,J347,MV Flagship Tokyo,1514.75,463.23,3,1936.56,1573.97,417.34,3,1936.56,7,6,1,6,5,0
MV-76249,Men Clutches Luxe,CRM,Cognac,Leather Goods,Men,Handbags,Clutches,MV,Maison Voss,200,20,J347,MV Flagship Tokyo,2572.33,925.0,6,3549.09,3020.27,972.54,7,4140.6,9,7,2,12,7,0
MV-58566,Men Leather Belts Relaxed,CHP,Champagne,Leather Goods,Men,Belts,Leather Belts,MVS,MV Signature,200,50,J347,MV Flagship Tokyo,8789.13,2765.52,14,12475.79,5989.45,1667.61,10,8911.28,15,12,3,9,6,0
MV-85156,Women Chain Belts Essential,ARG,Argent,Leather Goods,Women,Belts,Chain Belts,MV,Maison Voss,200,20,J347,MV Flagship Tokyo,39369.87,13580.73,36,54334.86,42902.1,15454.71,37,55844.16,82,80,2,70,60,0
MV-23579,Men Cat Eye,ROG,Rouge,Accessories,Men,Sunglasses,Cat Eye,MVS,MV Signature,200,70,J347,MV Flagship Tokyo,7558.82,2237.12,33,9913.74,7632.57,2063.66,35,10514.57,75,49,26,73,70,0
MV-74866,Women Wool Scarves Luxe,BRG,Bordeaux,Accessories,Women,Scarves,Wool Scarves,MV,Maison Voss,200,30,J347,MV Flagship Tokyo,52389.01,14056.75,94,68471.72,49844.55,15171.54,91,66286.45,214,190,24,229,183,0
MV-68838,Men Suit Trousers Signature,CRM,Creme,Ready-to-Wear,Men,Suits,Suit Trousers,MV,Maison Voss,200,50,J347,MV Flagship Tokyo,37299.52,9679.09,78,49554.57,43693.62,12378.12,99,62896.18,105,92,13,116,69,0
MV-20682,Men Loafers Slim,NOI,Noir,Footwear,Men,Flats,Loafers,MVS,MV Signature,200,70,J347,MV Flagship Tokyo,26045.27,6534.78,32,33073.85,16147.55,6007.29,22,22738.27,111,88,23,87,66,0
MV-35203,Men Blazers Modern,ROG,Rouge,Ready-to-Wear,Men,Outerwear,Blazers,MVS,MV Signature,200,20,J347,MV Flagship Tokyo,16051.59,5906.26,23,23117.9,12533.67,4577.16,20,20102.52,60,42,18,52,41,0
MV-26299,Men High Top Luxe,ARG,Argent,Footwear,Men,Sneakers,High Top,MVS,MV Signature,200,70,J347,MV Flagship Tokyo,12542.7,3353.62,22,16554.1,9184.71,2544.92,16,12039.34,70,63,7,51,41,0
MV-76039,Women Boots Relaxed,SBL,Sable,Footwear,Women,Heels,Boots,MVS,MV Signature,200,50,J347,MV Flagship Tokyo,40768.69,13934.5,87,54182.18,29033.13,10325.34,63,39235.37,271,260,11,217,183,0
MV-44664,Women Shoulder Bags Modern,CRM,Creme,Leather Goods,Women,Handbags,Shoulder Bags,MVS,MV Signature,200,50,J347,MV Flagship Tokyo,1104.98,289.01,3,1505.83,1062.77,376.91,3,1505.83,2,1,1,2,1,0
MV-91490,Women Midi Dresses,NVY,Navy,Ready-to-Wear,Women,Dresses,Midi Dresses,MV,Maison Voss,200,50,J347,MV Flagship Tokyo,663.78,223.25,1,813.93,687.26,173.17,1,813.93,1,0,1,1,0,0
MV-59308,Men Knitwear Essential,NVY,Navy,Ready-to-Wear,Men,Tops,Knitwear,MVS,MV Signature,200,20,J347,MV Flagship Tokyo,50699.82,13087.96,93,65131.62,62448.95,23715.85,120,84040.8,367,293,74,380,262,0
MV-44664,Women Shoulder Bags Modern,NOI,Noir,Leather Goods,Women,Handbags,Shoulder Bags,MVS,MV Signature,200,20,J347,MV Flagship Tokyo,43300.46,14277.8,38,58715.56,45755.69,12911.0,39,60260.7,33,20,13,39,29,0
MV-54185,Men Trousers Heritage,NOI,Noir,Ready-to-Wear,Men,Bottoms,Trousers,MVS,MV Signature,200,30,J347,MV Flagship Tokyo,3746.45,1277.79,8,5346.0,4041.45,1323.23,8,5346.0,10,9,1,10,8,0
MV-46655,Women Cat Eye Heritage,BEG,Beige,Accessories,Women,Sunglasses,Cat Eye,MV,Maison Voss,200,20,J347,MV Flagship Tokyo,6809.21,2176.82,15,8692.14,7823.91,2636.2,17,9851.09,44,35,9,47,30,0
MV-51704,Women Fedoras Luxe,CRM,Cognac,Accessories,Women,Hats,Fedoras,MV,Maison Voss,200,20,J347,MV Flagship Tokyo,41712.79,10650.24,158,58242.42,49693.52,14613.04,176,64877.63,606,580,26,726,707,0
MV-30866,Women Loafers Modern,GRG,Greige,Footwear,Women,Flats,Loafers,MVS,MV Signature,200,20,J347,MV Flagship Tokyo,57042.61,18448.49,115,82411.08,51950.07,17543.0,107,76678.14,458,277,181,463,335,0
MV-58566,Men Leather Belts Relaxed,ROG,Rouge,Leather Goods,Men,Belts,Leather Belts,MVS,MV Signature,200,20,J347,MV Flagship Tokyo,29136.64,8038.77,72,40824.6,27380.42,7204.22,65,36855.55,87,54,33,78,77,0
MV-83975,Unisex Baseball Caps Classic,NOI,Noir,Accessories,Unisex,Hats,Baseball Caps,MVS,MV Signature,200,50,J347,MV Flagship Tokyo,11624.3,3527.78,38,16102.54,12480.13,4490.35,45,19068.8,94,57,37,134,128,0
MV-38183,Men Suit Trousers Essential,ANT,Anthracite,Ready-to-Wear,Men,Suits,Suit Trousers,MVS,MV Signature,200,50,J347,MV Flagship Tokyo,12109.65,4385.52,43,15267.9,10349.84,3608.65,34,12072.3,140,91,49,126,118,0
MV-47243,Men Boots Heritage,ROG,Rouge,Footwear,Men,Heels,Boots,MV,Maison Voss,200,20,J347,MV Flagship Tokyo,143659.85,44464.94,216,196750.99,199611.64,66624.88,274,249582.27,593,581,12,856,637,0
MV-49576,Women Jackets Classic,CRM,Creme,Ready-to-Wear,Women,Outerwear,Jackets,MV,Maison Voss,200,50,J347,MV Flagship Tokyo,110805.95,38288.54,197,136474.22,102197.41,32955.76,195,135088.69,689,534,155,730,672,0
MV-65296,Women Ankle Boots Slim,CAM,Camel,Footwear,Women,Boots,Ankle Boots,MV,Maison Voss,200,70,J347,MV Flagship Tokyo,9584.46,2599.85,14,11423.07,9034.85,3324.39,14,11423.07,51,38,13,44,37,0
MV-54657,Women Evening Dresses Slim,CRM,Cognac,Ready-to-Wear,Women,Dresses,Evening Dresses,MV,Maison Voss,200,20,J347,MV Flagship Tokyo,56062.81,18420.64,97,69990.38,48215.04,13389.23,86,62053.33,377,297,80,308,303,0
MV-88366,Men Blazers Classic,VRT,Vert,Ready-to-Wear,Men,Outerwear,Blazers,MV,Maison Voss,200,20,J347,MV Flagship Tokyo,5061.04,1871.47,12,6849.5,4873.47,1790.53,12,6849.5,22,16,6,26,18,0
MV-49618,Men Square Frames Classic,CRM,Cognac,Accessories,Men,Sunglasses,Square Frames,MV,Maison Voss,200,20,J347,MV Flagship Tokyo,5352.7,1670.56,14,6998.75,3528.49,1129.47,10,4999.11,37,27,10,27,22,0
MV-32527,Women Mules Luxe,TRP,Taupe,Footwear,Women,Heels,Mules,MV,Maison Voss,200,50,J347,MV Flagship Tokyo,30275.86,9092.16,66,38649.5,27550.35,9859.38,60,35135.91,122,85,37,110,100,0
MV-66881,Men Trousers Modern,CRM,Cognac,Ready-to-Wear,Men,Bottoms,Trousers,MV,Maison Voss,200,20,J347,MV Flagship Tokyo,7019.96,2237.64,30,10068.18,6398.18,1663.72,26,8725.76,30,26,4,26,22,0
MV-31632,Women Weekender Luxe,VRT,Vert,Leather Goods,Women,Luggage,Weekender,MV,Maison Voss,200,20,J347,MV Flagship Tokyo,87204.07,29060.97,157,107978.18,95412.9,33881.89,160,110041.46,295,210,85,314,313,0
MV-12671,Men Ballet Flats Slim,BRG,Bordeaux,Footwear,Men,Flats,Ballet Flats,MVS,MV Signature,200,20,J347,MV Flagship Tokyo,3108.97,1054.6,5,3711.2,2824.29,1068.58,5,3711.2,6,4,2,5,3,0
MV-80468,Men Blouses Relaxed,BLU,Bleu Marine,Ready-to-Wear,Men,Tops,Blouses,MVS,MV Signature,200,50,J347,MV Flagship Tokyo,13874.33,4696.72,42,17463.97,15078.5,4001.48,44,18295.59,156,154,2,139,110,0
MV-16895,Women Leather Belts Slim,VRT,Vert,Leather Goods,Women,Belts,Leather Belts,MV,Maison Voss,200,20,J347,MV Flagship Tokyo,152352.71,49015.74,147,206818.56,113606.06,38211.57,117,164610.69,263,215,48,235,231,0
MV-68493,Women Chain Belts Relaxed,BLU,Bleu Marine,Leather Goods,Women,Belts,Chain Belts,MV,Maison Voss,200,20,J347,MV Flagship Tokyo,81240.01,27808.2,137,114393.15,93939.15,28680.64,159,132762.85,115,76,39,129,105,0
MV-74866,Women Wool Scarves Luxe,BLU,Bleu Marine,Accessories,Women,Scarves,Wool Scarves,MV,Maison Voss,200,20,J347,MV Flagship Tokyo,5469.34,1398.1,9,7293.56,6914.68,2069.34,11,8914.35,29,24,5,32,30,0
MV-20328,Men Clutches,ARG,Argent,Leather Goods,Men,Handbags,Clutches,MVS,MV Signature,200,20,J347,MV Flagship Tokyo,16562.79,5630.41,26,20616.59,16463.85,4834.91,24,19030.7,71,60,11,56,54,0
MV-51116,Unisex Tops Essential,RSE,Rose Poudre,Ready-to-Wear,Unisex,Tops,Tops,MV,Maison Voss,200,30,J347,MV Flagship Tokyo,13537.56,4576.85,56,17095.47,9915.1,2879.32,44,13432.15,153,143,10,131,99,0
MV-27961,Women Blouses Signature,ECR,Ecru,Ready-to-Wear,Women,Tops,Blouses,MV,Maison Voss,200,50,J347,MV Flagship Tokyo,6876.92,2523.11,10,8555.74,5563.18,1530.11,8,6844.59,8,7,1,6,4,0
MV-93283,Unisex Wallets Luxe,ANT,Anthracite,Leather Goods,Unisex,Small Leather Goods,Wallets,MV,Maison Voss,200,30,J347,MV Flagship Tokyo,166316.08,44580.22,201,222720.09,121237.13,40575.37,148,163992.9,242,228,14,162,114,0
MV-78146,Men Day Dresses,ARG,Argent,Ready-to-Wear,Men,Dresses,Day Dresses,MV,Maison Voss,200,20,J347,MV Flagship Tokyo,101820.28,30579.84,144,119773.47,73165.15,20425.44,118,98147.7,282,235,47,276,229,0
MV-47196,Women Wallets,BRG,Bordeaux,Leather Goods,Women,Small Leather Goods,Wallets,MVS,MV Signature,200,20,J347,MV Flagship Tokyo,4441.93,1169.43,10,5418.14,4582.62,1366.68,10,5418.14,28,26,2,29,28,0
MV-27139,Men Jackets Signature,BEG,Beige,Ready-to-Wear,Men,Outerwear,Jackets,MVS,MV Signature,200,50,J347,MV Flagship Tokyo,2288.32,686.29,7,2955.87,2128.14,567.45,6,2533.6,6,4,2,5,3,0
MV-98188,Women Knee High Heritage,ECR,Ecru,Footwear,Women,Boots,Knee High,MV,Maison Voss,200,20,J347,MV Flagship Tokyo,3411.11,1169.82,5,4946.86,2748.3,707.02,4,3957.48,6,3,3,3,2,0
MV-15014,Women Bracelets Modern,IVR,Ivoire,Accessories,Women,Jewelry,Bracelets,MVS,MV Signature,200,30,J347,MV Flagship Tokyo,43160.88,11157.9,140,58326.39,41093.52,13997.44,147,61242.71,469,466,3,402,381,0
MV-15513,Unisex Shorts Heritage,TRP,Taupe,Ready-to-Wear,Unisex,Bottoms,Shorts,MVS,MV Signature,200,50,J347,MV Flagship Tokyo,7213.71,2043.8,12,10569.1,9196.44,3324.34,14,12330.62,46,31,15,59,50,0
MV-44687,Men Card Holders Modern,CRM,Cognac,Leather Goods,Men,Small Leather Goods,Card Holders,MVS,MV Signature,200,20,J347,MV Flagship Tokyo,20548.15,5428.47,31,25257.63,21023.19,5738.37,30,24442.87,55,35,20,57,51,0
MV-89963,Women Cat Eye Luxe,ECR,Ecru,Accessories,Women,Sunglasses,Cat Eye,MV,Maison Voss,200,20,J347,MV Flagship Tokyo,13380.84,4407.46,34,18425.74,16592.77,4430.46,42,22761.21,101,81,20,116,85,0
MV-44335,Women Slides Slim,TRP,Taupe,Footwear,Women,Flats,Slides,MV,Maison Voss,200,30,J347,MV Flagship Tokyo,13341.33,4754.6,53,16038.92,10526.66,3010.73,39,11802.22,72,61,11,58,48,0
MV-49363,Unisex Cashmere Scarves,ROG,Rouge,Accessories,Unisex,Scarves,Cashmere Scarves,MVS,MV Signature,200,50,J347,MV Flagship Tokyo,2539.25,641.13,4,3369.13,1905.32,626.55,3,2526.85,8,6,2,7,5,0
MV-29597,Women Leather Belts,CRM,Creme,Leather Goods,Women,Belts,Leather Belts,MV,Maison Voss,200,20,J347,MV Flagship Tokyo,14924.19,4829.93,15,19642.5,12575.55,4655.55,14,18333.0,44,30,14,51,37,0
MV-93746,Women Blazers Essential,VRT,Vert,Ready-to-Wear,Women,Suits,Blazers,MV,Maison Voss,200,30,J347,MV Flagship Tokyo,101648.68,37282.61,157,135365.87,123600.84,44113.07,202,174165.0,237,222,15,289,280,0
MV-46559,Men Ballet Flats Luxe,BRG,Bordeaux,Footwear,Men,Flats,Ballet Flats,MV,Maison Voss,200,70,J347,MV Flagship Tokyo,124994.95,44599.63,140,165436.28,130671.94,39219.04,144,170163.03,513,496,17,454,359,0
MV-67104,Men Sandals Essential,TRP,Taupe,Footwear,Men,Heels,Sandals,MV,Maison Voss,200,30,J347,MV Flagship Tokyo,46982.15,17136.22,89,59158.84,60434.23,21480.83,111,73782.37,239,197,42,280,242,0
MV-54589,Women Carry-On Slim,CHP,Champagne,Leather Goods,Women,Luggage,Carry-On,MV,Maison Voss,200,70,J347,MV Flagship Tokyo,843.68,229.59,1,1058.43,877.29,270.79,1,1058.43,3,2,1,3,1,0
MV-64377,Women Trousers Essential,ARG,Argent,Ready-to-Wear,Women,Bottoms,Trousers,MVS,MV Signature,200,20,J347,MV Flagship Tokyo,11026.93,3630.12,23,14499.53,13683.98,4257.37,27,17021.19,22,17,5,31,30,0
MV-71797,Men Shoulder Bags Classic,TRP,Taupe,Leather Goods,Men,Handbags,Shoulder Bags,MVS,MV Signature,200,20,J347,MV Flagship Tokyo,41092.83,11551.48,57,60714.62,33223.62,11632.38,49,52193.27,59,37,22,56,47,0
MV-48177,Women Card Holders Essential,ANT,Anthracite,Leather Goods,Women,Small Leather Goods,Card Holders,MV,Maison Voss,200,20,J347,MV Flagship Tokyo,12279.46,4468.56,18,15149.35,10136.68,3758.51,15,12624.46,68,64,4,54,44,0
MV-68878,Men Carry-On Heritage,ANT,Anthracite,Leather Goods,Men,Luggage,Carry-On,MVS,MV Signature,200,20,J347,MV Flagship Tokyo,133984.87,38758.87,140,175204.5,102767.89,37175.82,105,131403.38,241,231,10,194,127,0
MV-29080,Men Jackets Relaxed,CHP,Champagne,Ready-to-Wear,Men,Outerwear,Jackets,MV,Maison Voss,200,70,J347,MV Flagship Tokyo,31296.98,8745.15,58,44386.56,34383.0,10788.77,57,43621.28,199,194,5,170,110,0
MV-68991,Unisex Pouches Heritage,BLU,Bleu Marine,Leather Goods,Unisex,Small Leather Goods,Pouches,MV,Maison Voss,200,30,J347,MV Flagship Tokyo,3540.28,1344.23,4,4873.53,2587.21,741.74,3,3655.14,11,7,4,9,6,0
MV-94323,Women Round Frames Classic,CRM,Cognac,Accessories,Women,Sunglasses,Round Frames,MVS,MV Signature,200,20,J347,MV Flagship Tokyo,63174.27,20307.37,140,75468.68,66853.37,17803.71,160,86249.92,294,214,80,331,202,0
MV-80236,Women Coats Slim,ARG,Argent,Ready-to-Wear,Women,Outerwear,Coats,MVS,MV Signature,200,50,J347,MV Flagship Tokyo,78234.33,23888.62,185,99936.77,84109.43,30969.21,207,111821.14,272,224,48,248,223,0
MV-74451,Unisex Weekender Modern,TRP,Taupe,Leather Goods,Unisex,Luggage,Weekender,MV,Maison Voss,200,20,J347,MV Flagship Tokyo,2146.79,651.56,4,2730.17,2057.63,738.07,4,2730.17,9,5,4,11,6,0
MV-39389,Women Mules Modern,TAN,Tan,Footwear,Women,Heels,Mules,MVS,MV Signature,200,20,J347,MV Flagship Tokyo,17192.66,5331.45,44,23671.12,15542.72,4925.53,41,22057.18,128,78,50,135,127,0
MV-78955,Women Pouches Modern,RSE,Rose Poudre,Leather Goods,Women,Small Leather Goods,Pouches,MV,Maison Voss,200,50,J347,MV Flagship Tokyo,12720.6,3462.4,21,15844.85,14073.41,5194.73,23,17353.88,59,42,17,74,72,0
MV-40007,Women Tote Bags Modern,NOI,Noir,Leather Goods,Women,Handbags,Tote Bags,MV,Maison Voss,200,20,J347,MV Flagship Tokyo,17680.64,6524.9,29,22780.44,19441.43,6491.83,29,22780.44,47,36,11,53,46,0
MV-99381,Women Fedoras Signature,ANT,Anthracite,Accessories,Women,Hats,Fedoras,MVS,MV Signature,200,50,J347,MV Flagship Tokyo,4411.2,1552.78,11,5345.37,5216.48,1384.96,13,6317.25,16,12,4,18,13,0
MV-22097,Men Leather Belts Essential,ANT,Anthracite,Leather Goods,Men,Belts,Leather Belts,MV,Maison Voss,200,50,J347,MV Flagship Tokyo,42266.94,14636.08,50,56458.79,51894.95,18208.58,59,66621.37,76,62,14,88,65,0
MV-65255,Women Evening Dresses Heritage,SBL,Sable,Ready-to-Wear,Women,Dresses,Evening Dresses,MV,Maison Voss,200,70,J347,MV Flagship Tokyo,86936.36,29541.93,185,105394.37,84591.77,27237.69,181,103115.57,170,154,16,138,117,0
MV-43681,Men Low Top Luxe,CAM,Camel,Footwear,Men,Sneakers,Low Top,MV,Maison Voss,200,50,J347,MV Flagship Tokyo,9909.43,3371.09,41,12413.04,11101.22,3249.73,44,13321.31,71,65,6,77,75,0
MV-44959,Women Blazers Modern,TRP,Taupe,Ready-to-Wear,Women,Outerwear,Blazers,MVS,MV Signature,200,20,J347,MV Flagship Tokyo,2017.67,572.31,5,2719.57,1930.3,628.75,5,2719.57,18,11,7,23,21,0
MV-67905,Women High Top Luxe,ECR,Ecru,Footwear,Women,Sneakers,High Top,MV,Maison Voss,200,20,J347,MV Flagship Tokyo,33295.26,9985.92,56,39956.01,21202.02,5747.81,39,27826.51,56,47,9,44,38,0
MV-44959,Women Blazers Modern,CAM,Camel,Ready-to-Wear,Women,Outerwear,Blazers,MVS,MV Signature,200,20,J347,MV Flagship Tokyo,16485.85,5301.17,24,20131.01,20842.1,5576.33,30,25163.76,22,14,8,27,20,0
MV-56955,Women Ballet Flats Relaxed,CAM,Camel,Footwear,Women,Flats,Ballet Flats,MVS,MV Signature,200,20,J347,MV Flagship Tokyo,37470.86,9831.58,113,52537.63,50090.6,13053.22,142,66020.74,372,246,126,561,537,0
MV-57920,Women Blazers Slim,TAN,Tan,Ready-to-Wear,Women,Outerwear,Blazers,MV,Maison Voss,200,20,J347,MV Flagship Tokyo,12139.81,4605.0,33,15648.48,13191.2,3738.9,40,18967.85,33,27,6,48,40,0
MV-16265,Women Chain Belts Signature,BEG,Beige,Leather Goods,Women,Belts,Chain Belts,MVS,MV Signature,200,30,J347,MV Flagship Tokyo,13794.23,4350.71,12,16438.0,14054.26,4933.24,14,19177.67,34,28,6,41,27,0
MV-95191,Women Coats Signature,NOI,Noir,Ready-to-Wear,Women,Outerwear,Coats,MV,Maison Voss,200,20,J347,MV Flagship Tokyo,3430.87,1173.5,12,4510.38,3732.39,1257.88,13,4886.24,46,31,15,43,33,0
MV-73736,Women Key Holders Relaxed,NVY,Navy,Leather Goods,Women,Small Leather Goods,Key Holders,MV,Maison Voss,200,20,J347,MV Flagship Tokyo,76940.07,27177.42,85,103245.4,102097.37,31028.65,107,129967.74,91,87,4,92,63,0
MV-95918,Women Suit Sets Modern,TAN,Tan,Ready-to-Wear,Women,Suits,Suit Sets,MV,Maison Voss,200,50,J347,MV Flagship Tokyo,9893.66,2923.79,18,12492.3,10687.52,3359.49,20,13880.33,63,49,14,69,46,0
MV-92203,Men Clutches,ARG,Argent,Leather Goods,Men,Handbags,Clutches,MV,Maison Voss,200,20,J347,MV Flagship Tokyo,68884.47,18380.82,85,86590.08,54892.63,18854.56,62,63159.82,307,296,11,223,218,0
MV-80798,Men Chain Belts Modern,BLU,Bleu Marine,Leather Goods,Men,Belts,Chain Belts,MV,Maison Voss,200,70,J347,MV Flagship Tokyo,12076.11,3606.27,13,15704.36,8686.28,3153.19,10,12080.28,6,5,1,5,3,0
MV-68138,Women Tops Modern,IVR,Ivoire,Ready-to-Wear,Women,Tops,Tops,MV,Maison Voss,200,20,J347,MV Flagship Tokyo,7824.87,2635.48,22,10160.36,5438.34,2036.5,15,6927.52,53,39,14,33,27,0
MV-53064,Men Skirts Slim,NOI,Noir,Ready-to-Wear,Men,Bottoms,Skirts,MV,Maison Voss,200,20,J347,MV Flagship Tokyo,8154.75,2214.29,36,9862.88,9746.79,3136.73,43,11780.66,72,63,9,70,51,0
MV-90209,Men Suit Sets Modern,IVR,Ivoire,Ready-to-Wear,Men,Suits,Suit Sets,MV,Maison Voss,200,20,J347,MV Flagship Tokyo,85312.12,28826.99,168,110728.02,95633.72,28869.07,183,120614.45,669,512,157,725,516,0
MV-14877,Women Necklaces Heritage,BEG,Beige,Accessories,Women,Jewelry,Necklaces,MV,Maison Voss,200,20,J347,MV Flagship Tokyo,52601.42,15978.82,157,74681.03,48656.81,14490.43,157,74681.03,590,552,38,592,515,0
MV-16895,Women Leather Belts Slim,BLU,Bleu Marine,Leather Goods,Women,Belts,Leather Belts,MV,Maison Voss,200,20,J347,MV Flagship Tokyo,6170.32,1964.12,13,8749.24,8276.96,2070.08,16,10768.29,26,17,9,37,30,0
MV-46655,Women Cat Eye Heritage,TAN,Tan,Accessories,Women,Sunglasses,Cat Eye,MV,Maison Voss,200,50,J347,MV Flagship Tokyo,15633.27,5336.86,26,21023.55,17545.15,4882.15,29,23449.35,83,59,24,82,80,0
MV-93283,Unisex Wallets Luxe,CRM,Creme,Leather Goods,Unisex,Small Leather Goods,Wallets,MV,Maison Voss,200,20,J347,MV Flagship Tokyo,9220.36,3391.91,9,12543.12,9881.82,2519.96,9,12543.12,26,24,2,29,20,0
MV-96341,Women Card Holders Signature,BEG,Beige,Leather Goods,Women,Small Leather Goods,Card Holders,MVS,MV Signature,200,20,J347,MV Flagship Tokyo,38197.11,14129.8,41,50773.96,39832.15,13332.08,47,58204.3,103,100,3,135,115,0
MV-80468,Men Blouses Relaxed,CHP,Champagne,Ready-to-Wear,Men,Tops,Blouses,MVS,MV Signature,200,20,J347,MV Flagship Tokyo,19988.95,6401.71,36,26669.26,19817.26,7450.23,38,28150.89,81,52,29,98,72,0
MV-78614,Women Trousers Signature,ROG,Rouge,Ready-to-Wear,Women,Bottoms,Trousers,MV,Maison Voss,200,30,J347,MV Flagship Tokyo,57128.6,21676.51,135,70833.94,46308.21,12536.36,114,59815.33,401,246,155,294,201,0
MV-98188,Women Knee High Heritage,ECR,Ecru,Footwear,Women,Boots,Knee High,MV,Maison Voss,200,30,J347,MV Flagship Tokyo,55029.21,19243.54,155,76908.53,59201.95,15733.78,183,90801.69,82,77,5,88,68,0
MV-43491,Women Earrings Heritage,SBL,Sable,Accessories,Women,Jewelry,Earrings,MV,Maison Voss,200,30,J347,MV Flagship Tokyo,9607.03,2671.81,28,12277.72,10627.02,2889.44,27,11839.23,34,27,7,27,21,0
MV-89928,Men Suit Trousers Slim,CRM,Cognac,Ready-to-Wear,Men,Suits,Suit Trousers,MVS,MV Signature,200,20,J347,MV Flagship Tokyo,22874.13,6401.39,39,31983.73,17449.95,4536.33,29,23782.77,134,107,27,100,75,0
MV-14705,Men Baseball Caps Modern,ECR,Ecru,Accessories,Men,Hats,Baseball Caps,MVS,MV Signature,200,20,J347,MV Flagship Tokyo,42639.05,12693.81,132,58325.53,37124.12,9925.82,114,50372.05,98,83,15,78,53,0
MV-38047,Women Round Frames Relaxed,TRP,Taupe,Accessories,Women,Sunglasses,Round Frames,MVS,MV Signature,200,20,J347,MV Flagship Tokyo,20918.5,7294.96,96,24731.78,14952.24,4757.93,72,18548.84,78,47,31,61,37,0
MV-49251,Men Slides Classic,IVR,Ivoire,Footwear,Men,Flats,Slides,MV,Maison Voss,200,50,J347,MV Flagship Tokyo,273.11,82.02,1,350.39,251.27,80.76,1,350.39,3,2,1,3,2,0
MV-20543,Men Check-In Classic,NVY,Navy,Leather Goods,Men,Luggage,Check-In,MVS,MV Signature,200,30,J347,MV Flagship Tokyo,14946.48,3768.09,22,20720.68,17727.53,4669.25,27,25429.92,63,46,17,77,70,0
MV-23238,Women Knitwear Essential,VRT,Vert,Ready-to-Wear,Women,Tops,Knitwear,MV,Maison Voss,200,70,J347,MV Flagship Tokyo,18759.29,5610.59,32,26416.49,19295.66,5335.18,32,26416.49,56,38,18,52,48,0
MV-25396,Women Clutches Slim,ECR,Ecru,Leather Goods,Women,Handbags,Clutches,MVS,MV Signature,200,20,J347,MV Flagship Tokyo,15583.59,4322.78,15,20586.19,17143.97,6084.99,17,23331.02,38,23,15,46,41,0
MV-23434,Women Card Holders,BLU,Bleu Marine,Leather Goods,Women,Small Leather Goods,Card Holders,MV,Maison Voss,200,50,J347,MV Flagship Tokyo,12449.52,4121.65,13,17410.08,14224.21,3725.37,15,20088.55,21,19,2,28,17,0
MV-96275,Women Coats Essential,ARG,Argent,Ready-to-Wear,Women,Outerwear,Coats,MV,Maison Voss,200,20,J347,MV Flagship Tokyo,1068.75,301.4,2,1279.98,534.92,179.96,1,639.99,2,1,1,1,0,0
MV-42087,Men Slides Slim,ECR,Ecru,Footwear,Men,Flats,Slides,MV,Maison Voss,200,30,J347,MV Flagship Tokyo,49192.31,13437.15,60,63621.47,51581.97,16573.97,57,60440.39,224,170,54,176,125,0
MV-76263,Women High Top Essential,CRM,Cognac,Footwear,Women,Sneakers,High Top,MV,Maison Voss,200,20,J347,MV Flagship Tokyo,10108.47,3599.28,17,13112.84,11707.99,3465.89,18,13884.18,56,50,6,61,51,0
MV-24316,Women Low Top Relaxed,CHP,Champagne,Footwear,Women,Sneakers,Low Top,MV,Maison Voss,200,70,J347,MV Flagship Tokyo,1202.09,341.32,3,1636.37,758.0,191.34,2,1090.92,5,4,1,4,3,0
MV-67905,Women High Top Luxe,CHP,Champagne,Footwear,Women,Sneakers,High Top,MV,Maison Voss,200,50,J347,MV Flagship Tokyo,12104.08,4213.69,15,16893.22,9940.97,3466.73,13,14640.79,39,25,14,41,33,0
MV-44335,Women Slides Slim,NOI,Noir,Footwear,Women,Flats,Slides,MV,Maison Voss,200,30,J347,MV Flagship Tokyo,82156.31,29297.41,94,109712.3,80234.63,28230.32,98,114380.91,67,51,16,66,48,0
MV-28191,Women Chelsea Boots Luxe,NVY,Navy,Footwear,Women,Boots,Chelsea Boots,MV,Maison Voss,200,30,J347,MV Flagship Tokyo,89051.06,24908.0,111,108935.93,92568.97,32016.34,110,107954.52,130,79,51,128,121,0
MV-15958,Men Pumps Heritage,TRP,Taupe,Footwear,Men,Heels,Pumps,MVS,MV Signature,200,50,J347,MV Flagship Tokyo,20646.0,5497.33,38,28216.36,22266.61,7428.8,45,33414.12,136,132,4,171,121,0
MV-99381,Women Fedoras Signature,CAM,Camel,Accessories,Women,Hats,Fedoras,MVS,MV Signature,200,20,J347,MV Flagship Tokyo,19294.81,6584.45,31,23781.53,16590.09,4972.0,26,19945.8,32,26,6,32,29,0
MV-15014,Women Bracelets Modern,CRM,Cognac,Accessories,Women,Jewelry,Bracelets,MVS,MV Signature,200,20,J347,MV Flagship Tokyo,139994.7,40946.13,223,200777.81,150324.02,41722.17,243,218784.79,725,621,104,905,654,0
MV-33509,Unisex Fedoras Signature,BEG,Beige,Accessories,Unisex,Hats,Fedoras,MVS,MV Signature,200,50,J347,MV Flagship Tokyo,6203.03,1895.35,13,8786.99,5428.17,1435.83,11,7435.15,24,19,5,16,14,0
MV-99181,Women Blazers Modern,ANT,Anthracite,Ready-to-Wear,Women,Outerwear,Blazers,MVS,MV Signature,200,50,J347,MV Flagship Tokyo,3737.63,1301.52,14,4951.47,4910.31,1715.66,17,6012.5,51,50,1,59,55,0
MV-72722,Women Midi Dresses Slim,CRM,Cognac,Ready-to-Wear,Women,Dresses,Midi Dresses,MVS,MV Signature,200,20,J347,MV Flagship Tokyo,6126.4,2260.0,20,8637.48,5502.52,1947.81,19,8205.6,58,37,21,54,38,0
MV-82135,Women Trousers Slim,ARG,Argent,Ready-to-Wear,Women,Bottoms,Trousers,MVS,MV Signature,200,20,J347,MV Flagship Tokyo,2300.7,682.17,11,3008.63,2573.54,722.97,12,3282.14,21,17,4,27,24,0
MV-99173,Women Card Holders Modern,TAN,Tan,Leather Goods,Women,Small Leather Goods,Card Holders,MV,Maison Voss,200,50,J347,MV Flagship Tokyo,12375.28,4544.1,27,17130.94,11320.77,4041.73,23,14593.03,33,22,11,32,23,0
MV-44959,Women Blazers Modern,CRM,Creme,Ready-to-Wear,Women,Outerwear,Blazers,MVS,MV Signature,200,20,J347,MV Flagship Tokyo,64125.82,18045.19,141,86620.51,69950.46,19179.24,148,90920.82,502,388,114,601,457,0
MV-72722,Women Midi Dresses Slim,NVY,Navy,Ready-to-Wear,Women,Dresses,Midi Dresses,MVS,MV Signature,200,50,J347,MV Flagship Tokyo,37046.15,10527.51,56,49875.68,36660.9,10716.97,58,51656.95,121,117,4,129,111,0
MV-51704,Women Fedoras Luxe,SBL,Sable,Accessories,Women,Hats,Fedoras,MV,Maison Voss,200,50,J347,MV Flagship Tokyo,5539.01,2039.68,31,7773.5,5478.21,1427.05,33,8275.02,29,18,11,27,16,0
MV-91490,Women Midi Dresses,BRG,Bordeaux,Ready-to-Wear,Women,Dresses,Midi Dresses,MV,Maison Voss,200,70,J347,MV Flagship Tokyo,93859.69,28496.57,159,116124.48,68829.57,18688.56,115,83989.4,574,460,114,351,273,0
MV-49363,Unisex Cashmere Scarves,TRP,Taupe,Accessories,Unisex,Scarves,Cashmere Scarves,MVS,MV Signature,200,20,J347,MV Flagship Tokyo,543.76,143.83,2,804.81,595.36,219.5,2,804.81,7,4,3,6,5,0
MV-67939,Women Weekender Classic,ROG,Rouge,Leather Goods,Women,Luggage,Weekender,MV,Maison Voss,200,70,J347,MV Flagship Tokyo,10345.52,2842.1,13,14396.6,8554.54,2965.85,11,12181.74,30,26,4,29,18,0
MV-98815,Men Check-In,ANT,Anthracite,Leather Goods,Men,Luggage,Check-In,MVS,MV Signature,200,70,J347,MV Flagship Tokyo,34671.92,10150.93,48,49540.45,27051.04,7055.41,38,39219.52,156,137,19,107,95,0
MV-85914,Women Wallets,TAN,Tan,Leather Goods,Women,Small Leather Goods,Wallets,MV,Maison Voss,200,50,J347,MV Flagship Tokyo,57234.53,15126.3,56,71622.7,39068.38,12945.03,39,49880.1,49,46,3,32,31,0
MV-99181,Women Blazers Modern,IVR,Ivoire,Ready-to-Wear,Women,Outerwear,Blazers,MVS,MV Signature,200,50,J347,MV Flagship Tokyo,577.54,166.13,2,714.25,286.26,78.85,1,357.13,4,3,1,3,1,0
MV-38183,Men Suit Trousers Essential,ANT,Anthracite,Ready-to-Wear,Men,Suits,Suit Trousers,MVS,MV Signature,200,20,J347,MV Flagship Tokyo,6199.37,2266.14,30,7368.9,6206.57,1789.42,32,7860.16,50,49,1,44,36,0
MV-27961,Women Blouses Signature,BRG,Bordeaux,Ready-to-Wear,Women,Tops,Blouses,MV,Maison Voss,200,30,J347,MV Flagship Tokyo,27884.36,9629.39,61,38226.2,23979.44,8963.63,47,29452.97,234,164,70,207,199,0
MV-78955,Women Pouches Modern,IVR,Ivoire,Leather Goods,Women,Small Leather Goods,Pouches,MV,Maison Voss,200,50,J347,MV Flagship Tokyo,48252.89,12197.82,70,60931.09,53280.67,18695.25,70,60931.09,87,57,30,78,66,0
MV-69446,Unisex Evening Dresses Modern,CAM,Camel,Ready-to-Wear,Unisex,Dresses,Evening Dresses,MV,Maison Voss,200,50,J347,MV Flagship Tokyo,35340.98,9247.68,59,53023.2,40764.31,15265.42,69,62010.19,170,136,34,227,149,0
MV-99353,Women Tote Bags,ECR,Ecru,Leather Goods,Women,Handbags,Tote Bags,MV,Maison Voss,200,70,J347,MV Flagship Tokyo,18738.94,6040.22,22,24000.79,20015.81,6119.16,26,28364.57,32,23,9,34,25,0
MV-12260,Men Knee High Modern,TRP,Taupe,Footwear,Men,Boots,Knee High,MVS,MV Signature,200,30,J347,MV Flagship Tokyo,1874.51,669.3,5,2248.84,1979.98,639.22,5,2248.84,12,10,2,15,14,0
MV-44664,Women Shoulder Bags Modern,VRT,Vert,Leather Goods,Women,Handbags,Shoulder Bags,MVS,MV Signature,200,20,J347,MV Flagship Tokyo,13697.05,3729.69,32,16109.95,11948.97,3339.36,28,14096.2,52,37,15,49,39,0
MV-44718,Women Day Dresses Slim,TRP,Taupe,Ready-to-Wear,Women,Dresses,Day Dresses,MVS,MV Signature,200,20,J347,MV Flagship Tokyo,5673.42,1451.99,8,7181.22,6026.05,1872.39,9,8078.87,27,23,4,26,22,0
MV-68929,Women Crossbody Bags Relaxed,VRT,Vert,Leather Goods,Women,Handbags,Crossbody Bags,MV,Maison Voss,200,20,J347,MV Flagship Tokyo,188790.84,68414.25,172,256005.11,206419.37,74127.45,207,308099.18,386,337,49,497,299,0
MV-67637,Men Midi Dresses Essential,VRT,Vert,Ready-to-Wear,Men,Dresses,Midi Dresses,MV,Maison Voss,200,20,J347,MV Flagship Tokyo,10615.24,3082.46,37,12926.36,12001.73,4078.34,42,14673.16,88,79,9,97,87,0
MV-37535,Men Shirts Relaxed,GRG,Greige,Ready-to-Wear,Men,Tops,Shirts,MVS,MV Signature,200,50,J347,MV Flagship Tokyo,10482.03,2852.58,22,12856.63,9394.72,2793.23,20,11687.85,41,39,2,40,26,0
MV-80282,Unisex Baseball Caps Signature,NOI,Noir,Accessories,Unisex,Hats,Baseball Caps,MV,Maison Voss,200,30,J347,MV Flagship Tokyo,34559.4,11021.62,85,47924.95,27233.67,9067.43,72,40595.25,188,140,48,139,85,0
MV-69048,Women Tops Luxe,CHP,Champagne,Ready-to-Wear,Women,Tops,Tops,MV,Maison Voss,200,70,J347,MV Flagship Tokyo,13247.88,3527.84,40,17922.91,16812.91,5063.53,49,21955.56,110,73,37,119,99,0
MV-79329,Men Suit Trousers Classic,CRM,Cognac,Ready-to-Wear,Men,Suits,Suit Trousers,MVS,MV Signature,200,30,J347,MV Flagship Tokyo,11809.6,3078.68,21,15038.89,14073.44,4776.77,23,16471.16,35,26,9,44,31,0
MV-96341,Women Card Holders Signature,CRM,Cognac,Leather Goods,Women,Small Leather Goods,Card Holders,MVS,MV Signature,200,30,J347,MV Flagship Tokyo,45541.81,13215.04,98,61861.66,56702.67,19664.24,115,72592.76,89,60,29,125,118,0
MV-78494,Men Suit Sets Essential,BRG,Bordeaux,Ready-to-Wear,Men,Suits,Suit Sets,MVS,MV Signature,200,70,J347,MV Flagship Tokyo,46679.0,14116.25,118,67685.99,57460.86,20849.24,131,75142.92,165,120,45,196,128,0
MV-58566,Men Leather Belts Relaxed,BRG,Bordeaux,Leather Goods,Men,Belts,Leather Belts,MVS,MV Signature,200,20,J347,MV Flagship Tokyo,39154.71,14494.24,65,54633.8,50293.5,14124.38,84,70603.68,213,171,42,278,220,0
MV-60432,Women Suit Sets Essential,GRG,Greige,Ready-to-Wear,Women,Suits,Suit Sets,MVS,MV Signature,200,20,J347,MV Flagship Tokyo,851.78,229.7,2,1087.89,763.53,250.83,2,1087.89,6,4,2,6,5,0
MV-12260,Men Knee High Modern,BRG,Bordeaux,Footwear,Men,Boots,Knee High,MVS,MV Signature,200,50,J347,MV Flagship Tokyo,12913.6,3804.83,48,16495.19,16175.5,5283.89,58,19931.68,112,99,13,124,74,0
MV-49251,Men Slides Classic,IVR,Ivoire,Footwear,Men,Flats,Slides,MV,Maison Voss,200,30,J347,MV Flagship Tokyo,52145.06,14561.22,84,69085.04,66375.11,17144.58,95,78131.9,45,43,2,50,40,0
MV-60432,Women Suit Sets Essential,NVY,Navy,Ready-to-Wear,Women,Suits,Suit Sets,MVS,MV Signature,200,20,J347,MV Flagship Tokyo,4453.85,1322.33,8,6035.78,3838.99,1405.58,7,5281.3,27,24,3,21,15,0
MV-76132,Unisex Leather Belts Slim,ECR,Ecru,Leather Goods,Unisex,Belts,Leather Belts,MV,Maison Voss,200,50,J347,MV Flagship Tokyo,14733.12,4758.73,15,20494.13,11964.67,4080.27,11,15029.03,38,33,5,26,18,0
MV-89963,Women Cat Eye Luxe,TAN,Tan,Accessories,Women,Sunglasses,Cat Eye,MV,Maison Voss,200,50,J347,MV Flagship Tokyo,65819.02,18151.91,125,91600.47,69811.84,25531.4,132,96730.1,207,156,51,198,160,0
MV-38760,Unisex Rings Heritage,ARG,Argent,Accessories,Unisex,Jewelry,Rings,MV,Maison Voss,200,20,J347,MV Flagship Tokyo,191.86,55.34,1,249.82,194.62,71.87,1,249.82,1,0,1,1,0,0
MV-44687,Men Card Holders Modern,ARG,Argent,Leather Goods,Men,Small Leather Goods,Card Holders,MVS,MV Signature,200,20,J347,MV Flagship Tokyo,53830.35,15930.67,81,63818.49,50128.82,18749.0,84,66182.14,172,136,36,190,187,0
MV-99353,Women Tote Bags,ECR,Ecru,Leather Goods,Women,Handbags,Tote Bags,MV,Maison Voss,200,20,J347,MV Flagship Tokyo,16120.68,4165.89,37,22492.42,12594.73,3395.68,28,17021.29,40,34,6,25,19,0
MV-18799,Women Jeans Modern,VRT,Vert,Ready-to-Wear,Women,Bottoms,Jeans,MV,Maison Voss,200,20,J347,MV Flagship Tokyo,9754.16,2657.41,34,12724.64,11251.61,3372.13,36,13473.14,35,22,13,37,34,0
MV-79615,Women Midi Dresses Slim,NOI,Noir,Ready-to-Wear,Women,Dresses,Midi Dresses,MV,Maison Voss,200,20,J347,MV Flagship Tokyo,718.48,222.5,1,959.09,0.0,0.0,0,0.0,2,1,1,2,1,0
MV-71797,Men Shoulder Bags Classic,ARG,Argent,Leather Goods,Men,Handbags,Shoulder Bags,MVS,MV Signature,200,30,J347,MV Flagship Tokyo,97695.59,30316.8,100,115154.28,109825.47,36082.69,113,130124.34,388,295,93,416,257,0
MV-56955,Women Ballet Flats Relaxed,ECR,Ecru,Footwear,Women,Flats,Ballet Flats,MVS,MV Signature,200,20,J347,MV Flagship Tokyo,21198.64,6649.21,26,26857.16,18259.49,5369.7,21,21692.32,30,20,10,23,22,0
MV-99181,Women Blazers Modern,TAN,Tan,Ready-to-Wear,Women,Outerwear,Blazers,MVS,MV Signature,200,20,J347,MV Flagship Tokyo,15611.73,4859.42,45,19869.89,12226.84,4535.95,34,15012.8,161,150,11,144,119,0
MV-35995,Unisex Check-In Modern,TRP,Taupe,Leather Goods,Unisex,Luggage,Check-In,MVS,MV Signature,200,20,J347,MV Flagship Tokyo,68632.09,18516.19,66,84621.05,55151.36,19596.63,53,67953.27,136,132,4,129,85,0
MV-16175,Unisex Day Dresses Modern,NVY,Navy,Ready-to-Wear,Unisex,Dresses,Day Dresses,MV,Maison Voss,200,20,J347,MV Flagship Tokyo,20443.26,5504.02,71,24650.35,16259.64,4924.5,60,20831.28,77,73,4,70,47,0
MV-44687,Men Card Holders Modern,NOI,Noir,Leather Goods,Men,Small Leather Goods,Card Holders,MVS,MV Signature,200,70,J347,MV Flagship Tokyo,177630.88,56944.13,183,246232.61,142646.23,44471.36,153,205866.61,104,70,34,100,63,0
MV-46421,Women Knee High Slim,TRP,Taupe,Footwear,Women,Boots,Knee High,MVS,MV Signature,200,50,J347,MV Flagship Tokyo,12599.34,4711.98,44,17262.19,15616.63,5148.04,55,21577.74,97,96,1,109,103,0
MV-54089,Unisex Blazers,TRP,Taupe,Ready-to-Wear,Unisex,Outerwear,Blazers,MVS,MV Signature,200,70,J347,MV Flagship Tokyo,21231.06,5676.37,29,25861.37,22649.38,7610.15,31,27644.91,21,20,1,21,14,0
MV-66349,Women Crossbody Bags Modern,TAN,Tan,Leather Goods,Women,Handbags,Crossbody Bags,MV,Maison Voss,200,30,J347,MV Flagship Tokyo,197673.15,62806.34,180,240828.98,158256.17,49538.03,149,199352.88,645,399,246,556,458,0
MV-93283,Unisex Wallets Luxe,NOI,Noir,Leather Goods,Unisex,Small Leather Goods,Wallets,MV,Maison Voss,200,30,J347,MV Flagship Tokyo,42447.68,14243.4,60,61278.98,59677.48,20711.99,77,78641.35,116,70,46,125,115,0
MV-97684,Unisex Bracelets Luxe,RSE,Rose Poudre,Accessories,Unisex,Jewelry,Bracelets,MV,Maison Voss,200,50,J347,MV Flagship Tokyo,6828.12,1848.85,20,8950.05,6040.39,2032.93,18,8055.05,36,26,10,37,32,0
MV-68529,Men Ankle Boots,ARG,Argent,Footwear,Men,Boots,Ankle Boots,MVS,MV Signature,200,20,J347,MV Flagship Tokyo,5004.87,1473.62,7,6399.77,5624.27,1975.22,8,7314.03,12,8,4,12,11,0
MV-25043,Men Loafers,CHP,Champagne,Footwear,Men,Flats,Loafers,MVS,MV Signature,200,20,J347,MV Flagship Tokyo,93816.45,29302.04,108,114198.77,66363.17,17593.58,85,89878.66,279,223,56,222,155,0
MV-46655,Women Cat Eye Heritage,ANT,Anthracite,Accessories,Women,Sunglasses,Cat Eye,MV,Maison Voss,200,20,J347,MV Flagship Tokyo,6282.35,2230.44,26,8574.72,5107.68,1371.22,19,6266.14,30,18,12,20,17,0
MV-62196,Women Blazers,ANT,Anthracite,Ready-to-Wear,Women,Outerwear,Blazers,MV,Maison Voss,200,20,J347,MV Flagship Tokyo,28680.98,10485.52,63,38991.96,31793.06,9664.43,70,43324.4,130,92,38,130,110,0
MV-76263,Women High Top Essential,VRT,Vert,Footwear,Women,Sneakers,High Top,MV,Maison Voss,200,70,J347,MV Flagship Tokyo,27418.29,9818.93,37,38597.16,32365.36,10225.71,41,42769.83,121,95,26,140,112,0
MV-69473,Women Chain Belts Heritage,SBL,Sable,Leather Goods,Women,Belts,Chain Belts,MVS,MV Signature,200,20,J347,MV Flagship Tokyo,7844.38,2115.69,13,10020.97,8057.04,2360.14,13,10020.97,45,28,17,37,34,0
MV-64377,Women Trousers Essential,CAM,Camel,Ready-to-Wear,Women,Bottoms,Trousers,MVS,MV Signature,200,50,J347,MV Flagship Tokyo,23122.89,8660.32,53,30739.26,26980.51,7229.84,62,35959.14,64,51,13,63,39,0
MV-35203,Men Blazers Modern,GRG,Greige,Ready-to-Wear,Men,Outerwear,Blazers,MVS,MV Signature,200,20,J347,MV Flagship Tokyo,821.39,288.71,3,1112.68,494.28,125.63,2,741.79,6,4,2,4,3,0
MV-27961,Women Blouses Signature,CHP,Champagne,Ready-to-Wear,Women,Tops,Blouses,MV,Maison Voss,200,20,J347,MV Flagship Tokyo,18470.96,5426.37,31,25228.55,19610.9,6147.03,33,26856.19,117,84,33,130,117,0
MV-39444,Men Key Holders Relaxed,VRT,Vert,Leather Goods,Men,Small Leather Goods,Key Holders,MV,Maison Voss,200,30,J347,MV Flagship Tokyo,14363.51,4994.49,46,18806.73,14541.1,4454.1,44,17989.04,111,74,37,121,73,0
MV-65851,Women Midi Dresses Slim,VRT,Vert,Ready-to-Wear,Women,Dresses,Midi Dresses,MV,Maison Voss,200,20,J347,MV Flagship Tokyo,19539.71,5438.53,33,26351.08,22296.28,6749.77,36,28746.63,117,75,42,109,75,0
MV-60432,Women Suit Sets Essential,CRM,Creme,Ready-to-Wear,Women,Suits,Suit Sets,MVS,MV Signature,200,30,J347,MV Flagship Tokyo,45657.5,16295.4,80,63483.81,50890.9,15405.89,87,69038.64,284,177,107,279,182,0
MV-26912,Men Suit Sets Essential,BLU,Bleu Marine,Ready-to-Wear,Men,Suits,Suit Sets,MVS,MV Signature,200,20,J347,MV Flagship Tokyo,41980.43,11274.9,103,60120.94,41610.51,12747.11,109,63623.13,142,139,3,133,95,0
MV-98501,Women Blouses Relaxed,CAM,Camel,Ready-to-Wear,Women,Tops,Blouses,MVS,MV Signature,200,20,J347,MV Flagship Tokyo,54493.79,15362.36,86,76819.43,45778.29,16967.18,68,60740.94,163,160,3,115,78,0
MV-21164,Men Shorts Relaxed,BLU,Bleu Marine,Ready-to-Wear,Men,Bottoms,Shorts,MV,Maison Voss,200,30,J347,MV Flagship Tokyo,1110.92,330.76,2,1566.21,1078.32,282.39,2,1566.21,4,3,1,4,2,0
MV-38760,Unisex Rings Heritage,BRG,Bordeaux,Accessories,Unisex,Jewelry,Rings,MV,Maison Voss,200,20,J347,MV Flagship Tokyo,4431.98,1239.13,12,6503.36,3858.48,1347.83,10,5419.47,40,35,5,38,33,0
MV-15513,Unisex Shorts Heritage,ROG,Rouge,Ready-to-Wear,Unisex,Bottoms,Shorts,MVS,MV Signature,200,20,J347,MV Flagship Tokyo,14685.49,3720.21,45,21044.46,16885.19,6397.51,56,26188.67,155,136,19,194,172,0
MV-67104,Men Sandals Essential,ANT,Anthracite,Footwear,Men,Heels,Sandals,MV,Maison Voss,200,30,J347,MV Flagship Tokyo,50428.97,13696.43,160,61872.41,54375.76,16881.31,156,60325.6,462,383,79,392,358,0
MV-65255,Women Evening Dresses Heritage,ROG,Rouge,Ready-to-Wear,Women,Dresses,Evening Dresses,MV,Maison Voss,200,20,J347,MV Flagship Tokyo,73335.57,22900.16,105,89593.29,75769.11,25763.57,108,92153.09,340,267,73,402,370,0
MV-80798,Men Chain Belts Modern,GRG,Greige,Leather Goods,Men,Belts,Chain Belts,MV,Maison Voss,200,20,J347,MV Flagship Tokyo,117385.76,35556.75,108,165899.1,123396.73,32009.92,107,164363.0,55,47,8,64,53,0
MV-84341,Men Sandals Signature,BLU,Bleu Marine,Footwear,Men,Heels,Sandals,MV,Maison Voss,200,20,J347,MV Flagship Tokyo,12582.08,4418.54,21,17153.0,11013.6,2906.19,17,13885.76,68,52,16,65,49,0
MV-77033,Women Weekender Modern,ARG,Argent,Leather Goods,Women,Luggage,Weekender,MVS,MV Signature,200,20,J347,MV Flagship Tokyo,18254.68,6875.21,32,25338.11,20789.05,5561.81,37,29297.19,36,25,11,39,37,0
MV-68838,Men Suit Trousers Signature,VRT,Vert,Ready-to-Wear,Men,Suits,Suit Trousers,MV,Maison Voss,200,20,J347,MV Flagship Tokyo,23040.8,8653.53,37,31786.64,25409.89,7526.5,40,34363.94,78,50,28,96,79,0
MV-49139,Men Wool Scarves Essential,SBL,Sable,Accessories,Men,Scarves,Wool Scarves,MV,Maison Voss,200,20,J347,MV Flagship Tokyo,4137.65,1405.58,10,5779.89,4385.79,1441.11,10,5779.89,14,8,6,13,12,0
MV-35995,Unisex Check-In Modern,TAN,Tan,Leather Goods,Unisex,Luggage,Check-In,MVS,MV Signature,200,20,J347,MV Flagship Tokyo,640.94,162.75,1,928.7,0.0,0.0,0,0.0,3,2,1,2,1,0
MV-74451,Unisex Weekender Modern,NOI,Noir,Leather Goods,Unisex,Luggage,Weekender,MV,Maison Voss,200,20,J347,MV Flagship Tokyo,103150.89,32420.79,172,120487.49,72764.06,26074.25,121,84761.55,571,521,50,343,333,0
MV-44718,Women Day Dresses Slim,ARG,Argent,Ready-to-Wear,Women,Dresses,Day Dresses,MVS,MV Signature,200,20,J347,MV Flagship Tokyo,7650.49,2708.66,16,10036.76,7773.84,2028.6,17,10664.06,51,49,2,59,44,0
MV-69829,Men Ballet Flats Slim,BEG,Beige,Footwear,Men,Flats,Ballet Flats,MV,Maison Voss,200,20,J347,MV Flagship Tokyo,5533.95,1497.17,16,6518.2,6274.04,2376.11,19,7740.36,34,26,8,48,41,0
MV-23238,Women Knitwear Essential,CRM,Cognac,Ready-to-Wear,Women,Tops,Knitwear,MV,Maison Voss,200,50,J347,MV Flagship Tokyo,2916.25,952.63,5,3550.59,3362.39,1016.92,6,4260.71,14,9,5,20,19,0
MV-35203,Men Blazers Modern,ECR,Ecru,Ready-to-Wear,Men,Outerwear,Blazers,MVS,MV Signature,200,20,J347,MV Flagship Tokyo,95147.54,32991.95,154,119129.14,104150.77,31265.16,181,140015.42,197,125,72,211,190,0
MV-73532,Women Midi Dresses Modern,CAM,Camel,Ready-to-Wear,Women,Dresses,Midi Dresses,MVS,MV Signature,200,20,J347,MV Flagship Tokyo,21845.86,8025.82,50,31210.04,20688.16,7020.28,45,28089.04,148,144,4,133,102,0
MV-94058,Women Chain Belts,BRG,Bordeaux,Leather Goods,Women,Belts,Chain Belts,MVS,MV Signature,200,30,J347,MV Flagship Tokyo,66801.8,25196.75,64,92578.02,85958.07,22258.24,79,114275.99,142,102,40,197,137,0
MV-56019,Men Shorts Slim,RSE,Rose Poudre,Ready-to-Wear,Men,Bottoms,Shorts,MV,Maison Voss,200,20,J347,MV Flagship Tokyo,93197.31,32882.0,142,116720.91,67101.13,25313.16,116,95349.47,77,69,8,52,41,0
MV-11214,Men Coats Heritage,GRG,Greige,Ready-to-Wear,Men,Outerwear,Coats,MVS,MV Signature,200,20,J347,MV Flagship Tokyo,5702.08,1734.2,24,7277.39,4571.98,1415.64,18,5458.05,51,32,19,46,31,0
MV-36143,Unisex Weekender Heritage,CAM,Camel,Leather Goods,Unisex,Luggage,Weekender,MVS,MV Signature,200,70,J347,MV Flagship Tokyo,30214.91,10820.27,56,40202.28,22504.98,8462.43,39,27998.01,73,55,18,44,32,0
